# URI 2026 Linear Actuator Experiment
# Mode: Regulation
# Controller: SlidingMode
# Step: 1.0 inches at t=2.0s
# Ts: 0.002s  Duration: 20.0s
# t	e	x	xd	u	dt
0.0020	0.0000	0.0000	0.0000	-0.0000	0.002001
0.0040	0.0000	0.0000	0.0000	-0.0000	0.002000
0.0060	0.0000	0.0000	0.0000	-0.0000	0.002000
0.0080	0.0000	0.0000	0.0000	-0.0000	0.002000
0.0100	0.0000	0.0000	0.0000	-0.0000	0.002000
0.0120	0.0000	0.0000	0.0000	-0.0000	0.002000
0.0140	0.0000	0.0000	0.0000	-0.0000	0.002000
0.0160	0.0000	0.0000	0.0000	-0.0000	0.002000
0.0180	0.0000	0.0000	0.0000	-0.0000	0.002000
0.0200	0.0000	0.0000	0.0000	-0.0000	0.002000
0.0220	0.0000	0.0000	0.0000	-0.0000	0.002000
0.0240	0.0000	0.0000	0.0000	-0.0000	0.002000
0.0260	0.0000	0.0000	0.0000	-0.0000	0.002000
0.0280	0.0000	0.0000	0.0000	-0.0000	0.002000
0.0300	0.0000	0.0000	0.0000	-0.0000	0.002000
0.0320	0.0000	0.0000	0.0000	-0.0000	0.002000
0.0340	0.0000	0.0000	0.0000	-0.0000	0.002000
0.0360	0.0000	0.0000	0.0000	-0.0000	0.002000
0.0380	0.0000	0.0000	0.0000	-0.0000	0.002000
0.0400	0.0000	0.0000	0.0000	-0.0000	0.002000
0.0420	0.0000	0.0000	0.0000	-0.0000	0.002000
0.0440	0.0000	0.0000	0.0000	-0.0000	0.002000
0.0460	0.0000	0.0000	0.0000	-0.0000	0.002000
0.0480	0.0000	0.0000	0.0000	-0.0000	0.002000
0.0500	0.0000	0.0000	0.0000	-0.0000	0.002000
0.0520	0.0000	0.0000	0.0000	-0.0000	0.002000
0.0540	0.0000	0.0000	0.0000	-0.0000	0.002000
0.0560	0.0000	0.0000	0.0000	-0.0000	0.002000
0.0580	0.0000	0.0000	0.0000	-0.0000	0.002000
0.0600	0.0000	0.0000	0.0000	-0.0000	0.002000
0.0620	0.0000	0.0000	0.0000	-0.0000	0.002000
0.0640	0.0000	0.0000	0.0000	-0.0000	0.002000
0.0660	0.0000	0.0000	0.0000	-0.0000	0.002000
0.0680	0.0000	0.0000	0.0000	-0.0000	0.002000
0.0700	0.0000	0.0000	0.0000	-0.0000	0.002000
0.0720	0.0000	0.0000	0.0000	-0.0000	0.002000
0.0740	0.0000	0.0000	0.0000	-0.0000	0.002000
0.0760	0.0000	0.0000	0.0000	-0.0000	0.002000
0.0780	0.0000	0.0000	0.0000	-0.0000	0.002000
0.0800	0.0000	0.0000	0.0000	-0.0000	0.002000
0.0820	0.0000	0.0000	0.0000	-0.0000	0.002000
0.0840	0.0000	0.0000	0.0000	-0.0000	0.002000
0.0860	0.0000	0.0000	0.0000	-0.0000	0.002000
0.0880	0.0000	0.0000	0.0000	-0.0000	0.002000
0.0900	0.0000	0.0000	0.0000	-0.0000	0.002000
0.0920	0.0000	0.0000	0.0000	-0.0000	0.002000
0.0940	0.0000	0.0000	0.0000	-0.0000	0.002000
0.0960	0.0000	0.0000	0.0000	-0.0000	0.002000
0.0980	0.0000	0.0000	0.0000	-0.0000	0.002000
0.1000	0.0000	0.0000	0.0000	-0.0000	0.002000
0.1020	0.0000	0.0000	0.0000	-0.0000	0.002000
0.1040	0.0000	0.0000	0.0000	-0.0000	0.002000
0.1060	0.0000	0.0000	0.0000	-0.0000	0.002000
0.1080	0.0000	0.0000	0.0000	-0.0000	0.002000
0.1100	0.0000	0.0000	0.0000	-0.0000	0.002000
0.1120	0.0000	0.0000	0.0000	-0.0000	0.002000
0.1140	0.0000	0.0000	0.0000	-0.0000	0.002000
0.1160	0.0000	0.0000	0.0000	-0.0000	0.002000
0.1180	0.0000	0.0000	0.0000	-0.0000	0.002000
0.1200	0.0000	0.0000	0.0000	-0.0000	0.002000
0.1220	0.0000	0.0000	0.0000	-0.0000	0.002000
0.1240	0.0000	0.0000	0.0000	-0.0000	0.002000
0.1260	0.0000	0.0000	0.0000	-0.0000	0.002000
0.1280	0.0000	0.0000	0.0000	-0.0000	0.002000
0.1300	0.0000	0.0000	0.0000	-0.0000	0.002000
0.1320	0.0000	0.0000	0.0000	-0.0000	0.002000
0.1340	0.0000	0.0000	0.0000	-0.0000	0.002000
0.1360	0.0000	0.0000	0.0000	-0.0000	0.002000
0.1380	0.0000	0.0000	0.0000	-0.0000	0.002000
0.1400	0.0000	0.0000	0.0000	-0.0000	0.002000
0.1420	0.0000	0.0000	0.0000	-0.0000	0.002000
0.1440	0.0000	0.0000	0.0000	-0.0000	0.002000
0.1460	0.0000	0.0000	0.0000	-0.0000	0.002000
0.1480	0.0000	0.0000	0.0000	-0.0000	0.002000
0.1500	0.0000	0.0000	0.0000	-0.0000	0.002000
0.1520	0.0000	0.0000	0.0000	-0.0000	0.002000
0.1540	0.0000	0.0000	0.0000	-0.0000	0.002000
0.1560	0.0000	0.0000	0.0000	-0.0000	0.002000
0.1580	0.0000	0.0000	0.0000	-0.0000	0.002000
0.1600	0.0000	0.0000	0.0000	-0.0000	0.002000
0.1620	0.0000	0.0000	0.0000	-0.0000	0.002000
0.1640	0.0000	0.0000	0.0000	-0.0000	0.002000
0.1660	0.0000	0.0000	0.0000	-0.0000	0.002000
0.1680	0.0000	0.0000	0.0000	-0.0000	0.002000
0.1700	0.0000	0.0000	0.0000	-0.0000	0.002000
0.1720	0.0000	0.0000	0.0000	-0.0000	0.002000
0.1740	0.0000	0.0000	0.0000	-0.0000	0.002000
0.1760	0.0000	0.0000	0.0000	-0.0000	0.002000
0.1780	0.0000	0.0000	0.0000	-0.0000	0.002000
0.1800	0.0000	0.0000	0.0000	-0.0000	0.002000
0.1820	0.0000	0.0000	0.0000	-0.0000	0.002000
0.1840	0.0000	0.0000	0.0000	-0.0000	0.002000
0.1860	0.0000	0.0000	0.0000	-0.0000	0.002000
0.1880	0.0000	0.0000	0.0000	-0.0000	0.002000
0.1900	0.0000	0.0000	0.0000	-0.0000	0.002000
0.1920	0.0000	0.0000	0.0000	-0.0000	0.002000
0.1940	0.0000	0.0000	0.0000	-0.0000	0.002000
0.1960	0.0000	0.0000	0.0000	-0.0000	0.002000
0.1980	0.0000	0.0000	0.0000	-0.0000	0.002000
0.2000	0.0000	0.0000	0.0000	-0.0000	0.002000
0.2020	0.0000	0.0000	0.0000	-0.0000	0.002000
0.2040	0.0000	0.0000	0.0000	-0.0000	0.002000
0.2060	0.0000	0.0000	0.0000	-0.0000	0.002000
0.2080	0.0000	0.0000	0.0000	-0.0000	0.002000
0.2100	0.0000	0.0000	0.0000	-0.0000	0.002000
0.2120	0.0000	0.0000	0.0000	-0.0000	0.002000
0.2140	0.0000	0.0000	0.0000	-0.0000	0.002000
0.2160	0.0000	0.0000	0.0000	-0.0000	0.002000
0.2180	0.0000	0.0000	0.0000	-0.0000	0.002000
0.2200	0.0000	0.0000	0.0000	-0.0000	0.002000
0.2220	0.0000	0.0000	0.0000	-0.0000	0.002000
0.2240	0.0000	0.0000	0.0000	-0.0000	0.002000
0.2260	0.0000	0.0000	0.0000	-0.0000	0.002000
0.2280	0.0000	0.0000	0.0000	-0.0000	0.002000
0.2300	0.0000	0.0000	0.0000	-0.0000	0.002000
0.2320	0.0000	0.0000	0.0000	-0.0000	0.002000
0.2340	0.0000	0.0000	0.0000	-0.0000	0.002000
0.2360	0.0000	0.0000	0.0000	-0.0000	0.002000
0.2380	0.0000	0.0000	0.0000	-0.0000	0.002000
0.2400	0.0000	0.0000	0.0000	-0.0000	0.002000
0.2420	0.0000	0.0000	0.0000	-0.0000	0.002000
0.2440	0.0000	0.0000	0.0000	-0.0000	0.002000
0.2460	0.0000	0.0000	0.0000	-0.0000	0.002000
0.2480	0.0000	0.0000	0.0000	-0.0000	0.002000
0.2500	0.0000	0.0000	0.0000	-0.0000	0.002000
0.2520	0.0000	0.0000	0.0000	-0.0000	0.002000
0.2540	0.0000	0.0000	0.0000	-0.0000	0.002000
0.2560	0.0000	0.0000	0.0000	-0.0000	0.002000
0.2580	0.0000	0.0000	0.0000	-0.0000	0.002000
0.2600	0.0000	0.0000	0.0000	-0.0000	0.002000
0.2620	0.0000	0.0000	0.0000	-0.0000	0.002000
0.2640	0.0000	0.0000	0.0000	-0.0000	0.002000
0.2660	0.0000	0.0000	0.0000	-0.0000	0.002000
0.2680	0.0000	0.0000	0.0000	-0.0000	0.002000
0.2700	0.0000	0.0000	0.0000	-0.0000	0.002000
0.2720	0.0000	0.0000	0.0000	-0.0000	0.002000
0.2740	0.0000	0.0000	0.0000	-0.0000	0.002000
0.2760	0.0000	0.0000	0.0000	-0.0000	0.002000
0.2780	0.0000	0.0000	0.0000	-0.0000	0.002000
0.2800	0.0000	0.0000	0.0000	-0.0000	0.002000
0.2820	0.0000	0.0000	0.0000	-0.0000	0.002000
0.2840	0.0000	0.0000	0.0000	-0.0000	0.002000
0.2860	0.0000	0.0000	0.0000	-0.0000	0.002000
0.2880	0.0000	0.0000	0.0000	-0.0000	0.002000
0.2900	0.0000	0.0000	0.0000	-0.0000	0.002000
0.2920	0.0000	0.0000	0.0000	-0.0000	0.002000
0.2940	0.0000	0.0000	0.0000	-0.0000	0.002000
0.2960	0.0000	0.0000	0.0000	-0.0000	0.002000
0.2980	0.0000	0.0000	0.0000	-0.0000	0.002000
0.3000	0.0000	0.0000	0.0000	-0.0000	0.002000
0.3020	0.0000	0.0000	0.0000	-0.0000	0.002000
0.3040	0.0000	0.0000	0.0000	-0.0000	0.002000
0.3060	0.0000	0.0000	0.0000	-0.0000	0.002000
0.3080	0.0000	0.0000	0.0000	-0.0000	0.002000
0.3100	0.0000	0.0000	0.0000	-0.0000	0.002000
0.3120	0.0000	0.0000	0.0000	-0.0000	0.002000
0.3140	0.0000	0.0000	0.0000	-0.0000	0.002000
0.3160	0.0000	0.0000	0.0000	-0.0000	0.002000
0.3180	0.0000	0.0000	0.0000	-0.0000	0.002000
0.3200	0.0000	0.0000	0.0000	-0.0000	0.002000
0.3220	0.0000	0.0000	0.0000	-0.0000	0.002000
0.3240	0.0000	0.0000	0.0000	-0.0000	0.002000
0.3260	0.0000	0.0000	0.0000	-0.0000	0.002000
0.3280	0.0000	0.0000	0.0000	-0.0000	0.002000
0.3300	0.0000	0.0000	0.0000	-0.0000	0.002000
0.3320	0.0000	0.0000	0.0000	-0.0000	0.002000
0.3340	0.0000	0.0000	0.0000	-0.0000	0.002000
0.3360	0.0000	0.0000	0.0000	-0.0000	0.002000
0.3380	0.0000	0.0000	0.0000	-0.0000	0.002000
0.3400	0.0000	0.0000	0.0000	-0.0000	0.002000
0.3420	0.0000	0.0000	0.0000	-0.0000	0.002000
0.3440	0.0000	0.0000	0.0000	-0.0000	0.002000
0.3460	0.0000	0.0000	0.0000	-0.0000	0.002000
0.3480	0.0000	0.0000	0.0000	-0.0000	0.002000
0.3500	0.0000	0.0000	0.0000	-0.0000	0.002000
0.3520	0.0000	0.0000	0.0000	-0.0000	0.002000
0.3540	0.0000	0.0000	0.0000	-0.0000	0.002000
0.3560	0.0000	0.0000	0.0000	-0.0000	0.002000
0.3580	0.0000	0.0000	0.0000	-0.0000	0.002000
0.3600	0.0000	0.0000	0.0000	-0.0000	0.002000
0.3620	0.0000	0.0000	0.0000	-0.0000	0.002000
0.3640	0.0000	0.0000	0.0000	-0.0000	0.002000
0.3660	0.0000	0.0000	0.0000	-0.0000	0.002000
0.3680	0.0000	0.0000	0.0000	-0.0000	0.002000
0.3700	0.0000	0.0000	0.0000	-0.0000	0.002000
0.3720	0.0000	0.0000	0.0000	-0.0000	0.002000
0.3740	0.0000	0.0000	0.0000	-0.0000	0.002000
0.3760	0.0000	0.0000	0.0000	-0.0000	0.002000
0.3780	0.0000	0.0000	0.0000	-0.0000	0.002000
0.3800	0.0000	0.0000	0.0000	-0.0000	0.002000
0.3820	0.0000	0.0000	0.0000	-0.0000	0.002000
0.3840	0.0000	0.0000	0.0000	-0.0000	0.002000
0.3860	0.0000	0.0000	0.0000	-0.0000	0.002000
0.3880	0.0000	0.0000	0.0000	-0.0000	0.002000
0.3900	0.0000	0.0000	0.0000	-0.0000	0.002000
0.3920	0.0000	0.0000	0.0000	-0.0000	0.002000
0.3940	0.0000	0.0000	0.0000	-0.0000	0.002000
0.3960	0.0000	0.0000	0.0000	-0.0000	0.002000
0.3980	0.0000	0.0000	0.0000	-0.0000	0.002000
0.4000	0.0000	0.0000	0.0000	-0.0000	0.002000
0.4020	0.0000	0.0000	0.0000	-0.0000	0.002000
0.4040	0.0000	0.0000	0.0000	-0.0000	0.002000
0.4060	0.0000	0.0000	0.0000	-0.0000	0.002000
0.4080	0.0000	0.0000	0.0000	-0.0000	0.002000
0.4100	0.0000	0.0000	0.0000	-0.0000	0.002000
0.4120	0.0000	0.0000	0.0000	-0.0000	0.002000
0.4140	0.0000	0.0000	0.0000	-0.0000	0.002000
0.4160	0.0000	0.0000	0.0000	-0.0000	0.002000
0.4180	0.0000	0.0000	0.0000	-0.0000	0.002000
0.4200	0.0000	0.0000	0.0000	-0.0000	0.002000
0.4220	0.0000	0.0000	0.0000	-0.0000	0.002000
0.4240	0.0000	0.0000	0.0000	-0.0000	0.002000
0.4260	0.0000	0.0000	0.0000	-0.0000	0.002000
0.4280	0.0000	0.0000	0.0000	-0.0000	0.002000
0.4300	0.0000	0.0000	0.0000	-0.0000	0.002000
0.4320	0.0000	0.0000	0.0000	-0.0000	0.002000
0.4340	0.0000	0.0000	0.0000	-0.0000	0.002000
0.4360	0.0000	0.0000	0.0000	-0.0000	0.002000
0.4380	0.0000	0.0000	0.0000	-0.0000	0.002000
0.4400	0.0000	0.0000	0.0000	-0.0000	0.002000
0.4420	0.0000	0.0000	0.0000	-0.0000	0.002000
0.4440	0.0000	0.0000	0.0000	-0.0000	0.002000
0.4460	0.0000	0.0000	0.0000	-0.0000	0.002000
0.4480	0.0000	0.0000	0.0000	-0.0000	0.002000
0.4500	0.0000	0.0000	0.0000	-0.0000	0.002000
0.4520	0.0000	0.0000	0.0000	-0.0000	0.002000
0.4540	0.0000	0.0000	0.0000	-0.0000	0.002000
0.4560	0.0000	0.0000	0.0000	-0.0000	0.002000
0.4580	0.0000	0.0000	0.0000	-0.0000	0.002000
0.4600	0.0000	0.0000	0.0000	-0.0000	0.002000
0.4620	0.0000	0.0000	0.0000	-0.0000	0.002000
0.4640	0.0000	0.0000	0.0000	-0.0000	0.002000
0.4660	0.0000	0.0000	0.0000	-0.0000	0.002000
0.4680	0.0000	0.0000	0.0000	-0.0000	0.002000
0.4700	0.0000	0.0000	0.0000	-0.0000	0.002000
0.4720	0.0000	0.0000	0.0000	-0.0000	0.002000
0.4740	0.0000	0.0000	0.0000	-0.0000	0.002000
0.4760	0.0000	0.0000	0.0000	-0.0000	0.002000
0.4780	0.0000	0.0000	0.0000	-0.0000	0.002000
0.4800	0.0000	0.0000	0.0000	-0.0000	0.002000
0.4820	0.0000	0.0000	0.0000	-0.0000	0.002000
0.4840	0.0000	0.0000	0.0000	-0.0000	0.002000
0.4860	0.0000	0.0000	0.0000	-0.0000	0.002000
0.4880	0.0000	0.0000	0.0000	-0.0000	0.002000
0.4900	0.0000	0.0000	0.0000	-0.0000	0.002000
0.4920	0.0000	0.0000	0.0000	-0.0000	0.002000
0.4940	0.0000	0.0000	0.0000	-0.0000	0.002000
0.4960	0.0000	0.0000	0.0000	-0.0000	0.002000
0.4980	0.0000	0.0000	0.0000	-0.0000	0.002000
0.5000	0.0000	0.0000	0.0000	-0.0000	0.002000
0.5020	0.0000	0.0000	0.0000	-0.0000	0.002000
0.5040	0.0000	0.0000	0.0000	-0.0000	0.002000
0.5060	0.0000	0.0000	0.0000	-0.0000	0.002000
0.5080	0.0000	0.0000	0.0000	-0.0000	0.002000
0.5100	0.0000	0.0000	0.0000	-0.0000	0.002000
0.5120	0.0000	0.0000	0.0000	-0.0000	0.002000
0.5140	0.0000	0.0000	0.0000	-0.0000	0.002000
0.5160	0.0000	0.0000	0.0000	-0.0000	0.002000
0.5180	0.0000	0.0000	0.0000	-0.0000	0.002000
0.5200	0.0000	0.0000	0.0000	-0.0000	0.002000
0.5220	0.0000	0.0000	0.0000	-0.0000	0.002000
0.5240	0.0000	0.0000	0.0000	-0.0000	0.002000
0.5260	0.0000	0.0000	0.0000	-0.0000	0.002000
0.5280	0.0000	0.0000	0.0000	-0.0000	0.002000
0.5300	0.0000	0.0000	0.0000	-0.0000	0.002000
0.5320	0.0000	0.0000	0.0000	-0.0000	0.002000
0.5340	0.0000	0.0000	0.0000	-0.0000	0.002000
0.5360	0.0000	0.0000	0.0000	-0.0000	0.002000
0.5380	0.0000	0.0000	0.0000	-0.0000	0.002000
0.5400	0.0000	0.0000	0.0000	-0.0000	0.002000
0.5420	0.0000	0.0000	0.0000	-0.0000	0.002000
0.5440	0.0000	0.0000	0.0000	-0.0000	0.002000
0.5460	0.0000	0.0000	0.0000	-0.0000	0.002000
0.5480	0.0000	0.0000	0.0000	-0.0000	0.002000
0.5500	0.0000	0.0000	0.0000	-0.0000	0.002000
0.5520	0.0000	0.0000	0.0000	-0.0000	0.002000
0.5540	0.0000	0.0000	0.0000	-0.0000	0.002000
0.5560	0.0000	0.0000	0.0000	-0.0000	0.002000
0.5580	0.0000	0.0000	0.0000	-0.0000	0.002000
0.5600	0.0000	0.0000	0.0000	-0.0000	0.002000
0.5620	0.0000	0.0000	0.0000	-0.0000	0.002000
0.5640	0.0000	0.0000	0.0000	-0.0000	0.002000
0.5660	0.0000	0.0000	0.0000	-0.0000	0.002000
0.5680	0.0000	0.0000	0.0000	-0.0000	0.002000
0.5700	0.0000	0.0000	0.0000	-0.0000	0.002000
0.5720	0.0000	0.0000	0.0000	-0.0000	0.002000
0.5740	0.0000	0.0000	0.0000	-0.0000	0.002000
0.5760	0.0000	0.0000	0.0000	-0.0000	0.002000
0.5780	0.0000	0.0000	0.0000	-0.0000	0.002000
0.5800	0.0000	0.0000	0.0000	-0.0000	0.002000
0.5820	0.0000	0.0000	0.0000	-0.0000	0.002000
0.5840	0.0000	0.0000	0.0000	-0.0000	0.002000
0.5860	0.0000	0.0000	0.0000	-0.0000	0.002000
0.5880	0.0000	0.0000	0.0000	-0.0000	0.002000
0.5900	0.0000	0.0000	0.0000	-0.0000	0.002000
0.5920	0.0000	0.0000	0.0000	-0.0000	0.002000
0.5940	0.0000	0.0000	0.0000	-0.0000	0.002000
0.5960	0.0000	0.0000	0.0000	-0.0000	0.002000
0.5980	0.0000	0.0000	0.0000	-0.0000	0.002000
0.6000	0.0000	0.0000	0.0000	-0.0000	0.002000
0.6020	0.0000	0.0000	0.0000	-0.0000	0.002000
0.6040	0.0000	0.0000	0.0000	-0.0000	0.002000
0.6060	0.0000	0.0000	0.0000	-0.0000	0.002000
0.6080	0.0000	0.0000	0.0000	-0.0000	0.002000
0.6100	0.0000	0.0000	0.0000	-0.0000	0.002000
0.6120	0.0000	0.0000	0.0000	-0.0000	0.002000
0.6140	0.0000	0.0000	0.0000	-0.0000	0.002000
0.6160	0.0000	0.0000	0.0000	-0.0000	0.002000
0.6180	0.0000	0.0000	0.0000	-0.0000	0.002000
0.6200	0.0000	0.0000	0.0000	-0.0000	0.002000
0.6220	0.0000	0.0000	0.0000	-0.0000	0.002000
0.6240	0.0000	0.0000	0.0000	-0.0000	0.002000
0.6260	0.0000	0.0000	0.0000	-0.0000	0.002000
0.6280	0.0000	0.0000	0.0000	-0.0000	0.002000
0.6300	0.0000	0.0000	0.0000	-0.0000	0.002000
0.6320	0.0000	0.0000	0.0000	-0.0000	0.002000
0.6340	0.0000	0.0000	0.0000	-0.0000	0.002000
0.6360	0.0000	0.0000	0.0000	-0.0000	0.002000
0.6380	0.0000	0.0000	0.0000	-0.0000	0.002000
0.6400	0.0000	0.0000	0.0000	-0.0000	0.002000
0.6420	0.0000	0.0000	0.0000	-0.0000	0.002000
0.6440	0.0000	0.0000	0.0000	-0.0000	0.002000
0.6460	0.0000	0.0000	0.0000	-0.0000	0.002000
0.6480	0.0000	0.0000	0.0000	-0.0000	0.002000
0.6500	0.0000	0.0000	0.0000	-0.0000	0.002000
0.6520	0.0000	0.0000	0.0000	-0.0000	0.002000
0.6540	0.0000	0.0000	0.0000	-0.0000	0.002000
0.6560	0.0000	0.0000	0.0000	-0.0000	0.002000
0.6580	0.0000	0.0000	0.0000	-0.0000	0.002000
0.6600	0.0000	0.0000	0.0000	-0.0000	0.002000
0.6620	0.0000	0.0000	0.0000	-0.0000	0.002000
0.6640	0.0000	0.0000	0.0000	-0.0000	0.002000
0.6660	0.0000	0.0000	0.0000	-0.0000	0.002000
0.6680	0.0000	0.0000	0.0000	-0.0000	0.002000
0.6700	0.0000	0.0000	0.0000	-0.0000	0.002000
0.6720	0.0000	0.0000	0.0000	-0.0000	0.002000
0.6740	0.0000	0.0000	0.0000	-0.0000	0.002000
0.6760	0.0000	0.0000	0.0000	-0.0000	0.002000
0.6780	0.0000	0.0000	0.0000	-0.0000	0.002000
0.6800	0.0000	0.0000	0.0000	-0.0000	0.002000
0.6820	0.0000	0.0000	0.0000	-0.0000	0.002000
0.6840	0.0000	0.0000	0.0000	-0.0000	0.002000
0.6860	0.0000	0.0000	0.0000	-0.0000	0.002000
0.6880	0.0000	0.0000	0.0000	-0.0000	0.002000
0.6900	0.0000	0.0000	0.0000	-0.0000	0.002000
0.6920	0.0000	0.0000	0.0000	-0.0000	0.002000
0.6940	0.0000	0.0000	0.0000	-0.0000	0.002000
0.6960	0.0000	0.0000	0.0000	-0.0000	0.002000
0.6980	0.0000	0.0000	0.0000	-0.0000	0.002000
0.7000	0.0000	0.0000	0.0000	-0.0000	0.002000
0.7020	0.0000	0.0000	0.0000	-0.0000	0.002000
0.7040	0.0000	0.0000	0.0000	-0.0000	0.002000
0.7060	0.0000	0.0000	0.0000	-0.0000	0.002000
0.7080	0.0000	0.0000	0.0000	-0.0000	0.002000
0.7100	0.0000	0.0000	0.0000	-0.0000	0.002000
0.7120	0.0000	0.0000	0.0000	-0.0000	0.002000
0.7140	0.0000	0.0000	0.0000	-0.0000	0.002000
0.7160	0.0000	0.0000	0.0000	-0.0000	0.002000
0.7180	0.0000	0.0000	0.0000	-0.0000	0.002000
0.7200	0.0000	0.0000	0.0000	-0.0000	0.002000
0.7220	0.0000	0.0000	0.0000	-0.0000	0.002000
0.7240	0.0000	0.0000	0.0000	-0.0000	0.002000
0.7260	0.0000	0.0000	0.0000	-0.0000	0.002000
0.7280	0.0000	0.0000	0.0000	-0.0000	0.002000
0.7300	0.0000	0.0000	0.0000	-0.0000	0.002000
0.7320	0.0000	0.0000	0.0000	-0.0000	0.002000
0.7340	0.0000	0.0000	0.0000	-0.0000	0.002000
0.7360	0.0000	0.0000	0.0000	-0.0000	0.002000
0.7380	0.0000	0.0000	0.0000	-0.0000	0.002000
0.7400	0.0000	0.0000	0.0000	-0.0000	0.002000
0.7420	0.0000	0.0000	0.0000	-0.0000	0.002000
0.7440	0.0000	0.0000	0.0000	-0.0000	0.002000
0.7460	0.0000	0.0000	0.0000	-0.0000	0.002000
0.7480	0.0000	0.0000	0.0000	-0.0000	0.002000
0.7500	0.0000	0.0000	0.0000	-0.0000	0.002000
0.7520	0.0000	0.0000	0.0000	-0.0000	0.002000
0.7540	0.0000	0.0000	0.0000	-0.0000	0.002000
0.7560	0.0000	0.0000	0.0000	-0.0000	0.002000
0.7580	0.0000	0.0000	0.0000	-0.0000	0.002000
0.7600	0.0000	0.0000	0.0000	-0.0000	0.002000
0.7620	0.0000	0.0000	0.0000	-0.0000	0.002000
0.7640	0.0000	0.0000	0.0000	-0.0000	0.002000
0.7660	0.0000	0.0000	0.0000	-0.0000	0.002000
0.7680	0.0000	0.0000	0.0000	-0.0000	0.002000
0.7700	0.0000	0.0000	0.0000	-0.0000	0.002000
0.7720	0.0000	0.0000	0.0000	-0.0000	0.002000
0.7740	0.0000	0.0000	0.0000	-0.0000	0.002000
0.7760	0.0000	0.0000	0.0000	-0.0000	0.002000
0.7780	0.0000	0.0000	0.0000	-0.0000	0.002000
0.7800	0.0000	0.0000	0.0000	-0.0000	0.002000
0.7820	0.0000	0.0000	0.0000	-0.0000	0.002000
0.7840	0.0000	0.0000	0.0000	-0.0000	0.002000
0.7860	0.0000	0.0000	0.0000	-0.0000	0.002000
0.7880	0.0000	0.0000	0.0000	-0.0000	0.002000
0.7900	0.0000	0.0000	0.0000	-0.0000	0.002000
0.7920	0.0000	0.0000	0.0000	-0.0000	0.002000
0.7940	0.0000	0.0000	0.0000	-0.0000	0.002000
0.7960	0.0000	0.0000	0.0000	-0.0000	0.002000
0.7980	0.0000	0.0000	0.0000	-0.0000	0.002000
0.8000	0.0000	0.0000	0.0000	-0.0000	0.002000
0.8020	0.0000	0.0000	0.0000	-0.0000	0.002000
0.8040	0.0000	0.0000	0.0000	-0.0000	0.002000
0.8060	0.0000	0.0000	0.0000	-0.0000	0.002000
0.8080	0.0000	0.0000	0.0000	-0.0000	0.002000
0.8100	0.0000	0.0000	0.0000	-0.0000	0.002000
0.8120	0.0000	0.0000	0.0000	-0.0000	0.002000
0.8140	0.0000	0.0000	0.0000	-0.0000	0.002000
0.8160	0.0000	0.0000	0.0000	-0.0000	0.002000
0.8180	0.0000	0.0000	0.0000	-0.0000	0.002000
0.8200	0.0000	0.0000	0.0000	-0.0000	0.002000
0.8220	0.0000	0.0000	0.0000	-0.0000	0.002000
0.8240	0.0000	0.0000	0.0000	-0.0000	0.002000
0.8260	0.0000	0.0000	0.0000	-0.0000	0.002000
0.8280	0.0000	0.0000	0.0000	-0.0000	0.002000
0.8300	0.0000	0.0000	0.0000	-0.0000	0.002000
0.8320	0.0000	0.0000	0.0000	-0.0000	0.002000
0.8340	0.0000	0.0000	0.0000	-0.0000	0.002000
0.8360	0.0000	0.0000	0.0000	-0.0000	0.002000
0.8380	0.0000	0.0000	0.0000	-0.0000	0.002000
0.8400	0.0000	0.0000	0.0000	-0.0000	0.002000
0.8420	0.0000	0.0000	0.0000	-0.0000	0.002000
0.8440	0.0000	0.0000	0.0000	-0.0000	0.002000
0.8460	0.0000	0.0000	0.0000	-0.0000	0.002000
0.8480	0.0000	0.0000	0.0000	-0.0000	0.002000
0.8500	0.0000	0.0000	0.0000	-0.0000	0.002000
0.8520	0.0000	0.0000	0.0000	-0.0000	0.002000
0.8540	0.0000	0.0000	0.0000	-0.0000	0.002000
0.8560	0.0000	0.0000	0.0000	-0.0000	0.002000
0.8580	0.0000	0.0000	0.0000	-0.0000	0.002000
0.8600	0.0000	0.0000	0.0000	-0.0000	0.002000
0.8620	0.0000	0.0000	0.0000	-0.0000	0.002000
0.8640	0.0000	0.0000	0.0000	-0.0000	0.002000
0.8660	0.0000	0.0000	0.0000	-0.0000	0.002000
0.8680	0.0000	0.0000	0.0000	-0.0000	0.002000
0.8700	0.0000	0.0000	0.0000	-0.0000	0.002000
0.8720	0.0000	0.0000	0.0000	-0.0000	0.002000
0.8740	0.0000	0.0000	0.0000	-0.0000	0.002000
0.8760	0.0000	0.0000	0.0000	-0.0000	0.002000
0.8780	0.0000	0.0000	0.0000	-0.0000	0.002000
0.8800	0.0000	0.0000	0.0000	-0.0000	0.002000
0.8820	0.0000	0.0000	0.0000	-0.0000	0.002000
0.8840	0.0000	0.0000	0.0000	-0.0000	0.002000
0.8860	0.0000	0.0000	0.0000	-0.0000	0.002000
0.8880	0.0000	0.0000	0.0000	-0.0000	0.002000
0.8900	0.0000	0.0000	0.0000	-0.0000	0.002000
0.8920	0.0000	0.0000	0.0000	-0.0000	0.002000
0.8940	0.0000	0.0000	0.0000	-0.0000	0.002000
0.8960	0.0000	0.0000	0.0000	-0.0000	0.002000
0.8980	0.0000	0.0000	0.0000	-0.0000	0.002000
0.9000	0.0000	0.0000	0.0000	-0.0000	0.002000
0.9020	0.0000	0.0000	0.0000	-0.0000	0.002000
0.9040	0.0000	0.0000	0.0000	-0.0000	0.002000
0.9060	0.0000	0.0000	0.0000	-0.0000	0.002000
0.9080	0.0000	0.0000	0.0000	-0.0000	0.002000
0.9100	0.0000	0.0000	0.0000	-0.0000	0.002000
0.9120	0.0000	0.0000	0.0000	-0.0000	0.002000
0.9140	0.0000	0.0000	0.0000	-0.0000	0.002000
0.9160	0.0000	0.0000	0.0000	-0.0000	0.002000
0.9180	0.0000	0.0000	0.0000	-0.0000	0.002000
0.9200	0.0000	0.0000	0.0000	-0.0000	0.002000
0.9220	0.0000	0.0000	0.0000	-0.0000	0.002000
0.9240	0.0000	0.0000	0.0000	-0.0000	0.002000
0.9260	0.0000	0.0000	0.0000	-0.0000	0.002000
0.9280	0.0000	0.0000	0.0000	-0.0000	0.002000
0.9300	0.0000	0.0000	0.0000	-0.0000	0.002000
0.9320	0.0000	0.0000	0.0000	-0.0000	0.002000
0.9340	0.0000	0.0000	0.0000	-0.0000	0.002000
0.9360	0.0000	0.0000	0.0000	-0.0000	0.002000
0.9380	0.0000	0.0000	0.0000	-0.0000	0.002000
0.9400	0.0000	0.0000	0.0000	-0.0000	0.002000
0.9420	0.0000	0.0000	0.0000	-0.0000	0.002000
0.9440	0.0000	0.0000	0.0000	-0.0000	0.002000
0.9460	0.0000	0.0000	0.0000	-0.0000	0.002000
0.9480	0.0000	0.0000	0.0000	-0.0000	0.002000
0.9500	0.0000	0.0000	0.0000	-0.0000	0.002000
0.9520	0.0000	0.0000	0.0000	-0.0000	0.002000
0.9540	0.0000	0.0000	0.0000	-0.0000	0.002000
0.9560	0.0000	0.0000	0.0000	-0.0000	0.002000
0.9580	0.0000	0.0000	0.0000	-0.0000	0.002000
0.9600	0.0000	0.0000	0.0000	-0.0000	0.002000
0.9620	0.0000	0.0000	0.0000	-0.0000	0.002000
0.9640	0.0000	0.0000	0.0000	-0.0000	0.002000
0.9660	0.0000	0.0000	0.0000	-0.0000	0.002000
0.9680	0.0000	0.0000	0.0000	-0.0000	0.002000
0.9700	0.0000	0.0000	0.0000	-0.0000	0.002000
0.9720	0.0000	0.0000	0.0000	-0.0000	0.002000
0.9740	0.0000	0.0000	0.0000	-0.0000	0.002000
0.9760	0.0000	0.0000	0.0000	-0.0000	0.002000
0.9780	0.0000	0.0000	0.0000	-0.0000	0.002000
0.9800	0.0000	0.0000	0.0000	-0.0000	0.002000
0.9820	0.0000	0.0000	0.0000	-0.0000	0.002000
0.9840	0.0000	0.0000	0.0000	-0.0000	0.002000
0.9860	0.0000	0.0000	0.0000	-0.0000	0.002000
0.9880	0.0000	0.0000	0.0000	-0.0000	0.002000
0.9900	0.0000	0.0000	0.0000	-0.0000	0.002000
0.9920	0.0000	0.0000	0.0000	-0.0000	0.002000
0.9940	0.0000	0.0000	0.0000	-0.0000	0.002000
0.9960	0.0000	0.0000	0.0000	-0.0000	0.002000
0.9980	0.0000	0.0000	0.0000	-0.0000	0.002000
1.0000	0.0000	0.0000	0.0000	-0.0000	0.002000
1.0020	0.0000	0.0000	0.0000	-0.0000	0.002000
1.0040	0.0000	0.0000	0.0000	-0.0000	0.002000
1.0060	0.0000	0.0000	0.0000	-0.0000	0.002000
1.0080	0.0000	0.0000	0.0000	-0.0000	0.002000
1.0100	0.0000	0.0000	0.0000	-0.0000	0.002000
1.0120	0.0000	0.0000	0.0000	-0.0000	0.002000
1.0140	0.0000	0.0000	0.0000	-0.0000	0.002000
1.0160	0.0000	0.0000	0.0000	-0.0000	0.002000
1.0180	0.0000	0.0000	0.0000	-0.0000	0.002000
1.0200	0.0000	0.0000	0.0000	-0.0000	0.002000
1.0220	0.0000	0.0000	0.0000	-0.0000	0.002000
1.0240	0.0000	0.0000	0.0000	-0.0000	0.002000
1.0260	0.0000	0.0000	0.0000	-0.0000	0.002000
1.0280	0.0000	0.0000	0.0000	-0.0000	0.002000
1.0300	0.0000	0.0000	0.0000	-0.0000	0.002000
1.0320	0.0000	0.0000	0.0000	-0.0000	0.002000
1.0340	0.0000	0.0000	0.0000	-0.0000	0.002000
1.0360	0.0000	0.0000	0.0000	-0.0000	0.002000
1.0380	0.0000	0.0000	0.0000	-0.0000	0.002000
1.0400	0.0000	0.0000	0.0000	-0.0000	0.002000
1.0420	0.0000	0.0000	0.0000	-0.0000	0.002000
1.0440	0.0000	0.0000	0.0000	-0.0000	0.002000
1.0460	0.0000	0.0000	0.0000	-0.0000	0.002000
1.0480	0.0000	0.0000	0.0000	-0.0000	0.002000
1.0500	0.0000	0.0000	0.0000	-0.0000	0.002000
1.0520	0.0000	0.0000	0.0000	-0.0000	0.002000
1.0540	0.0000	0.0000	0.0000	-0.0000	0.002000
1.0560	0.0000	0.0000	0.0000	-0.0000	0.002000
1.0580	0.0000	0.0000	0.0000	-0.0000	0.002000
1.0600	0.0000	0.0000	0.0000	-0.0000	0.002000
1.0620	0.0000	0.0000	0.0000	-0.0000	0.002000
1.0640	0.0000	0.0000	0.0000	-0.0000	0.002000
1.0660	0.0000	0.0000	0.0000	-0.0000	0.002000
1.0680	0.0000	0.0000	0.0000	-0.0000	0.002000
1.0700	0.0000	0.0000	0.0000	-0.0000	0.002000
1.0720	0.0000	0.0000	0.0000	-0.0000	0.002000
1.0740	0.0000	0.0000	0.0000	-0.0000	0.002000
1.0760	0.0000	0.0000	0.0000	-0.0000	0.002000
1.0780	0.0000	0.0000	0.0000	-0.0000	0.002000
1.0800	0.0000	0.0000	0.0000	-0.0000	0.002000
1.0820	0.0000	0.0000	0.0000	-0.0000	0.002000
1.0840	0.0000	0.0000	0.0000	-0.0000	0.002000
1.0860	0.0000	0.0000	0.0000	-0.0000	0.002000
1.0880	0.0000	0.0000	0.0000	-0.0000	0.002000
1.0900	0.0000	0.0000	0.0000	-0.0000	0.002000
1.0920	0.0000	0.0000	0.0000	-0.0000	0.002000
1.0940	0.0000	0.0000	0.0000	-0.0000	0.002000
1.0960	0.0000	0.0000	0.0000	-0.0000	0.002000
1.0980	0.0000	0.0000	0.0000	-0.0000	0.002000
1.1000	0.0000	0.0000	0.0000	-0.0000	0.002000
1.1020	0.0000	0.0000	0.0000	-0.0000	0.002000
1.1040	0.0000	0.0000	0.0000	-0.0000	0.002000
1.1060	0.0000	0.0000	0.0000	-0.0000	0.002000
1.1080	0.0000	0.0000	0.0000	-0.0000	0.002000
1.1100	0.0000	0.0000	0.0000	-0.0000	0.002000
1.1120	0.0000	0.0000	0.0000	-0.0000	0.002000
1.1140	0.0000	0.0000	0.0000	-0.0000	0.002000
1.1160	0.0000	0.0000	0.0000	-0.0000	0.002000
1.1180	0.0000	0.0000	0.0000	-0.0000	0.002000
1.1200	0.0000	0.0000	0.0000	-0.0000	0.002000
1.1220	0.0000	0.0000	0.0000	-0.0000	0.002000
1.1240	0.0000	0.0000	0.0000	-0.0000	0.002000
1.1260	0.0000	0.0000	0.0000	-0.0000	0.002000
1.1280	0.0000	0.0000	0.0000	-0.0000	0.002000
1.1300	0.0000	0.0000	0.0000	-0.0000	0.002000
1.1320	0.0000	0.0000	0.0000	-0.0000	0.002000
1.1340	0.0000	0.0000	0.0000	-0.0000	0.002000
1.1360	0.0000	0.0000	0.0000	-0.0000	0.002000
1.1380	0.0000	0.0000	0.0000	-0.0000	0.002000
1.1400	0.0000	0.0000	0.0000	-0.0000	0.002000
1.1420	0.0000	0.0000	0.0000	-0.0000	0.002000
1.1440	0.0000	0.0000	0.0000	-0.0000	0.002000
1.1460	0.0000	0.0000	0.0000	-0.0000	0.002000
1.1480	0.0000	0.0000	0.0000	-0.0000	0.002000
1.1500	0.0000	0.0000	0.0000	-0.0000	0.002000
1.1520	0.0000	0.0000	0.0000	-0.0000	0.002000
1.1540	0.0000	0.0000	0.0000	-0.0000	0.002000
1.1560	0.0000	0.0000	0.0000	-0.0000	0.002000
1.1580	0.0000	0.0000	0.0000	-0.0000	0.002000
1.1600	0.0000	0.0000	0.0000	-0.0000	0.002000
1.1620	0.0000	0.0000	0.0000	-0.0000	0.002000
1.1640	0.0000	0.0000	0.0000	-0.0000	0.002000
1.1660	0.0000	0.0000	0.0000	-0.0000	0.002000
1.1680	0.0000	0.0000	0.0000	-0.0000	0.002000
1.1700	0.0000	0.0000	0.0000	-0.0000	0.002000
1.1720	0.0000	0.0000	0.0000	-0.0000	0.002000
1.1740	0.0000	0.0000	0.0000	-0.0000	0.002000
1.1760	0.0000	0.0000	0.0000	-0.0000	0.002000
1.1780	0.0000	0.0000	0.0000	-0.0000	0.002000
1.1800	0.0000	0.0000	0.0000	-0.0000	0.002000
1.1820	0.0000	0.0000	0.0000	-0.0000	0.002000
1.1840	0.0000	0.0000	0.0000	-0.0000	0.002000
1.1860	0.0000	0.0000	0.0000	-0.0000	0.002000
1.1880	0.0000	0.0000	0.0000	-0.0000	0.002000
1.1900	0.0000	0.0000	0.0000	-0.0000	0.002000
1.1920	0.0000	0.0000	0.0000	-0.0000	0.002000
1.1940	0.0000	0.0000	0.0000	-0.0000	0.002000
1.1960	0.0000	0.0000	0.0000	-0.0000	0.002000
1.1980	0.0000	0.0000	0.0000	-0.0000	0.002000
1.2000	0.0000	0.0000	0.0000	-0.0000	0.002000
1.2020	0.0000	0.0000	0.0000	-0.0000	0.002000
1.2040	0.0000	0.0000	0.0000	-0.0000	0.002000
1.2060	0.0000	0.0000	0.0000	-0.0000	0.002000
1.2080	0.0000	0.0000	0.0000	-0.0000	0.002000
1.2100	0.0000	0.0000	0.0000	-0.0000	0.002000
1.2120	0.0000	0.0000	0.0000	-0.0000	0.002000
1.2140	0.0000	0.0000	0.0000	-0.0000	0.002000
1.2160	0.0000	0.0000	0.0000	-0.0000	0.002000
1.2180	0.0000	0.0000	0.0000	-0.0000	0.002000
1.2200	0.0000	0.0000	0.0000	-0.0000	0.002000
1.2220	0.0000	0.0000	0.0000	-0.0000	0.002000
1.2240	0.0000	0.0000	0.0000	-0.0000	0.002000
1.2260	0.0000	0.0000	0.0000	-0.0000	0.002000
1.2280	0.0000	0.0000	0.0000	-0.0000	0.002000
1.2300	0.0000	0.0000	0.0000	-0.0000	0.002000
1.2320	0.0000	0.0000	0.0000	-0.0000	0.002000
1.2340	0.0000	0.0000	0.0000	-0.0000	0.002000
1.2360	0.0000	0.0000	0.0000	-0.0000	0.002000
1.2380	0.0000	0.0000	0.0000	-0.0000	0.002000
1.2400	0.0000	0.0000	0.0000	-0.0000	0.002000
1.2420	0.0000	0.0000	0.0000	-0.0000	0.002000
1.2440	0.0000	0.0000	0.0000	-0.0000	0.002000
1.2460	0.0000	0.0000	0.0000	-0.0000	0.002000
1.2480	0.0000	0.0000	0.0000	-0.0000	0.002000
1.2500	0.0000	0.0000	0.0000	-0.0000	0.002000
1.2520	0.0000	0.0000	0.0000	-0.0000	0.002000
1.2540	0.0000	0.0000	0.0000	-0.0000	0.002000
1.2560	0.0000	0.0000	0.0000	-0.0000	0.002000
1.2580	0.0000	0.0000	0.0000	-0.0000	0.002000
1.2600	0.0000	0.0000	0.0000	-0.0000	0.002000
1.2620	0.0000	0.0000	0.0000	-0.0000	0.002000
1.2640	0.0000	0.0000	0.0000	-0.0000	0.002000
1.2660	0.0000	0.0000	0.0000	-0.0000	0.002000
1.2680	0.0000	0.0000	0.0000	-0.0000	0.002000
1.2700	0.0000	0.0000	0.0000	-0.0000	0.002000
1.2720	0.0000	0.0000	0.0000	-0.0000	0.002000
1.2740	0.0000	0.0000	0.0000	-0.0000	0.002000
1.2760	0.0000	0.0000	0.0000	-0.0000	0.002000
1.2780	0.0000	0.0000	0.0000	-0.0000	0.002000
1.2800	0.0000	0.0000	0.0000	-0.0000	0.002000
1.2820	0.0000	0.0000	0.0000	-0.0000	0.002000
1.2840	0.0000	0.0000	0.0000	-0.0000	0.002000
1.2860	0.0000	0.0000	0.0000	-0.0000	0.002000
1.2880	0.0000	0.0000	0.0000	-0.0000	0.002000
1.2900	0.0000	0.0000	0.0000	-0.0000	0.002000
1.2920	0.0000	0.0000	0.0000	-0.0000	0.002000
1.2940	0.0000	0.0000	0.0000	-0.0000	0.002000
1.2960	0.0000	0.0000	0.0000	-0.0000	0.002000
1.2980	0.0000	0.0000	0.0000	-0.0000	0.002000
1.3000	0.0000	0.0000	0.0000	-0.0000	0.002000
1.3020	0.0000	0.0000	0.0000	-0.0000	0.002000
1.3040	0.0000	0.0000	0.0000	-0.0000	0.002000
1.3060	0.0000	0.0000	0.0000	-0.0000	0.002000
1.3080	0.0000	0.0000	0.0000	-0.0000	0.002000
1.3100	0.0000	0.0000	0.0000	-0.0000	0.002000
1.3120	0.0000	0.0000	0.0000	-0.0000	0.002000
1.3140	0.0000	0.0000	0.0000	-0.0000	0.002000
1.3160	0.0000	0.0000	0.0000	-0.0000	0.002000
1.3180	0.0000	0.0000	0.0000	-0.0000	0.002000
1.3200	0.0000	0.0000	0.0000	-0.0000	0.002000
1.3220	0.0000	0.0000	0.0000	-0.0000	0.002000
1.3240	0.0000	0.0000	0.0000	-0.0000	0.002000
1.3260	0.0000	0.0000	0.0000	-0.0000	0.002000
1.3280	0.0000	0.0000	0.0000	-0.0000	0.002000
1.3300	0.0000	0.0000	0.0000	-0.0000	0.002000
1.3320	0.0000	0.0000	0.0000	-0.0000	0.002000
1.3340	0.0000	0.0000	0.0000	-0.0000	0.002000
1.3360	0.0000	0.0000	0.0000	-0.0000	0.002000
1.3380	0.0000	0.0000	0.0000	-0.0000	0.002000
1.3400	0.0000	0.0000	0.0000	-0.0000	0.002000
1.3420	0.0000	0.0000	0.0000	-0.0000	0.002000
1.3440	0.0000	0.0000	0.0000	-0.0000	0.002000
1.3460	0.0000	0.0000	0.0000	-0.0000	0.002000
1.3480	0.0000	0.0000	0.0000	-0.0000	0.002000
1.3500	0.0000	0.0000	0.0000	-0.0000	0.002000
1.3520	0.0000	0.0000	0.0000	-0.0000	0.002000
1.3540	0.0000	0.0000	0.0000	-0.0000	0.002000
1.3560	0.0000	0.0000	0.0000	-0.0000	0.002000
1.3580	0.0000	0.0000	0.0000	-0.0000	0.002000
1.3600	0.0000	0.0000	0.0000	-0.0000	0.002000
1.3620	0.0000	0.0000	0.0000	-0.0000	0.002000
1.3640	0.0000	0.0000	0.0000	-0.0000	0.002000
1.3660	0.0000	0.0000	0.0000	-0.0000	0.002000
1.3680	0.0000	0.0000	0.0000	-0.0000	0.002000
1.3700	0.0000	0.0000	0.0000	-0.0000	0.002000
1.3720	0.0000	0.0000	0.0000	-0.0000	0.002000
1.3740	0.0000	0.0000	0.0000	-0.0000	0.002000
1.3760	0.0000	0.0000	0.0000	-0.0000	0.002000
1.3780	0.0000	0.0000	0.0000	-0.0000	0.002000
1.3800	0.0000	0.0000	0.0000	-0.0000	0.002000
1.3820	0.0000	0.0000	0.0000	-0.0000	0.002000
1.3840	0.0000	0.0000	0.0000	-0.0000	0.002000
1.3860	0.0000	0.0000	0.0000	-0.0000	0.002000
1.3880	0.0000	0.0000	0.0000	-0.0000	0.002000
1.3900	0.0000	0.0000	0.0000	-0.0000	0.002000
1.3920	0.0000	0.0000	0.0000	-0.0000	0.002000
1.3940	0.0000	0.0000	0.0000	-0.0000	0.002000
1.3960	0.0000	0.0000	0.0000	-0.0000	0.002000
1.3980	0.0000	0.0000	0.0000	-0.0000	0.002000
1.4000	0.0000	0.0000	0.0000	-0.0000	0.002000
1.4020	0.0000	0.0000	0.0000	-0.0000	0.002000
1.4040	0.0000	0.0000	0.0000	-0.0000	0.002000
1.4060	0.0000	0.0000	0.0000	-0.0000	0.002000
1.4080	0.0000	0.0000	0.0000	-0.0000	0.002000
1.4100	0.0000	0.0000	0.0000	-0.0000	0.002000
1.4120	0.0000	0.0000	0.0000	-0.0000	0.002000
1.4140	0.0000	0.0000	0.0000	-0.0000	0.002000
1.4160	0.0000	0.0000	0.0000	-0.0000	0.002000
1.4180	0.0000	0.0000	0.0000	-0.0000	0.002000
1.4200	0.0000	0.0000	0.0000	-0.0000	0.002000
1.4220	0.0000	0.0000	0.0000	-0.0000	0.002000
1.4240	0.0000	0.0000	0.0000	-0.0000	0.002000
1.4260	0.0000	0.0000	0.0000	-0.0000	0.002000
1.4280	0.0000	0.0000	0.0000	-0.0000	0.002000
1.4300	0.0000	0.0000	0.0000	-0.0000	0.002000
1.4320	0.0000	0.0000	0.0000	-0.0000	0.002000
1.4340	0.0000	0.0000	0.0000	-0.0000	0.002000
1.4360	0.0000	0.0000	0.0000	-0.0000	0.002000
1.4380	0.0000	0.0000	0.0000	-0.0000	0.002000
1.4400	0.0000	0.0000	0.0000	-0.0000	0.002000
1.4420	0.0000	0.0000	0.0000	-0.0000	0.002000
1.4440	0.0000	0.0000	0.0000	-0.0000	0.002000
1.4460	0.0000	0.0000	0.0000	-0.0000	0.002000
1.4480	0.0000	0.0000	0.0000	-0.0000	0.002000
1.4500	0.0000	0.0000	0.0000	-0.0000	0.002000
1.4520	0.0000	0.0000	0.0000	-0.0000	0.002000
1.4540	0.0000	0.0000	0.0000	-0.0000	0.002000
1.4560	0.0000	0.0000	0.0000	-0.0000	0.002000
1.4580	0.0000	0.0000	0.0000	-0.0000	0.002000
1.4600	0.0000	0.0000	0.0000	-0.0000	0.002000
1.4620	0.0000	0.0000	0.0000	-0.0000	0.002000
1.4640	0.0000	0.0000	0.0000	-0.0000	0.002000
1.4660	0.0000	0.0000	0.0000	-0.0000	0.002000
1.4680	0.0000	0.0000	0.0000	-0.0000	0.002000
1.4700	0.0000	0.0000	0.0000	-0.0000	0.002000
1.4720	0.0000	0.0000	0.0000	-0.0000	0.002000
1.4740	0.0000	0.0000	0.0000	-0.0000	0.002000
1.4760	0.0000	0.0000	0.0000	-0.0000	0.002000
1.4780	0.0000	0.0000	0.0000	-0.0000	0.002000
1.4800	0.0000	0.0000	0.0000	-0.0000	0.002000
1.4820	0.0000	0.0000	0.0000	-0.0000	0.002000
1.4840	0.0000	0.0000	0.0000	-0.0000	0.002000
1.4860	0.0000	0.0000	0.0000	-0.0000	0.002000
1.4880	0.0000	0.0000	0.0000	-0.0000	0.002000
1.4900	0.0000	0.0000	0.0000	-0.0000	0.002000
1.4920	0.0000	0.0000	0.0000	-0.0000	0.002000
1.4940	0.0000	0.0000	0.0000	-0.0000	0.002000
1.4960	0.0000	0.0000	0.0000	-0.0000	0.002000
1.4980	0.0000	0.0000	0.0000	-0.0000	0.002000
1.5000	0.0000	0.0000	0.0000	-0.0000	0.002000
1.5020	0.0000	0.0000	0.0000	-0.0000	0.002000
1.5040	0.0000	0.0000	0.0000	-0.0000	0.002000
1.5060	0.0000	0.0000	0.0000	-0.0000	0.002000
1.5080	0.0000	0.0000	0.0000	-0.0000	0.002000
1.5100	0.0000	0.0000	0.0000	-0.0000	0.002000
1.5120	0.0000	0.0000	0.0000	-0.0000	0.002000
1.5140	0.0000	0.0000	0.0000	-0.0000	0.002000
1.5160	0.0000	0.0000	0.0000	-0.0000	0.002000
1.5180	0.0000	0.0000	0.0000	-0.0000	0.002000
1.5200	0.0000	0.0000	0.0000	-0.0000	0.002000
1.5220	0.0000	0.0000	0.0000	-0.0000	0.002000
1.5240	0.0000	0.0000	0.0000	-0.0000	0.002000
1.5260	0.0000	0.0000	0.0000	-0.0000	0.002000
1.5280	0.0000	0.0000	0.0000	-0.0000	0.002000
1.5300	0.0000	0.0000	0.0000	-0.0000	0.002000
1.5320	0.0000	0.0000	0.0000	-0.0000	0.002000
1.5340	0.0000	0.0000	0.0000	-0.0000	0.002000
1.5360	0.0000	0.0000	0.0000	-0.0000	0.002000
1.5380	0.0000	0.0000	0.0000	-0.0000	0.002000
1.5400	0.0000	0.0000	0.0000	-0.0000	0.002000
1.5420	0.0000	0.0000	0.0000	-0.0000	0.002000
1.5440	0.0000	0.0000	0.0000	-0.0000	0.002000
1.5460	0.0000	0.0000	0.0000	-0.0000	0.002000
1.5480	0.0000	0.0000	0.0000	-0.0000	0.002000
1.5500	0.0000	0.0000	0.0000	-0.0000	0.002000
1.5520	0.0000	0.0000	0.0000	-0.0000	0.002000
1.5540	0.0000	0.0000	0.0000	-0.0000	0.002000
1.5560	0.0000	0.0000	0.0000	-0.0000	0.002000
1.5580	0.0000	0.0000	0.0000	-0.0000	0.002000
1.5600	0.0000	0.0000	0.0000	-0.0000	0.002000
1.5620	0.0000	0.0000	0.0000	-0.0000	0.002000
1.5640	0.0000	0.0000	0.0000	-0.0000	0.002000
1.5660	0.0000	0.0000	0.0000	-0.0000	0.002000
1.5680	0.0000	0.0000	0.0000	-0.0000	0.002000
1.5700	0.0000	0.0000	0.0000	-0.0000	0.002000
1.5720	0.0000	0.0000	0.0000	-0.0000	0.002000
1.5740	0.0000	0.0000	0.0000	-0.0000	0.002000
1.5760	0.0000	0.0000	0.0000	-0.0000	0.002000
1.5780	0.0000	0.0000	0.0000	-0.0000	0.002000
1.5800	0.0000	0.0000	0.0000	-0.0000	0.002000
1.5820	0.0000	0.0000	0.0000	-0.0000	0.002000
1.5840	0.0000	0.0000	0.0000	-0.0000	0.002000
1.5860	0.0000	0.0000	0.0000	-0.0000	0.002000
1.5880	0.0000	0.0000	0.0000	-0.0000	0.002000
1.5900	0.0000	0.0000	0.0000	-0.0000	0.002000
1.5920	0.0000	0.0000	0.0000	-0.0000	0.002000
1.5940	0.0000	0.0000	0.0000	-0.0000	0.002000
1.5960	0.0000	0.0000	0.0000	-0.0000	0.002000
1.5980	0.0000	0.0000	0.0000	-0.0000	0.002000
1.6000	0.0000	0.0000	0.0000	-0.0000	0.002000
1.6020	0.0000	0.0000	0.0000	-0.0000	0.002000
1.6040	0.0000	0.0000	0.0000	-0.0000	0.002000
1.6060	0.0000	0.0000	0.0000	-0.0000	0.002000
1.6080	0.0000	0.0000	0.0000	-0.0000	0.002000
1.6100	0.0000	0.0000	0.0000	-0.0000	0.002000
1.6120	0.0000	0.0000	0.0000	-0.0000	0.002000
1.6140	0.0000	0.0000	0.0000	-0.0000	0.002000
1.6160	0.0000	0.0000	0.0000	-0.0000	0.002000
1.6180	0.0000	0.0000	0.0000	-0.0000	0.002000
1.6200	0.0000	0.0000	0.0000	-0.0000	0.002000
1.6220	0.0000	0.0000	0.0000	-0.0000	0.002000
1.6240	0.0000	0.0000	0.0000	-0.0000	0.002000
1.6260	0.0000	0.0000	0.0000	-0.0000	0.002000
1.6280	0.0000	0.0000	0.0000	-0.0000	0.002000
1.6300	0.0000	0.0000	0.0000	-0.0000	0.002000
1.6320	0.0000	0.0000	0.0000	-0.0000	0.002000
1.6340	0.0000	0.0000	0.0000	-0.0000	0.002000
1.6360	0.0000	0.0000	0.0000	-0.0000	0.002000
1.6380	0.0000	0.0000	0.0000	-0.0000	0.002000
1.6400	0.0000	0.0000	0.0000	-0.0000	0.002000
1.6420	0.0000	0.0000	0.0000	-0.0000	0.002000
1.6440	0.0000	0.0000	0.0000	-0.0000	0.002000
1.6460	0.0000	0.0000	0.0000	-0.0000	0.002000
1.6480	0.0000	0.0000	0.0000	-0.0000	0.002000
1.6500	0.0000	0.0000	0.0000	-0.0000	0.002000
1.6520	0.0000	0.0000	0.0000	-0.0000	0.002000
1.6540	0.0000	0.0000	0.0000	-0.0000	0.002000
1.6560	0.0000	0.0000	0.0000	-0.0000	0.002000
1.6580	0.0000	0.0000	0.0000	-0.0000	0.002000
1.6600	0.0000	0.0000	0.0000	-0.0000	0.002000
1.6620	0.0000	0.0000	0.0000	-0.0000	0.002000
1.6640	0.0000	0.0000	0.0000	-0.0000	0.002000
1.6660	0.0000	0.0000	0.0000	-0.0000	0.002000
1.6680	0.0000	0.0000	0.0000	-0.0000	0.002000
1.6700	0.0000	0.0000	0.0000	-0.0000	0.002000
1.6720	0.0000	0.0000	0.0000	-0.0000	0.002000
1.6740	0.0000	0.0000	0.0000	-0.0000	0.002000
1.6760	0.0000	0.0000	0.0000	-0.0000	0.002000
1.6780	0.0000	0.0000	0.0000	-0.0000	0.002000
1.6800	0.0000	0.0000	0.0000	-0.0000	0.002000
1.6820	0.0000	0.0000	0.0000	-0.0000	0.002000
1.6840	0.0000	0.0000	0.0000	-0.0000	0.002000
1.6860	0.0000	0.0000	0.0000	-0.0000	0.002000
1.6880	0.0000	0.0000	0.0000	-0.0000	0.002000
1.6900	0.0000	0.0000	0.0000	-0.0000	0.002000
1.6920	0.0000	0.0000	0.0000	-0.0000	0.002000
1.6940	0.0000	0.0000	0.0000	-0.0000	0.002000
1.6960	0.0000	0.0000	0.0000	-0.0000	0.002000
1.6980	0.0000	0.0000	0.0000	-0.0000	0.002000
1.7000	0.0000	0.0000	0.0000	-0.0000	0.002000
1.7020	0.0000	0.0000	0.0000	-0.0000	0.002000
1.7040	0.0000	0.0000	0.0000	-0.0000	0.002000
1.7060	0.0000	0.0000	0.0000	-0.0000	0.002000
1.7080	0.0000	0.0000	0.0000	-0.0000	0.002000
1.7100	0.0000	0.0000	0.0000	-0.0000	0.002000
1.7120	0.0000	0.0000	0.0000	-0.0000	0.002000
1.7140	0.0000	0.0000	0.0000	-0.0000	0.002000
1.7160	0.0000	0.0000	0.0000	-0.0000	0.002000
1.7180	0.0000	0.0000	0.0000	-0.0000	0.002000
1.7200	0.0000	0.0000	0.0000	-0.0000	0.002000
1.7220	0.0000	0.0000	0.0000	-0.0000	0.002000
1.7240	0.0000	0.0000	0.0000	-0.0000	0.002000
1.7260	0.0000	0.0000	0.0000	-0.0000	0.002000
1.7280	0.0000	0.0000	0.0000	-0.0000	0.002000
1.7300	0.0000	0.0000	0.0000	-0.0000	0.002000
1.7320	0.0000	0.0000	0.0000	-0.0000	0.002000
1.7340	0.0000	0.0000	0.0000	-0.0000	0.002000
1.7360	0.0000	0.0000	0.0000	-0.0000	0.002000
1.7380	0.0000	0.0000	0.0000	-0.0000	0.002000
1.7400	0.0000	0.0000	0.0000	-0.0000	0.002000
1.7420	0.0000	0.0000	0.0000	-0.0000	0.002000
1.7440	0.0000	0.0000	0.0000	-0.0000	0.002000
1.7460	0.0000	0.0000	0.0000	-0.0000	0.002000
1.7480	0.0000	0.0000	0.0000	-0.0000	0.002000
1.7500	0.0000	0.0000	0.0000	-0.0000	0.002000
1.7520	0.0000	0.0000	0.0000	-0.0000	0.002000
1.7540	0.0000	0.0000	0.0000	-0.0000	0.002000
1.7560	0.0000	0.0000	0.0000	-0.0000	0.002000
1.7580	0.0000	0.0000	0.0000	-0.0000	0.002000
1.7600	0.0000	0.0000	0.0000	-0.0000	0.002000
1.7620	0.0000	0.0000	0.0000	-0.0000	0.002000
1.7640	0.0000	0.0000	0.0000	-0.0000	0.002000
1.7660	0.0000	0.0000	0.0000	-0.0000	0.002000
1.7680	0.0000	0.0000	0.0000	-0.0000	0.002000
1.7700	0.0000	0.0000	0.0000	-0.0000	0.002000
1.7720	0.0000	0.0000	0.0000	-0.0000	0.002000
1.7740	0.0000	0.0000	0.0000	-0.0000	0.002000
1.7760	0.0000	0.0000	0.0000	-0.0000	0.002000
1.7780	0.0000	0.0000	0.0000	-0.0000	0.002000
1.7800	0.0000	0.0000	0.0000	-0.0000	0.002000
1.7820	0.0000	0.0000	0.0000	-0.0000	0.002000
1.7840	0.0000	0.0000	0.0000	-0.0000	0.002000
1.7860	0.0000	0.0000	0.0000	-0.0000	0.002000
1.7880	0.0000	0.0000	0.0000	-0.0000	0.002000
1.7900	0.0000	0.0000	0.0000	-0.0000	0.002000
1.7920	0.0000	0.0000	0.0000	-0.0000	0.002000
1.7940	0.0000	0.0000	0.0000	-0.0000	0.002000
1.7960	0.0000	0.0000	0.0000	-0.0000	0.002000
1.7980	0.0000	0.0000	0.0000	-0.0000	0.002000
1.8000	0.0000	0.0000	0.0000	-0.0000	0.002000
1.8020	0.0000	0.0000	0.0000	-0.0000	0.002000
1.8040	0.0000	0.0000	0.0000	-0.0000	0.002000
1.8060	0.0000	0.0000	0.0000	-0.0000	0.002000
1.8080	0.0000	0.0000	0.0000	-0.0000	0.002000
1.8100	0.0000	0.0000	0.0000	-0.0000	0.002000
1.8120	0.0000	0.0000	0.0000	-0.0000	0.002000
1.8140	0.0000	0.0000	0.0000	-0.0000	0.002000
1.8160	0.0000	0.0000	0.0000	-0.0000	0.002000
1.8180	0.0000	0.0000	0.0000	-0.0000	0.002000
1.8200	0.0000	0.0000	0.0000	-0.0000	0.002000
1.8220	0.0000	0.0000	0.0000	-0.0000	0.002000
1.8240	0.0000	0.0000	0.0000	-0.0000	0.002000
1.8260	0.0000	0.0000	0.0000	-0.0000	0.002000
1.8280	0.0000	0.0000	0.0000	-0.0000	0.002000
1.8300	0.0000	0.0000	0.0000	-0.0000	0.002000
1.8320	0.0000	0.0000	0.0000	-0.0000	0.002000
1.8340	0.0000	0.0000	0.0000	-0.0000	0.002000
1.8360	0.0000	0.0000	0.0000	-0.0000	0.002000
1.8380	0.0000	0.0000	0.0000	-0.0000	0.002000
1.8400	0.0000	0.0000	0.0000	-0.0000	0.002000
1.8420	0.0000	0.0000	0.0000	-0.0000	0.002000
1.8440	0.0000	0.0000	0.0000	-0.0000	0.002000
1.8460	0.0000	0.0000	0.0000	-0.0000	0.002000
1.8480	0.0000	0.0000	0.0000	-0.0000	0.002000
1.8500	0.0000	0.0000	0.0000	-0.0000	0.002000
1.8520	0.0000	0.0000	0.0000	-0.0000	0.002000
1.8540	0.0000	0.0000	0.0000	-0.0000	0.002000
1.8560	0.0000	0.0000	0.0000	-0.0000	0.002000
1.8580	0.0000	0.0000	0.0000	-0.0000	0.002000
1.8600	0.0000	0.0000	0.0000	-0.0000	0.002000
1.8620	0.0000	0.0000	0.0000	-0.0000	0.002000
1.8640	0.0000	0.0000	0.0000	-0.0000	0.002000
1.8660	0.0000	0.0000	0.0000	-0.0000	0.002000
1.8680	0.0000	0.0000	0.0000	-0.0000	0.002000
1.8700	0.0000	0.0000	0.0000	-0.0000	0.002000
1.8720	0.0000	0.0000	0.0000	-0.0000	0.002000
1.8740	0.0000	0.0000	0.0000	-0.0000	0.002000
1.8760	0.0000	0.0000	0.0000	-0.0000	0.002000
1.8780	0.0000	0.0000	0.0000	-0.0000	0.002000
1.8800	0.0000	0.0000	0.0000	-0.0000	0.002000
1.8820	0.0000	0.0000	0.0000	-0.0000	0.002000
1.8840	0.0000	0.0000	0.0000	-0.0000	0.002000
1.8860	0.0000	0.0000	0.0000	-0.0000	0.002000
1.8880	0.0000	0.0000	0.0000	-0.0000	0.002000
1.8900	0.0000	0.0000	0.0000	-0.0000	0.002000
1.8920	0.0000	0.0000	0.0000	-0.0000	0.002000
1.8940	0.0000	0.0000	0.0000	-0.0000	0.002000
1.8960	0.0000	0.0000	0.0000	-0.0000	0.002000
1.8980	0.0000	0.0000	0.0000	-0.0000	0.002000
1.9000	0.0000	0.0000	0.0000	-0.0000	0.002000
1.9020	0.0000	0.0000	0.0000	-0.0000	0.002000
1.9040	0.0000	0.0000	0.0000	-0.0000	0.002000
1.9060	0.0000	0.0000	0.0000	-0.0000	0.002000
1.9080	0.0000	0.0000	0.0000	-0.0000	0.002000
1.9100	0.0000	0.0000	0.0000	-0.0000	0.002000
1.9120	0.0000	0.0000	0.0000	-0.0000	0.002000
1.9140	0.0000	0.0000	0.0000	-0.0000	0.002000
1.9160	0.0000	0.0000	0.0000	-0.0000	0.002000
1.9180	0.0000	0.0000	0.0000	-0.0000	0.002000
1.9200	0.0000	0.0000	0.0000	-0.0000	0.002000
1.9220	0.0000	0.0000	0.0000	-0.0000	0.002000
1.9240	0.0000	0.0000	0.0000	-0.0000	0.002000
1.9260	0.0000	0.0000	0.0000	-0.0000	0.002000
1.9280	0.0000	0.0000	0.0000	-0.0000	0.002000
1.9300	0.0000	0.0000	0.0000	-0.0000	0.002000
1.9320	0.0000	0.0000	0.0000	-0.0000	0.002000
1.9340	0.0000	0.0000	0.0000	-0.0000	0.002000
1.9360	0.0000	0.0000	0.0000	-0.0000	0.002000
1.9380	0.0000	0.0000	0.0000	-0.0000	0.002000
1.9400	0.0000	0.0000	0.0000	-0.0000	0.002000
1.9420	0.0000	0.0000	0.0000	-0.0000	0.002000
1.9440	0.0000	0.0000	0.0000	-0.0000	0.002000
1.9460	0.0000	0.0000	0.0000	-0.0000	0.002000
1.9480	0.0000	0.0000	0.0000	-0.0000	0.002000
1.9500	0.0000	0.0000	0.0000	-0.0000	0.002000
1.9520	0.0000	0.0000	0.0000	-0.0000	0.002000
1.9540	0.0000	0.0000	0.0000	-0.0000	0.002000
1.9560	0.0000	0.0000	0.0000	-0.0000	0.002000
1.9580	0.0000	0.0000	0.0000	-0.0000	0.002000
1.9600	0.0000	0.0000	0.0000	-0.0000	0.002000
1.9620	0.0000	0.0000	0.0000	-0.0000	0.002000
1.9640	0.0000	0.0000	0.0000	-0.0000	0.002000
1.9660	0.0000	0.0000	0.0000	-0.0000	0.002000
1.9680	0.0000	0.0000	0.0000	-0.0000	0.002000
1.9700	0.0000	0.0000	0.0000	-0.0000	0.002000
1.9720	0.0000	0.0000	0.0000	-0.0000	0.002000
1.9740	0.0000	0.0000	0.0000	-0.0000	0.002000
1.9760	0.0000	0.0000	0.0000	-0.0000	0.002000
1.9780	0.0000	0.0000	0.0000	-0.0000	0.002000
1.9800	0.0000	0.0000	0.0000	-0.0000	0.002000
1.9820	0.0000	0.0000	0.0000	-0.0000	0.002000
1.9840	0.0000	0.0000	0.0000	-0.0000	0.002000
1.9860	0.0000	0.0000	0.0000	-0.0000	0.002000
1.9880	0.0000	0.0000	0.0000	-0.0000	0.002000
1.9900	0.0000	0.0000	0.0000	-0.0000	0.002000
1.9920	0.0000	0.0000	0.0000	-0.0000	0.002000
1.9940	0.0000	0.0000	0.0000	-0.0000	0.002000
1.9960	0.0000	0.0000	0.0000	-0.0000	0.002000
1.9980	0.0000	0.0000	0.0000	-0.0000	0.002000
2.0000	-4115.0000	0.0000	4115.0000	0.1015	0.002000
2.0020	-4115.0000	0.0000	4115.0000	0.2003	0.002000
2.0040	-4115.0000	0.0000	4115.0000	0.2938	0.002000
2.0060	-4115.0000	0.0000	4115.0000	0.3800	0.002000
2.0080	-4115.0000	0.0000	4115.0000	0.4578	0.002000
2.0100	-4115.0000	0.0000	4115.0000	0.5264	0.002000
2.0120	-4115.0000	0.0000	4115.0000	0.5859	0.002000
2.0140	-4115.0000	0.0000	4115.0000	0.6365	0.002000
2.0160	-4115.0000	0.0000	4115.0000	0.6791	0.002000
2.0180	-4115.0000	0.0000	4115.0000	0.7144	0.002000
2.0200	-4115.0000	0.0000	4115.0000	0.7435	0.002000
2.0220	-4114.0000	1.0000	4115.0000	0.7672	0.002000
2.0240	-4114.0000	1.0000	4115.0000	0.7864	0.002000
2.0260	-4114.0000	1.0000	4115.0000	0.8019	0.002000
2.0280	-4113.0000	2.0000	4115.0000	0.8143	0.002000
2.0300	-4112.0000	3.0000	4115.0000	0.8243	0.002000
2.0320	-4112.0000	3.0000	4115.0000	0.8322	0.002000
2.0340	-4111.0000	4.0000	4115.0000	0.8386	0.002000
2.0360	-4110.0000	5.0000	4115.0000	0.8436	0.002000
2.0380	-4109.0000	6.0000	4115.0000	0.8476	0.002000
2.0400	-4108.0000	7.0000	4115.0000	0.8507	0.002000
2.0420	-4108.0000	7.0000	4115.0000	0.8532	0.002000
2.0440	-4107.0000	8.0000	4115.0000	0.8552	0.002000
2.0460	-4106.0000	9.0000	4115.0000	0.8568	0.002000
2.0480	-4104.0000	11.0000	4115.0000	0.8580	0.002000
2.0500	-4103.0000	12.0000	4115.0000	0.8590	0.002000
2.0520	-4102.0000	13.0000	4115.0000	0.8598	0.002000
2.0540	-4101.0000	14.0000	4115.0000	0.8604	0.002000
2.0560	-4100.0000	15.0000	4115.0000	0.8609	0.002000
2.0580	-4099.0000	16.0000	4115.0000	0.8613	0.002000
2.0600	-4097.0000	18.0000	4115.0000	0.8616	0.002000
2.0620	-4096.0000	19.0000	4115.0000	0.8618	0.002000
2.0640	-4095.0000	20.0000	4115.0000	0.8620	0.002000
2.0660	-4093.0000	22.0000	4115.0000	0.8622	0.002000
2.0680	-4092.0000	23.0000	4115.0000	0.8623	0.002000
2.0700	-4091.0000	24.0000	4115.0000	0.8624	0.002000
2.0720	-4089.0000	26.0000	4115.0000	0.8625	0.002000
2.0740	-4088.0000	27.0000	4115.0000	0.8625	0.002000
2.0760	-4086.0000	29.0000	4115.0000	0.8626	0.002000
2.0780	-4085.0000	30.0000	4115.0000	0.8626	0.002000
2.0800	-4083.0000	32.0000	4115.0000	0.8626	0.002000
2.0820	-4082.0000	33.0000	4115.0000	0.8627	0.002000
2.0840	-4080.0000	35.0000	4115.0000	0.8627	0.002000
2.0860	-4079.0000	36.0000	4115.0000	0.8627	0.002000
2.0880	-4077.0000	38.0000	4115.0000	0.8627	0.002000
2.0900	-4076.0000	39.0000	4115.0000	0.8627	0.002000
2.0920	-4074.0000	41.0000	4115.0000	0.8627	0.002000
2.0940	-4072.0000	43.0000	4115.0000	0.8627	0.002000
2.0960	-4071.0000	44.0000	4115.0000	0.8627	0.002000
2.0980	-4069.0000	46.0000	4115.0000	0.8627	0.002000
2.1000	-4068.0000	47.0000	4115.0000	0.8627	0.002000
2.1020	-4066.0000	49.0000	4115.0000	0.8627	0.002000
2.1040	-4064.0000	51.0000	4115.0000	0.8627	0.002000
2.1060	-4063.0000	52.0000	4115.0000	0.8627	0.002000
2.1080	-4061.0000	54.0000	4115.0000	0.8627	0.002000
2.1100	-4060.0000	55.0000	4115.0000	0.8627	0.002000
2.1120	-4058.0000	57.0000	4115.0000	0.8627	0.002000
2.1140	-4056.0000	59.0000	4115.0000	0.8627	0.002000
2.1160	-4055.0000	60.0000	4115.0000	0.8627	0.002000
2.1180	-4053.0000	62.0000	4115.0000	0.8627	0.002000
2.1200	-4051.0000	64.0000	4115.0000	0.8627	0.002000
2.1220	-4050.0000	65.0000	4115.0000	0.8627	0.002000
2.1240	-4048.0000	67.0000	4115.0000	0.8627	0.002000
2.1260	-4046.0000	69.0000	4115.0000	0.8627	0.002000
2.1280	-4045.0000	70.0000	4115.0000	0.8627	0.002000
2.1300	-4043.0000	72.0000	4115.0000	0.8627	0.002000
2.1320	-4041.0000	74.0000	4115.0000	0.8627	0.002000
2.1340	-4040.0000	75.0000	4115.0000	0.8627	0.002000
2.1360	-4038.0000	77.0000	4115.0000	0.8627	0.002000
2.1380	-4036.0000	79.0000	4115.0000	0.8627	0.002000
2.1400	-4035.0000	80.0000	4115.0000	0.8627	0.002000
2.1420	-4033.0000	82.0000	4115.0000	0.8627	0.002000
2.1440	-4031.0000	84.0000	4115.0000	0.8627	0.002000
2.1460	-4030.0000	85.0000	4115.0000	0.8627	0.002000
2.1480	-4028.0000	87.0000	4115.0000	0.8627	0.002000
2.1500	-4026.0000	89.0000	4115.0000	0.8627	0.002000
2.1520	-4024.0000	91.0000	4115.0000	0.8627	0.002000
2.1540	-4023.0000	92.0000	4115.0000	0.8627	0.002000
2.1560	-4021.0000	94.0000	4115.0000	0.8627	0.002000
2.1580	-4019.0000	96.0000	4115.0000	0.8627	0.002000
2.1600	-4018.0000	97.0000	4115.0000	0.8627	0.002000
2.1620	-4016.0000	99.0000	4115.0000	0.8627	0.002000
2.1640	-4014.0000	101.0000	4115.0000	0.8627	0.002000
2.1660	-4012.0000	103.0000	4115.0000	0.8627	0.002000
2.1680	-4011.0000	104.0000	4115.0000	0.8627	0.002000
2.1700	-4009.0000	106.0000	4115.0000	0.8627	0.002000
2.1720	-4007.0000	108.0000	4115.0000	0.8627	0.002000
2.1740	-4006.0000	109.0000	4115.0000	0.8627	0.002000
2.1760	-4004.0000	111.0000	4115.0000	0.8627	0.002000
2.1780	-4002.0000	113.0000	4115.0000	0.8627	0.002000
2.1800	-4000.0000	115.0000	4115.0000	0.8627	0.002000
2.1820	-3999.0000	116.0000	4115.0000	0.8627	0.002000
2.1840	-3997.0000	118.0000	4115.0000	0.8627	0.002000
2.1860	-3995.0000	120.0000	4115.0000	0.8627	0.002000
2.1880	-3994.0000	121.0000	4115.0000	0.8627	0.002000
2.1900	-3992.0000	123.0000	4115.0000	0.8627	0.002000
2.1920	-3990.0000	125.0000	4115.0000	0.8627	0.002000
2.1940	-3988.0000	127.0000	4115.0000	0.8627	0.002000
2.1960	-3987.0000	128.0000	4115.0000	0.8627	0.002000
2.1980	-3985.0000	130.0000	4115.0000	0.8627	0.002000
2.2000	-3983.0000	132.0000	4115.0000	0.8627	0.002000
2.2020	-3982.0000	133.0000	4115.0000	0.8627	0.002000
2.2040	-3980.0000	135.0000	4115.0000	0.8627	0.002000
2.2060	-3978.0000	137.0000	4115.0000	0.8627	0.002000
2.2080	-3976.0000	139.0000	4115.0000	0.8627	0.002000
2.2100	-3975.0000	140.0000	4115.0000	0.8627	0.002000
2.2120	-3973.0000	142.0000	4115.0000	0.8627	0.002000
2.2140	-3971.0000	144.0000	4115.0000	0.8627	0.002000
2.2160	-3970.0000	145.0000	4115.0000	0.8627	0.002000
2.2180	-3968.0000	147.0000	4115.0000	0.8627	0.002000
2.2200	-3966.0000	149.0000	4115.0000	0.8627	0.002000
2.2220	-3964.0000	151.0000	4115.0000	0.8627	0.002000
2.2240	-3963.0000	152.0000	4115.0000	0.8627	0.002000
2.2260	-3961.0000	154.0000	4115.0000	0.8627	0.002000
2.2280	-3959.0000	156.0000	4115.0000	0.8627	0.002000
2.2300	-3958.0000	157.0000	4115.0000	0.8627	0.002000
2.2320	-3956.0000	159.0000	4115.0000	0.8627	0.002000
2.2340	-3954.0000	161.0000	4115.0000	0.8627	0.002000
2.2360	-3952.0000	163.0000	4115.0000	0.8627	0.002000
2.2380	-3951.0000	164.0000	4115.0000	0.8627	0.002000
2.2400	-3949.0000	166.0000	4115.0000	0.8627	0.002000
2.2420	-3947.0000	168.0000	4115.0000	0.8627	0.002000
2.2440	-3945.0000	170.0000	4115.0000	0.8627	0.002000
2.2460	-3944.0000	171.0000	4115.0000	0.8627	0.002000
2.2480	-3942.0000	173.0000	4115.0000	0.8627	0.002000
2.2500	-3940.0000	175.0000	4115.0000	0.8627	0.002000
2.2520	-3939.0000	176.0000	4115.0000	0.8627	0.002000
2.2540	-3937.0000	178.0000	4115.0000	0.8627	0.002000
2.2560	-3935.0000	180.0000	4115.0000	0.8627	0.002000
2.2580	-3933.0000	182.0000	4115.0000	0.8627	0.002000
2.2600	-3932.0000	183.0000	4115.0000	0.8627	0.002000
2.2620	-3930.0000	185.0000	4115.0000	0.8627	0.002000
2.2640	-3928.0000	187.0000	4115.0000	0.8627	0.002000
2.2660	-3927.0000	188.0000	4115.0000	0.8627	0.002000
2.2680	-3925.0000	190.0000	4115.0000	0.8627	0.002000
2.2700	-3923.0000	192.0000	4115.0000	0.8627	0.002000
2.2720	-3921.0000	194.0000	4115.0000	0.8627	0.002000
2.2740	-3920.0000	195.0000	4115.0000	0.8627	0.002000
2.2760	-3918.0000	197.0000	4115.0000	0.8627	0.002000
2.2780	-3916.0000	199.0000	4115.0000	0.8627	0.002000
2.2800	-3914.0000	201.0000	4115.0000	0.8627	0.002000
2.2820	-3913.0000	202.0000	4115.0000	0.8627	0.002000
2.2840	-3911.0000	204.0000	4115.0000	0.8627	0.002000
2.2860	-3909.0000	206.0000	4115.0000	0.8627	0.002000
2.2880	-3907.0000	208.0000	4115.0000	0.8627	0.002000
2.2900	-3906.0000	209.0000	4115.0000	0.8627	0.002000
2.2920	-3904.0000	211.0000	4115.0000	0.8627	0.002000
2.2940	-3902.0000	213.0000	4115.0000	0.8627	0.002000
2.2960	-3900.0000	215.0000	4115.0000	0.8627	0.002000
2.2980	-3899.0000	216.0000	4115.0000	0.8627	0.002000
2.3000	-3897.0000	218.0000	4115.0000	0.8627	0.002000
2.3020	-3895.0000	220.0000	4115.0000	0.8627	0.002000
2.3040	-3894.0000	221.0000	4115.0000	0.8627	0.002000
2.3060	-3892.0000	223.0000	4115.0000	0.8627	0.002000
2.3080	-3890.0000	225.0000	4115.0000	0.8627	0.002000
2.3100	-3888.0000	227.0000	4115.0000	0.8627	0.002000
2.3120	-3887.0000	228.0000	4115.0000	0.8627	0.002000
2.3140	-3885.0000	230.0000	4115.0000	0.8627	0.002000
2.3160	-3883.0000	232.0000	4115.0000	0.8627	0.002000
2.3180	-3881.0000	234.0000	4115.0000	0.8627	0.002000
2.3200	-3880.0000	235.0000	4115.0000	0.8627	0.002000
2.3220	-3878.0000	237.0000	4115.0000	0.8627	0.002000
2.3240	-3876.0000	239.0000	4115.0000	0.8627	0.002000
2.3260	-3875.0000	240.0000	4115.0000	0.8627	0.002000
2.3280	-3873.0000	242.0000	4115.0000	0.8627	0.002000
2.3300	-3871.0000	244.0000	4115.0000	0.8627	0.002000
2.3320	-3869.0000	246.0000	4115.0000	0.8627	0.002000
2.3340	-3868.0000	247.0000	4115.0000	0.8627	0.002000
2.3360	-3866.0000	249.0000	4115.0000	0.8627	0.002000
2.3380	-3864.0000	251.0000	4115.0000	0.8627	0.002000
2.3400	-3863.0000	252.0000	4115.0000	0.8627	0.002000
2.3420	-3861.0000	254.0000	4115.0000	0.8627	0.002000
2.3440	-3859.0000	256.0000	4115.0000	0.8627	0.002000
2.3460	-3857.0000	258.0000	4115.0000	0.8627	0.002000
2.3480	-3856.0000	259.0000	4115.0000	0.8627	0.002000
2.3500	-3854.0000	261.0000	4115.0000	0.8627	0.002000
2.3520	-3852.0000	263.0000	4115.0000	0.8627	0.002000
2.3540	-3851.0000	264.0000	4115.0000	0.8627	0.002000
2.3560	-3849.0000	266.0000	4115.0000	0.8627	0.002000
2.3580	-3847.0000	268.0000	4115.0000	0.8627	0.002000
2.3600	-3845.0000	270.0000	4115.0000	0.8627	0.002000
2.3620	-3843.0000	272.0000	4115.0000	0.8627	0.002000
2.3640	-3842.0000	273.0000	4115.0000	0.8627	0.002000
2.3660	-3840.0000	275.0000	4115.0000	0.8627	0.002000
2.3680	-3838.0000	277.0000	4115.0000	0.8627	0.002000
2.3700	-3836.0000	279.0000	4115.0000	0.8627	0.002000
2.3720	-3835.0000	280.0000	4115.0000	0.8627	0.002000
2.3740	-3833.0000	282.0000	4115.0000	0.8627	0.002000
2.3760	-3831.0000	284.0000	4115.0000	0.8627	0.002000
2.3780	-3830.0000	285.0000	4115.0000	0.8627	0.002000
2.3800	-3828.0000	287.0000	4115.0000	0.8627	0.002000
2.3820	-3826.0000	289.0000	4115.0000	0.8627	0.002000
2.3840	-3824.0000	291.0000	4115.0000	0.8627	0.002000
2.3860	-3823.0000	292.0000	4115.0000	0.8627	0.002000
2.3880	-3821.0000	294.0000	4115.0000	0.8627	0.002000
2.3900	-3819.0000	296.0000	4115.0000	0.8627	0.002000
2.3920	-3817.0000	298.0000	4115.0000	0.8627	0.002000
2.3940	-3816.0000	299.0000	4115.0000	0.8627	0.002000
2.3960	-3814.0000	301.0000	4115.0000	0.8627	0.002000
2.3980	-3812.0000	303.0000	4115.0000	0.8627	0.002000
2.4000	-3811.0000	304.0000	4115.0000	0.8627	0.002000
2.4020	-3809.0000	306.0000	4115.0000	0.8627	0.002000
2.4040	-3807.0000	308.0000	4115.0000	0.8627	0.002000
2.4060	-3805.0000	310.0000	4115.0000	0.8627	0.002000
2.4080	-3804.0000	311.0000	4115.0000	0.8627	0.002000
2.4100	-3802.0000	313.0000	4115.0000	0.8627	0.002000
2.4120	-3800.0000	315.0000	4115.0000	0.8627	0.002000
2.4140	-3799.0000	316.0000	4115.0000	0.8627	0.002000
2.4160	-3797.0000	318.0000	4115.0000	0.8627	0.002000
2.4180	-3795.0000	320.0000	4115.0000	0.8627	0.002000
2.4200	-3793.0000	322.0000	4115.0000	0.8627	0.002000
2.4220	-3792.0000	323.0000	4115.0000	0.8627	0.002000
2.4240	-3790.0000	325.0000	4115.0000	0.8627	0.002000
2.4260	-3788.0000	327.0000	4115.0000	0.8627	0.002000
2.4280	-3786.0000	329.0000	4115.0000	0.8627	0.002000
2.4300	-3784.0000	331.0000	4115.0000	0.8627	0.002000
2.4320	-3783.0000	332.0000	4115.0000	0.8627	0.002000
2.4340	-3781.0000	334.0000	4115.0000	0.8627	0.002000
2.4360	-3779.0000	336.0000	4115.0000	0.8627	0.002000
2.4380	-3778.0000	337.0000	4115.0000	0.8627	0.002000
2.4400	-3776.0000	339.0000	4115.0000	0.8627	0.002000
2.4420	-3774.0000	341.0000	4115.0000	0.8627	0.002000
2.4440	-3772.0000	343.0000	4115.0000	0.8627	0.002000
2.4460	-3771.0000	344.0000	4115.0000	0.8627	0.002000
2.4480	-3769.0000	346.0000	4115.0000	0.8627	0.002000
2.4500	-3767.0000	348.0000	4115.0000	0.8627	0.002000
2.4520	-3766.0000	349.0000	4115.0000	0.8627	0.002000
2.4540	-3764.0000	351.0000	4115.0000	0.8627	0.002000
2.4560	-3762.0000	353.0000	4115.0000	0.8627	0.002000
2.4580	-3760.0000	355.0000	4115.0000	0.8627	0.002000
2.4600	-3759.0000	356.0000	4115.0000	0.8627	0.002000
2.4620	-3757.0000	358.0000	4115.0000	0.8627	0.002000
2.4640	-3755.0000	360.0000	4115.0000	0.8627	0.002000
2.4660	-3753.0000	362.0000	4115.0000	0.8627	0.002000
2.4680	-3752.0000	363.0000	4115.0000	0.8627	0.002000
2.4700	-3750.0000	365.0000	4115.0000	0.8627	0.002000
2.4720	-3748.0000	367.0000	4115.0000	0.8627	0.002000
2.4740	-3747.0000	368.0000	4115.0000	0.8627	0.002000
2.4760	-3745.0000	370.0000	4115.0000	0.8627	0.002000
2.4780	-3743.0000	372.0000	4115.0000	0.8627	0.002000
2.4800	-3741.0000	374.0000	4115.0000	0.8627	0.002000
2.4820	-3739.0000	376.0000	4115.0000	0.8627	0.002000
2.4840	-3738.0000	377.0000	4115.0000	0.8627	0.002000
2.4860	-3736.0000	379.0000	4115.0000	0.8627	0.002000
2.4880	-3734.0000	381.0000	4115.0000	0.8627	0.002000
2.4900	-3732.0000	383.0000	4115.0000	0.8627	0.002000
2.4920	-3731.0000	384.0000	4115.0000	0.8627	0.002000
2.4940	-3729.0000	386.0000	4115.0000	0.8627	0.002000
2.4960	-3727.0000	388.0000	4115.0000	0.8627	0.002000
2.4980	-3726.0000	389.0000	4115.0000	0.8627	0.002000
2.5000	-3724.0000	391.0000	4115.0000	0.8627	0.002000
2.5020	-3722.0000	393.0000	4115.0000	0.8627	0.002000
2.5040	-3720.0000	395.0000	4115.0000	0.8627	0.002000
2.5060	-3719.0000	396.0000	4115.0000	0.8627	0.002000
2.5080	-3717.0000	398.0000	4115.0000	0.8627	0.002000
2.5100	-3715.0000	400.0000	4115.0000	0.8627	0.002000
2.5120	-3714.0000	401.0000	4115.0000	0.8627	0.002000
2.5140	-3712.0000	403.0000	4115.0000	0.8627	0.002000
2.5160	-3710.0000	405.0000	4115.0000	0.8627	0.002000
2.5180	-3708.0000	407.0000	4115.0000	0.8627	0.002000
2.5200	-3707.0000	408.0000	4115.0000	0.8627	0.002000
2.5220	-3705.0000	410.0000	4115.0000	0.8627	0.002000
2.5240	-3703.0000	412.0000	4115.0000	0.8627	0.002000
2.5260	-3701.0000	414.0000	4115.0000	0.8627	0.002000
2.5280	-3700.0000	415.0000	4115.0000	0.8627	0.002000
2.5300	-3698.0000	417.0000	4115.0000	0.8627	0.002000
2.5320	-3696.0000	419.0000	4115.0000	0.8627	0.002000
2.5340	-3695.0000	420.0000	4115.0000	0.8627	0.002000
2.5360	-3693.0000	422.0000	4115.0000	0.8627	0.002000
2.5380	-3691.0000	424.0000	4115.0000	0.8627	0.002000
2.5400	-3689.0000	426.0000	4115.0000	0.8627	0.002000
2.5420	-3687.0000	428.0000	4115.0000	0.8627	0.002000
2.5440	-3686.0000	429.0000	4115.0000	0.8627	0.002000
2.5460	-3684.0000	431.0000	4115.0000	0.8627	0.002000
2.5480	-3682.0000	433.0000	4115.0000	0.8627	0.002000
2.5500	-3680.0000	435.0000	4115.0000	0.8627	0.002000
2.5520	-3679.0000	436.0000	4115.0000	0.8627	0.002000
2.5540	-3677.0000	438.0000	4115.0000	0.8627	0.002000
2.5560	-3675.0000	440.0000	4115.0000	0.8627	0.002000
2.5580	-3674.0000	441.0000	4115.0000	0.8627	0.002000
2.5600	-3672.0000	443.0000	4115.0000	0.8627	0.002000
2.5620	-3670.0000	445.0000	4115.0000	0.8627	0.002000
2.5640	-3668.0000	447.0000	4115.0000	0.8627	0.002000
2.5660	-3667.0000	448.0000	4115.0000	0.8627	0.002000
2.5680	-3665.0000	450.0000	4115.0000	0.8627	0.002000
2.5700	-3663.0000	452.0000	4115.0000	0.8627	0.002000
2.5720	-3661.0000	454.0000	4115.0000	0.8627	0.002000
2.5740	-3660.0000	455.0000	4115.0000	0.8627	0.002000
2.5760	-3658.0000	457.0000	4115.0000	0.8627	0.002000
2.5780	-3656.0000	459.0000	4115.0000	0.8627	0.002000
2.5800	-3655.0000	460.0000	4115.0000	0.8627	0.002000
2.5820	-3653.0000	462.0000	4115.0000	0.8627	0.002000
2.5840	-3651.0000	464.0000	4115.0000	0.8627	0.002000
2.5860	-3649.0000	466.0000	4115.0000	0.8627	0.002000
2.5880	-3648.0000	467.0000	4115.0000	0.8627	0.002000
2.5900	-3646.0000	469.0000	4115.0000	0.8627	0.002000
2.5920	-3644.0000	471.0000	4115.0000	0.8627	0.002000
2.5940	-3642.0000	473.0000	4115.0000	0.8627	0.002000
2.5960	-3641.0000	474.0000	4115.0000	0.8627	0.002000
2.5980	-3639.0000	476.0000	4115.0000	0.8627	0.002000
2.6000	-3637.0000	478.0000	4115.0000	0.8627	0.002000
2.6020	-3635.0000	480.0000	4115.0000	0.8627	0.002000
2.6040	-3634.0000	481.0000	4115.0000	0.8627	0.002000
2.6060	-3632.0000	483.0000	4115.0000	0.8627	0.002000
2.6080	-3630.0000	485.0000	4115.0000	0.8627	0.002000
2.6100	-3628.0000	487.0000	4115.0000	0.8627	0.002000
2.6120	-3627.0000	488.0000	4115.0000	0.8627	0.002000
2.6140	-3625.0000	490.0000	4115.0000	0.8627	0.002000
2.6160	-3623.0000	492.0000	4115.0000	0.8627	0.002000
2.6180	-3622.0000	493.0000	4115.0000	0.8627	0.002000
2.6200	-3620.0000	495.0000	4115.0000	0.8627	0.002000
2.6220	-3618.0000	497.0000	4115.0000	0.8627	0.002000
2.6240	-3616.0000	499.0000	4115.0000	0.8627	0.002000
2.6260	-3615.0000	500.0000	4115.0000	0.8627	0.002000
2.6280	-3613.0000	502.0000	4115.0000	0.8627	0.002000
2.6300	-3611.0000	504.0000	4115.0000	0.8627	0.002000
2.6320	-3609.0000	506.0000	4115.0000	0.8627	0.002000
2.6340	-3608.0000	507.0000	4115.0000	0.8627	0.002000
2.6360	-3606.0000	509.0000	4115.0000	0.8627	0.002000
2.6380	-3604.0000	511.0000	4115.0000	0.8627	0.002000
2.6400	-3603.0000	512.0000	4115.0000	0.8627	0.002000
2.6420	-3601.0000	514.0000	4115.0000	0.8627	0.002000
2.6440	-3599.0000	516.0000	4115.0000	0.8627	0.002000
2.6460	-3597.0000	518.0000	4115.0000	0.8627	0.002000
2.6480	-3595.0000	520.0000	4115.0000	0.8627	0.002000
2.6500	-3594.0000	521.0000	4115.0000	0.8627	0.002000
2.6520	-3592.0000	523.0000	4115.0000	0.8627	0.002000
2.6540	-3590.0000	525.0000	4115.0000	0.8627	0.002000
2.6560	-3588.0000	527.0000	4115.0000	0.8627	0.002000
2.6580	-3587.0000	528.0000	4115.0000	0.8627	0.002000
2.6600	-3585.0000	530.0000	4115.0000	0.8627	0.002000
2.6620	-3583.0000	532.0000	4115.0000	0.8627	0.002000
2.6640	-3582.0000	533.0000	4115.0000	0.8627	0.002000
2.6660	-3580.0000	535.0000	4115.0000	0.8627	0.002000
2.6680	-3578.0000	537.0000	4115.0000	0.8627	0.002000
2.6700	-3576.0000	539.0000	4115.0000	0.8627	0.002000
2.6720	-3575.0000	540.0000	4115.0000	0.8627	0.002000
2.6740	-3573.0000	542.0000	4115.0000	0.8627	0.002000
2.6760	-3571.0000	544.0000	4115.0000	0.8627	0.002000
2.6780	-3569.0000	546.0000	4115.0000	0.8627	0.002000
2.6800	-3568.0000	547.0000	4115.0000	0.8627	0.002000
2.6820	-3566.0000	549.0000	4115.0000	0.8627	0.002000
2.6840	-3564.0000	551.0000	4115.0000	0.8627	0.002000
2.6860	-3563.0000	552.0000	4115.0000	0.8627	0.002000
2.6880	-3561.0000	554.0000	4115.0000	0.8627	0.002000
2.6900	-3559.0000	556.0000	4115.0000	0.8627	0.002000
2.6920	-3557.0000	558.0000	4115.0000	0.8627	0.002000
2.6940	-3556.0000	559.0000	4115.0000	0.8627	0.002000
2.6960	-3554.0000	561.0000	4115.0000	0.8627	0.002000
2.6980	-3552.0000	563.0000	4115.0000	0.8627	0.002000
2.7000	-3550.0000	565.0000	4115.0000	0.8627	0.002000
2.7020	-3549.0000	566.0000	4115.0000	0.8627	0.002000
2.7040	-3547.0000	568.0000	4115.0000	0.8627	0.002000
2.7060	-3545.0000	570.0000	4115.0000	0.8627	0.002000
2.7080	-3543.0000	572.0000	4115.0000	0.8627	0.002000
2.7100	-3542.0000	573.0000	4115.0000	0.8627	0.002000
2.7120	-3540.0000	575.0000	4115.0000	0.8627	0.002000
2.7140	-3538.0000	577.0000	4115.0000	0.8627	0.002000
2.7160	-3536.0000	579.0000	4115.0000	0.8627	0.002000
2.7180	-3535.0000	580.0000	4115.0000	0.8627	0.002000
2.7200	-3533.0000	582.0000	4115.0000	0.8627	0.002000
2.7220	-3531.0000	584.0000	4115.0000	0.8627	0.002000
2.7240	-3530.0000	585.0000	4115.0000	0.8627	0.002000
2.7260	-3528.0000	587.0000	4115.0000	0.8627	0.002000
2.7280	-3526.0000	589.0000	4115.0000	0.8627	0.002000
2.7300	-3524.0000	591.0000	4115.0000	0.8627	0.002000
2.7320	-3523.0000	592.0000	4115.0000	0.8627	0.002000
2.7340	-3521.0000	594.0000	4115.0000	0.8627	0.002000
2.7360	-3519.0000	596.0000	4115.0000	0.8627	0.002000
2.7380	-3517.0000	598.0000	4115.0000	0.8627	0.002000
2.7400	-3516.0000	599.0000	4115.0000	0.8627	0.002000
2.7420	-3514.0000	601.0000	4115.0000	0.8627	0.002000
2.7440	-3512.0000	603.0000	4115.0000	0.8627	0.002000
2.7460	-3511.0000	604.0000	4115.0000	0.8627	0.002000
2.7480	-3509.0000	606.0000	4115.0000	0.8627	0.002000
2.7500	-3507.0000	608.0000	4115.0000	0.8627	0.002000
2.7520	-3505.0000	610.0000	4115.0000	0.8627	0.002000
2.7540	-3503.0000	612.0000	4115.0000	0.8627	0.002000
2.7560	-3502.0000	613.0000	4115.0000	0.8627	0.002000
2.7580	-3500.0000	615.0000	4115.0000	0.8627	0.002000
2.7600	-3498.0000	617.0000	4115.0000	0.8627	0.002000
2.7620	-3496.0000	619.0000	4115.0000	0.8627	0.002000
2.7640	-3495.0000	620.0000	4115.0000	0.8627	0.002000
2.7660	-3493.0000	622.0000	4115.0000	0.8627	0.002000
2.7680	-3491.0000	624.0000	4115.0000	0.8627	0.002000
2.7700	-3490.0000	625.0000	4115.0000	0.8627	0.002000
2.7720	-3488.0000	627.0000	4115.0000	0.8627	0.002000
2.7740	-3486.0000	629.0000	4115.0000	0.8627	0.002000
2.7760	-3484.0000	631.0000	4115.0000	0.8627	0.002000
2.7780	-3483.0000	632.0000	4115.0000	0.8627	0.002000
2.7800	-3481.0000	634.0000	4115.0000	0.8627	0.002000
2.7820	-3479.0000	636.0000	4115.0000	0.8627	0.002000
2.7840	-3477.0000	638.0000	4115.0000	0.8627	0.002000
2.7860	-3476.0000	639.0000	4115.0000	0.8627	0.002000
2.7880	-3474.0000	641.0000	4115.0000	0.8627	0.002000
2.7900	-3472.0000	643.0000	4115.0000	0.8627	0.002000
2.7920	-3471.0000	644.0000	4115.0000	0.8627	0.002000
2.7940	-3469.0000	646.0000	4115.0000	0.8627	0.002000
2.7960	-3467.0000	648.0000	4115.0000	0.8627	0.002000
2.7980	-3465.0000	650.0000	4115.0000	0.8627	0.002000
2.8000	-3464.0000	651.0000	4115.0000	0.8627	0.002000
2.8020	-3462.0000	653.0000	4115.0000	0.8627	0.002000
2.8040	-3460.0000	655.0000	4115.0000	0.8627	0.002000
2.8060	-3458.0000	657.0000	4115.0000	0.8627	0.002000
2.8080	-3457.0000	658.0000	4115.0000	0.8627	0.002000
2.8100	-3455.0000	660.0000	4115.0000	0.8627	0.002000
2.8120	-3453.0000	662.0000	4115.0000	0.8627	0.002000
2.8140	-3451.0000	664.0000	4115.0000	0.8627	0.002000
2.8160	-3450.0000	665.0000	4115.0000	0.8627	0.002000
2.8180	-3448.0000	667.0000	4115.0000	0.8627	0.002000
2.8200	-3446.0000	669.0000	4115.0000	0.8627	0.002000
2.8220	-3444.0000	671.0000	4115.0000	0.8627	0.002000
2.8240	-3443.0000	672.0000	4115.0000	0.8627	0.002000
2.8260	-3441.0000	674.0000	4115.0000	0.8627	0.002000
2.8280	-3439.0000	676.0000	4115.0000	0.8627	0.002000
2.8300	-3438.0000	677.0000	4115.0000	0.8627	0.002000
2.8320	-3436.0000	679.0000	4115.0000	0.8627	0.002000
2.8340	-3434.0000	681.0000	4115.0000	0.8627	0.002000
2.8360	-3432.0000	683.0000	4115.0000	0.8627	0.002000
2.8380	-3431.0000	684.0000	4115.0000	0.8627	0.002000
2.8400	-3429.0000	686.0000	4115.0000	0.8627	0.002000
2.8420	-3427.0000	688.0000	4115.0000	0.8627	0.002000
2.8440	-3425.0000	690.0000	4115.0000	0.8627	0.002000
2.8460	-3424.0000	691.0000	4115.0000	0.8627	0.002000
2.8480	-3422.0000	693.0000	4115.0000	0.8627	0.002000
2.8500	-3420.0000	695.0000	4115.0000	0.8627	0.002000
2.8520	-3418.0000	697.0000	4115.0000	0.8627	0.002000
2.8540	-3417.0000	698.0000	4115.0000	0.8627	0.002000
2.8560	-3415.0000	700.0000	4115.0000	0.8627	0.002000
2.8580	-3413.0000	702.0000	4115.0000	0.8627	0.002000
2.8600	-3411.0000	704.0000	4115.0000	0.8627	0.002000
2.8620	-3410.0000	705.0000	4115.0000	0.8627	0.002000
2.8640	-3408.0000	707.0000	4115.0000	0.8627	0.002000
2.8660	-3406.0000	709.0000	4115.0000	0.8627	0.002000
2.8680	-3404.0000	711.0000	4115.0000	0.8627	0.002000
2.8700	-3403.0000	712.0000	4115.0000	0.8627	0.002000
2.8720	-3401.0000	714.0000	4115.0000	0.8627	0.002000
2.8740	-3399.0000	716.0000	4115.0000	0.8627	0.002000
2.8760	-3398.0000	717.0000	4115.0000	0.8627	0.002000
2.8780	-3396.0000	719.0000	4115.0000	0.8627	0.002000
2.8800	-3394.0000	721.0000	4115.0000	0.8627	0.002000
2.8820	-3392.0000	723.0000	4115.0000	0.8627	0.002000
2.8840	-3391.0000	724.0000	4115.0000	0.8627	0.002000
2.8860	-3389.0000	726.0000	4115.0000	0.8627	0.002000
2.8880	-3387.0000	728.0000	4115.0000	0.8627	0.002000
2.8900	-3385.0000	730.0000	4115.0000	0.8627	0.002000
2.8920	-3384.0000	731.0000	4115.0000	0.8627	0.002000
2.8940	-3382.0000	733.0000	4115.0000	0.8627	0.002000
2.8960	-3380.0000	735.0000	4115.0000	0.8627	0.002000
2.8980	-3379.0000	736.0000	4115.0000	0.8627	0.002000
2.9000	-3377.0000	738.0000	4115.0000	0.8627	0.002000
2.9020	-3375.0000	740.0000	4115.0000	0.8627	0.002000
2.9040	-3373.0000	742.0000	4115.0000	0.8627	0.002000
2.9060	-3372.0000	743.0000	4115.0000	0.8627	0.002000
2.9080	-3370.0000	745.0000	4115.0000	0.8627	0.002000
2.9100	-3368.0000	747.0000	4115.0000	0.8627	0.002000
2.9120	-3366.0000	749.0000	4115.0000	0.8627	0.002000
2.9140	-3365.0000	750.0000	4115.0000	0.8627	0.002000
2.9160	-3363.0000	752.0000	4115.0000	0.8627	0.002000
2.9180	-3361.0000	754.0000	4115.0000	0.8627	0.002000
2.9200	-3359.0000	756.0000	4115.0000	0.8627	0.002000
2.9220	-3358.0000	757.0000	4115.0000	0.8627	0.002000
2.9240	-3356.0000	759.0000	4115.0000	0.8627	0.002000
2.9260	-3354.0000	761.0000	4115.0000	0.8627	0.002000
2.9280	-3352.0000	763.0000	4115.0000	0.8627	0.002000
2.9300	-3351.0000	764.0000	4115.0000	0.8627	0.002000
2.9320	-3349.0000	766.0000	4115.0000	0.8627	0.002000
2.9340	-3347.0000	768.0000	4115.0000	0.8627	0.002000
2.9360	-3346.0000	769.0000	4115.0000	0.8627	0.002000
2.9380	-3344.0000	771.0000	4115.0000	0.8627	0.002000
2.9400	-3342.0000	773.0000	4115.0000	0.8627	0.002000
2.9420	-3340.0000	775.0000	4115.0000	0.8627	0.002000
2.9440	-3339.0000	776.0000	4115.0000	0.8627	0.002000
2.9460	-3337.0000	778.0000	4115.0000	0.8627	0.002000
2.9480	-3335.0000	780.0000	4115.0000	0.8627	0.002000
2.9500	-3334.0000	781.0000	4115.0000	0.8627	0.002000
2.9520	-3332.0000	783.0000	4115.0000	0.8627	0.002000
2.9540	-3330.0000	785.0000	4115.0000	0.8627	0.002000
2.9560	-3328.0000	787.0000	4115.0000	0.8627	0.002000
2.9580	-3327.0000	788.0000	4115.0000	0.8627	0.002000
2.9600	-3325.0000	790.0000	4115.0000	0.8627	0.002000
2.9620	-3323.0000	792.0000	4115.0000	0.8627	0.002000
2.9640	-3321.0000	794.0000	4115.0000	0.8627	0.002000
2.9660	-3320.0000	795.0000	4115.0000	0.8627	0.002000
2.9680	-3318.0000	797.0000	4115.0000	0.8627	0.002000
2.9700	-3316.0000	799.0000	4115.0000	0.8627	0.002000
2.9720	-3315.0000	800.0000	4115.0000	0.8627	0.002000
2.9740	-3313.0000	802.0000	4115.0000	0.8627	0.002000
2.9760	-3311.0000	804.0000	4115.0000	0.8627	0.002000
2.9780	-3309.0000	806.0000	4115.0000	0.8627	0.002000
2.9800	-3308.0000	807.0000	4115.0000	0.8627	0.002000
2.9820	-3306.0000	809.0000	4115.0000	0.8627	0.002000
2.9840	-3304.0000	811.0000	4115.0000	0.8627	0.002000
2.9860	-3302.0000	813.0000	4115.0000	0.8627	0.002000
2.9880	-3301.0000	814.0000	4115.0000	0.8627	0.002000
2.9900	-3299.0000	816.0000	4115.0000	0.8627	0.002000
2.9920	-3297.0000	818.0000	4115.0000	0.8627	0.002000
2.9940	-3295.0000	820.0000	4115.0000	0.8627	0.002000
2.9960	-3294.0000	821.0000	4115.0000	0.8627	0.002000
2.9980	-3292.0000	823.0000	4115.0000	0.8627	0.002000
3.0000	-3290.0000	825.0000	4115.0000	0.8627	0.002000
3.0020	-3288.0000	827.0000	4115.0000	0.8627	0.002000
3.0040	-3287.0000	828.0000	4115.0000	0.8627	0.002000
3.0060	-3285.0000	830.0000	4115.0000	0.8627	0.002000
3.0080	-3283.0000	832.0000	4115.0000	0.8627	0.002000
3.0100	-3282.0000	833.0000	4115.0000	0.8627	0.002000
3.0120	-3280.0000	835.0000	4115.0000	0.8627	0.002000
3.0140	-3278.0000	837.0000	4115.0000	0.8627	0.002000
3.0160	-3276.0000	839.0000	4115.0000	0.8627	0.002000
3.0180	-3275.0000	840.0000	4115.0000	0.8627	0.002000
3.0200	-3273.0000	842.0000	4115.0000	0.8627	0.002000
3.0220	-3271.0000	844.0000	4115.0000	0.8627	0.002000
3.0240	-3270.0000	845.0000	4115.0000	0.8627	0.002000
3.0260	-3268.0000	847.0000	4115.0000	0.8627	0.002000
3.0280	-3266.0000	849.0000	4115.0000	0.8627	0.002000
3.0300	-3264.0000	851.0000	4115.0000	0.8627	0.002000
3.0320	-3263.0000	852.0000	4115.0000	0.8627	0.002000
3.0340	-3261.0000	854.0000	4115.0000	0.8627	0.002000
3.0360	-3259.0000	856.0000	4115.0000	0.8627	0.002000
3.0380	-3257.0000	858.0000	4115.0000	0.8627	0.002000
3.0400	-3256.0000	859.0000	4115.0000	0.8627	0.002000
3.0420	-3254.0000	861.0000	4115.0000	0.8627	0.002000
3.0440	-3252.0000	863.0000	4115.0000	0.8627	0.002000
3.0460	-3251.0000	864.0000	4115.0000	0.8627	0.002000
3.0480	-3249.0000	866.0000	4115.0000	0.8627	0.002000
3.0500	-3247.0000	868.0000	4115.0000	0.8627	0.002000
3.0520	-3245.0000	870.0000	4115.0000	0.8627	0.002000
3.0540	-3244.0000	871.0000	4115.0000	0.8627	0.002000
3.0560	-3242.0000	873.0000	4115.0000	0.8627	0.002000
3.0580	-3240.0000	875.0000	4115.0000	0.8627	0.002000
3.0600	-3239.0000	876.0000	4115.0000	0.8627	0.002000
3.0620	-3237.0000	878.0000	4115.0000	0.8627	0.002000
3.0640	-3235.0000	880.0000	4115.0000	0.8627	0.002000
3.0660	-3233.0000	882.0000	4115.0000	0.8627	0.002000
3.0680	-3232.0000	883.0000	4115.0000	0.8627	0.002000
3.0700	-3230.0000	885.0000	4115.0000	0.8627	0.002000
3.0720	-3228.0000	887.0000	4115.0000	0.8627	0.002000
3.0740	-3226.0000	889.0000	4115.0000	0.8627	0.002000
3.0760	-3225.0000	890.0000	4115.0000	0.8627	0.002000
3.0780	-3223.0000	892.0000	4115.0000	0.8627	0.002000
3.0800	-3221.0000	894.0000	4115.0000	0.8627	0.002000
3.0820	-3219.0000	896.0000	4115.0000	0.8627	0.002000
3.0840	-3218.0000	897.0000	4115.0000	0.8627	0.002000
3.0860	-3216.0000	899.0000	4115.0000	0.8627	0.002000
3.0880	-3214.0000	901.0000	4115.0000	0.8627	0.002000
3.0900	-3212.0000	903.0000	4115.0000	0.8627	0.002000
3.0920	-3211.0000	904.0000	4115.0000	0.8627	0.002000
3.0940	-3209.0000	906.0000	4115.0000	0.8627	0.002000
3.0960	-3207.0000	908.0000	4115.0000	0.8627	0.002000
3.0980	-3206.0000	909.0000	4115.0000	0.8627	0.002000
3.1000	-3204.0000	911.0000	4115.0000	0.8627	0.002000
3.1020	-3202.0000	913.0000	4115.0000	0.8627	0.002000
3.1040	-3200.0000	915.0000	4115.0000	0.8627	0.002000
3.1060	-3199.0000	916.0000	4115.0000	0.8627	0.002000
3.1080	-3197.0000	918.0000	4115.0000	0.8627	0.002000
3.1100	-3195.0000	920.0000	4115.0000	0.8627	0.002000
3.1120	-3194.0000	921.0000	4115.0000	0.8627	0.002000
3.1140	-3192.0000	923.0000	4115.0000	0.8627	0.002000
3.1160	-3190.0000	925.0000	4115.0000	0.8627	0.002000
3.1180	-3188.0000	927.0000	4115.0000	0.8627	0.002000
3.1200	-3187.0000	928.0000	4115.0000	0.8627	0.002000
3.1220	-3185.0000	930.0000	4115.0000	0.8627	0.002000
3.1240	-3183.0000	932.0000	4115.0000	0.8627	0.002000
3.1260	-3181.0000	934.0000	4115.0000	0.8627	0.002000
3.1280	-3180.0000	935.0000	4115.0000	0.8627	0.002000
3.1300	-3178.0000	937.0000	4115.0000	0.8627	0.002000
3.1320	-3176.0000	939.0000	4115.0000	0.8627	0.002000
3.1340	-3175.0000	940.0000	4115.0000	0.8627	0.002000
3.1360	-3173.0000	942.0000	4115.0000	0.8627	0.002000
3.1380	-3171.0000	944.0000	4115.0000	0.8627	0.002000
3.1400	-3169.0000	946.0000	4115.0000	0.8627	0.002000
3.1420	-3168.0000	947.0000	4115.0000	0.8627	0.002000
3.1440	-3166.0000	949.0000	4115.0000	0.8627	0.002000
3.1460	-3164.0000	951.0000	4115.0000	0.8627	0.002000
3.1480	-3163.0000	952.0000	4115.0000	0.8627	0.002000
3.1500	-3161.0000	954.0000	4115.0000	0.8627	0.002000
3.1520	-3159.0000	956.0000	4115.0000	0.8627	0.002000
3.1540	-3157.0000	958.0000	4115.0000	0.8627	0.002000
3.1560	-3156.0000	959.0000	4115.0000	0.8627	0.002000
3.1580	-3154.0000	961.0000	4115.0000	0.8627	0.002000
3.1600	-3152.0000	963.0000	4115.0000	0.8627	0.002000
3.1620	-3150.0000	965.0000	4115.0000	0.8627	0.002000
3.1640	-3149.0000	966.0000	4115.0000	0.8627	0.002000
3.1660	-3147.0000	968.0000	4115.0000	0.8627	0.002000
3.1680	-3145.0000	970.0000	4115.0000	0.8627	0.002000
3.1700	-3143.0000	972.0000	4115.0000	0.8627	0.002000
3.1720	-3142.0000	973.0000	4115.0000	0.8627	0.002000
3.1740	-3140.0000	975.0000	4115.0000	0.8627	0.002000
3.1760	-3138.0000	977.0000	4115.0000	0.8627	0.002000
3.1780	-3136.0000	979.0000	4115.0000	0.8627	0.002000
3.1800	-3135.0000	980.0000	4115.0000	0.8627	0.002000
3.1820	-3133.0000	982.0000	4115.0000	0.8627	0.002000
3.1840	-3131.0000	984.0000	4115.0000	0.8627	0.002000
3.1860	-3130.0000	985.0000	4115.0000	0.8627	0.002000
3.1880	-3128.0000	987.0000	4115.0000	0.8627	0.002000
3.1900	-3126.0000	989.0000	4115.0000	0.8627	0.002000
3.1920	-3124.0000	991.0000	4115.0000	0.8627	0.002000
3.1940	-3123.0000	992.0000	4115.0000	0.8627	0.002000
3.1960	-3121.0000	994.0000	4115.0000	0.8627	0.002000
3.1980	-3119.0000	996.0000	4115.0000	0.8627	0.002000
3.2000	-3118.0000	997.0000	4115.0000	0.8627	0.002000
3.2020	-3116.0000	999.0000	4115.0000	0.8627	0.002000
3.2040	-3114.0000	1001.0000	4115.0000	0.8627	0.002000
3.2060	-3112.0000	1003.0000	4115.0000	0.8627	0.002000
3.2080	-3111.0000	1004.0000	4115.0000	0.8627	0.002000
3.2100	-3109.0000	1006.0000	4115.0000	0.8627	0.002000
3.2120	-3107.0000	1008.0000	4115.0000	0.8627	0.002000
3.2140	-3106.0000	1009.0000	4115.0000	0.8627	0.002000
3.2160	-3104.0000	1011.0000	4115.0000	0.8627	0.002000
3.2180	-3102.0000	1013.0000	4115.0000	0.8627	0.002000
3.2200	-3100.0000	1015.0000	4115.0000	0.8627	0.002000
3.2220	-3099.0000	1016.0000	4115.0000	0.8627	0.002000
3.2240	-3097.0000	1018.0000	4115.0000	0.8627	0.002000
3.2260	-3095.0000	1020.0000	4115.0000	0.8627	0.002000
3.2280	-3093.0000	1022.0000	4115.0000	0.8627	0.002000
3.2300	-3092.0000	1023.0000	4115.0000	0.8627	0.002000
3.2320	-3090.0000	1025.0000	4115.0000	0.8627	0.002000
3.2340	-3088.0000	1027.0000	4115.0000	0.8627	0.002000
3.2360	-3087.0000	1028.0000	4115.0000	0.8627	0.002000
3.2380	-3085.0000	1030.0000	4115.0000	0.8627	0.002000
3.2400	-3083.0000	1032.0000	4115.0000	0.8627	0.002000
3.2420	-3081.0000	1034.0000	4115.0000	0.8627	0.002000
3.2440	-3080.0000	1035.0000	4115.0000	0.8627	0.002000
3.2460	-3078.0000	1037.0000	4115.0000	0.8627	0.002000
3.2480	-3076.0000	1039.0000	4115.0000	0.8627	0.002000
3.2500	-3075.0000	1040.0000	4115.0000	0.8627	0.002000
3.2520	-3073.0000	1042.0000	4115.0000	0.8627	0.002000
3.2540	-3071.0000	1044.0000	4115.0000	0.8627	0.002000
3.2560	-3069.0000	1046.0000	4115.0000	0.8627	0.002000
3.2580	-3067.0000	1048.0000	4115.0000	0.8627	0.002000
3.2600	-3066.0000	1049.0000	4115.0000	0.8627	0.002000
3.2620	-3064.0000	1051.0000	4115.0000	0.8627	0.002000
3.2640	-3062.0000	1053.0000	4115.0000	0.8627	0.002000
3.2660	-3060.0000	1055.0000	4115.0000	0.8627	0.002000
3.2680	-3059.0000	1056.0000	4115.0000	0.8627	0.002000
3.2700	-3057.0000	1058.0000	4115.0000	0.8627	0.002000
3.2720	-3055.0000	1060.0000	4115.0000	0.8627	0.002000
3.2740	-3054.0000	1061.0000	4115.0000	0.8627	0.002000
3.2760	-3052.0000	1063.0000	4115.0000	0.8627	0.002000
3.2780	-3050.0000	1065.0000	4115.0000	0.8627	0.002000
3.2800	-3048.0000	1067.0000	4115.0000	0.8627	0.002000
3.2820	-3047.0000	1068.0000	4115.0000	0.8627	0.002000
3.2840	-3045.0000	1070.0000	4115.0000	0.8627	0.002000
3.2860	-3043.0000	1072.0000	4115.0000	0.8627	0.002000
3.2880	-3042.0000	1073.0000	4115.0000	0.8627	0.002000
3.2900	-3040.0000	1075.0000	4115.0000	0.8627	0.002000
3.2920	-3038.0000	1077.0000	4115.0000	0.8627	0.002000
3.2940	-3036.0000	1079.0000	4115.0000	0.8627	0.002000
3.2960	-3035.0000	1080.0000	4115.0000	0.8627	0.002000
3.2980	-3033.0000	1082.0000	4115.0000	0.8627	0.002000
3.3000	-3031.0000	1084.0000	4115.0000	0.8627	0.002000
3.3020	-3030.0000	1085.0000	4115.0000	0.8627	0.002000
3.3040	-3028.0000	1087.0000	4115.0000	0.8627	0.002000
3.3060	-3026.0000	1089.0000	4115.0000	0.8627	0.002000
3.3080	-3024.0000	1091.0000	4115.0000	0.8627	0.002000
3.3100	-3023.0000	1092.0000	4115.0000	0.8627	0.002000
3.3120	-3021.0000	1094.0000	4115.0000	0.8627	0.002000
3.3140	-3019.0000	1096.0000	4115.0000	0.8627	0.002000
3.3160	-3017.0000	1098.0000	4115.0000	0.8627	0.002000
3.3180	-3016.0000	1099.0000	4115.0000	0.8627	0.002000
3.3200	-3014.0000	1101.0000	4115.0000	0.8627	0.002000
3.3220	-3012.0000	1103.0000	4115.0000	0.8627	0.002000
3.3240	-3011.0000	1104.0000	4115.0000	0.8627	0.002000
3.3260	-3009.0000	1106.0000	4115.0000	0.8627	0.002000
3.3280	-3007.0000	1108.0000	4115.0000	0.8627	0.002000
3.3300	-3005.0000	1110.0000	4115.0000	0.8627	0.002000
3.3320	-3004.0000	1111.0000	4115.0000	0.8627	0.002000
3.3340	-3002.0000	1113.0000	4115.0000	0.8627	0.002000
3.3360	-3000.0000	1115.0000	4115.0000	0.8627	0.002000
3.3380	-2998.0000	1117.0000	4115.0000	0.8627	0.002000
3.3400	-2997.0000	1118.0000	4115.0000	0.8627	0.002000
3.3420	-2995.0000	1120.0000	4115.0000	0.8627	0.002000
3.3440	-2993.0000	1122.0000	4115.0000	0.8627	0.002000
3.3460	-2992.0000	1123.0000	4115.0000	0.8627	0.002000
3.3480	-2990.0000	1125.0000	4115.0000	0.8627	0.002000
3.3500	-2988.0000	1127.0000	4115.0000	0.8627	0.002000
3.3520	-2986.0000	1129.0000	4115.0000	0.8627	0.002000
3.3540	-2984.0000	1131.0000	4115.0000	0.8627	0.002000
3.3560	-2983.0000	1132.0000	4115.0000	0.8627	0.002000
3.3580	-2981.0000	1134.0000	4115.0000	0.8627	0.002000
3.3600	-2979.0000	1136.0000	4115.0000	0.8627	0.002000
3.3620	-2978.0000	1137.0000	4115.0000	0.8627	0.002000
3.3640	-2976.0000	1139.0000	4115.0000	0.8627	0.002000
3.3660	-2974.0000	1141.0000	4115.0000	0.8627	0.002000
3.3680	-2972.0000	1143.0000	4115.0000	0.8627	0.002000
3.3700	-2971.0000	1144.0000	4115.0000	0.8627	0.002000
3.3720	-2969.0000	1146.0000	4115.0000	0.8627	0.002000
3.3740	-2967.0000	1148.0000	4115.0000	0.8627	0.002000
3.3760	-2966.0000	1149.0000	4115.0000	0.8627	0.002000
3.3780	-2964.0000	1151.0000	4115.0000	0.8627	0.002000
3.3800	-2962.0000	1153.0000	4115.0000	0.8627	0.002000
3.3820	-2960.0000	1155.0000	4115.0000	0.8627	0.002000
3.3840	-2959.0000	1156.0000	4115.0000	0.8627	0.002000
3.3860	-2957.0000	1158.0000	4115.0000	0.8627	0.002000
3.3880	-2955.0000	1160.0000	4115.0000	0.8627	0.002000
3.3900	-2954.0000	1161.0000	4115.0000	0.8627	0.002000
3.3920	-2952.0000	1163.0000	4115.0000	0.8627	0.002000
3.3940	-2950.0000	1165.0000	4115.0000	0.8627	0.002000
3.3960	-2948.0000	1167.0000	4115.0000	0.8627	0.002000
3.3980	-2947.0000	1168.0000	4115.0000	0.8627	0.002000
3.4000	-2945.0000	1170.0000	4115.0000	0.8627	0.002000
3.4020	-2943.0000	1172.0000	4115.0000	0.8627	0.002000
3.4040	-2941.0000	1174.0000	4115.0000	0.8627	0.002000
3.4060	-2940.0000	1175.0000	4115.0000	0.8627	0.002000
3.4080	-2938.0000	1177.0000	4115.0000	0.8627	0.002000
3.4100	-2936.0000	1179.0000	4115.0000	0.8627	0.002000
3.4120	-2935.0000	1180.0000	4115.0000	0.8627	0.002000
3.4140	-2933.0000	1182.0000	4115.0000	0.8627	0.002000
3.4160	-2931.0000	1184.0000	4115.0000	0.8627	0.002000
3.4180	-2929.0000	1186.0000	4115.0000	0.8627	0.002000
3.4200	-2928.0000	1187.0000	4115.0000	0.8627	0.002000
3.4220	-2926.0000	1189.0000	4115.0000	0.8627	0.002000
3.4240	-2924.0000	1191.0000	4115.0000	0.8627	0.002000
3.4260	-2923.0000	1192.0000	4115.0000	0.8627	0.002000
3.4280	-2921.0000	1194.0000	4115.0000	0.8627	0.002000
3.4300	-2919.0000	1196.0000	4115.0000	0.8627	0.002000
3.4320	-2917.0000	1198.0000	4115.0000	0.8627	0.002000
3.4340	-2916.0000	1199.0000	4115.0000	0.8627	0.002000
3.4360	-2914.0000	1201.0000	4115.0000	0.8627	0.002000
3.4380	-2912.0000	1203.0000	4115.0000	0.8627	0.002000
3.4400	-2910.0000	1205.0000	4115.0000	0.8627	0.002000
3.4420	-2909.0000	1206.0000	4115.0000	0.8627	0.002000
3.4440	-2907.0000	1208.0000	4115.0000	0.8627	0.002000
3.4460	-2905.0000	1210.0000	4115.0000	0.8627	0.002000
3.4480	-2903.0000	1212.0000	4115.0000	0.8627	0.002000
3.4500	-2902.0000	1213.0000	4115.0000	0.8627	0.002000
3.4520	-2900.0000	1215.0000	4115.0000	0.8627	0.002000
3.4540	-2898.0000	1217.0000	4115.0000	0.8627	0.002000
3.4560	-2896.0000	1219.0000	4115.0000	0.8627	0.002000
3.4580	-2895.0000	1220.0000	4115.0000	0.8627	0.002000
3.4600	-2893.0000	1222.0000	4115.0000	0.8627	0.002000
3.4620	-2891.0000	1224.0000	4115.0000	0.8627	0.002000
3.4640	-2890.0000	1225.0000	4115.0000	0.8627	0.002000
3.4660	-2888.0000	1227.0000	4115.0000	0.8627	0.002000
3.4680	-2886.0000	1229.0000	4115.0000	0.8627	0.002000
3.4700	-2884.0000	1231.0000	4115.0000	0.8627	0.002000
3.4720	-2883.0000	1232.0000	4115.0000	0.8627	0.002000
3.4740	-2881.0000	1234.0000	4115.0000	0.8627	0.002000
3.4760	-2879.0000	1236.0000	4115.0000	0.8627	0.002000
3.4780	-2878.0000	1237.0000	4115.0000	0.8627	0.002000
3.4800	-2876.0000	1239.0000	4115.0000	0.8627	0.002000
3.4820	-2874.0000	1241.0000	4115.0000	0.8627	0.002000
3.4840	-2872.0000	1243.0000	4115.0000	0.8627	0.002000
3.4860	-2871.0000	1244.0000	4115.0000	0.8627	0.002000
3.4880	-2869.0000	1246.0000	4115.0000	0.8627	0.002000
3.4900	-2867.0000	1248.0000	4115.0000	0.8627	0.002000
3.4920	-2866.0000	1249.0000	4115.0000	0.8627	0.002000
3.4940	-2864.0000	1251.0000	4115.0000	0.8627	0.002000
3.4960	-2862.0000	1253.0000	4115.0000	0.8627	0.002000
3.4980	-2860.0000	1255.0000	4115.0000	0.8627	0.002000
3.5000	-2859.0000	1256.0000	4115.0000	0.8627	0.002000
3.5020	-2857.0000	1258.0000	4115.0000	0.8627	0.002000
3.5040	-2855.0000	1260.0000	4115.0000	0.8627	0.002000
3.5060	-2853.0000	1262.0000	4115.0000	0.8627	0.002000
3.5080	-2852.0000	1263.0000	4115.0000	0.8627	0.002000
3.5100	-2850.0000	1265.0000	4115.0000	0.8627	0.002000
3.5120	-2848.0000	1267.0000	4115.0000	0.8627	0.002000
3.5140	-2847.0000	1268.0000	4115.0000	0.8627	0.002000
3.5160	-2845.0000	1270.0000	4115.0000	0.8627	0.002000
3.5180	-2843.0000	1272.0000	4115.0000	0.8627	0.002000
3.5200	-2841.0000	1274.0000	4115.0000	0.8627	0.002000
3.5220	-2840.0000	1275.0000	4115.0000	0.8627	0.002000
3.5240	-2838.0000	1277.0000	4115.0000	0.8627	0.002000
3.5260	-2836.0000	1279.0000	4115.0000	0.8627	0.002000
3.5280	-2835.0000	1280.0000	4115.0000	0.8627	0.002000
3.5300	-2833.0000	1282.0000	4115.0000	0.8627	0.002000
3.5320	-2831.0000	1284.0000	4115.0000	0.8627	0.002000
3.5340	-2829.0000	1286.0000	4115.0000	0.8627	0.002000
3.5360	-2827.0000	1288.0000	4115.0000	0.8627	0.002000
3.5380	-2826.0000	1289.0000	4115.0000	0.8627	0.002000
3.5400	-2824.0000	1291.0000	4115.0000	0.8627	0.002000
3.5420	-2822.0000	1293.0000	4115.0000	0.8627	0.002000
3.5440	-2820.0000	1295.0000	4115.0000	0.8627	0.002000
3.5460	-2819.0000	1296.0000	4115.0000	0.8627	0.002000
3.5480	-2817.0000	1298.0000	4115.0000	0.8627	0.002000
3.5500	-2815.0000	1300.0000	4115.0000	0.8627	0.002000
3.5520	-2814.0000	1301.0000	4115.0000	0.8627	0.002000
3.5540	-2812.0000	1303.0000	4115.0000	0.8627	0.002000
3.5560	-2810.0000	1305.0000	4115.0000	0.8627	0.002000
3.5580	-2808.0000	1307.0000	4115.0000	0.8627	0.002000
3.5600	-2807.0000	1308.0000	4115.0000	0.8627	0.002000
3.5620	-2805.0000	1310.0000	4115.0000	0.8627	0.002000
3.5640	-2803.0000	1312.0000	4115.0000	0.8627	0.002000
3.5660	-2802.0000	1313.0000	4115.0000	0.8627	0.002000
3.5680	-2800.0000	1315.0000	4115.0000	0.8627	0.002000
3.5700	-2798.0000	1317.0000	4115.0000	0.8627	0.002000
3.5720	-2796.0000	1319.0000	4115.0000	0.8627	0.002000
3.5740	-2795.0000	1320.0000	4115.0000	0.8627	0.002000
3.5760	-2793.0000	1322.0000	4115.0000	0.8627	0.002000
3.5780	-2791.0000	1324.0000	4115.0000	0.8627	0.002000
3.5800	-2789.0000	1326.0000	4115.0000	0.8627	0.002000
3.5820	-2788.0000	1327.0000	4115.0000	0.8627	0.002000
3.5840	-2786.0000	1329.0000	4115.0000	0.8627	0.002000
3.5860	-2784.0000	1331.0000	4115.0000	0.8627	0.002000
3.5880	-2783.0000	1332.0000	4115.0000	0.8627	0.002000
3.5900	-2781.0000	1334.0000	4115.0000	0.8627	0.002000
3.5920	-2779.0000	1336.0000	4115.0000	0.8627	0.002000
3.5940	-2777.0000	1338.0000	4115.0000	0.8627	0.002000
3.5960	-2776.0000	1339.0000	4115.0000	0.8627	0.002000
3.5980	-2774.0000	1341.0000	4115.0000	0.8627	0.002000
3.6000	-2772.0000	1343.0000	4115.0000	0.8627	0.002000
3.6020	-2771.0000	1344.0000	4115.0000	0.8627	0.002000
3.6040	-2769.0000	1346.0000	4115.0000	0.8627	0.002000
3.6060	-2767.0000	1348.0000	4115.0000	0.8627	0.002000
3.6080	-2765.0000	1350.0000	4115.0000	0.8627	0.002000
3.6100	-2764.0000	1351.0000	4115.0000	0.8627	0.002000
3.6120	-2762.0000	1353.0000	4115.0000	0.8627	0.002000
3.6140	-2760.0000	1355.0000	4115.0000	0.8627	0.002000
3.6160	-2758.0000	1357.0000	4115.0000	0.8627	0.002000
3.6180	-2757.0000	1358.0000	4115.0000	0.8627	0.002000
3.6200	-2755.0000	1360.0000	4115.0000	0.8627	0.002000
3.6220	-2753.0000	1362.0000	4115.0000	0.8627	0.002000
3.6240	-2751.0000	1364.0000	4115.0000	0.8627	0.002000
3.6260	-2750.0000	1365.0000	4115.0000	0.8627	0.002000
3.6280	-2748.0000	1367.0000	4115.0000	0.8627	0.002000
3.6300	-2746.0000	1369.0000	4115.0000	0.8627	0.002000
3.6320	-2744.0000	1371.0000	4115.0000	0.8627	0.002000
3.6340	-2743.0000	1372.0000	4115.0000	0.8627	0.002000
3.6360	-2741.0000	1374.0000	4115.0000	0.8627	0.002000
3.6380	-2739.0000	1376.0000	4115.0000	0.8627	0.002000
3.6400	-2738.0000	1377.0000	4115.0000	0.8627	0.002000
3.6420	-2736.0000	1379.0000	4115.0000	0.8627	0.002000
3.6440	-2734.0000	1381.0000	4115.0000	0.8627	0.002000
3.6460	-2732.0000	1383.0000	4115.0000	0.8627	0.002000
3.6480	-2731.0000	1384.0000	4115.0000	0.8627	0.002000
3.6500	-2729.0000	1386.0000	4115.0000	0.8627	0.002000
3.6520	-2727.0000	1388.0000	4115.0000	0.8627	0.002000
3.6540	-2725.0000	1390.0000	4115.0000	0.8627	0.002000
3.6560	-2724.0000	1391.0000	4115.0000	0.8627	0.002000
3.6580	-2722.0000	1393.0000	4115.0000	0.8627	0.002000
3.6600	-2720.0000	1395.0000	4115.0000	0.8627	0.002000
3.6620	-2719.0000	1396.0000	4115.0000	0.8627	0.002000
3.6640	-2717.0000	1398.0000	4115.0000	0.8627	0.002000
3.6660	-2715.0000	1400.0000	4115.0000	0.8627	0.002000
3.6680	-2713.0000	1402.0000	4115.0000	0.8627	0.002000
3.6700	-2712.0000	1403.0000	4115.0000	0.8627	0.002000
3.6720	-2710.0000	1405.0000	4115.0000	0.8627	0.002000
3.6740	-2708.0000	1407.0000	4115.0000	0.8627	0.002000
3.6760	-2707.0000	1408.0000	4115.0000	0.8627	0.002000
3.6780	-2705.0000	1410.0000	4115.0000	0.8627	0.002000
3.6800	-2703.0000	1412.0000	4115.0000	0.8627	0.002000
3.6820	-2701.0000	1414.0000	4115.0000	0.8627	0.002000
3.6840	-2700.0000	1415.0000	4115.0000	0.8627	0.002000
3.6860	-2698.0000	1417.0000	4115.0000	0.8627	0.002000
3.6880	-2696.0000	1419.0000	4115.0000	0.8627	0.002000
3.6900	-2694.0000	1421.0000	4115.0000	0.8627	0.002000
3.6920	-2693.0000	1422.0000	4115.0000	0.8627	0.002000
3.6940	-2691.0000	1424.0000	4115.0000	0.8627	0.002000
3.6960	-2689.0000	1426.0000	4115.0000	0.8627	0.002000
3.6980	-2687.0000	1428.0000	4115.0000	0.8627	0.002000
3.7000	-2686.0000	1429.0000	4115.0000	0.8627	0.002000
3.7020	-2684.0000	1431.0000	4115.0000	0.8627	0.002000
3.7040	-2682.0000	1433.0000	4115.0000	0.8627	0.002000
3.7060	-2680.0000	1435.0000	4115.0000	0.8627	0.002000
3.7080	-2679.0000	1436.0000	4115.0000	0.8627	0.002000
3.7100	-2677.0000	1438.0000	4115.0000	0.8627	0.002000
3.7120	-2675.0000	1440.0000	4115.0000	0.8627	0.002000
3.7140	-2674.0000	1441.0000	4115.0000	0.8627	0.002000
3.7160	-2672.0000	1443.0000	4115.0000	0.8627	0.002000
3.7180	-2670.0000	1445.0000	4115.0000	0.8627	0.002000
3.7200	-2668.0000	1447.0000	4115.0000	0.8627	0.002000
3.7220	-2667.0000	1448.0000	4115.0000	0.8627	0.002000
3.7240	-2665.0000	1450.0000	4115.0000	0.8627	0.002000
3.7260	-2663.0000	1452.0000	4115.0000	0.8627	0.002000
3.7280	-2661.0000	1454.0000	4115.0000	0.8627	0.002000
3.7300	-2660.0000	1455.0000	4115.0000	0.8627	0.002000
3.7320	-2658.0000	1457.0000	4115.0000	0.8627	0.002000
3.7340	-2656.0000	1459.0000	4115.0000	0.8627	0.002000
3.7360	-2655.0000	1460.0000	4115.0000	0.8627	0.002000
3.7380	-2653.0000	1462.0000	4115.0000	0.8627	0.002000
3.7400	-2651.0000	1464.0000	4115.0000	0.8627	0.002000
3.7420	-2649.0000	1466.0000	4115.0000	0.8627	0.002000
3.7440	-2648.0000	1467.0000	4115.0000	0.8627	0.002000
3.7460	-2646.0000	1469.0000	4115.0000	0.8627	0.002000
3.7480	-2644.0000	1471.0000	4115.0000	0.8627	0.002000
3.7500	-2643.0000	1472.0000	4115.0000	0.8627	0.002000
3.7520	-2641.0000	1474.0000	4115.0000	0.8627	0.002000
3.7540	-2639.0000	1476.0000	4115.0000	0.8627	0.002000
3.7560	-2637.0000	1478.0000	4115.0000	0.8627	0.002000
3.7580	-2636.0000	1479.0000	4115.0000	0.8627	0.002000
3.7600	-2634.0000	1481.0000	4115.0000	0.8627	0.002000
3.7620	-2632.0000	1483.0000	4115.0000	0.8627	0.002000
3.7640	-2630.0000	1485.0000	4115.0000	0.8627	0.002000
3.7660	-2628.0000	1487.0000	4115.0000	0.8627	0.002000
3.7680	-2627.0000	1488.0000	4115.0000	0.8627	0.002000
3.7700	-2625.0000	1490.0000	4115.0000	0.8627	0.002000
3.7720	-2623.0000	1492.0000	4115.0000	0.8627	0.002000
3.7740	-2622.0000	1493.0000	4115.0000	0.8627	0.002000
3.7760	-2620.0000	1495.0000	4115.0000	0.8627	0.002000
3.7780	-2618.0000	1497.0000	4115.0000	0.8627	0.002000
3.7800	-2616.0000	1499.0000	4115.0000	0.8627	0.002000
3.7820	-2615.0000	1500.0000	4115.0000	0.8627	0.002000
3.7840	-2613.0000	1502.0000	4115.0000	0.8627	0.002000
3.7860	-2611.0000	1504.0000	4115.0000	0.8627	0.002000
3.7880	-2610.0000	1505.0000	4115.0000	0.8627	0.002000
3.7900	-2608.0000	1507.0000	4115.0000	0.8627	0.002000
3.7920	-2606.0000	1509.0000	4115.0000	0.8627	0.002000
3.7940	-2604.0000	1511.0000	4115.0000	0.8627	0.002000
3.7960	-2603.0000	1512.0000	4115.0000	0.8627	0.002000
3.7980	-2601.0000	1514.0000	4115.0000	0.8627	0.002000
3.8000	-2599.0000	1516.0000	4115.0000	0.8627	0.002000
3.8020	-2597.0000	1518.0000	4115.0000	0.8627	0.002000
3.8040	-2596.0000	1519.0000	4115.0000	0.8627	0.002000
3.8060	-2594.0000	1521.0000	4115.0000	0.8627	0.002000
3.8080	-2592.0000	1523.0000	4115.0000	0.8627	0.002000
3.8100	-2591.0000	1524.0000	4115.0000	0.8627	0.002000
3.8120	-2589.0000	1526.0000	4115.0000	0.8627	0.002000
3.8140	-2587.0000	1528.0000	4115.0000	0.8627	0.002000
3.8160	-2585.0000	1530.0000	4115.0000	0.8627	0.002000
3.8180	-2584.0000	1531.0000	4115.0000	0.8627	0.002000
3.8200	-2582.0000	1533.0000	4115.0000	0.8627	0.002000
3.8220	-2580.0000	1535.0000	4115.0000	0.8627	0.002000
3.8240	-2579.0000	1536.0000	4115.0000	0.8627	0.002000
3.8260	-2577.0000	1538.0000	4115.0000	0.8627	0.002000
3.8280	-2575.0000	1540.0000	4115.0000	0.8627	0.002000
3.8300	-2573.0000	1542.0000	4115.0000	0.8627	0.002000
3.8320	-2571.0000	1544.0000	4115.0000	0.8627	0.002000
3.8340	-2570.0000	1545.0000	4115.0000	0.8627	0.002000
3.8360	-2568.0000	1547.0000	4115.0000	0.8627	0.002000
3.8380	-2566.0000	1549.0000	4115.0000	0.8627	0.002000
3.8400	-2564.0000	1551.0000	4115.0000	0.8627	0.002000
3.8420	-2563.0000	1552.0000	4115.0000	0.8627	0.002000
3.8440	-2561.0000	1554.0000	4115.0000	0.8627	0.002000
3.8460	-2559.0000	1556.0000	4115.0000	0.8627	0.002000
3.8480	-2558.0000	1557.0000	4115.0000	0.8627	0.002000
3.8500	-2556.0000	1559.0000	4115.0000	0.8627	0.002000
3.8520	-2554.0000	1561.0000	4115.0000	0.8627	0.002000
3.8540	-2552.0000	1563.0000	4115.0000	0.8627	0.002000
3.8560	-2551.0000	1564.0000	4115.0000	0.8627	0.002000
3.8580	-2549.0000	1566.0000	4115.0000	0.8627	0.002000
3.8600	-2547.0000	1568.0000	4115.0000	0.8627	0.002000
3.8620	-2546.0000	1569.0000	4115.0000	0.8627	0.002000
3.8640	-2544.0000	1571.0000	4115.0000	0.8627	0.002000
3.8660	-2542.0000	1573.0000	4115.0000	0.8627	0.002000
3.8680	-2540.0000	1575.0000	4115.0000	0.8627	0.002000
3.8700	-2539.0000	1576.0000	4115.0000	0.8627	0.002000
3.8720	-2537.0000	1578.0000	4115.0000	0.8627	0.002000
3.8740	-2535.0000	1580.0000	4115.0000	0.8627	0.002000
3.8760	-2533.0000	1582.0000	4115.0000	0.8627	0.002000
3.8780	-2532.0000	1583.0000	4115.0000	0.8627	0.002000
3.8800	-2530.0000	1585.0000	4115.0000	0.8627	0.002000
3.8820	-2528.0000	1587.0000	4115.0000	0.8627	0.002000
3.8840	-2527.0000	1588.0000	4115.0000	0.8627	0.002000
3.8860	-2525.0000	1590.0000	4115.0000	0.8627	0.002000
3.8880	-2523.0000	1592.0000	4115.0000	0.8627	0.002000
3.8900	-2521.0000	1594.0000	4115.0000	0.8627	0.002000
3.8920	-2520.0000	1595.0000	4115.0000	0.8627	0.002000
3.8940	-2518.0000	1597.0000	4115.0000	0.8627	0.002000
3.8960	-2516.0000	1599.0000	4115.0000	0.8627	0.002000
3.8980	-2515.0000	1600.0000	4115.0000	0.8627	0.002000
3.9000	-2513.0000	1602.0000	4115.0000	0.8627	0.002000
3.9020	-2511.0000	1604.0000	4115.0000	0.8627	0.002000
3.9040	-2509.0000	1606.0000	4115.0000	0.8627	0.002000
3.9060	-2507.0000	1608.0000	4115.0000	0.8627	0.002000
3.9080	-2506.0000	1609.0000	4115.0000	0.8627	0.002000
3.9100	-2504.0000	1611.0000	4115.0000	0.8627	0.002000
3.9120	-2502.0000	1613.0000	4115.0000	0.8627	0.002000
3.9140	-2500.0000	1615.0000	4115.0000	0.8627	0.002000
3.9160	-2499.0000	1616.0000	4115.0000	0.8627	0.002000
3.9180	-2497.0000	1618.0000	4115.0000	0.8627	0.002000
3.9200	-2495.0000	1620.0000	4115.0000	0.8627	0.002000
3.9220	-2494.0000	1621.0000	4115.0000	0.8627	0.002000
3.9240	-2492.0000	1623.0000	4115.0000	0.8627	0.002000
3.9260	-2490.0000	1625.0000	4115.0000	0.8627	0.002000
3.9280	-2488.0000	1627.0000	4115.0000	0.8627	0.002000
3.9300	-2487.0000	1628.0000	4115.0000	0.8627	0.002000
3.9320	-2485.0000	1630.0000	4115.0000	0.8627	0.002000
3.9340	-2483.0000	1632.0000	4115.0000	0.8627	0.002000
3.9360	-2482.0000	1633.0000	4115.0000	0.8627	0.002000
3.9380	-2480.0000	1635.0000	4115.0000	0.8627	0.002000
3.9400	-2478.0000	1637.0000	4115.0000	0.8627	0.002000
3.9420	-2476.0000	1639.0000	4115.0000	0.8627	0.002000
3.9440	-2475.0000	1640.0000	4115.0000	0.8627	0.002000
3.9460	-2473.0000	1642.0000	4115.0000	0.8627	0.002000
3.9480	-2471.0000	1644.0000	4115.0000	0.8627	0.002000
3.9500	-2469.0000	1646.0000	4115.0000	0.8627	0.002000
3.9520	-2468.0000	1647.0000	4115.0000	0.8627	0.002000
3.9540	-2466.0000	1649.0000	4115.0000	0.8627	0.002000
3.9560	-2464.0000	1651.0000	4115.0000	0.8627	0.002000
3.9580	-2463.0000	1652.0000	4115.0000	0.8627	0.002000
3.9600	-2461.0000	1654.0000	4115.0000	0.8627	0.002000
3.9620	-2459.0000	1656.0000	4115.0000	0.8627	0.002000
3.9640	-2457.0000	1658.0000	4115.0000	0.8627	0.002000
3.9660	-2456.0000	1659.0000	4115.0000	0.8627	0.002000
3.9680	-2454.0000	1661.0000	4115.0000	0.8627	0.002000
3.9700	-2452.0000	1663.0000	4115.0000	0.8627	0.002000
3.9720	-2451.0000	1664.0000	4115.0000	0.8627	0.002000
3.9740	-2449.0000	1666.0000	4115.0000	0.8627	0.002000
3.9760	-2447.0000	1668.0000	4115.0000	0.8627	0.002000
3.9780	-2445.0000	1670.0000	4115.0000	0.8627	0.002000
3.9800	-2444.0000	1671.0000	4115.0000	0.8627	0.002000
3.9820	-2442.0000	1673.0000	4115.0000	0.8627	0.002000
3.9840	-2440.0000	1675.0000	4115.0000	0.8627	0.002000
3.9860	-2438.0000	1677.0000	4115.0000	0.8627	0.002000
3.9880	-2437.0000	1678.0000	4115.0000	0.8627	0.002000
3.9900	-2435.0000	1680.0000	4115.0000	0.8627	0.002000
3.9920	-2433.0000	1682.0000	4115.0000	0.8627	0.002000
3.9940	-2431.0000	1684.0000	4115.0000	0.8627	0.002000
3.9960	-2430.0000	1685.0000	4115.0000	0.8627	0.002000
3.9980	-2428.0000	1687.0000	4115.0000	0.8627	0.002000
4.0000	-2426.0000	1689.0000	4115.0000	0.8627	0.002000
4.0020	-2424.0000	1691.0000	4115.0000	0.8627	0.002000
4.0040	-2423.0000	1692.0000	4115.0000	0.8627	0.002000
4.0060	-2421.0000	1694.0000	4115.0000	0.8627	0.002000
4.0080	-2419.0000	1696.0000	4115.0000	0.8627	0.002000
4.0100	-2418.0000	1697.0000	4115.0000	0.8627	0.002000
4.0120	-2416.0000	1699.0000	4115.0000	0.8627	0.002000
4.0140	-2414.0000	1701.0000	4115.0000	0.8627	0.002000
4.0160	-2412.0000	1703.0000	4115.0000	0.8627	0.002000
4.0180	-2411.0000	1704.0000	4115.0000	0.8627	0.002000
4.0200	-2409.0000	1706.0000	4115.0000	0.8627	0.002000
4.0220	-2407.0000	1708.0000	4115.0000	0.8627	0.002000
4.0240	-2406.0000	1709.0000	4115.0000	0.8627	0.002000
4.0260	-2404.0000	1711.0000	4115.0000	0.8627	0.002000
4.0280	-2402.0000	1713.0000	4115.0000	0.8627	0.002000
4.0300	-2400.0000	1715.0000	4115.0000	0.8627	0.002000
4.0320	-2399.0000	1716.0000	4115.0000	0.8627	0.002000
4.0340	-2397.0000	1718.0000	4115.0000	0.8627	0.002000
4.0360	-2395.0000	1720.0000	4115.0000	0.8627	0.002000
4.0380	-2393.0000	1722.0000	4115.0000	0.8627	0.002000
4.0400	-2392.0000	1723.0000	4115.0000	0.8627	0.002000
4.0420	-2390.0000	1725.0000	4115.0000	0.8627	0.002000
4.0440	-2388.0000	1727.0000	4115.0000	0.8627	0.002000
4.0460	-2387.0000	1728.0000	4115.0000	0.8627	0.002000
4.0480	-2385.0000	1730.0000	4115.0000	0.8627	0.002000
4.0500	-2383.0000	1732.0000	4115.0000	0.8627	0.002000
4.0520	-2381.0000	1734.0000	4115.0000	0.8627	0.002000
4.0540	-2380.0000	1735.0000	4115.0000	0.8627	0.002000
4.0560	-2378.0000	1737.0000	4115.0000	0.8627	0.002000
4.0580	-2376.0000	1739.0000	4115.0000	0.8627	0.002000
4.0600	-2374.0000	1741.0000	4115.0000	0.8627	0.002000
4.0620	-2373.0000	1742.0000	4115.0000	0.8627	0.002000
4.0640	-2371.0000	1744.0000	4115.0000	0.8627	0.002000
4.0660	-2369.0000	1746.0000	4115.0000	0.8627	0.002000
4.0680	-2367.0000	1748.0000	4115.0000	0.8627	0.002000
4.0700	-2366.0000	1749.0000	4115.0000	0.8627	0.002000
4.0720	-2364.0000	1751.0000	4115.0000	0.8627	0.002000
4.0740	-2362.0000	1753.0000	4115.0000	0.8627	0.002000
4.0760	-2360.0000	1755.0000	4115.0000	0.8627	0.002000
4.0780	-2359.0000	1756.0000	4115.0000	0.8627	0.002000
4.0800	-2357.0000	1758.0000	4115.0000	0.8627	0.002000
4.0820	-2355.0000	1760.0000	4115.0000	0.8627	0.002000
4.0840	-2354.0000	1761.0000	4115.0000	0.8627	0.002000
4.0860	-2352.0000	1763.0000	4115.0000	0.8627	0.002000
4.0880	-2350.0000	1765.0000	4115.0000	0.8627	0.002000
4.0900	-2348.0000	1767.0000	4115.0000	0.8627	0.002000
4.0920	-2347.0000	1768.0000	4115.0000	0.8627	0.002000
4.0940	-2345.0000	1770.0000	4115.0000	0.8627	0.002000
4.0960	-2343.0000	1772.0000	4115.0000	0.8627	0.002000
4.0980	-2342.0000	1773.0000	4115.0000	0.8627	0.002000
4.1000	-2340.0000	1775.0000	4115.0000	0.8627	0.002000
4.1020	-2338.0000	1777.0000	4115.0000	0.8627	0.002000
4.1040	-2336.0000	1779.0000	4115.0000	0.8627	0.002000
4.1060	-2335.0000	1780.0000	4115.0000	0.8627	0.002000
4.1080	-2333.0000	1782.0000	4115.0000	0.8627	0.002000
4.1100	-2331.0000	1784.0000	4115.0000	0.8627	0.002000
4.1120	-2329.0000	1786.0000	4115.0000	0.8627	0.002000
4.1140	-2328.0000	1787.0000	4115.0000	0.8627	0.002000
4.1160	-2326.0000	1789.0000	4115.0000	0.8627	0.002000
4.1180	-2324.0000	1791.0000	4115.0000	0.8627	0.002000
4.1200	-2323.0000	1792.0000	4115.0000	0.8627	0.002000
4.1220	-2321.0000	1794.0000	4115.0000	0.8627	0.002000
4.1240	-2319.0000	1796.0000	4115.0000	0.8627	0.002000
4.1260	-2317.0000	1798.0000	4115.0000	0.8627	0.002000
4.1280	-2316.0000	1799.0000	4115.0000	0.8627	0.002000
4.1300	-2314.0000	1801.0000	4115.0000	0.8627	0.002000
4.1320	-2312.0000	1803.0000	4115.0000	0.8627	0.002000
4.1340	-2311.0000	1804.0000	4115.0000	0.8627	0.002000
4.1360	-2309.0000	1806.0000	4115.0000	0.8627	0.002000
4.1380	-2307.0000	1808.0000	4115.0000	0.8627	0.002000
4.1400	-2305.0000	1810.0000	4115.0000	0.8627	0.002000
4.1420	-2304.0000	1811.0000	4115.0000	0.8627	0.002000
4.1440	-2302.0000	1813.0000	4115.0000	0.8627	0.002000
4.1460	-2300.0000	1815.0000	4115.0000	0.8627	0.002000
4.1480	-2298.0000	1817.0000	4115.0000	0.8627	0.002000
4.1500	-2297.0000	1818.0000	4115.0000	0.8627	0.002000
4.1520	-2295.0000	1820.0000	4115.0000	0.8627	0.002000
4.1540	-2293.0000	1822.0000	4115.0000	0.8627	0.002000
4.1560	-2291.0000	1824.0000	4115.0000	0.8627	0.002000
4.1580	-2290.0000	1825.0000	4115.0000	0.8627	0.002000
4.1600	-2288.0000	1827.0000	4115.0000	0.8627	0.002000
4.1620	-2286.0000	1829.0000	4115.0000	0.8627	0.002000
4.1640	-2284.0000	1831.0000	4115.0000	0.8627	0.002000
4.1660	-2283.0000	1832.0000	4115.0000	0.8627	0.002000
4.1680	-2281.0000	1834.0000	4115.0000	0.8627	0.002000
4.1700	-2279.0000	1836.0000	4115.0000	0.8627	0.002000
4.1720	-2278.0000	1837.0000	4115.0000	0.8627	0.002000
4.1740	-2276.0000	1839.0000	4115.0000	0.8627	0.002000
4.1760	-2274.0000	1841.0000	4115.0000	0.8627	0.002000
4.1780	-2272.0000	1843.0000	4115.0000	0.8627	0.002000
4.1800	-2271.0000	1844.0000	4115.0000	0.8627	0.002000
4.1820	-2269.0000	1846.0000	4115.0000	0.8627	0.002000
4.1840	-2267.0000	1848.0000	4115.0000	0.8627	0.002000
4.1860	-2265.0000	1850.0000	4115.0000	0.8627	0.002000
4.1880	-2264.0000	1851.0000	4115.0000	0.8627	0.002000
4.1900	-2262.0000	1853.0000	4115.0000	0.8627	0.002000
4.1920	-2260.0000	1855.0000	4115.0000	0.8627	0.002000
4.1940	-2259.0000	1856.0000	4115.0000	0.8627	0.002000
4.1960	-2257.0000	1858.0000	4115.0000	0.8627	0.002000
4.1980	-2255.0000	1860.0000	4115.0000	0.8627	0.002000
4.2000	-2253.0000	1862.0000	4115.0000	0.8627	0.002000
4.2020	-2252.0000	1863.0000	4115.0000	0.8627	0.002000
4.2040	-2250.0000	1865.0000	4115.0000	0.8627	0.002000
4.2060	-2248.0000	1867.0000	4115.0000	0.8627	0.002000
4.2080	-2247.0000	1868.0000	4115.0000	0.8627	0.002000
4.2100	-2245.0000	1870.0000	4115.0000	0.8627	0.002000
4.2120	-2243.0000	1872.0000	4115.0000	0.8627	0.002000
4.2140	-2241.0000	1874.0000	4115.0000	0.8627	0.002000
4.2160	-2240.0000	1875.0000	4115.0000	0.8627	0.002000
4.2180	-2238.0000	1877.0000	4115.0000	0.8627	0.002000
4.2200	-2236.0000	1879.0000	4115.0000	0.8627	0.002000
4.2220	-2235.0000	1880.0000	4115.0000	0.8627	0.002000
4.2240	-2233.0000	1882.0000	4115.0000	0.8627	0.002000
4.2260	-2231.0000	1884.0000	4115.0000	0.8627	0.002000
4.2280	-2229.0000	1886.0000	4115.0000	0.8627	0.002000
4.2300	-2228.0000	1887.0000	4115.0000	0.8627	0.002000
4.2320	-2226.0000	1889.0000	4115.0000	0.8627	0.002000
4.2340	-2224.0000	1891.0000	4115.0000	0.8627	0.002000
4.2360	-2222.0000	1893.0000	4115.0000	0.8627	0.002000
4.2380	-2220.0000	1895.0000	4115.0000	0.8627	0.002000
4.2400	-2219.0000	1896.0000	4115.0000	0.8627	0.002000
4.2420	-2217.0000	1898.0000	4115.0000	0.8627	0.002000
4.2440	-2215.0000	1900.0000	4115.0000	0.8627	0.002000
4.2460	-2214.0000	1901.0000	4115.0000	0.8627	0.002000
4.2480	-2212.0000	1903.0000	4115.0000	0.8627	0.002000
4.2500	-2210.0000	1905.0000	4115.0000	0.8627	0.002000
4.2520	-2208.0000	1907.0000	4115.0000	0.8627	0.002000
4.2540	-2207.0000	1908.0000	4115.0000	0.8627	0.002000
4.2560	-2205.0000	1910.0000	4115.0000	0.8627	0.002000
4.2580	-2203.0000	1912.0000	4115.0000	0.8627	0.002000
4.2600	-2202.0000	1913.0000	4115.0000	0.8627	0.002000
4.2620	-2200.0000	1915.0000	4115.0000	0.8627	0.002000
4.2640	-2198.0000	1917.0000	4115.0000	0.8627	0.002000
4.2660	-2196.0000	1919.0000	4115.0000	0.8627	0.002000
4.2680	-2195.0000	1920.0000	4115.0000	0.8627	0.002000
4.2700	-2193.0000	1922.0000	4115.0000	0.8627	0.002000
4.2720	-2191.0000	1924.0000	4115.0000	0.8627	0.002000
4.2740	-2189.0000	1926.0000	4115.0000	0.8627	0.002000
4.2760	-2188.0000	1927.0000	4115.0000	0.8627	0.002000
4.2780	-2186.0000	1929.0000	4115.0000	0.8627	0.002000
4.2800	-2184.0000	1931.0000	4115.0000	0.8627	0.002000
4.2820	-2183.0000	1932.0000	4115.0000	0.8627	0.002000
4.2840	-2181.0000	1934.0000	4115.0000	0.8627	0.002000
4.2860	-2179.0000	1936.0000	4115.0000	0.8627	0.002000
4.2880	-2177.0000	1938.0000	4115.0000	0.8627	0.002000
4.2900	-2176.0000	1939.0000	4115.0000	0.8627	0.002000
4.2920	-2174.0000	1941.0000	4115.0000	0.8627	0.002000
4.2940	-2172.0000	1943.0000	4115.0000	0.8627	0.002000
4.2960	-2171.0000	1944.0000	4115.0000	0.8627	0.002000
4.2980	-2169.0000	1946.0000	4115.0000	0.8627	0.002000
4.3000	-2167.0000	1948.0000	4115.0000	0.8627	0.002000
4.3020	-2165.0000	1950.0000	4115.0000	0.8627	0.002000
4.3040	-2164.0000	1951.0000	4115.0000	0.8627	0.002000
4.3060	-2162.0000	1953.0000	4115.0000	0.8627	0.002000
4.3080	-2160.0000	1955.0000	4115.0000	0.8627	0.002000
4.3100	-2158.0000	1957.0000	4115.0000	0.8627	0.002000
4.3120	-2157.0000	1958.0000	4115.0000	0.8627	0.002000
4.3140	-2155.0000	1960.0000	4115.0000	0.8627	0.002000
4.3160	-2153.0000	1962.0000	4115.0000	0.8627	0.002000
4.3180	-2151.0000	1964.0000	4115.0000	0.8627	0.002000
4.3200	-2150.0000	1965.0000	4115.0000	0.8627	0.002000
4.3220	-2148.0000	1967.0000	4115.0000	0.8627	0.002000
4.3240	-2146.0000	1969.0000	4115.0000	0.8627	0.002000
4.3260	-2144.0000	1971.0000	4115.0000	0.8627	0.002000
4.3280	-2143.0000	1972.0000	4115.0000	0.8627	0.002000
4.3300	-2141.0000	1974.0000	4115.0000	0.8627	0.002000
4.3320	-2139.0000	1976.0000	4115.0000	0.8627	0.002000
4.3340	-2138.0000	1977.0000	4115.0000	0.8627	0.002000
4.3360	-2136.0000	1979.0000	4115.0000	0.8627	0.002000
4.3380	-2134.0000	1981.0000	4115.0000	0.8627	0.002000
4.3400	-2132.0000	1983.0000	4115.0000	0.8627	0.002000
4.3420	-2131.0000	1984.0000	4115.0000	0.8627	0.002000
4.3440	-2129.0000	1986.0000	4115.0000	0.8627	0.002000
4.3460	-2127.0000	1988.0000	4115.0000	0.8627	0.002000
4.3480	-2126.0000	1989.0000	4115.0000	0.8627	0.002000
4.3500	-2124.0000	1991.0000	4115.0000	0.8627	0.002000
4.3520	-2122.0000	1993.0000	4115.0000	0.8627	0.002000
4.3540	-2120.0000	1995.0000	4115.0000	0.8627	0.002000
4.3560	-2119.0000	1996.0000	4115.0000	0.8627	0.002000
4.3580	-2117.0000	1998.0000	4115.0000	0.8627	0.002000
4.3600	-2115.0000	2000.0000	4115.0000	0.8627	0.002000
4.3620	-2113.0000	2002.0000	4115.0000	0.8627	0.002000
4.3640	-2112.0000	2003.0000	4115.0000	0.8627	0.002000
4.3660	-2110.0000	2005.0000	4115.0000	0.8627	0.002000
4.3680	-2108.0000	2007.0000	4115.0000	0.8627	0.002000
4.3700	-2107.0000	2008.0000	4115.0000	0.8627	0.002000
4.3720	-2105.0000	2010.0000	4115.0000	0.8627	0.002000
4.3740	-2103.0000	2012.0000	4115.0000	0.8627	0.002000
4.3760	-2101.0000	2014.0000	4115.0000	0.8627	0.002000
4.3780	-2100.0000	2015.0000	4115.0000	0.8627	0.002000
4.3800	-2098.0000	2017.0000	4115.0000	0.8627	0.002000
4.3820	-2096.0000	2019.0000	4115.0000	0.8627	0.002000
4.3840	-2095.0000	2020.0000	4115.0000	0.8627	0.002000
4.3860	-2093.0000	2022.0000	4115.0000	0.8627	0.002000
4.3880	-2091.0000	2024.0000	4115.0000	0.8627	0.002000
4.3900	-2089.0000	2026.0000	4115.0000	0.8627	0.002000
4.3920	-2087.0000	2028.0000	4115.0000	0.8627	0.002000
4.3940	-2086.0000	2029.0000	4115.0000	0.8627	0.002000
4.3960	-2084.0000	2031.0000	4115.0000	0.8627	0.002000
4.3980	-2082.0000	2033.0000	4115.0000	0.8627	0.002000
4.4000	-2080.0000	2035.0000	4115.0000	0.8627	0.002000
4.4020	-2079.0000	2036.0000	4115.0000	0.8627	0.002000
4.4040	-2077.0000	2038.0000	4115.0000	0.8627	0.002000
4.4060	-2075.0000	2040.0000	4115.0000	0.8627	0.002000
4.4080	-2074.0000	2041.0000	4115.0000	0.8627	0.002000
4.4100	-2072.0000	2043.0000	4115.0000	0.8627	0.002000
4.4120	-2070.0000	2045.0000	4115.0000	0.8627	0.002000
4.4140	-2068.0000	2047.0000	4115.0000	0.8627	0.002000
4.4160	-2067.0000	2048.0000	4115.0000	0.8627	0.002000
4.4180	-2065.0000	2050.0000	4115.0000	0.8627	0.002000
4.4200	-2063.0000	2052.0000	4115.0000	0.8627	0.002000
4.4220	-2062.0000	2053.0000	4115.0000	0.8627	0.002000
4.4240	-2060.0000	2055.0000	4115.0000	0.8627	0.002000
4.4260	-2058.0000	2057.0000	4115.0000	0.8627	0.002000
4.4280	-2056.0000	2059.0000	4115.0000	0.8627	0.002000
4.4300	-2055.0000	2060.0000	4115.0000	0.8627	0.002000
4.4320	-2053.0000	2062.0000	4115.0000	0.8627	0.002000
4.4340	-2051.0000	2064.0000	4115.0000	0.8627	0.002000
4.4360	-2049.0000	2066.0000	4115.0000	0.8627	0.002000
4.4380	-2048.0000	2067.0000	4115.0000	0.8627	0.002000
4.4400	-2046.0000	2069.0000	4115.0000	0.8627	0.002000
4.4420	-2044.0000	2071.0000	4115.0000	0.8627	0.002000
4.4440	-2043.0000	2072.0000	4115.0000	0.8627	0.002000
4.4460	-2041.0000	2074.0000	4115.0000	0.8627	0.002000
4.4480	-2039.0000	2076.0000	4115.0000	0.8627	0.002000
4.4500	-2037.0000	2078.0000	4115.0000	0.8627	0.002000
4.4520	-2036.0000	2079.0000	4115.0000	0.8627	0.002000
4.4540	-2034.0000	2081.0000	4115.0000	0.8627	0.002000
4.4560	-2032.0000	2083.0000	4115.0000	0.8627	0.002000
4.4580	-2031.0000	2084.0000	4115.0000	0.8627	0.002000
4.4600	-2029.0000	2086.0000	4115.0000	0.8627	0.002000
4.4620	-2027.0000	2088.0000	4115.0000	0.8627	0.002000
4.4640	-2025.0000	2090.0000	4115.0000	0.8627	0.002000
4.4660	-2023.0000	2092.0000	4115.0000	0.8627	0.002000
4.4680	-2022.0000	2093.0000	4115.0000	0.8627	0.002000
4.4700	-2020.0000	2095.0000	4115.0000	0.8627	0.002000
4.4720	-2018.0000	2097.0000	4115.0000	0.8627	0.002000
4.4740	-2016.0000	2099.0000	4115.0000	0.8627	0.002000
4.4760	-2015.0000	2100.0000	4115.0000	0.8627	0.002000
4.4780	-2013.0000	2102.0000	4115.0000	0.8627	0.002000
4.4800	-2011.0000	2104.0000	4115.0000	0.8627	0.002000
4.4820	-2010.0000	2105.0000	4115.0000	0.8627	0.002000
4.4840	-2008.0000	2107.0000	4115.0000	0.8627	0.002000
4.4860	-2006.0000	2109.0000	4115.0000	0.8627	0.002000
4.4880	-2004.0000	2111.0000	4115.0000	0.8627	0.002000
4.4900	-2003.0000	2112.0000	4115.0000	0.8627	0.002000
4.4920	-2001.0000	2114.0000	4115.0000	0.8627	0.002000
4.4940	-1999.0000	2116.0000	4115.0000	0.8627	0.002000
4.4960	-1998.0000	2117.0000	4115.0000	0.8627	0.002000
4.4980	-1996.0000	2119.0000	4115.0000	0.8627	0.002000
4.5000	-1994.0000	2121.0000	4115.0000	0.8627	0.002000
4.5020	-1992.0000	2123.0000	4115.0000	0.8627	0.002000
4.5040	-1991.0000	2124.0000	4115.0000	0.8627	0.002000
4.5060	-1989.0000	2126.0000	4115.0000	0.8627	0.002000
4.5080	-1987.0000	2128.0000	4115.0000	0.8627	0.002000
4.5100	-1985.0000	2130.0000	4115.0000	0.8627	0.002000
4.5120	-1984.0000	2131.0000	4115.0000	0.8627	0.002000
4.5140	-1982.0000	2133.0000	4115.0000	0.8627	0.002000
4.5160	-1980.0000	2135.0000	4115.0000	0.8627	0.002000
4.5180	-1979.0000	2136.0000	4115.0000	0.8627	0.002000
4.5200	-1977.0000	2138.0000	4115.0000	0.8627	0.002000
4.5220	-1975.0000	2140.0000	4115.0000	0.8627	0.002000
4.5240	-1973.0000	2142.0000	4115.0000	0.8627	0.002000
4.5260	-1972.0000	2143.0000	4115.0000	0.8627	0.002000
4.5280	-1970.0000	2145.0000	4115.0000	0.8627	0.002000
4.5300	-1968.0000	2147.0000	4115.0000	0.8627	0.002000
4.5320	-1967.0000	2148.0000	4115.0000	0.8627	0.002000
4.5340	-1965.0000	2150.0000	4115.0000	0.8627	0.002000
4.5360	-1963.0000	2152.0000	4115.0000	0.8627	0.002000
4.5380	-1961.0000	2154.0000	4115.0000	0.8627	0.002000
4.5400	-1959.0000	2156.0000	4115.0000	0.8627	0.002000
4.5420	-1958.0000	2157.0000	4115.0000	0.8627	0.002000
4.5440	-1956.0000	2159.0000	4115.0000	0.8627	0.002000
4.5460	-1954.0000	2161.0000	4115.0000	0.8627	0.002000
4.5480	-1952.0000	2163.0000	4115.0000	0.8627	0.002000
4.5500	-1951.0000	2164.0000	4115.0000	0.8627	0.002000
4.5520	-1949.0000	2166.0000	4115.0000	0.8627	0.002000
4.5540	-1947.0000	2168.0000	4115.0000	0.8627	0.002000
4.5560	-1946.0000	2169.0000	4115.0000	0.8627	0.002000
4.5580	-1944.0000	2171.0000	4115.0000	0.8627	0.002000
4.5600	-1942.0000	2173.0000	4115.0000	0.8627	0.002000
4.5620	-1940.0000	2175.0000	4115.0000	0.8627	0.002000
4.5640	-1939.0000	2176.0000	4115.0000	0.8627	0.002000
4.5660	-1937.0000	2178.0000	4115.0000	0.8627	0.002000
4.5680	-1935.0000	2180.0000	4115.0000	0.8627	0.002000
4.5700	-1934.0000	2181.0000	4115.0000	0.8627	0.002000
4.5720	-1932.0000	2183.0000	4115.0000	0.8627	0.002000
4.5740	-1930.0000	2185.0000	4115.0000	0.8627	0.002000
4.5760	-1928.0000	2187.0000	4115.0000	0.8627	0.002000
4.5780	-1927.0000	2188.0000	4115.0000	0.8627	0.002000
4.5800	-1925.0000	2190.0000	4115.0000	0.8627	0.002000
4.5820	-1923.0000	2192.0000	4115.0000	0.8627	0.002000
4.5840	-1921.0000	2194.0000	4115.0000	0.8627	0.002000
4.5860	-1920.0000	2195.0000	4115.0000	0.8627	0.002000
4.5880	-1918.0000	2197.0000	4115.0000	0.8627	0.002000
4.5900	-1916.0000	2199.0000	4115.0000	0.8627	0.002000
4.5920	-1915.0000	2200.0000	4115.0000	0.8627	0.002000
4.5940	-1913.0000	2202.0000	4115.0000	0.8627	0.002000
4.5960	-1911.0000	2204.0000	4115.0000	0.8627	0.002000
4.5980	-1909.0000	2206.0000	4115.0000	0.8627	0.002000
4.6000	-1908.0000	2207.0000	4115.0000	0.8627	0.002000
4.6020	-1906.0000	2209.0000	4115.0000	0.8627	0.002000
4.6040	-1904.0000	2211.0000	4115.0000	0.8627	0.002000
4.6060	-1903.0000	2212.0000	4115.0000	0.8627	0.002000
4.6080	-1901.0000	2214.0000	4115.0000	0.8627	0.002000
4.6100	-1899.0000	2216.0000	4115.0000	0.8627	0.002000
4.6120	-1897.0000	2218.0000	4115.0000	0.8627	0.002000
4.6140	-1895.0000	2220.0000	4115.0000	0.8627	0.002000
4.6160	-1894.0000	2221.0000	4115.0000	0.8627	0.002000
4.6180	-1892.0000	2223.0000	4115.0000	0.8627	0.002000
4.6200	-1890.0000	2225.0000	4115.0000	0.8627	0.002000
4.6220	-1888.0000	2227.0000	4115.0000	0.8627	0.002000
4.6240	-1887.0000	2228.0000	4115.0000	0.8627	0.002000
4.6260	-1885.0000	2230.0000	4115.0000	0.8627	0.002000
4.6280	-1883.0000	2232.0000	4115.0000	0.8627	0.002000
4.6300	-1882.0000	2233.0000	4115.0000	0.8627	0.002000
4.6320	-1880.0000	2235.0000	4115.0000	0.8627	0.002000
4.6340	-1878.0000	2237.0000	4115.0000	0.8627	0.002000
4.6360	-1876.0000	2239.0000	4115.0000	0.8627	0.002000
4.6380	-1875.0000	2240.0000	4115.0000	0.8627	0.002000
4.6400	-1873.0000	2242.0000	4115.0000	0.8627	0.002000
4.6420	-1871.0000	2244.0000	4115.0000	0.8627	0.002000
4.6440	-1870.0000	2245.0000	4115.0000	0.8627	0.002000
4.6460	-1868.0000	2247.0000	4115.0000	0.8627	0.002000
4.6480	-1866.0000	2249.0000	4115.0000	0.8627	0.002000
4.6500	-1864.0000	2251.0000	4115.0000	0.8627	0.002000
4.6520	-1863.0000	2252.0000	4115.0000	0.8627	0.002000
4.6540	-1861.0000	2254.0000	4115.0000	0.8627	0.002000
4.6560	-1859.0000	2256.0000	4115.0000	0.8627	0.002000
4.6580	-1857.0000	2258.0000	4115.0000	0.8627	0.002000
4.6600	-1856.0000	2259.0000	4115.0000	0.8627	0.002000
4.6620	-1854.0000	2261.0000	4115.0000	0.8627	0.002000
4.6640	-1852.0000	2263.0000	4115.0000	0.8627	0.002000
4.6660	-1851.0000	2264.0000	4115.0000	0.8627	0.002000
4.6680	-1849.0000	2266.0000	4115.0000	0.8627	0.002000
4.6700	-1847.0000	2268.0000	4115.0000	0.8627	0.002000
4.6720	-1845.0000	2270.0000	4115.0000	0.8627	0.002000
4.6740	-1844.0000	2271.0000	4115.0000	0.8627	0.002000
4.6760	-1842.0000	2273.0000	4115.0000	0.8627	0.002000
4.6780	-1840.0000	2275.0000	4115.0000	0.8627	0.002000
4.6800	-1839.0000	2276.0000	4115.0000	0.8627	0.002000
4.6820	-1837.0000	2278.0000	4115.0000	0.8627	0.002000
4.6840	-1835.0000	2280.0000	4115.0000	0.8627	0.002000
4.6860	-1833.0000	2282.0000	4115.0000	0.8627	0.002000
4.6880	-1831.0000	2284.0000	4115.0000	0.8627	0.002000
4.6900	-1830.0000	2285.0000	4115.0000	0.8627	0.002000
4.6920	-1828.0000	2287.0000	4115.0000	0.8627	0.002000
4.6940	-1826.0000	2289.0000	4115.0000	0.8627	0.002000
4.6960	-1824.0000	2291.0000	4115.0000	0.8627	0.002000
4.6980	-1823.0000	2292.0000	4115.0000	0.8627	0.002000
4.7000	-1821.0000	2294.0000	4115.0000	0.8627	0.002000
4.7020	-1819.0000	2296.0000	4115.0000	0.8627	0.002000
4.7040	-1818.0000	2297.0000	4115.0000	0.8627	0.002000
4.7060	-1816.0000	2299.0000	4115.0000	0.8627	0.002000
4.7080	-1814.0000	2301.0000	4115.0000	0.8627	0.002000
4.7100	-1812.0000	2303.0000	4115.0000	0.8627	0.002000
4.7120	-1811.0000	2304.0000	4115.0000	0.8627	0.002000
4.7140	-1809.0000	2306.0000	4115.0000	0.8627	0.002000
4.7160	-1807.0000	2308.0000	4115.0000	0.8627	0.002000
4.7180	-1806.0000	2309.0000	4115.0000	0.8627	0.002000
4.7200	-1804.0000	2311.0000	4115.0000	0.8627	0.002000
4.7220	-1802.0000	2313.0000	4115.0000	0.8627	0.002000
4.7240	-1800.0000	2315.0000	4115.0000	0.8627	0.002000
4.7260	-1799.0000	2316.0000	4115.0000	0.8627	0.002000
4.7280	-1797.0000	2318.0000	4115.0000	0.8627	0.002000
4.7300	-1795.0000	2320.0000	4115.0000	0.8627	0.002000
4.7320	-1793.0000	2322.0000	4115.0000	0.8627	0.002000
4.7340	-1792.0000	2323.0000	4115.0000	0.8627	0.002000
4.7360	-1790.0000	2325.0000	4115.0000	0.8627	0.002000
4.7380	-1788.0000	2327.0000	4115.0000	0.8627	0.002000
4.7400	-1787.0000	2328.0000	4115.0000	0.8627	0.002000
4.7420	-1785.0000	2330.0000	4115.0000	0.8627	0.002000
4.7440	-1783.0000	2332.0000	4115.0000	0.8627	0.002000
4.7460	-1781.0000	2334.0000	4115.0000	0.8627	0.002000
4.7480	-1780.0000	2335.0000	4115.0000	0.8627	0.002000
4.7500	-1778.0000	2337.0000	4115.0000	0.8627	0.002000
4.7520	-1776.0000	2339.0000	4115.0000	0.8627	0.002000
4.7540	-1775.0000	2340.0000	4115.0000	0.8627	0.002000
4.7560	-1773.0000	2342.0000	4115.0000	0.8627	0.002000
4.7580	-1771.0000	2344.0000	4115.0000	0.8627	0.002000
4.7600	-1769.0000	2346.0000	4115.0000	0.8627	0.002000
4.7620	-1767.0000	2348.0000	4115.0000	0.8627	0.002000
4.7640	-1766.0000	2349.0000	4115.0000	0.8627	0.002000
4.7660	-1764.0000	2351.0000	4115.0000	0.8627	0.002000
4.7680	-1762.0000	2353.0000	4115.0000	0.8627	0.002000
4.7700	-1761.0000	2354.0000	4115.0000	0.8627	0.002000
4.7720	-1759.0000	2356.0000	4115.0000	0.8627	0.002000
4.7740	-1757.0000	2358.0000	4115.0000	0.8627	0.002000
4.7760	-1755.0000	2360.0000	4115.0000	0.8627	0.002000
4.7780	-1754.0000	2361.0000	4115.0000	0.8627	0.002000
4.7800	-1752.0000	2363.0000	4115.0000	0.8627	0.002000
4.7820	-1750.0000	2365.0000	4115.0000	0.8627	0.002000
4.7840	-1748.0000	2367.0000	4115.0000	0.8627	0.002000
4.7860	-1747.0000	2368.0000	4115.0000	0.8627	0.002000
4.7880	-1745.0000	2370.0000	4115.0000	0.8627	0.002000
4.7900	-1743.0000	2372.0000	4115.0000	0.8627	0.002000
4.7920	-1742.0000	2373.0000	4115.0000	0.8627	0.002000
4.7940	-1740.0000	2375.0000	4115.0000	0.8627	0.002000
4.7960	-1738.0000	2377.0000	4115.0000	0.8627	0.002000
4.7980	-1736.0000	2379.0000	4115.0000	0.8627	0.002000
4.8000	-1735.0000	2380.0000	4115.0000	0.8627	0.002000
4.8020	-1733.0000	2382.0000	4115.0000	0.8627	0.002000
4.8040	-1731.0000	2384.0000	4115.0000	0.8627	0.002000
4.8060	-1729.0000	2386.0000	4115.0000	0.8627	0.002000
4.8080	-1728.0000	2387.0000	4115.0000	0.8627	0.002000
4.8100	-1726.0000	2389.0000	4115.0000	0.8627	0.002000
4.8120	-1724.0000	2391.0000	4115.0000	0.8627	0.002000
4.8140	-1723.0000	2392.0000	4115.0000	0.8627	0.002000
4.8160	-1721.0000	2394.0000	4115.0000	0.8627	0.002000
4.8180	-1719.0000	2396.0000	4115.0000	0.8627	0.002000
4.8200	-1717.0000	2398.0000	4115.0000	0.8627	0.002000
4.8220	-1716.0000	2399.0000	4115.0000	0.8627	0.002000
4.8240	-1714.0000	2401.0000	4115.0000	0.8627	0.002000
4.8260	-1712.0000	2403.0000	4115.0000	0.8627	0.002000
4.8280	-1711.0000	2404.0000	4115.0000	0.8627	0.002000
4.8300	-1709.0000	2406.0000	4115.0000	0.8627	0.002000
4.8320	-1707.0000	2408.0000	4115.0000	0.8627	0.002000
4.8340	-1705.0000	2410.0000	4115.0000	0.8627	0.002000
4.8360	-1703.0000	2412.0000	4115.0000	0.8627	0.002000
4.8380	-1702.0000	2413.0000	4115.0000	0.8627	0.002000
4.8400	-1700.0000	2415.0000	4115.0000	0.8627	0.002000
4.8420	-1698.0000	2417.0000	4115.0000	0.8627	0.002000
4.8440	-1696.0000	2419.0000	4115.0000	0.8627	0.002000
4.8460	-1695.0000	2420.0000	4115.0000	0.8627	0.002000
4.8480	-1693.0000	2422.0000	4115.0000	0.8627	0.002000
4.8500	-1691.0000	2424.0000	4115.0000	0.8627	0.002000
4.8520	-1690.0000	2425.0000	4115.0000	0.8627	0.002000
4.8540	-1688.0000	2427.0000	4115.0000	0.8627	0.002000
4.8560	-1686.0000	2429.0000	4115.0000	0.8627	0.002000
4.8580	-1684.0000	2431.0000	4115.0000	0.8627	0.002000
4.8600	-1683.0000	2432.0000	4115.0000	0.8627	0.002000
4.8620	-1681.0000	2434.0000	4115.0000	0.8627	0.002000
4.8640	-1679.0000	2436.0000	4115.0000	0.8627	0.002000
4.8660	-1678.0000	2437.0000	4115.0000	0.8627	0.002000
4.8680	-1676.0000	2439.0000	4115.0000	0.8627	0.002000
4.8700	-1674.0000	2441.0000	4115.0000	0.8627	0.002000
4.8720	-1672.0000	2443.0000	4115.0000	0.8627	0.002000
4.8740	-1671.0000	2444.0000	4115.0000	0.8627	0.002000
4.8760	-1669.0000	2446.0000	4115.0000	0.8627	0.002000
4.8780	-1667.0000	2448.0000	4115.0000	0.8627	0.002000
4.8800	-1665.0000	2450.0000	4115.0000	0.8627	0.002000
4.8820	-1664.0000	2451.0000	4115.0000	0.8627	0.002000
4.8840	-1662.0000	2453.0000	4115.0000	0.8627	0.002000
4.8860	-1660.0000	2455.0000	4115.0000	0.8627	0.002000
4.8880	-1659.0000	2456.0000	4115.0000	0.8627	0.002000
4.8900	-1657.0000	2458.0000	4115.0000	0.8627	0.002000
4.8920	-1655.0000	2460.0000	4115.0000	0.8627	0.002000
4.8940	-1653.0000	2462.0000	4115.0000	0.8627	0.002000
4.8960	-1652.0000	2463.0000	4115.0000	0.8627	0.002000
4.8980	-1650.0000	2465.0000	4115.0000	0.8627	0.002000
4.9000	-1648.0000	2467.0000	4115.0000	0.8627	0.002000
4.9020	-1647.0000	2468.0000	4115.0000	0.8627	0.002000
4.9040	-1645.0000	2470.0000	4115.0000	0.8627	0.002000
4.9060	-1643.0000	2472.0000	4115.0000	0.8627	0.002000
4.9080	-1641.0000	2474.0000	4115.0000	0.8627	0.002000
4.9100	-1639.0000	2476.0000	4115.0000	0.8627	0.002000
4.9120	-1638.0000	2477.0000	4115.0000	0.8627	0.002000
4.9140	-1636.0000	2479.0000	4115.0000	0.8627	0.002000
4.9160	-1634.0000	2481.0000	4115.0000	0.8627	0.002000
4.9180	-1632.0000	2483.0000	4115.0000	0.8627	0.002000
4.9200	-1631.0000	2484.0000	4115.0000	0.8627	0.002000
4.9220	-1629.0000	2486.0000	4115.0000	0.8627	0.002000
4.9240	-1627.0000	2488.0000	4115.0000	0.8627	0.002000
4.9260	-1626.0000	2489.0000	4115.0000	0.8627	0.002000
4.9280	-1624.0000	2491.0000	4115.0000	0.8627	0.002000
4.9300	-1622.0000	2493.0000	4115.0000	0.8627	0.002000
4.9320	-1620.0000	2495.0000	4115.0000	0.8627	0.002000
4.9340	-1619.0000	2496.0000	4115.0000	0.8627	0.002000
4.9360	-1617.0000	2498.0000	4115.0000	0.8627	0.002000
4.9380	-1615.0000	2500.0000	4115.0000	0.8627	0.002000
4.9400	-1614.0000	2501.0000	4115.0000	0.8627	0.002000
4.9420	-1612.0000	2503.0000	4115.0000	0.8627	0.002000
4.9440	-1610.0000	2505.0000	4115.0000	0.8627	0.002000
4.9460	-1608.0000	2507.0000	4115.0000	0.8627	0.002000
4.9480	-1607.0000	2508.0000	4115.0000	0.8627	0.002000
4.9500	-1605.0000	2510.0000	4115.0000	0.8627	0.002000
4.9520	-1603.0000	2512.0000	4115.0000	0.8627	0.002000
4.9540	-1601.0000	2514.0000	4115.0000	0.8627	0.002000
4.9560	-1600.0000	2515.0000	4115.0000	0.8627	0.002000
4.9580	-1598.0000	2517.0000	4115.0000	0.8627	0.002000
4.9600	-1596.0000	2519.0000	4115.0000	0.8627	0.002000
4.9620	-1595.0000	2520.0000	4115.0000	0.8627	0.002000
4.9640	-1593.0000	2522.0000	4115.0000	0.8627	0.002000
4.9660	-1591.0000	2524.0000	4115.0000	0.8627	0.002000
4.9680	-1589.0000	2526.0000	4115.0000	0.8627	0.002000
4.9700	-1588.0000	2527.0000	4115.0000	0.8627	0.002000
4.9720	-1586.0000	2529.0000	4115.0000	0.8627	0.002000
4.9740	-1584.0000	2531.0000	4115.0000	0.8627	0.002000
4.9760	-1583.0000	2532.0000	4115.0000	0.8627	0.002000
4.9780	-1581.0000	2534.0000	4115.0000	0.8627	0.002000
4.9800	-1579.0000	2536.0000	4115.0000	0.8627	0.002000
4.9820	-1577.0000	2538.0000	4115.0000	0.8627	0.002000
4.9840	-1575.0000	2540.0000	4115.0000	0.8627	0.002000
4.9860	-1574.0000	2541.0000	4115.0000	0.8627	0.002000
4.9880	-1572.0000	2543.0000	4115.0000	0.8627	0.002000
4.9900	-1570.0000	2545.0000	4115.0000	0.8627	0.002000
4.9920	-1568.0000	2547.0000	4115.0000	0.8627	0.002000
4.9940	-1567.0000	2548.0000	4115.0000	0.8627	0.002000
4.9960	-1565.0000	2550.0000	4115.0000	0.8627	0.002000
4.9980	-1563.0000	2552.0000	4115.0000	0.8627	0.002000
5.0000	-1562.0000	2553.0000	4115.0000	0.8627	0.002000
5.0020	-1560.0000	2555.0000	4115.0000	0.8627	0.002000
5.0040	-1558.0000	2557.0000	4115.0000	0.8627	0.002000
5.0060	-1556.0000	2559.0000	4115.0000	0.8627	0.002000
5.0080	-1555.0000	2560.0000	4115.0000	0.8627	0.002000
5.0100	-1553.0000	2562.0000	4115.0000	0.8627	0.002000
5.0120	-1551.0000	2564.0000	4115.0000	0.8627	0.002000
5.0140	-1550.0000	2565.0000	4115.0000	0.8627	0.002000
5.0160	-1548.0000	2567.0000	4115.0000	0.8627	0.002000
5.0180	-1546.0000	2569.0000	4115.0000	0.8627	0.002000
5.0200	-1544.0000	2571.0000	4115.0000	0.8627	0.002000
5.0220	-1543.0000	2572.0000	4115.0000	0.8627	0.002000
5.0240	-1541.0000	2574.0000	4115.0000	0.8627	0.002000
5.0260	-1539.0000	2576.0000	4115.0000	0.8627	0.002000
5.0280	-1537.0000	2578.0000	4115.0000	0.8627	0.002000
5.0300	-1536.0000	2579.0000	4115.0000	0.8627	0.002000
5.0320	-1534.0000	2581.0000	4115.0000	0.8627	0.002000
5.0340	-1532.0000	2583.0000	4115.0000	0.8627	0.002000
5.0360	-1531.0000	2584.0000	4115.0000	0.8627	0.002000
5.0380	-1529.0000	2586.0000	4115.0000	0.8627	0.002000
5.0400	-1527.0000	2588.0000	4115.0000	0.8627	0.002000
5.0420	-1525.0000	2590.0000	4115.0000	0.8627	0.002000
5.0440	-1524.0000	2591.0000	4115.0000	0.8627	0.002000
5.0460	-1522.0000	2593.0000	4115.0000	0.8627	0.002000
5.0480	-1520.0000	2595.0000	4115.0000	0.8627	0.002000
5.0500	-1518.0000	2597.0000	4115.0000	0.8627	0.002000
5.0520	-1517.0000	2598.0000	4115.0000	0.8627	0.002000
5.0540	-1515.0000	2600.0000	4115.0000	0.8627	0.002000
5.0560	-1513.0000	2602.0000	4115.0000	0.8627	0.002000
5.0580	-1511.0000	2604.0000	4115.0000	0.8627	0.002000
5.0600	-1510.0000	2605.0000	4115.0000	0.8627	0.002000
5.0620	-1508.0000	2607.0000	4115.0000	0.8627	0.002000
5.0640	-1506.0000	2609.0000	4115.0000	0.8627	0.002000
5.0660	-1504.0000	2611.0000	4115.0000	0.8627	0.002000
5.0680	-1503.0000	2612.0000	4115.0000	0.8627	0.002000
5.0700	-1501.0000	2614.0000	4115.0000	0.8627	0.002000
5.0720	-1499.0000	2616.0000	4115.0000	0.8627	0.002000
5.0740	-1498.0000	2617.0000	4115.0000	0.8627	0.002000
5.0760	-1496.0000	2619.0000	4115.0000	0.8627	0.002000
5.0780	-1494.0000	2621.0000	4115.0000	0.8627	0.002000
5.0800	-1492.0000	2623.0000	4115.0000	0.8627	0.002000
5.0820	-1491.0000	2624.0000	4115.0000	0.8627	0.002000
5.0840	-1489.0000	2626.0000	4115.0000	0.8627	0.002000
5.0860	-1487.0000	2628.0000	4115.0000	0.8627	0.002000
5.0880	-1486.0000	2629.0000	4115.0000	0.8627	0.002000
5.0900	-1484.0000	2631.0000	4115.0000	0.8627	0.002000
5.0920	-1482.0000	2633.0000	4115.0000	0.8627	0.002000
5.0940	-1480.0000	2635.0000	4115.0000	0.8627	0.002000
5.0960	-1479.0000	2636.0000	4115.0000	0.8627	0.002000
5.0980	-1477.0000	2638.0000	4115.0000	0.8627	0.002000
5.1000	-1475.0000	2640.0000	4115.0000	0.8627	0.002000
5.1020	-1473.0000	2642.0000	4115.0000	0.8627	0.002000
5.1040	-1472.0000	2643.0000	4115.0000	0.8627	0.002000
5.1060	-1470.0000	2645.0000	4115.0000	0.8627	0.002000
5.1080	-1468.0000	2647.0000	4115.0000	0.8627	0.002000
5.1100	-1467.0000	2648.0000	4115.0000	0.8627	0.002000
5.1120	-1465.0000	2650.0000	4115.0000	0.8627	0.002000
5.1140	-1463.0000	2652.0000	4115.0000	0.8627	0.002000
5.1160	-1461.0000	2654.0000	4115.0000	0.8627	0.002000
5.1180	-1460.0000	2655.0000	4115.0000	0.8627	0.002000
5.1200	-1458.0000	2657.0000	4115.0000	0.8627	0.002000
5.1220	-1456.0000	2659.0000	4115.0000	0.8627	0.002000
5.1240	-1454.0000	2661.0000	4115.0000	0.8627	0.002000
5.1260	-1453.0000	2662.0000	4115.0000	0.8627	0.002000
5.1280	-1451.0000	2664.0000	4115.0000	0.8627	0.002000
5.1300	-1449.0000	2666.0000	4115.0000	0.8627	0.002000
5.1320	-1447.0000	2668.0000	4115.0000	0.8627	0.002000
5.1340	-1446.0000	2669.0000	4115.0000	0.8627	0.002000
5.1360	-1444.0000	2671.0000	4115.0000	0.8627	0.002000
5.1380	-1442.0000	2673.0000	4115.0000	0.8627	0.002000
5.1400	-1440.0000	2675.0000	4115.0000	0.8627	0.002000
5.1420	-1439.0000	2676.0000	4115.0000	0.8627	0.002000
5.1440	-1437.0000	2678.0000	4115.0000	0.8627	0.002000
5.1460	-1435.0000	2680.0000	4115.0000	0.8627	0.002000
5.1480	-1434.0000	2681.0000	4115.0000	0.8627	0.002000
5.1500	-1432.0000	2683.0000	4115.0000	0.8627	0.002000
5.1520	-1430.0000	2685.0000	4115.0000	0.8627	0.002000
5.1540	-1428.0000	2687.0000	4115.0000	0.8627	0.002000
5.1560	-1427.0000	2688.0000	4115.0000	0.8627	0.002000
5.1580	-1425.0000	2690.0000	4115.0000	0.8627	0.002000
5.1600	-1423.0000	2692.0000	4115.0000	0.8627	0.002000
5.1620	-1421.0000	2694.0000	4115.0000	0.8627	0.002000
5.1640	-1420.0000	2695.0000	4115.0000	0.8627	0.002000
5.1660	-1418.0000	2697.0000	4115.0000	0.8627	0.002000
5.1680	-1416.0000	2699.0000	4115.0000	0.8627	0.002000
5.1700	-1415.0000	2700.0000	4115.0000	0.8627	0.002000
5.1720	-1413.0000	2702.0000	4115.0000	0.8627	0.002000
5.1740	-1411.0000	2704.0000	4115.0000	0.8627	0.002000
5.1760	-1409.0000	2706.0000	4115.0000	0.8627	0.002000
5.1780	-1408.0000	2707.0000	4115.0000	0.8627	0.002000
5.1800	-1406.0000	2709.0000	4115.0000	0.8627	0.002000
5.1820	-1404.0000	2711.0000	4115.0000	0.8627	0.002000
5.1840	-1403.0000	2712.0000	4115.0000	0.8627	0.002000
5.1860	-1401.0000	2714.0000	4115.0000	0.8627	0.002000
5.1880	-1399.0000	2716.0000	4115.0000	0.8627	0.002000
5.1900	-1397.0000	2718.0000	4115.0000	0.8627	0.002000
5.1920	-1396.0000	2719.0000	4115.0000	0.8627	0.002000
5.1940	-1394.0000	2721.0000	4115.0000	0.8627	0.002000
5.1960	-1392.0000	2723.0000	4115.0000	0.8627	0.002000
5.1980	-1390.0000	2725.0000	4115.0000	0.8627	0.002000
5.2000	-1388.0000	2727.0000	4115.0000	0.8627	0.002000
5.2020	-1387.0000	2728.0000	4115.0000	0.8627	0.002000
5.2040	-1385.0000	2730.0000	4115.0000	0.8627	0.002000
5.2060	-1383.0000	2732.0000	4115.0000	0.8627	0.002000
5.2080	-1382.0000	2733.0000	4115.0000	0.8627	0.002000
5.2100	-1380.0000	2735.0000	4115.0000	0.8627	0.002000
5.2120	-1378.0000	2737.0000	4115.0000	0.8627	0.002000
5.2140	-1376.0000	2739.0000	4115.0000	0.8627	0.002000
5.2160	-1375.0000	2740.0000	4115.0000	0.8627	0.002000
5.2180	-1373.0000	2742.0000	4115.0000	0.8627	0.002000
5.2200	-1371.0000	2744.0000	4115.0000	0.8627	0.002000
5.2220	-1370.0000	2745.0000	4115.0000	0.8627	0.002000
5.2240	-1368.0000	2747.0000	4115.0000	0.8627	0.002000
5.2260	-1366.0000	2749.0000	4115.0000	0.8627	0.002000
5.2280	-1364.0000	2751.0000	4115.0000	0.8627	0.002000
5.2300	-1363.0000	2752.0000	4115.0000	0.8627	0.002000
5.2320	-1361.0000	2754.0000	4115.0000	0.8627	0.002000
5.2340	-1359.0000	2756.0000	4115.0000	0.8627	0.002000
5.2360	-1357.0000	2758.0000	4115.0000	0.8627	0.002000
5.2380	-1356.0000	2759.0000	4115.0000	0.8627	0.002000
5.2400	-1354.0000	2761.0000	4115.0000	0.8627	0.002000
5.2420	-1352.0000	2763.0000	4115.0000	0.8627	0.002000
5.2440	-1351.0000	2764.0000	4115.0000	0.8627	0.002000
5.2460	-1349.0000	2766.0000	4115.0000	0.8627	0.002000
5.2480	-1347.0000	2768.0000	4115.0000	0.8627	0.002000
5.2500	-1345.0000	2770.0000	4115.0000	0.8627	0.002000
5.2520	-1344.0000	2771.0000	4115.0000	0.8627	0.002000
5.2540	-1342.0000	2773.0000	4115.0000	0.8627	0.002000
5.2560	-1340.0000	2775.0000	4115.0000	0.8627	0.002000
5.2580	-1338.0000	2777.0000	4115.0000	0.8627	0.002000
5.2600	-1337.0000	2778.0000	4115.0000	0.8627	0.002000
5.2620	-1335.0000	2780.0000	4115.0000	0.8627	0.002000
5.2640	-1333.0000	2782.0000	4115.0000	0.8627	0.002000
5.2660	-1331.0000	2784.0000	4115.0000	0.8627	0.002000
5.2680	-1330.0000	2785.0000	4115.0000	0.8627	0.002000
5.2700	-1328.0000	2787.0000	4115.0000	0.8627	0.002000
5.2720	-1326.0000	2789.0000	4115.0000	0.8627	0.002000
5.2740	-1324.0000	2791.0000	4115.0000	0.8627	0.002000
5.2760	-1323.0000	2792.0000	4115.0000	0.8627	0.002000
5.2780	-1321.0000	2794.0000	4115.0000	0.8627	0.002000
5.2800	-1319.0000	2796.0000	4115.0000	0.8627	0.002000
5.2820	-1318.0000	2797.0000	4115.0000	0.8627	0.002000
5.2840	-1316.0000	2799.0000	4115.0000	0.8627	0.002000
5.2860	-1314.0000	2801.0000	4115.0000	0.8627	0.002000
5.2880	-1312.0000	2803.0000	4115.0000	0.8627	0.002000
5.2900	-1311.0000	2804.0000	4115.0000	0.8627	0.002000
5.2920	-1309.0000	2806.0000	4115.0000	0.8627	0.002000
5.2940	-1307.0000	2808.0000	4115.0000	0.8627	0.002000
5.2960	-1305.0000	2810.0000	4115.0000	0.8627	0.002000
5.2980	-1304.0000	2811.0000	4115.0000	0.8627	0.002000
5.3000	-1302.0000	2813.0000	4115.0000	0.8627	0.002000
5.3020	-1300.0000	2815.0000	4115.0000	0.8627	0.002000
5.3040	-1299.0000	2816.0000	4115.0000	0.8627	0.002000
5.3060	-1297.0000	2818.0000	4115.0000	0.8627	0.002000
5.3080	-1295.0000	2820.0000	4115.0000	0.8627	0.002000
5.3100	-1293.0000	2822.0000	4115.0000	0.8627	0.002000
5.3120	-1292.0000	2823.0000	4115.0000	0.8627	0.002000
5.3140	-1290.0000	2825.0000	4115.0000	0.8627	0.002000
5.3160	-1288.0000	2827.0000	4115.0000	0.8627	0.002000
5.3180	-1286.0000	2829.0000	4115.0000	0.8627	0.002000
5.3200	-1285.0000	2830.0000	4115.0000	0.8627	0.002000
5.3220	-1283.0000	2832.0000	4115.0000	0.8627	0.002000
5.3240	-1281.0000	2834.0000	4115.0000	0.8627	0.002000
5.3260	-1279.0000	2836.0000	4115.0000	0.8627	0.002000
5.3280	-1278.0000	2837.0000	4115.0000	0.8627	0.002000
5.3300	-1276.0000	2839.0000	4115.0000	0.8627	0.002000
5.3320	-1274.0000	2841.0000	4115.0000	0.8627	0.002000
5.3340	-1272.0000	2843.0000	4115.0000	0.8627	0.002000
5.3360	-1271.0000	2844.0000	4115.0000	0.8627	0.002000
5.3380	-1269.0000	2846.0000	4115.0000	0.8627	0.002000
5.3400	-1267.0000	2848.0000	4115.0000	0.8627	0.002000
5.3420	-1266.0000	2849.0000	4115.0000	0.8627	0.002000
5.3440	-1264.0000	2851.0000	4115.0000	0.8627	0.002000
5.3460	-1262.0000	2853.0000	4115.0000	0.8627	0.002000
5.3480	-1260.0000	2855.0000	4115.0000	0.8627	0.002000
5.3500	-1259.0000	2856.0000	4115.0000	0.8627	0.002000
5.3520	-1257.0000	2858.0000	4115.0000	0.8627	0.002000
5.3540	-1255.0000	2860.0000	4115.0000	0.8627	0.002000
5.3560	-1254.0000	2861.0000	4115.0000	0.8627	0.002000
5.3580	-1252.0000	2863.0000	4115.0000	0.8627	0.002000
5.3600	-1250.0000	2865.0000	4115.0000	0.8627	0.002000
5.3620	-1248.0000	2867.0000	4115.0000	0.8627	0.002000
5.3640	-1247.0000	2868.0000	4115.0000	0.8627	0.002000
5.3660	-1245.0000	2870.0000	4115.0000	0.8627	0.002000
5.3680	-1243.0000	2872.0000	4115.0000	0.8627	0.002000
5.3700	-1241.0000	2874.0000	4115.0000	0.8627	0.002000
5.3720	-1240.0000	2875.0000	4115.0000	0.8627	0.002000
5.3740	-1238.0000	2877.0000	4115.0000	0.8627	0.002000
5.3760	-1236.0000	2879.0000	4115.0000	0.8627	0.002000
5.3780	-1235.0000	2880.0000	4115.0000	0.8627	0.002000
5.3800	-1233.0000	2882.0000	4115.0000	0.8627	0.002000
5.3820	-1231.0000	2884.0000	4115.0000	0.8627	0.002000
5.3840	-1229.0000	2886.0000	4115.0000	0.8627	0.002000
5.3860	-1228.0000	2887.0000	4115.0000	0.8627	0.002000
5.3880	-1226.0000	2889.0000	4115.0000	0.8627	0.002000
5.3900	-1224.0000	2891.0000	4115.0000	0.8627	0.002000
5.3920	-1222.0000	2893.0000	4115.0000	0.8627	0.002000
5.3940	-1221.0000	2894.0000	4115.0000	0.8627	0.002000
5.3960	-1219.0000	2896.0000	4115.0000	0.8627	0.002000
5.3980	-1217.0000	2898.0000	4115.0000	0.8627	0.002000
5.4000	-1215.0000	2900.0000	4115.0000	0.8627	0.002000
5.4020	-1214.0000	2901.0000	4115.0000	0.8627	0.002000
5.4040	-1212.0000	2903.0000	4115.0000	0.8627	0.002000
5.4060	-1210.0000	2905.0000	4115.0000	0.8627	0.002000
5.4080	-1208.0000	2907.0000	4115.0000	0.8627	0.002000
5.4100	-1207.0000	2908.0000	4115.0000	0.8627	0.002000
5.4120	-1205.0000	2910.0000	4115.0000	0.8627	0.002000
5.4140	-1203.0000	2912.0000	4115.0000	0.8627	0.002000
5.4160	-1202.0000	2913.0000	4115.0000	0.8627	0.002000
5.4180	-1200.0000	2915.0000	4115.0000	0.8627	0.002000
5.4200	-1198.0000	2917.0000	4115.0000	0.8627	0.002000
5.4220	-1196.0000	2919.0000	4115.0000	0.8627	0.002000
5.4240	-1195.0000	2920.0000	4115.0000	0.8627	0.002000
5.4260	-1193.0000	2922.0000	4115.0000	0.8627	0.002000
5.4280	-1191.0000	2924.0000	4115.0000	0.8627	0.002000
5.4300	-1190.0000	2925.0000	4115.0000	0.8627	0.002000
5.4320	-1188.0000	2927.0000	4115.0000	0.8627	0.002000
5.4340	-1186.0000	2929.0000	4115.0000	0.8627	0.002000
5.4360	-1184.0000	2931.0000	4115.0000	0.8627	0.002000
5.4380	-1183.0000	2932.0000	4115.0000	0.8627	0.002000
5.4400	-1181.0000	2934.0000	4115.0000	0.8627	0.002000
5.4420	-1179.0000	2936.0000	4115.0000	0.8627	0.002000
5.4440	-1177.0000	2938.0000	4115.0000	0.8627	0.002000
5.4460	-1176.0000	2939.0000	4115.0000	0.8627	0.002000
5.4480	-1174.0000	2941.0000	4115.0000	0.8627	0.002000
5.4500	-1172.0000	2943.0000	4115.0000	0.8627	0.002000
5.4520	-1171.0000	2944.0000	4115.0000	0.8627	0.002000
5.4540	-1169.0000	2946.0000	4115.0000	0.8627	0.002000
5.4560	-1167.0000	2948.0000	4115.0000	0.8627	0.002000
5.4580	-1165.0000	2950.0000	4115.0000	0.8627	0.002000
5.4600	-1164.0000	2951.0000	4115.0000	0.8627	0.002000
5.4620	-1162.0000	2953.0000	4115.0000	0.8627	0.002000
5.4640	-1160.0000	2955.0000	4115.0000	0.8627	0.002000
5.4660	-1158.0000	2957.0000	4115.0000	0.8626	0.002000
5.4680	-1157.0000	2958.0000	4115.0000	0.8627	0.002000
5.4700	-1155.0000	2960.0000	4115.0000	0.8627	0.002000
5.4720	-1153.0000	2962.0000	4115.0000	0.8626	0.002000
5.4740	-1151.0000	2964.0000	4115.0000	0.8626	0.002000
5.4760	-1150.0000	2965.0000	4115.0000	0.8626	0.002000
5.4780	-1148.0000	2967.0000	4115.0000	0.8626	0.002000
5.4800	-1146.0000	2969.0000	4115.0000	0.8626	0.002000
5.4820	-1144.0000	2971.0000	4115.0000	0.8626	0.002000
5.4840	-1143.0000	2972.0000	4115.0000	0.8626	0.002000
5.4860	-1141.0000	2974.0000	4115.0000	0.8626	0.002000
5.4880	-1139.0000	2976.0000	4115.0000	0.8626	0.002000
5.4900	-1138.0000	2977.0000	4115.0000	0.8626	0.002000
5.4920	-1136.0000	2979.0000	4115.0000	0.8626	0.002000
5.4940	-1134.0000	2981.0000	4115.0000	0.8626	0.002000
5.4960	-1132.0000	2983.0000	4115.0000	0.8626	0.002000
5.4980	-1131.0000	2984.0000	4115.0000	0.8626	0.002000
5.5000	-1129.0000	2986.0000	4115.0000	0.8626	0.002000
5.5020	-1127.0000	2988.0000	4115.0000	0.8626	0.002000
5.5040	-1126.0000	2989.0000	4115.0000	0.8626	0.002000
5.5060	-1124.0000	2991.0000	4115.0000	0.8626	0.002000
5.5080	-1122.0000	2993.0000	4115.0000	0.8626	0.002000
5.5100	-1120.0000	2995.0000	4115.0000	0.8626	0.002000
5.5120	-1119.0000	2996.0000	4115.0000	0.8626	0.002000
5.5140	-1117.0000	2998.0000	4115.0000	0.8626	0.002000
5.5160	-1115.0000	3000.0000	4115.0000	0.8626	0.002000
5.5180	-1113.0000	3002.0000	4115.0000	0.8626	0.002000
5.5200	-1112.0000	3003.0000	4115.0000	0.8626	0.002000
5.5220	-1110.0000	3005.0000	4115.0000	0.8626	0.002000
5.5240	-1108.0000	3007.0000	4115.0000	0.8626	0.002000
5.5260	-1107.0000	3008.0000	4115.0000	0.8626	0.002000
5.5280	-1105.0000	3010.0000	4115.0000	0.8626	0.002000
5.5300	-1103.0000	3012.0000	4115.0000	0.8626	0.002000
5.5320	-1101.0000	3014.0000	4115.0000	0.8626	0.002000
5.5340	-1100.0000	3015.0000	4115.0000	0.8626	0.002000
5.5360	-1098.0000	3017.0000	4115.0000	0.8626	0.002000
5.5380	-1096.0000	3019.0000	4115.0000	0.8626	0.002000
5.5400	-1094.0000	3021.0000	4115.0000	0.8626	0.002000
5.5420	-1093.0000	3022.0000	4115.0000	0.8626	0.002000
5.5440	-1091.0000	3024.0000	4115.0000	0.8626	0.002000
5.5460	-1089.0000	3026.0000	4115.0000	0.8626	0.002000
5.5480	-1087.0000	3028.0000	4115.0000	0.8625	0.002000
5.5500	-1086.0000	3029.0000	4115.0000	0.8625	0.002000
5.5520	-1084.0000	3031.0000	4115.0000	0.8626	0.002000
5.5540	-1082.0000	3033.0000	4115.0000	0.8625	0.002000
5.5560	-1080.0000	3035.0000	4115.0000	0.8625	0.002000
5.5580	-1079.0000	3036.0000	4115.0000	0.8625	0.002000
5.5600	-1077.0000	3038.0000	4115.0000	0.8625	0.002000
5.5620	-1075.0000	3040.0000	4115.0000	0.8625	0.002000
5.5640	-1074.0000	3041.0000	4115.0000	0.8625	0.002000
5.5660	-1072.0000	3043.0000	4115.0000	0.8625	0.002000
5.5680	-1070.0000	3045.0000	4115.0000	0.8625	0.002000
5.5700	-1068.0000	3047.0000	4115.0000	0.8625	0.002000
5.5720	-1067.0000	3048.0000	4115.0000	0.8625	0.002000
5.5740	-1065.0000	3050.0000	4115.0000	0.8625	0.002000
5.5760	-1063.0000	3052.0000	4115.0000	0.8625	0.002000
5.5780	-1062.0000	3053.0000	4115.0000	0.8625	0.002000
5.5800	-1060.0000	3055.0000	4115.0000	0.8625	0.002000
5.5820	-1058.0000	3057.0000	4115.0000	0.8625	0.002000
5.5840	-1056.0000	3059.0000	4115.0000	0.8625	0.002000
5.5860	-1055.0000	3060.0000	4115.0000	0.8625	0.002000
5.5880	-1053.0000	3062.0000	4115.0000	0.8625	0.002000
5.5900	-1051.0000	3064.0000	4115.0000	0.8625	0.002000
5.5920	-1049.0000	3066.0000	4115.0000	0.8624	0.002000
5.5940	-1048.0000	3067.0000	4115.0000	0.8625	0.002000
5.5960	-1046.0000	3069.0000	4115.0000	0.8625	0.002000
5.5980	-1044.0000	3071.0000	4115.0000	0.8624	0.002000
5.6000	-1043.0000	3072.0000	4115.0000	0.8625	0.002000
5.6020	-1041.0000	3074.0000	4115.0000	0.8625	0.002000
5.6040	-1039.0000	3076.0000	4115.0000	0.8624	0.002000
5.6060	-1037.0000	3078.0000	4115.0000	0.8624	0.002000
5.6080	-1036.0000	3079.0000	4115.0000	0.8624	0.002000
5.6100	-1034.0000	3081.0000	4115.0000	0.8624	0.002000
5.6120	-1032.0000	3083.0000	4115.0000	0.8624	0.002000
5.6140	-1030.0000	3085.0000	4115.0000	0.8624	0.002000
5.6160	-1029.0000	3086.0000	4115.0000	0.8624	0.002000
5.6180	-1027.0000	3088.0000	4115.0000	0.8624	0.002000
5.6200	-1025.0000	3090.0000	4115.0000	0.8624	0.002000
5.6220	-1023.0000	3092.0000	4115.0000	0.8624	0.002000
5.6240	-1022.0000	3093.0000	4115.0000	0.8624	0.002000
5.6260	-1020.0000	3095.0000	4115.0000	0.8624	0.002000
5.6280	-1018.0000	3097.0000	4115.0000	0.8624	0.002000
5.6300	-1016.0000	3099.0000	4115.0000	0.8624	0.002000
5.6320	-1015.0000	3100.0000	4115.0000	0.8624	0.002000
5.6340	-1013.0000	3102.0000	4115.0000	0.8624	0.002000
5.6360	-1011.0000	3104.0000	4115.0000	0.8623	0.002000
5.6380	-1010.0000	3105.0000	4115.0000	0.8624	0.002000
5.6400	-1008.0000	3107.0000	4115.0000	0.8624	0.002000
5.6420	-1006.0000	3109.0000	4115.0000	0.8623	0.002000
5.6440	-1004.0000	3111.0000	4115.0000	0.8623	0.002000
5.6460	-1003.0000	3112.0000	4115.0000	0.8623	0.002000
5.6480	-1001.0000	3114.0000	4115.0000	0.8623	0.002000
5.6500	-999.0000	3116.0000	4115.0000	0.8623	0.002000
5.6520	-998.0000	3117.0000	4115.0000	0.8623	0.002000
5.6540	-996.0000	3119.0000	4115.0000	0.8623	0.002000
5.6560	-994.0000	3121.0000	4115.0000	0.8623	0.002000
5.6580	-992.0000	3123.0000	4115.0000	0.8622	0.002000
5.6600	-991.0000	3124.0000	4115.0000	0.8623	0.002000
5.6620	-989.0000	3126.0000	4115.0000	0.8623	0.002000
5.6640	-987.0000	3128.0000	4115.0000	0.8622	0.002000
5.6660	-985.0000	3130.0000	4115.0000	0.8622	0.002000
5.6680	-984.0000	3131.0000	4115.0000	0.8622	0.002000
5.6700	-982.0000	3133.0000	4115.0000	0.8622	0.002000
5.6720	-980.0000	3135.0000	4115.0000	0.8622	0.002000
5.6740	-979.0000	3136.0000	4115.0000	0.8622	0.002000
5.6760	-977.0000	3138.0000	4115.0000	0.8622	0.002000
5.6780	-975.0000	3140.0000	4115.0000	0.8622	0.002000
5.6800	-973.0000	3142.0000	4115.0000	0.8622	0.002000
5.6820	-972.0000	3143.0000	4115.0000	0.8622	0.002000
5.6840	-970.0000	3145.0000	4115.0000	0.8621	0.002000
5.6860	-968.0000	3147.0000	4115.0000	0.8621	0.002000
5.6880	-966.0000	3149.0000	4115.0000	0.8621	0.002000
5.6900	-965.0000	3150.0000	4115.0000	0.8621	0.002000
5.6920	-963.0000	3152.0000	4115.0000	0.8621	0.002000
5.6940	-961.0000	3154.0000	4115.0000	0.8621	0.002000
5.6960	-959.0000	3156.0000	4115.0000	0.8620	0.002000
5.6980	-958.0000	3157.0000	4115.0000	0.8620	0.002000
5.7000	-956.0000	3159.0000	4115.0000	0.8621	0.002000
5.7020	-954.0000	3161.0000	4115.0000	0.8620	0.002000
5.7040	-952.0000	3163.0000	4115.0000	0.8620	0.002000
5.7060	-951.0000	3164.0000	4115.0000	0.8620	0.002000
5.7080	-949.0000	3166.0000	4115.0000	0.8620	0.002000
5.7100	-947.0000	3168.0000	4115.0000	0.8620	0.002000
5.7120	-946.0000	3169.0000	4115.0000	0.8620	0.002000
5.7140	-944.0000	3171.0000	4115.0000	0.8620	0.002000
5.7160	-942.0000	3173.0000	4115.0000	0.8620	0.002000
5.7180	-940.0000	3175.0000	4115.0000	0.8619	0.002000
5.7200	-939.0000	3176.0000	4115.0000	0.8619	0.002000
5.7220	-937.0000	3178.0000	4115.0000	0.8619	0.002000
5.7240	-935.0000	3180.0000	4115.0000	0.8619	0.002000
5.7260	-934.0000	3181.0000	4115.0000	0.8619	0.002000
5.7280	-932.0000	3183.0000	4115.0000	0.8619	0.002000
5.7300	-930.0000	3185.0000	4115.0000	0.8619	0.002000
5.7320	-928.0000	3187.0000	4115.0000	0.8618	0.002000
5.7340	-927.0000	3188.0000	4115.0000	0.8619	0.002000
5.7360	-925.0000	3190.0000	4115.0000	0.8618	0.002000
5.7380	-923.0000	3192.0000	4115.0000	0.8617	0.002000
5.7400	-921.0000	3194.0000	4115.0000	0.8617	0.002000
5.7420	-920.0000	3195.0000	4115.0000	0.8617	0.002000
5.7440	-918.0000	3197.0000	4115.0000	0.8617	0.002000
5.7460	-916.0000	3199.0000	4115.0000	0.8617	0.002000
5.7480	-915.0000	3200.0000	4115.0000	0.8617	0.002000
5.7500	-913.0000	3202.0000	4115.0000	0.8617	0.002000
5.7520	-911.0000	3204.0000	4115.0000	0.8617	0.002000
5.7540	-909.0000	3206.0000	4115.0000	0.8616	0.002000
5.7560	-908.0000	3207.0000	4115.0000	0.8616	0.002000
5.7580	-906.0000	3209.0000	4115.0000	0.8617	0.002000
5.7600	-904.0000	3211.0000	4115.0000	0.8616	0.002000
5.7620	-902.0000	3213.0000	4115.0000	0.8615	0.002000
5.7640	-901.0000	3214.0000	4115.0000	0.8615	0.002000
5.7660	-899.0000	3216.0000	4115.0000	0.8616	0.002000
5.7680	-897.0000	3218.0000	4115.0000	0.8615	0.002000
5.7700	-895.0000	3220.0000	4115.0000	0.8614	0.002000
5.7720	-894.0000	3221.0000	4115.0000	0.8615	0.002000
5.7740	-892.0000	3223.0000	4115.0000	0.8615	0.002000
5.7760	-890.0000	3225.0000	4115.0000	0.8614	0.002000
5.7780	-888.0000	3227.0000	4115.0000	0.8613	0.002000
5.7800	-887.0000	3228.0000	4115.0000	0.8614	0.002000
5.7820	-885.0000	3230.0000	4115.0000	0.8614	0.002000
5.7840	-883.0000	3232.0000	4115.0000	0.8613	0.002000
5.7860	-882.0000	3233.0000	4115.0000	0.8614	0.002000
5.7880	-880.0000	3235.0000	4115.0000	0.8614	0.002000
5.7900	-878.0000	3237.0000	4115.0000	0.8613	0.002000
5.7920	-876.0000	3239.0000	4115.0000	0.8612	0.002000
5.7940	-875.0000	3240.0000	4115.0000	0.8613	0.002000
5.7960	-873.0000	3242.0000	4115.0000	0.8612	0.002000
5.7980	-871.0000	3244.0000	4115.0000	0.8611	0.002000
5.8000	-870.0000	3245.0000	4115.0000	0.8611	0.002000
5.8020	-868.0000	3247.0000	4115.0000	0.8612	0.002000
5.8040	-866.0000	3249.0000	4115.0000	0.8611	0.002000
5.8060	-864.0000	3251.0000	4115.0000	0.8609	0.002000
5.8080	-863.0000	3252.0000	4115.0000	0.8610	0.002000
5.8100	-861.0000	3254.0000	4115.0000	0.8610	0.002000
5.8120	-859.0000	3256.0000	4115.0000	0.8609	0.002000
5.8140	-857.0000	3258.0000	4115.0000	0.8608	0.002000
5.8160	-856.0000	3259.0000	4115.0000	0.8609	0.002000
5.8180	-854.0000	3261.0000	4115.0000	0.8609	0.002000
5.8200	-852.0000	3263.0000	4115.0000	0.8608	0.002000
5.8220	-851.0000	3264.0000	4115.0000	0.8609	0.002000
5.8240	-849.0000	3266.0000	4115.0000	0.8609	0.002000
5.8260	-847.0000	3268.0000	4115.0000	0.8608	0.002000
5.8280	-845.0000	3270.0000	4115.0000	0.8607	0.002000
5.8300	-844.0000	3271.0000	4115.0000	0.8607	0.002000
5.8320	-842.0000	3273.0000	4115.0000	0.8606	0.002000
5.8340	-840.0000	3275.0000	4115.0000	0.8605	0.002000
5.8360	-838.0000	3277.0000	4115.0000	0.8603	0.002000
5.8380	-837.0000	3278.0000	4115.0000	0.8604	0.002000
5.8400	-835.0000	3280.0000	4115.0000	0.8604	0.002000
5.8420	-833.0000	3282.0000	4115.0000	0.8603	0.002000
5.8440	-831.0000	3284.0000	4115.0000	0.8601	0.002000
5.8460	-830.0000	3285.0000	4115.0000	0.8602	0.002000
5.8480	-828.0000	3287.0000	4115.0000	0.8603	0.002000
5.8500	-826.0000	3289.0000	4115.0000	0.8601	0.002000
5.8520	-824.0000	3291.0000	4115.0000	0.8599	0.002000
5.8540	-823.0000	3292.0000	4115.0000	0.8600	0.002000
5.8560	-821.0000	3294.0000	4115.0000	0.8601	0.002000
5.8580	-819.0000	3296.0000	4115.0000	0.8599	0.002000
5.8600	-818.0000	3297.0000	4115.0000	0.8600	0.002000
5.8620	-816.0000	3299.0000	4115.0000	0.8601	0.002000
5.8640	-814.0000	3301.0000	4115.0000	0.8599	0.002000
5.8660	-812.0000	3303.0000	4115.0000	0.8597	0.002000
5.8680	-811.0000	3304.0000	4115.0000	0.8598	0.002000
5.8700	-809.0000	3306.0000	4115.0000	0.8599	0.002000
5.8720	-807.0000	3308.0000	4115.0000	0.8597	0.002000
5.8740	-806.0000	3309.0000	4115.0000	0.8598	0.002000
5.8760	-804.0000	3311.0000	4115.0000	0.8599	0.002000
5.8780	-802.0000	3313.0000	4115.0000	0.8597	0.002000
5.8800	-800.0000	3315.0000	4115.0000	0.8595	0.002000
5.8820	-799.0000	3316.0000	4115.0000	0.8596	0.002000
5.8840	-797.0000	3318.0000	4115.0000	0.8594	0.002000
5.8860	-795.0000	3320.0000	4115.0000	0.8592	0.002000
5.8880	-793.0000	3322.0000	4115.0000	0.8589	0.002000
5.8900	-792.0000	3323.0000	4115.0000	0.8590	0.002000
5.8920	-790.0000	3325.0000	4115.0000	0.8591	0.002000
5.8940	-788.0000	3327.0000	4115.0000	0.8589	0.002000
5.8960	-787.0000	3328.0000	4115.0000	0.8590	0.002000
5.8980	-785.0000	3330.0000	4115.0000	0.8591	0.002000
5.9000	-783.0000	3332.0000	4115.0000	0.8589	0.002000
5.9020	-781.0000	3334.0000	4115.0000	0.8586	0.002000
5.9040	-780.0000	3335.0000	4115.0000	0.8587	0.002000
5.9060	-778.0000	3337.0000	4115.0000	0.8588	0.002000
5.9080	-776.0000	3339.0000	4115.0000	0.8586	0.002000
5.9100	-774.0000	3341.0000	4115.0000	0.8583	0.002000
5.9120	-773.0000	3342.0000	4115.0000	0.8585	0.002000
5.9140	-771.0000	3344.0000	4115.0000	0.8586	0.002000
5.9160	-769.0000	3346.0000	4115.0000	0.8583	0.002000
5.9180	-768.0000	3347.0000	4115.0000	0.8584	0.002000
5.9200	-766.0000	3349.0000	4115.0000	0.8585	0.002000
5.9220	-764.0000	3351.0000	4115.0000	0.8583	0.002000
5.9240	-762.0000	3353.0000	4115.0000	0.8580	0.002000
5.9260	-760.0000	3355.0000	4115.0000	0.8577	0.002000
5.9280	-759.0000	3356.0000	4115.0000	0.8578	0.002000
5.9300	-757.0000	3358.0000	4115.0000	0.8575	0.002000
5.9320	-755.0000	3360.0000	4115.0000	0.8572	0.002000
5.9340	-754.0000	3361.0000	4115.0000	0.8573	0.002000
5.9360	-752.0000	3363.0000	4115.0000	0.8575	0.002000
5.9380	-750.0000	3365.0000	4115.0000	0.8571	0.002000
5.9400	-748.0000	3367.0000	4115.0000	0.8568	0.002000
5.9420	-747.0000	3368.0000	4115.0000	0.8569	0.002000
5.9440	-745.0000	3370.0000	4115.0000	0.8571	0.002000
5.9460	-743.0000	3372.0000	4115.0000	0.8567	0.002000
5.9480	-742.0000	3373.0000	4115.0000	0.8569	0.002000
5.9500	-740.0000	3375.0000	4115.0000	0.8570	0.002000
5.9520	-738.0000	3377.0000	4115.0000	0.8567	0.002000
5.9540	-736.0000	3379.0000	4115.0000	0.8563	0.002000
5.9560	-735.0000	3380.0000	4115.0000	0.8565	0.002000
5.9580	-733.0000	3382.0000	4115.0000	0.8566	0.002000
5.9600	-731.0000	3384.0000	4115.0000	0.8563	0.002000
5.9620	-730.0000	3385.0000	4115.0000	0.8564	0.002000
5.9640	-728.0000	3387.0000	4115.0000	0.8566	0.002000
5.9660	-726.0000	3389.0000	4115.0000	0.8562	0.002000
5.9680	-724.0000	3391.0000	4115.0000	0.8558	0.002000
5.9700	-723.0000	3392.0000	4115.0000	0.8560	0.002000
5.9720	-721.0000	3394.0000	4115.0000	0.8556	0.002000
5.9740	-719.0000	3396.0000	4115.0000	0.8551	0.002000
5.9760	-717.0000	3398.0000	4115.0000	0.8546	0.002000
5.9780	-716.0000	3399.0000	4115.0000	0.8548	0.002000
5.9800	-714.0000	3401.0000	4115.0000	0.8550	0.002000
5.9820	-712.0000	3403.0000	4115.0000	0.8545	0.002000
5.9840	-711.0000	3404.0000	4115.0000	0.8548	0.002000
5.9860	-709.0000	3406.0000	4115.0000	0.8550	0.002000
5.9880	-707.0000	3408.0000	4115.0000	0.8545	0.002000
5.9900	-705.0000	3410.0000	4115.0000	0.8540	0.002000
5.9920	-704.0000	3411.0000	4115.0000	0.8542	0.002000
5.9940	-702.0000	3413.0000	4115.0000	0.8544	0.002000
5.9960	-700.0000	3415.0000	4115.0000	0.8539	0.002000
5.9980	-699.0000	3416.0000	4115.0000	0.8542	0.002000
6.0000	-697.0000	3418.0000	4115.0000	0.8544	0.002000
6.0020	-695.0000	3420.0000	4115.0000	0.8539	0.002000
6.0040	-693.0000	3422.0000	4115.0000	0.8533	0.002000
6.0060	-692.0000	3423.0000	4115.0000	0.8535	0.002000
6.0080	-690.0000	3425.0000	4115.0000	0.8530	0.002000
6.0100	-688.0000	3427.0000	4115.0000	0.8523	0.002000
6.0120	-687.0000	3428.0000	4115.0000	0.8526	0.002000
6.0140	-685.0000	3430.0000	4115.0000	0.8529	0.002000
6.0160	-683.0000	3432.0000	4115.0000	0.8523	0.002000
6.0180	-681.0000	3434.0000	4115.0000	0.8516	0.002000
6.0200	-680.0000	3435.0000	4115.0000	0.8519	0.002000
6.0220	-678.0000	3437.0000	4115.0000	0.8522	0.002000
6.0240	-676.0000	3439.0000	4115.0000	0.8515	0.002000
6.0260	-675.0000	3440.0000	4115.0000	0.8518	0.002000
6.0280	-673.0000	3442.0000	4115.0000	0.8521	0.002000
6.0300	-671.0000	3444.0000	4115.0000	0.8515	0.002000
6.0320	-669.0000	3446.0000	4115.0000	0.8507	0.002000
6.0340	-668.0000	3447.0000	4115.0000	0.8511	0.002000
6.0360	-666.0000	3449.0000	4115.0000	0.8503	0.002000
6.0380	-664.0000	3451.0000	4115.0000	0.8495	0.002000
6.0400	-663.0000	3452.0000	4115.0000	0.8499	0.002000
6.0420	-661.0000	3454.0000	4115.0000	0.8503	0.002000
6.0440	-659.0000	3456.0000	4115.0000	0.8495	0.002000
6.0460	-658.0000	3457.0000	4115.0000	0.8498	0.002000
6.0480	-656.0000	3459.0000	4115.0000	0.8502	0.002000
6.0500	-654.0000	3461.0000	4115.0000	0.8494	0.002000
6.0520	-652.0000	3463.0000	4115.0000	0.8485	0.002000
6.0540	-651.0000	3464.0000	4115.0000	0.8489	0.002000
6.0560	-649.0000	3466.0000	4115.0000	0.8481	0.002000
6.0580	-647.0000	3468.0000	4115.0000	0.8471	0.002000
6.0600	-646.0000	3469.0000	4115.0000	0.8475	0.002000
6.0620	-644.0000	3471.0000	4115.0000	0.8480	0.002000
6.0640	-642.0000	3473.0000	4115.0000	0.8470	0.002000
6.0660	-640.0000	3475.0000	4115.0000	0.8460	0.002000
6.0680	-639.0000	3476.0000	4115.0000	0.8465	0.002000
6.0700	-637.0000	3478.0000	4115.0000	0.8469	0.002000
6.0720	-635.0000	3480.0000	4115.0000	0.8459	0.002000
6.0740	-634.0000	3481.0000	4115.0000	0.8464	0.002000
6.0760	-632.0000	3483.0000	4115.0000	0.8468	0.002000
6.0780	-630.0000	3485.0000	4115.0000	0.8458	0.002000
6.0800	-628.0000	3487.0000	4115.0000	0.8447	0.002000
6.0820	-627.0000	3488.0000	4115.0000	0.8452	0.002000
6.0840	-625.0000	3490.0000	4115.0000	0.8441	0.002000
6.0860	-624.0000	3491.0000	4115.0000	0.8446	0.002000
6.0880	-622.0000	3493.0000	4115.0000	0.8451	0.002000
6.0900	-620.0000	3495.0000	4115.0000	0.8440	0.002000
6.0920	-619.0000	3496.0000	4115.0000	0.8446	0.002000
6.0940	-617.0000	3498.0000	4115.0000	0.8434	0.002000
6.0960	-615.0000	3500.0000	4115.0000	0.8422	0.002000
6.0980	-613.0000	3502.0000	4115.0000	0.8409	0.002000
6.1000	-612.0000	3503.0000	4115.0000	0.8415	0.002000
6.1020	-610.0000	3505.0000	4115.0000	0.8402	0.002000
6.1040	-608.0000	3507.0000	4115.0000	0.8387	0.002000
6.1060	-607.0000	3508.0000	4115.0000	0.8394	0.002000
6.1080	-605.0000	3510.0000	4115.0000	0.8400	0.002000
6.1100	-603.0000	3512.0000	4115.0000	0.8386	0.002000
6.1120	-602.0000	3513.0000	4115.0000	0.8392	0.002000
6.1140	-600.0000	3515.0000	4115.0000	0.8399	0.002000
6.1160	-598.0000	3517.0000	4115.0000	0.8384	0.002000
6.1180	-597.0000	3518.0000	4115.0000	0.8391	0.002000
6.1200	-595.0000	3520.0000	4115.0000	0.8398	0.002000
6.1220	-593.0000	3522.0000	4115.0000	0.8383	0.002000
6.1240	-592.0000	3523.0000	4115.0000	0.8390	0.002000
6.1260	-590.0000	3525.0000	4115.0000	0.8375	0.002000
6.1280	-588.0000	3527.0000	4115.0000	0.8359	0.002000
6.1300	-587.0000	3528.0000	4115.0000	0.8367	0.002000
6.1320	-585.0000	3530.0000	4115.0000	0.8351	0.002000
6.1340	-583.0000	3532.0000	4115.0000	0.8333	0.002000
6.1360	-582.0000	3533.0000	4115.0000	0.8341	0.002000
6.1380	-580.0000	3535.0000	4115.0000	0.8349	0.002000
6.1400	-578.0000	3537.0000	4115.0000	0.8332	0.002000
6.1420	-577.0000	3538.0000	4115.0000	0.8340	0.002000
6.1440	-575.0000	3540.0000	4115.0000	0.8348	0.002000
6.1460	-573.0000	3542.0000	4115.0000	0.8330	0.002000
6.1480	-572.0000	3543.0000	4115.0000	0.8339	0.002000
6.1500	-570.0000	3545.0000	4115.0000	0.8321	0.002000
6.1520	-568.0000	3547.0000	4115.0000	0.8301	0.002000
6.1540	-567.0000	3548.0000	4115.0000	0.8310	0.002000
6.1560	-565.0000	3550.0000	4115.0000	0.8291	0.002000
6.1580	-563.0000	3552.0000	4115.0000	0.8269	0.002000
6.1600	-562.0000	3553.0000	4115.0000	0.8279	0.002000
6.1620	-560.0000	3555.0000	4115.0000	0.8289	0.002000
6.1640	-559.0000	3556.0000	4115.0000	0.8298	0.002000
6.1660	-557.0000	3558.0000	4115.0000	0.8308	0.002000
6.1680	-555.0000	3560.0000	4115.0000	0.8288	0.002000
6.1700	-554.0000	3561.0000	4115.0000	0.8297	0.002000
6.1720	-552.0000	3563.0000	4115.0000	0.8277	0.002000
6.1740	-550.0000	3565.0000	4115.0000	0.8255	0.002000
6.1760	-549.0000	3566.0000	4115.0000	0.8266	0.002000
6.1780	-547.0000	3568.0000	4115.0000	0.8243	0.002000
6.1800	-546.0000	3569.0000	4115.0000	0.8254	0.002000
6.1820	-544.0000	3571.0000	4115.0000	0.8264	0.002000
6.1840	-542.0000	3573.0000	4115.0000	0.8242	0.002000
6.1860	-541.0000	3574.0000	4115.0000	0.8253	0.002000
6.1880	-539.0000	3576.0000	4115.0000	0.8230	0.002000
6.1900	-537.0000	3578.0000	4115.0000	0.8205	0.002000
6.1920	-536.0000	3579.0000	4115.0000	0.8217	0.002000
6.1940	-534.0000	3581.0000	4115.0000	0.8191	0.002000
6.1960	-532.0000	3583.0000	4115.0000	0.8164	0.002000
6.1980	-531.0000	3584.0000	4115.0000	0.8177	0.002000
6.2000	-529.0000	3586.0000	4115.0000	0.8149	0.002000
6.2020	-528.0000	3587.0000	4115.0000	0.8162	0.002000
6.2040	-526.0000	3589.0000	4115.0000	0.8175	0.002000
6.2060	-524.0000	3591.0000	4115.0000	0.8147	0.002000
6.2080	-523.0000	3592.0000	4115.0000	0.8161	0.002000
6.2100	-521.0000	3594.0000	4115.0000	0.8132	0.002000
6.2120	-520.0000	3595.0000	4115.0000	0.8146	0.002000
6.2140	-518.0000	3597.0000	4115.0000	0.8159	0.002000
6.2160	-516.0000	3599.0000	4115.0000	0.8130	0.002000
6.2180	-515.0000	3600.0000	4115.0000	0.8145	0.002000
6.2200	-513.0000	3602.0000	4115.0000	0.8115	0.002000
6.2220	-512.0000	3603.0000	4115.0000	0.8130	0.002000
6.2240	-510.0000	3605.0000	4115.0000	0.8100	0.002000
6.2260	-509.0000	3606.0000	4115.0000	0.8115	0.002000
6.2280	-507.0000	3608.0000	4115.0000	0.8084	0.002000
6.2300	-505.0000	3610.0000	4115.0000	0.8050	0.002000
6.2320	-504.0000	3611.0000	4115.0000	0.8066	0.002000
6.2340	-502.0000	3613.0000	4115.0000	0.8032	0.002000
6.2360	-501.0000	3614.0000	4115.0000	0.8049	0.002000
6.2380	-499.0000	3616.0000	4115.0000	0.8065	0.002000
6.2400	-498.0000	3617.0000	4115.0000	0.8081	0.002000
6.2420	-496.0000	3619.0000	4115.0000	0.8048	0.002000
6.2440	-495.0000	3620.0000	4115.0000	0.8065	0.002000
6.2460	-493.0000	3622.0000	4115.0000	0.8031	0.002000
6.2480	-491.0000	3624.0000	4115.0000	0.7995	0.002000
6.2500	-490.0000	3625.0000	4115.0000	0.8013	0.002000
6.2520	-488.0000	3627.0000	4115.0000	0.7975	0.002000
6.2540	-487.0000	3628.0000	4115.0000	0.7994	0.002000
6.2560	-485.0000	3630.0000	4115.0000	0.7956	0.002000
6.2580	-484.0000	3631.0000	4115.0000	0.7975	0.002000
6.2600	-482.0000	3633.0000	4115.0000	0.7936	0.002000
6.2620	-480.0000	3635.0000	4115.0000	0.7893	0.002000
6.2640	-479.0000	3636.0000	4115.0000	0.7914	0.002000
6.2660	-477.0000	3638.0000	4115.0000	0.7871	0.002000
6.2680	-476.0000	3639.0000	4115.0000	0.7892	0.002000
6.2700	-474.0000	3641.0000	4115.0000	0.7911	0.002000
6.2720	-473.0000	3642.0000	4115.0000	0.7932	0.002000
6.2740	-471.0000	3644.0000	4115.0000	0.7891	0.002000
6.2760	-470.0000	3645.0000	4115.0000	0.7912	0.002000
6.2780	-468.0000	3647.0000	4115.0000	0.7870	0.002000
6.2800	-467.0000	3648.0000	4115.0000	0.7891	0.002000
6.2820	-465.0000	3650.0000	4115.0000	0.7848	0.002000
6.2840	-463.0000	3652.0000	4115.0000	0.7800	0.002000
6.2860	-462.0000	3653.0000	4115.0000	0.7823	0.002000
6.2880	-460.0000	3655.0000	4115.0000	0.7775	0.002000
6.2900	-459.0000	3656.0000	4115.0000	0.7799	0.002000
6.2920	-457.0000	3658.0000	4115.0000	0.7750	0.002000
6.2940	-456.0000	3659.0000	4115.0000	0.7774	0.002000
6.2960	-454.0000	3661.0000	4115.0000	0.7724	0.002000
6.2980	-453.0000	3662.0000	4115.0000	0.7749	0.002000
6.3000	-451.0000	3664.0000	4115.0000	0.7698	0.002000
6.3020	-450.0000	3665.0000	4115.0000	0.7724	0.002000
6.3040	-448.0000	3667.0000	4115.0000	0.7671	0.002000
6.3060	-447.0000	3668.0000	4115.0000	0.7698	0.002000
6.3080	-445.0000	3670.0000	4115.0000	0.7644	0.002000
6.3100	-444.0000	3671.0000	4115.0000	0.7671	0.002000
6.3120	-442.0000	3673.0000	4115.0000	0.7616	0.002000
6.3140	-441.0000	3674.0000	4115.0000	0.7644	0.002000
6.3160	-439.0000	3676.0000	4115.0000	0.7670	0.002000
6.3180	-438.0000	3677.0000	4115.0000	0.7697	0.002000
6.3200	-436.0000	3679.0000	4115.0000	0.7643	0.002000
6.3220	-435.0000	3680.0000	4115.0000	0.7671	0.002000
6.3240	-433.0000	3682.0000	4115.0000	0.7615	0.002000
6.3260	-432.0000	3683.0000	4115.0000	0.7644	0.002000
6.3280	-431.0000	3684.0000	4115.0000	0.7673	0.002000
6.3300	-429.0000	3686.0000	4115.0000	0.7700	0.002000
6.3320	-427.0000	3688.0000	4115.0000	0.7645	0.002000
6.3340	-426.0000	3689.0000	4115.0000	0.7673	0.002000
6.3360	-424.0000	3691.0000	4115.0000	0.7617	0.002000
6.3380	-423.0000	3692.0000	4115.0000	0.7645	0.002000
6.3400	-422.0000	3693.0000	4115.0000	0.7674	0.002000
6.3420	-420.0000	3695.0000	4115.0000	0.7620	0.002000
6.3440	-419.0000	3696.0000	4115.0000	0.7649	0.002000
6.3460	-417.0000	3698.0000	4115.0000	0.7592	0.002000
6.3480	-416.0000	3699.0000	4115.0000	0.7621	0.002000
6.3500	-414.0000	3701.0000	4115.0000	0.7563	0.002000
6.3520	-413.0000	3702.0000	4115.0000	0.7503	0.002000
6.3540	-411.0000	3704.0000	4115.0000	0.7438	0.002000
6.3560	-410.0000	3705.0000	4115.0000	0.7471	0.002000
6.3580	-408.0000	3707.0000	4115.0000	0.7403	0.002000
6.3600	-407.0000	3708.0000	4115.0000	0.7437	0.002000
6.3620	-406.0000	3709.0000	4115.0000	0.7472	0.002000
6.3640	-404.0000	3711.0000	4115.0000	0.7406	0.002000
6.3660	-403.0000	3712.0000	4115.0000	0.7441	0.002000
6.3680	-401.0000	3714.0000	4115.0000	0.7373	0.002000
6.3700	-400.0000	3715.0000	4115.0000	0.7408	0.002000
6.3720	-399.0000	3716.0000	4115.0000	0.7444	0.002000
6.3740	-397.0000	3718.0000	4115.0000	0.7377	0.002000
6.3760	-396.0000	3719.0000	4115.0000	0.7413	0.002000
6.3780	-394.0000	3721.0000	4115.0000	0.7344	0.002000
6.3800	-393.0000	3722.0000	4115.0000	0.7380	0.002000
6.3820	-391.0000	3724.0000	4115.0000	0.7309	0.002000
6.3840	-390.0000	3725.0000	4115.0000	0.7236	0.002000
6.3860	-389.0000	3726.0000	4115.0000	0.7276	0.002000
6.3880	-387.0000	3728.0000	4115.0000	0.7199	0.002000
6.3900	-386.0000	3729.0000	4115.0000	0.7239	0.002000
6.3920	-384.0000	3731.0000	4115.0000	0.7161	0.002000
6.3940	-383.0000	3732.0000	4115.0000	0.7202	0.002000
6.3960	-382.0000	3733.0000	4115.0000	0.7243	0.002000
6.3980	-380.0000	3735.0000	4115.0000	0.7165	0.002000
6.4000	-379.0000	3736.0000	4115.0000	0.7207	0.002000
6.4020	-378.0000	3737.0000	4115.0000	0.7249	0.002000
6.4040	-376.0000	3739.0000	4115.0000	0.7172	0.002000
6.4060	-375.0000	3740.0000	4115.0000	0.7213	0.002000
6.4080	-373.0000	3742.0000	4115.0000	0.7134	0.002000
6.4100	-372.0000	3743.0000	4115.0000	0.7053	0.002000
6.4120	-371.0000	3744.0000	4115.0000	0.7097	0.002000
6.4140	-369.0000	3746.0000	4115.0000	0.7012	0.002000
6.4160	-368.0000	3747.0000	4115.0000	0.7057	0.002000
6.4180	-367.0000	3748.0000	4115.0000	0.7103	0.002000
6.4200	-365.0000	3750.0000	4115.0000	0.7019	0.002000
6.4220	-364.0000	3751.0000	4115.0000	0.7064	0.002000
6.4240	-363.0000	3752.0000	4115.0000	0.7110	0.002000
6.4260	-361.0000	3754.0000	4115.0000	0.7026	0.002000
6.4280	-360.0000	3755.0000	4115.0000	0.6941	0.002000
6.4300	-359.0000	3756.0000	4115.0000	0.6989	0.002000
6.4320	-357.0000	3758.0000	4115.0000	0.6899	0.002000
6.4340	-356.0000	3759.0000	4115.0000	0.6947	0.002000
6.4360	-355.0000	3760.0000	4115.0000	0.6996	0.002000
6.4380	-353.0000	3762.0000	4115.0000	0.6907	0.002000
6.4400	-352.0000	3763.0000	4115.0000	0.6815	0.002000
6.4420	-351.0000	3764.0000	4115.0000	0.6867	0.002000
6.4440	-349.0000	3766.0000	4115.0000	0.6771	0.002000
6.4460	-348.0000	3767.0000	4115.0000	0.6822	0.002000
6.4480	-347.0000	3768.0000	4115.0000	0.6874	0.002000
6.4500	-345.0000	3770.0000	4115.0000	0.6779	0.002000
6.4520	-344.0000	3771.0000	4115.0000	0.6681	0.002000
6.4540	-343.0000	3772.0000	4115.0000	0.6736	0.002000
6.4560	-341.0000	3774.0000	4115.0000	0.6634	0.002000
6.4580	-340.0000	3775.0000	4115.0000	0.6688	0.002000
6.4600	-339.0000	3776.0000	4115.0000	0.6743	0.002000
6.4620	-338.0000	3777.0000	4115.0000	0.6799	0.002000
6.4640	-336.0000	3779.0000	4115.0000	0.6701	0.002000
6.4660	-335.0000	3780.0000	4115.0000	0.6601	0.002000
6.4680	-334.0000	3781.0000	4115.0000	0.6659	0.002000
6.4700	-332.0000	3783.0000	4115.0000	0.6553	0.002000
6.4720	-331.0000	3784.0000	4115.0000	0.6445	0.002000
6.4740	-330.0000	3785.0000	4115.0000	0.6506	0.002000
6.4760	-328.0000	3787.0000	4115.0000	0.6393	0.002000
6.4780	-327.0000	3788.0000	4115.0000	0.6453	0.002000
6.4800	-326.0000	3789.0000	4115.0000	0.6514	0.002000
6.4820	-325.0000	3790.0000	4115.0000	0.6575	0.002000
6.4840	-324.0000	3791.0000	4115.0000	0.6636	0.002000
6.4860	-322.0000	3793.0000	4115.0000	0.6531	0.002000
6.4880	-321.0000	3794.0000	4115.0000	0.6424	0.002000
6.4900	-320.0000	3795.0000	4115.0000	0.6486	0.002000
6.4920	-319.0000	3796.0000	4115.0000	0.6548	0.002000
6.4940	-317.0000	3798.0000	4115.0000	0.6440	0.002000
6.4960	-316.0000	3799.0000	4115.0000	0.6327	0.002000
6.4980	-315.0000	3800.0000	4115.0000	0.6391	0.002000
6.5000	-314.0000	3801.0000	4115.0000	0.6456	0.002000
6.5020	-312.0000	3803.0000	4115.0000	0.6343	0.002000
6.5040	-311.0000	3804.0000	4115.0000	0.6226	0.002000
6.5060	-310.0000	3805.0000	4115.0000	0.6292	0.002000
6.5080	-309.0000	3806.0000	4115.0000	0.6359	0.002000
6.5100	-308.0000	3807.0000	4115.0000	0.6425	0.002000
6.5120	-306.0000	3809.0000	4115.0000	0.6312	0.002000
6.5140	-305.0000	3810.0000	4115.0000	0.6194	0.002000
6.5160	-304.0000	3811.0000	4115.0000	0.6262	0.002000
6.5180	-303.0000	3812.0000	4115.0000	0.6330	0.002000
6.5200	-302.0000	3813.0000	4115.0000	0.6397	0.002000
6.5220	-300.0000	3815.0000	4115.0000	0.6282	0.002000
6.5240	-299.0000	3816.0000	4115.0000	0.6164	0.002000
6.5260	-298.0000	3817.0000	4115.0000	0.6042	0.002000
6.5280	-297.0000	3818.0000	4115.0000	0.6114	0.002000
6.5300	-296.0000	3819.0000	4115.0000	0.6186	0.002000
6.5320	-294.0000	3821.0000	4115.0000	0.6062	0.002000
6.5340	-293.0000	3822.0000	4115.0000	0.5934	0.002000
6.5360	-292.0000	3823.0000	4115.0000	0.6006	0.002000
6.5380	-291.0000	3824.0000	4115.0000	0.6080	0.002000
6.5400	-290.0000	3825.0000	4115.0000	0.6153	0.002000
6.5420	-288.0000	3827.0000	4115.0000	0.6029	0.002000
6.5440	-287.0000	3828.0000	4115.0000	0.5900	0.002000
6.5460	-286.0000	3829.0000	4115.0000	0.5767	0.002000
6.5480	-285.0000	3830.0000	4115.0000	0.5845	0.002000
6.5500	-284.0000	3831.0000	4115.0000	0.5923	0.002000
6.5520	-283.0000	3832.0000	4115.0000	0.6000	0.002000
6.5540	-282.0000	3833.0000	4115.0000	0.6076	0.002000
6.5560	-280.0000	3835.0000	4115.0000	0.5950	0.002000
6.5580	-279.0000	3836.0000	4115.0000	0.5818	0.002000
6.5600	-278.0000	3837.0000	4115.0000	0.5682	0.002000
6.5620	-277.0000	3838.0000	4115.0000	0.5762	0.002000
6.5640	-276.0000	3839.0000	4115.0000	0.5843	0.002000
6.5660	-275.0000	3840.0000	4115.0000	0.5922	0.002000
6.5680	-274.0000	3841.0000	4115.0000	0.6000	0.002000
6.5700	-273.0000	3842.0000	4115.0000	0.6077	0.002000
6.5720	-272.0000	3843.0000	4115.0000	0.6151	0.002000
6.5740	-271.0000	3844.0000	4115.0000	0.6035	0.002000
6.5760	-269.0000	3846.0000	4115.0000	0.5907	0.002000
6.5780	-268.0000	3847.0000	4115.0000	0.5775	0.002000
6.5800	-267.0000	3848.0000	4115.0000	0.5637	0.002000
6.5820	-266.0000	3849.0000	4115.0000	0.5495	0.002000
6.5840	-265.0000	3850.0000	4115.0000	0.5578	0.002000
6.5860	-264.0000	3851.0000	4115.0000	0.5663	0.002000
6.5880	-263.0000	3852.0000	4115.0000	0.5746	0.002000
6.5900	-262.0000	3853.0000	4115.0000	0.5829	0.002000
6.5920	-261.0000	3854.0000	4115.0000	0.5909	0.002000
6.5940	-260.0000	3855.0000	4115.0000	0.5783	0.002000
6.5960	-259.0000	3856.0000	4115.0000	0.5651	0.002000
6.5980	-257.0000	3858.0000	4115.0000	0.5508	0.002000
6.6000	-256.0000	3859.0000	4115.0000	0.5359	0.002000
6.6020	-255.0000	3860.0000	4115.0000	0.5206	0.002000
6.6040	-254.0000	3861.0000	4115.0000	0.5049	0.002000
6.6060	-253.0000	3862.0000	4115.0000	0.5142	0.002000
6.6080	-252.0000	3863.0000	4115.0000	0.5235	0.002000
6.6100	-251.0000	3864.0000	4115.0000	0.5328	0.002000
6.6120	-250.0000	3865.0000	4115.0000	0.5420	0.002000
6.6140	-249.0000	3866.0000	4115.0000	0.5510	0.002000
6.6160	-248.0000	3867.0000	4115.0000	0.5598	0.002000
6.6180	-247.0000	3868.0000	4115.0000	0.5461	0.002000
6.6200	-246.0000	3869.0000	4115.0000	0.5317	0.002000
6.6220	-245.0000	3870.0000	4115.0000	0.5169	0.002000
6.6240	-244.0000	3871.0000	4115.0000	0.5262	0.002000
6.6260	-243.0000	3872.0000	4115.0000	0.5354	0.002000
6.6280	-242.0000	3873.0000	4115.0000	0.5209	0.002000
6.6300	-241.0000	3874.0000	4115.0000	0.5057	0.002000
6.6320	-240.0000	3875.0000	4115.0000	0.5152	0.002000
6.6340	-239.0000	3876.0000	4115.0000	0.5247	0.002000
6.6360	-238.0000	3877.0000	4115.0000	0.5098	0.002000
6.6380	-237.0000	3878.0000	4115.0000	0.4943	0.002000
6.6400	-236.0000	3879.0000	4115.0000	0.5040	0.002000
6.6420	-235.0000	3880.0000	4115.0000	0.5137	0.002000
6.6440	-234.0000	3881.0000	4115.0000	0.4984	0.002000
6.6460	-233.0000	3882.0000	4115.0000	0.4825	0.002000
6.6480	-232.0000	3883.0000	4115.0000	0.4925	0.002000
6.6500	-231.0000	3884.0000	4115.0000	0.5024	0.002000
6.6520	-230.0000	3885.0000	4115.0000	0.4868	0.002000
6.6540	-229.0000	3886.0000	4115.0000	0.4705	0.002000
6.6560	-228.0000	3887.0000	4115.0000	0.4808	0.002000
6.6580	-227.0000	3888.0000	4115.0000	0.4909	0.002000
6.6600	-226.0000	3889.0000	4115.0000	0.4749	0.002000
6.6620	-225.0000	3890.0000	4115.0000	0.4583	0.002000
6.6640	-224.0000	3891.0000	4115.0000	0.4687	0.002000
6.6660	-223.0000	3892.0000	4115.0000	0.4791	0.002000
6.6680	-222.0000	3893.0000	4115.0000	0.4628	0.002000
6.6700	-221.0000	3894.0000	4115.0000	0.4458	0.002000
6.6720	-220.0000	3895.0000	4115.0000	0.4564	0.002000
6.6740	-219.0000	3896.0000	4115.0000	0.4670	0.002000
6.6760	-219.0000	3896.0000	4115.0000	0.4783	0.002000
6.6780	-218.0000	3897.0000	4115.0000	0.4893	0.002000
6.6800	-217.0000	3898.0000	4115.0000	0.5000	0.002000
6.6820	-216.0000	3899.0000	4115.0000	0.5103	0.002000
6.6840	-215.0000	3900.0000	4115.0000	0.4951	0.002000
6.6860	-214.0000	3901.0000	4115.0000	0.4793	0.002000
6.6880	-213.0000	3902.0000	4115.0000	0.4628	0.002000
6.6900	-212.0000	3903.0000	4115.0000	0.4458	0.002000
6.6920	-211.0000	3904.0000	4115.0000	0.4282	0.002000
6.6940	-210.0000	3905.0000	4115.0000	0.4101	0.002000
6.6960	-209.0000	3906.0000	4115.0000	0.4213	0.002000
6.6980	-208.0000	3907.0000	4115.0000	0.4325	0.002000
6.7000	-208.0000	3907.0000	4115.0000	0.4444	0.002000
6.7020	-207.0000	3908.0000	4115.0000	0.4561	0.002000
6.7040	-206.0000	3909.0000	4115.0000	0.4675	0.002000
6.7060	-205.0000	3910.0000	4115.0000	0.4784	0.002000
6.7080	-204.0000	3911.0000	4115.0000	0.4623	0.002000
6.7100	-203.0000	3912.0000	4115.0000	0.4455	0.002000
6.7120	-203.0000	3912.0000	4115.0000	0.4573	0.002000
6.7140	-202.0000	3913.0000	4115.0000	0.4688	0.002000
6.7160	-201.0000	3914.0000	4115.0000	0.4797	0.002000
6.7180	-200.0000	3915.0000	4115.0000	0.4637	0.002000
6.7200	-199.0000	3916.0000	4115.0000	0.4471	0.002000
6.7220	-198.0000	3917.0000	4115.0000	0.4297	0.002000
6.7240	-197.0000	3918.0000	4115.0000	0.4118	0.002000
6.7260	-196.0000	3919.0000	4115.0000	0.3933	0.002000
6.7280	-196.0000	3919.0000	4115.0000	0.4058	0.002000
6.7300	-195.0000	3920.0000	4115.0000	0.4181	0.002000
6.7320	-194.0000	3921.0000	4115.0000	0.4300	0.002000
6.7340	-193.0000	3922.0000	4115.0000	0.4126	0.002000
6.7360	-192.0000	3923.0000	4115.0000	0.3944	0.002000
6.7380	-192.0000	3923.0000	4115.0000	0.4071	0.002000
6.7400	-191.0000	3924.0000	4115.0000	0.4195	0.002000
6.7420	-190.0000	3925.0000	4115.0000	0.4316	0.002000
6.7440	-189.0000	3926.0000	4115.0000	0.4142	0.002000
6.7460	-188.0000	3927.0000	4115.0000	0.3961	0.002000
6.7480	-188.0000	3927.0000	4115.0000	0.4089	0.002000
6.7500	-187.0000	3928.0000	4115.0000	0.4213	0.002000
6.7520	-186.0000	3929.0000	4115.0000	0.4332	0.002000
6.7540	-185.0000	3930.0000	4115.0000	0.4159	0.002000
6.7560	-184.0000	3931.0000	4115.0000	0.3979	0.002000
6.7580	-184.0000	3931.0000	4115.0000	0.4107	0.002000
6.7600	-183.0000	3932.0000	4115.0000	0.4231	0.002000
6.7620	-182.0000	3933.0000	4115.0000	0.4057	0.002000
6.7640	-181.0000	3934.0000	4115.0000	0.3875	0.002000
6.7660	-181.0000	3934.0000	4115.0000	0.4005	0.002000
6.7680	-180.0000	3935.0000	4115.0000	0.4131	0.002000
6.7700	-179.0000	3936.0000	4115.0000	0.3955	0.002000
6.7720	-179.0000	3936.0000	4115.0000	0.4085	0.002000
6.7740	-178.0000	3937.0000	4115.0000	0.4212	0.002000
6.7760	-177.0000	3938.0000	4115.0000	0.4038	0.002000
6.7780	-176.0000	3939.0000	4115.0000	0.3857	0.002000
6.7800	-175.0000	3940.0000	4115.0000	0.3669	0.002000
6.7820	-175.0000	3940.0000	4115.0000	0.3802	0.002000
6.7840	-174.0000	3941.0000	4115.0000	0.3931	0.002000
6.7860	-173.0000	3942.0000	4115.0000	0.3748	0.002000
6.7880	-172.0000	3943.0000	4115.0000	0.3559	0.002000
6.7900	-172.0000	3943.0000	4115.0000	0.3694	0.002000
6.7920	-171.0000	3944.0000	4115.0000	0.3826	0.002000
6.7940	-171.0000	3944.0000	4115.0000	0.3961	0.002000
6.7960	-170.0000	3945.0000	4115.0000	0.4092	0.002000
6.7980	-169.0000	3946.0000	4115.0000	0.3917	0.002000
6.8000	-168.0000	3947.0000	4115.0000	0.3734	0.002000
6.8020	-168.0000	3947.0000	4115.0000	0.3868	0.002000
6.8040	-167.0000	3948.0000	4115.0000	0.3997	0.002000
6.8060	-166.0000	3949.0000	4115.0000	0.3818	0.002000
6.8080	-166.0000	3949.0000	4115.0000	0.3953	0.002000
6.8100	-165.0000	3950.0000	4115.0000	0.4080	0.002000
6.8120	-164.0000	3951.0000	4115.0000	0.3904	0.002000
6.8140	-164.0000	3951.0000	4115.0000	0.4037	0.002000
6.8160	-163.0000	3952.0000	4115.0000	0.3863	0.002000
6.8180	-162.0000	3953.0000	4115.0000	0.3680	0.002000
6.8200	-162.0000	3953.0000	4115.0000	0.3817	0.002000
6.8220	-161.0000	3954.0000	4115.0000	0.3637	0.002000
6.8240	-160.0000	3955.0000	4115.0000	0.3448	0.002000
6.8260	-160.0000	3955.0000	4115.0000	0.3587	0.002000
6.8280	-159.0000	3956.0000	4115.0000	0.3721	0.002000
6.8300	-158.0000	3957.0000	4115.0000	0.3535	0.002000
6.8320	-158.0000	3957.0000	4115.0000	0.3675	0.002000
6.8340	-157.0000	3958.0000	4115.0000	0.3807	0.002000
6.8360	-156.0000	3959.0000	4115.0000	0.3624	0.002000
6.8380	-156.0000	3959.0000	4115.0000	0.3763	0.002000
6.8400	-155.0000	3960.0000	4115.0000	0.3583	0.002000
6.8420	-155.0000	3960.0000	4115.0000	0.3723	0.002000
6.8440	-154.0000	3961.0000	4115.0000	0.3857	0.002000
6.8460	-153.0000	3962.0000	4115.0000	0.3677	0.002000
6.8480	-153.0000	3962.0000	4115.0000	0.3815	0.002000
6.8500	-152.0000	3963.0000	4115.0000	0.3636	0.002000
6.8520	-151.0000	3964.0000	4115.0000	0.3449	0.002000
6.8540	-151.0000	3964.0000	4115.0000	0.3589	0.002000
6.8560	-150.0000	3965.0000	4115.0000	0.3404	0.002000
6.8580	-150.0000	3965.0000	4115.0000	0.3547	0.002000
6.8600	-149.0000	3966.0000	4115.0000	0.3365	0.002000
6.8620	-148.0000	3967.0000	4115.0000	0.3171	0.002000
6.8640	-148.0000	3967.0000	4115.0000	0.3316	0.002000
6.8660	-147.0000	3968.0000	4115.0000	0.3126	0.002000
6.8680	-147.0000	3968.0000	4115.0000	0.3273	0.002000
6.8700	-146.0000	3969.0000	4115.0000	0.3414	0.002000
6.8720	-146.0000	3969.0000	4115.0000	0.3559	0.002000
6.8740	-145.0000	3970.0000	4115.0000	0.3698	0.002000
6.8760	-144.0000	3971.0000	4115.0000	0.3515	0.002000
6.8780	-144.0000	3971.0000	4115.0000	0.3658	0.002000
6.8800	-143.0000	3972.0000	4115.0000	0.3475	0.002000
6.8820	-143.0000	3972.0000	4115.0000	0.3619	0.002000
6.8840	-142.0000	3973.0000	4115.0000	0.3437	0.002000
6.8860	-142.0000	3973.0000	4115.0000	0.3582	0.002000
6.8880	-141.0000	3974.0000	4115.0000	0.3400	0.002000
6.8900	-140.0000	3975.0000	4115.0000	0.3209	0.002000
6.8920	-140.0000	3975.0000	4115.0000	0.3354	0.002000
6.8940	-139.0000	3976.0000	4115.0000	0.3164	0.002000
6.8960	-139.0000	3976.0000	4115.0000	0.3312	0.002000
6.8980	-138.0000	3977.0000	4115.0000	0.3124	0.002000
6.9000	-138.0000	3977.0000	4115.0000	0.3273	0.002000
6.9020	-137.0000	3978.0000	4115.0000	0.3085	0.002000
6.9040	-137.0000	3978.0000	4115.0000	0.3234	0.002000
6.9060	-136.0000	3979.0000	4115.0000	0.3047	0.002000
6.9080	-136.0000	3979.0000	4115.0000	0.3197	0.002000
6.9100	-135.0000	3980.0000	4115.0000	0.3009	0.002000
6.9120	-135.0000	3980.0000	4115.0000	0.3160	0.002000
6.9140	-134.0000	3981.0000	4115.0000	0.2971	0.002000
6.9160	-134.0000	3981.0000	4115.0000	0.3122	0.002000
6.9180	-133.0000	3982.0000	4115.0000	0.2933	0.002000
6.9200	-132.0000	3983.0000	4115.0000	0.2732	0.002000
6.9220	-132.0000	3983.0000	4115.0000	0.2884	0.002000
6.9240	-132.0000	3983.0000	4115.0000	0.3039	0.002000
6.9260	-131.0000	3984.0000	4115.0000	0.3187	0.002000
6.9280	-131.0000	3984.0000	4115.0000	0.3339	0.002000
6.9300	-130.0000	3985.0000	4115.0000	0.3156	0.002000
6.9320	-130.0000	3985.0000	4115.0000	0.3307	0.002000
6.9340	-129.0000	3986.0000	4115.0000	0.3121	0.002000
6.9360	-129.0000	3986.0000	4115.0000	0.3272	0.002000
6.9380	-128.0000	3987.0000	4115.0000	0.3084	0.002000
6.9400	-128.0000	3987.0000	4115.0000	0.3236	0.002000
6.9420	-127.0000	3988.0000	4115.0000	0.3047	0.002000
6.9440	-127.0000	3988.0000	4115.0000	0.3199	0.002000
6.9460	-126.0000	3989.0000	4115.0000	0.3010	0.002000
6.9480	-126.0000	3989.0000	4115.0000	0.3162	0.002000
6.9500	-125.0000	3990.0000	4115.0000	0.2972	0.002000
6.9520	-125.0000	3990.0000	4115.0000	0.3125	0.002000
6.9540	-124.0000	3991.0000	4115.0000	0.2934	0.002000
6.9560	-124.0000	3991.0000	4115.0000	0.3088	0.002000
6.9580	-124.0000	3991.0000	4115.0000	0.3243	0.002000
6.9600	-123.0000	3992.0000	4115.0000	0.3060	0.002000
6.9620	-123.0000	3992.0000	4115.0000	0.3214	0.002000
6.9640	-122.0000	3993.0000	4115.0000	0.3026	0.002000
6.9660	-122.0000	3993.0000	4115.0000	0.3180	0.002000
6.9680	-121.0000	3994.0000	4115.0000	0.2991	0.002000
6.9700	-121.0000	3994.0000	4115.0000	0.3144	0.002000
6.9720	-120.0000	3995.0000	4115.0000	0.2954	0.002000
6.9740	-120.0000	3995.0000	4115.0000	0.3108	0.002000
6.9760	-120.0000	3995.0000	4115.0000	0.3264	0.002000
6.9780	-119.0000	3996.0000	4115.0000	0.3080	0.002000
6.9800	-119.0000	3996.0000	4115.0000	0.3234	0.002000
6.9820	-118.0000	3997.0000	4115.0000	0.3047	0.002000
6.9840	-118.0000	3997.0000	4115.0000	0.3200	0.002000
6.9860	-117.0000	3998.0000	4115.0000	0.3012	0.002000
6.9880	-117.0000	3998.0000	4115.0000	0.3165	0.002000
6.9900	-116.0000	3999.0000	4115.0000	0.2976	0.002000
6.9920	-116.0000	3999.0000	4115.0000	0.3128	0.002000
6.9940	-116.0000	3999.0000	4115.0000	0.3284	0.002000
6.9960	-115.0000	4000.0000	4115.0000	0.3100	0.002000
6.9980	-115.0000	4000.0000	4115.0000	0.3254	0.002000
7.0000	-115.0000	4000.0000	4115.0000	0.3410	0.002000
7.0020	-114.0000	4001.0000	4115.0000	0.3230	0.002000
7.0040	-114.0000	4001.0000	4115.0000	0.3382	0.002000
7.0060	-113.0000	4002.0000	4115.0000	0.3200	0.002000
7.0080	-113.0000	4002.0000	4115.0000	0.3018	0.002000
7.0100	-112.0000	4003.0000	4115.0000	0.2826	0.002000
7.0120	-112.0000	4003.0000	4115.0000	0.2636	0.002000
7.0140	-111.0000	4004.0000	4115.0000	0.2435	0.002000
7.0160	-111.0000	4004.0000	4115.0000	0.2593	0.002000
7.0180	-111.0000	4004.0000	4115.0000	0.2755	0.002000
7.0200	-110.0000	4005.0000	4115.0000	0.2561	0.002000
7.0220	-110.0000	4005.0000	4115.0000	0.2721	0.002000
7.0240	-109.0000	4006.0000	4115.0000	0.2525	0.002000
7.0260	-109.0000	4006.0000	4115.0000	0.2685	0.002000
7.0280	-109.0000	4006.0000	4115.0000	0.2847	0.002000
7.0300	-108.0000	4007.0000	4115.0000	0.2657	0.002000
7.0320	-108.0000	4007.0000	4115.0000	0.2817	0.002000
7.0340	-107.0000	4008.0000	4115.0000	0.2624	0.002000
7.0360	-107.0000	4008.0000	4115.0000	0.2783	0.002000
7.0380	-107.0000	4008.0000	4115.0000	0.2945	0.002000
7.0400	-106.0000	4009.0000	4115.0000	0.2755	0.002000
7.0420	-106.0000	4009.0000	4115.0000	0.2915	0.002000
7.0440	-106.0000	4009.0000	4115.0000	0.3076	0.002000
7.0460	-105.0000	4010.0000	4115.0000	0.2890	0.002000
7.0480	-105.0000	4010.0000	4115.0000	0.3048	0.002000
7.0500	-104.0000	4011.0000	4115.0000	0.2859	0.002000
7.0520	-104.0000	4011.0000	4115.0000	0.2672	0.002000
7.0540	-104.0000	4011.0000	4115.0000	0.2834	0.002000
7.0560	-103.0000	4012.0000	4115.0000	0.2642	0.002000
7.0580	-103.0000	4012.0000	4115.0000	0.2802	0.002000
7.0600	-103.0000	4012.0000	4115.0000	0.2964	0.002000
7.0620	-102.0000	4013.0000	4115.0000	0.2776	0.002000
7.0640	-102.0000	4013.0000	4115.0000	0.2935	0.002000
7.0660	-102.0000	4013.0000	4115.0000	0.3096	0.002000
7.0680	-101.0000	4014.0000	4115.0000	0.2911	0.002000
7.0700	-101.0000	4014.0000	4115.0000	0.2727	0.002000
7.0720	-100.0000	4015.0000	4115.0000	0.2532	0.002000
7.0740	-100.0000	4015.0000	4115.0000	0.2338	0.002000
7.0760	-100.0000	4015.0000	4115.0000	0.2503	0.002000
7.0780	-99.0000	4016.0000	4115.0000	0.2305	0.002000
7.0800	-99.0000	4016.0000	4115.0000	0.2469	0.002000
7.0820	-99.0000	4016.0000	4115.0000	0.2635	0.002000
7.0840	-98.0000	4017.0000	4115.0000	0.2441	0.002000
7.0860	-98.0000	4017.0000	4115.0000	0.2605	0.002000
7.0880	-98.0000	4017.0000	4115.0000	0.2770	0.002000
7.0900	-97.0000	4018.0000	4115.0000	0.2580	0.002000
7.0920	-97.0000	4018.0000	4115.0000	0.2741	0.002000
7.0940	-97.0000	4018.0000	4115.0000	0.2906	0.002000
7.0960	-96.0000	4019.0000	4115.0000	0.2718	0.002000
7.0980	-96.0000	4019.0000	4115.0000	0.2532	0.002000
7.1000	-96.0000	4019.0000	4115.0000	0.2697	0.002000
7.1020	-95.0000	4020.0000	4115.0000	0.2504	0.002000
7.1040	-95.0000	4020.0000	4115.0000	0.2665	0.002000
7.1060	-95.0000	4020.0000	4115.0000	0.2830	0.002000
7.1080	-95.0000	4020.0000	4115.0000	0.2996	0.002000
7.1100	-94.0000	4021.0000	4115.0000	0.2812	0.002000
7.1120	-94.0000	4021.0000	4115.0000	0.2628	0.002000
7.1140	-93.0000	4022.0000	4115.0000	0.2432	0.002000
7.1160	-93.0000	4022.0000	4115.0000	0.2237	0.002000
7.1180	-93.0000	4022.0000	4115.0000	0.2404	0.002000
7.1200	-92.0000	4023.0000	4115.0000	0.2206	0.002000
7.1220	-92.0000	4023.0000	4115.0000	0.2370	0.002000
7.1240	-92.0000	4023.0000	4115.0000	0.2538	0.002000
7.1260	-92.0000	4023.0000	4115.0000	0.2707	0.002000
7.1280	-91.0000	4024.0000	4115.0000	0.2518	0.002000
7.1300	-91.0000	4024.0000	4115.0000	0.2682	0.002000
7.1320	-91.0000	4024.0000	4115.0000	0.2848	0.002000
7.1340	-90.0000	4025.0000	4115.0000	0.2660	0.002000
7.1360	-90.0000	4025.0000	4115.0000	0.2472	0.002000
7.1380	-90.0000	4025.0000	4115.0000	0.2639	0.002000
7.1400	-89.0000	4026.0000	4115.0000	0.2446	0.002000
7.1420	-89.0000	4026.0000	4115.0000	0.2254	0.002000
7.1440	-89.0000	4026.0000	4115.0000	0.2423	0.002000
7.1460	-89.0000	4026.0000	4115.0000	0.2592	0.002000
7.1480	-88.0000	4027.0000	4115.0000	0.2400	0.002000
7.1500	-88.0000	4027.0000	4115.0000	0.2565	0.002000
7.1520	-88.0000	4027.0000	4115.0000	0.2733	0.002000
7.1540	-87.0000	4028.0000	4115.0000	0.2543	0.002000
7.1560	-87.0000	4028.0000	4115.0000	0.2353	0.002000
7.1580	-87.0000	4028.0000	4115.0000	0.2521	0.002000
7.1600	-87.0000	4028.0000	4115.0000	0.2691	0.002000
7.1620	-86.0000	4029.0000	4115.0000	0.2501	0.002000
7.1640	-86.0000	4029.0000	4115.0000	0.2312	0.002000
7.1660	-86.0000	4029.0000	4115.0000	0.2481	0.002000
7.1680	-86.0000	4029.0000	4115.0000	0.2651	0.002000
7.1700	-85.0000	4030.0000	4115.0000	0.2461	0.002000
7.1720	-85.0000	4030.0000	4115.0000	0.2271	0.002000
7.1740	-85.0000	4030.0000	4115.0000	0.2441	0.002000
7.1760	-84.0000	4031.0000	4115.0000	0.2246	0.002000
7.1780	-84.0000	4031.0000	4115.0000	0.2052	0.002000
7.1800	-84.0000	4031.0000	4115.0000	0.2222	0.002000
7.1820	-84.0000	4031.0000	4115.0000	0.2395	0.002000
7.1840	-83.0000	4032.0000	4115.0000	0.2200	0.002000
7.1860	-83.0000	4032.0000	4115.0000	0.2367	0.002000
7.1880	-83.0000	4032.0000	4115.0000	0.2537	0.002000
7.1900	-83.0000	4032.0000	4115.0000	0.2708	0.002000
7.1920	-82.0000	4033.0000	4115.0000	0.2520	0.002000
7.1940	-82.0000	4033.0000	4115.0000	0.2331	0.002000
7.1960	-82.0000	4033.0000	4115.0000	0.2501	0.002000
7.1980	-82.0000	4033.0000	4115.0000	0.2672	0.002000
7.2000	-81.0000	4034.0000	4115.0000	0.2482	0.002000
7.2020	-81.0000	4034.0000	4115.0000	0.2293	0.002000
7.2040	-81.0000	4034.0000	4115.0000	0.2462	0.002000
7.2060	-81.0000	4034.0000	4115.0000	0.2633	0.002000
7.2080	-80.0000	4035.0000	4115.0000	0.2443	0.002000
7.2100	-80.0000	4035.0000	4115.0000	0.2253	0.002000
7.2120	-80.0000	4035.0000	4115.0000	0.2423	0.002000
7.2140	-80.0000	4035.0000	4115.0000	0.2594	0.002000
7.2160	-79.0000	4036.0000	4115.0000	0.2404	0.002000
7.2180	-79.0000	4036.0000	4115.0000	0.2213	0.002000
7.2200	-79.0000	4036.0000	4115.0000	0.2383	0.002000
7.2220	-79.0000	4036.0000	4115.0000	0.2555	0.002000
7.2240	-79.0000	4036.0000	4115.0000	0.2727	0.002000
7.2260	-78.0000	4037.0000	4115.0000	0.2540	0.002000
7.2280	-78.0000	4037.0000	4115.0000	0.2352	0.002000
7.2300	-78.0000	4037.0000	4115.0000	0.2521	0.002000
7.2320	-77.0000	4038.0000	4115.0000	0.2328	0.002000
7.2340	-77.0000	4038.0000	4115.0000	0.2135	0.002000
7.2360	-77.0000	4038.0000	4115.0000	0.2305	0.002000
7.2380	-77.0000	4038.0000	4115.0000	0.2477	0.002000
7.2400	-76.0000	4039.0000	4115.0000	0.2285	0.002000
7.2420	-76.0000	4039.0000	4115.0000	0.2092	0.002000
7.2440	-76.0000	4039.0000	4115.0000	0.2263	0.002000
7.2460	-76.0000	4039.0000	4115.0000	0.2436	0.002000
7.2480	-76.0000	4039.0000	4115.0000	0.2610	0.002000
7.2500	-75.0000	4040.0000	4115.0000	0.2421	0.002000
7.2520	-75.0000	4040.0000	4115.0000	0.2232	0.002000
7.2540	-75.0000	4040.0000	4115.0000	0.2402	0.002000
7.2560	-75.0000	4040.0000	4115.0000	0.2574	0.002000
7.2580	-74.0000	4041.0000	4115.0000	0.2385	0.002000
7.2600	-74.0000	4041.0000	4115.0000	0.2194	0.002000
7.2620	-74.0000	4041.0000	4115.0000	0.2006	0.002000
7.2640	-74.0000	4041.0000	4115.0000	0.2179	0.002000
7.2660	-73.0000	4042.0000	4115.0000	0.1982	0.002000
7.2680	-73.0000	4042.0000	4115.0000	0.1785	0.002000
7.2700	-73.0000	4042.0000	4115.0000	0.1959	0.002000
7.2720	-73.0000	4042.0000	4115.0000	0.2135	0.002000
7.2740	-73.0000	4042.0000	4115.0000	0.2311	0.002000
7.2760	-72.0000	4043.0000	4115.0000	0.2118	0.002000
7.2780	-72.0000	4043.0000	4115.0000	0.1925	0.002000
7.2800	-72.0000	4043.0000	4115.0000	0.2100	0.002000
7.2820	-72.0000	4043.0000	4115.0000	0.2275	0.002000
7.2840	-72.0000	4043.0000	4115.0000	0.2451	0.002000
7.2860	-71.0000	4044.0000	4115.0000	0.2261	0.002000
7.2880	-71.0000	4044.0000	4115.0000	0.2070	0.002000
7.2900	-71.0000	4044.0000	4115.0000	0.2242	0.002000
7.2920	-71.0000	4044.0000	4115.0000	0.2416	0.002000
7.2940	-71.0000	4044.0000	4115.0000	0.2591	0.002000
7.2960	-71.0000	4044.0000	4115.0000	0.2764	0.002000
7.2980	-70.0000	4045.0000	4115.0000	0.2580	0.002000
7.3000	-70.0000	4045.0000	4115.0000	0.2395	0.002000
7.3020	-70.0000	4045.0000	4115.0000	0.2207	0.002000
7.3040	-70.0000	4045.0000	4115.0000	0.2380	0.002000
7.3060	-69.0000	4046.0000	4115.0000	0.2187	0.002000
7.3080	-69.0000	4046.0000	4115.0000	0.1993	0.002000
7.3100	-69.0000	4046.0000	4115.0000	0.1801	0.002000
7.3120	-69.0000	4046.0000	4115.0000	0.1976	0.002000
7.3140	-69.0000	4046.0000	4115.0000	0.2154	0.002000
7.3160	-68.0000	4047.0000	4115.0000	0.1958	0.002000
7.3180	-68.0000	4047.0000	4115.0000	0.1762	0.002000
7.3200	-68.0000	4047.0000	4115.0000	0.1938	0.002000
7.3220	-68.0000	4047.0000	4115.0000	0.2115	0.002000
7.3240	-68.0000	4047.0000	4115.0000	0.2292	0.002000
7.3260	-68.0000	4047.0000	4115.0000	0.2469	0.002000
7.3280	-67.0000	4048.0000	4115.0000	0.2281	0.002000
7.3300	-67.0000	4048.0000	4115.0000	0.2090	0.002000
7.3320	-67.0000	4048.0000	4115.0000	0.1901	0.002000
7.3340	-67.0000	4048.0000	4115.0000	0.2077	0.002000
7.3360	-67.0000	4048.0000	4115.0000	0.2254	0.002000
7.3380	-67.0000	4048.0000	4115.0000	0.2431	0.002000
7.3400	-66.0000	4049.0000	4115.0000	0.2242	0.002000
7.3420	-66.0000	4049.0000	4115.0000	0.2051	0.002000
7.3440	-66.0000	4049.0000	4115.0000	0.1860	0.002000
7.3460	-66.0000	4049.0000	4115.0000	0.2037	0.002000
7.3480	-66.0000	4049.0000	4115.0000	0.2214	0.002000
7.3500	-65.0000	4050.0000	4115.0000	0.2020	0.002000
7.3520	-65.0000	4050.0000	4115.0000	0.1826	0.002000
7.3540	-65.0000	4050.0000	4115.0000	0.1999	0.002000
7.3560	-65.0000	4050.0000	4115.0000	0.2176	0.002000
7.3580	-65.0000	4050.0000	4115.0000	0.2353	0.002000
7.3600	-65.0000	4050.0000	4115.0000	0.2530	0.002000
7.3620	-64.0000	4051.0000	4115.0000	0.2343	0.002000
7.3640	-64.0000	4051.0000	4115.0000	0.2154	0.002000
7.3660	-64.0000	4051.0000	4115.0000	0.1964	0.002000
7.3680	-64.0000	4051.0000	4115.0000	0.2139	0.002000
7.3700	-64.0000	4051.0000	4115.0000	0.2315	0.002000
7.3720	-64.0000	4051.0000	4115.0000	0.2492	0.002000
7.3740	-63.0000	4052.0000	4115.0000	0.2304	0.002000
7.3760	-63.0000	4052.0000	4115.0000	0.2114	0.002000
7.3780	-63.0000	4052.0000	4115.0000	0.1924	0.002000
7.3800	-63.0000	4052.0000	4115.0000	0.2098	0.002000
7.3820	-63.0000	4052.0000	4115.0000	0.2276	0.002000
7.3840	-63.0000	4052.0000	4115.0000	0.2453	0.002000
7.3860	-63.0000	4052.0000	4115.0000	0.2628	0.002000
7.3880	-62.0000	4053.0000	4115.0000	0.2444	0.002000
7.3900	-62.0000	4053.0000	4115.0000	0.2257	0.002000
7.3920	-62.0000	4053.0000	4115.0000	0.2068	0.002000
7.3940	-62.0000	4053.0000	4115.0000	0.1879	0.002000
7.3960	-62.0000	4053.0000	4115.0000	0.2056	0.002000
7.3980	-61.0000	4054.0000	4115.0000	0.1860	0.002000
7.4000	-61.0000	4054.0000	4115.0000	0.1663	0.002000
7.4020	-61.0000	4054.0000	4115.0000	0.1468	0.002000
7.4040	-61.0000	4054.0000	4115.0000	0.1646	0.002000
7.4060	-61.0000	4054.0000	4115.0000	0.1827	0.002000
7.4080	-60.0000	4055.0000	4115.0000	0.1628	0.002000
7.4100	-60.0000	4055.0000	4115.0000	0.1429	0.002000
7.4120	-60.0000	4055.0000	4115.0000	0.1607	0.002000
7.4140	-60.0000	4055.0000	4115.0000	0.1787	0.002000
7.4160	-60.0000	4055.0000	4115.0000	0.1968	0.002000
7.4180	-60.0000	4055.0000	4115.0000	0.2149	0.002000
7.4200	-60.0000	4055.0000	4115.0000	0.2329	0.002000
7.4220	-60.0000	4055.0000	4115.0000	0.2508	0.002000
7.4240	-60.0000	4055.0000	4115.0000	0.2685	0.002000
7.4260	-59.0000	4056.0000	4115.0000	0.2502	0.002000
7.4280	-59.0000	4056.0000	4115.0000	0.2317	0.002000
7.4300	-59.0000	4056.0000	4115.0000	0.2130	0.002000
7.4320	-59.0000	4056.0000	4115.0000	0.1941	0.002000
7.4340	-59.0000	4056.0000	4115.0000	0.2117	0.002000
7.4360	-59.0000	4056.0000	4115.0000	0.2294	0.002000
7.4380	-59.0000	4056.0000	4115.0000	0.2472	0.002000
7.4400	-58.0000	4057.0000	4115.0000	0.2285	0.002000
7.4420	-58.0000	4057.0000	4115.0000	0.2096	0.002000
7.4440	-58.0000	4057.0000	4115.0000	0.1905	0.002000
7.4460	-58.0000	4057.0000	4115.0000	0.1714	0.002000
7.4480	-58.0000	4057.0000	4115.0000	0.1893	0.002000
7.4500	-58.0000	4057.0000	4115.0000	0.2073	0.002000
7.4520	-57.0000	4058.0000	4115.0000	0.1878	0.002000
7.4540	-57.0000	4058.0000	4115.0000	0.1683	0.002000
7.4560	-57.0000	4058.0000	4115.0000	0.1488	0.002000
7.4580	-57.0000	4058.0000	4115.0000	0.1667	0.002000
7.4600	-57.0000	4058.0000	4115.0000	0.1848	0.002000
7.4620	-57.0000	4058.0000	4115.0000	0.2029	0.002000
7.4640	-57.0000	4058.0000	4115.0000	0.2210	0.002000
7.4660	-56.0000	4059.0000	4115.0000	0.2019	0.002000
7.4680	-56.0000	4059.0000	4115.0000	0.1827	0.002000
7.4700	-56.0000	4059.0000	4115.0000	0.1634	0.002000
7.4720	-56.0000	4059.0000	4115.0000	0.1812	0.002000
7.4740	-56.0000	4059.0000	4115.0000	0.1992	0.002000
7.4760	-56.0000	4059.0000	4115.0000	0.2172	0.002000
7.4780	-56.0000	4059.0000	4115.0000	0.2352	0.002000
7.4800	-56.0000	4059.0000	4115.0000	0.2529	0.002000
7.4820	-56.0000	4059.0000	4115.0000	0.2355	0.002000
7.4840	-55.0000	4060.0000	4115.0000	0.2166	0.002000
7.4860	-55.0000	4060.0000	4115.0000	0.1975	0.002000
7.4880	-55.0000	4060.0000	4115.0000	0.1783	0.002000
7.4900	-55.0000	4060.0000	4115.0000	0.1590	0.002000
7.4920	-55.0000	4060.0000	4115.0000	0.1770	0.002000
7.4940	-55.0000	4060.0000	4115.0000	0.1951	0.002000
7.4960	-55.0000	4060.0000	4115.0000	0.2131	0.002000
7.4980	-55.0000	4060.0000	4115.0000	0.2311	0.002000
7.5000	-55.0000	4060.0000	4115.0000	0.2490	0.002000
7.5020	-54.0000	4061.0000	4115.0000	0.2304	0.002000
7.5040	-54.0000	4061.0000	4115.0000	0.2117	0.002000
7.5060	-54.0000	4061.0000	4115.0000	0.1927	0.002000
7.5080	-54.0000	4061.0000	4115.0000	0.1736	0.002000
7.5100	-54.0000	4061.0000	4115.0000	0.1547	0.002000
7.5120	-54.0000	4061.0000	4115.0000	0.1727	0.002000
7.5140	-54.0000	4061.0000	4115.0000	0.1909	0.002000
7.5160	-53.0000	4062.0000	4115.0000	0.1713	0.002000
7.5180	-53.0000	4062.0000	4115.0000	0.1516	0.002000
7.5200	-53.0000	4062.0000	4115.0000	0.1320	0.002000
7.5220	-53.0000	4062.0000	4115.0000	0.1500	0.002000
7.5240	-53.0000	4062.0000	4115.0000	0.1683	0.002000
7.5260	-53.0000	4062.0000	4115.0000	0.1866	0.002000
7.5280	-53.0000	4062.0000	4115.0000	0.2048	0.002000
7.5300	-53.0000	4062.0000	4115.0000	0.2230	0.002000
7.5320	-52.0000	4063.0000	4115.0000	0.2040	0.002000
7.5340	-52.0000	4063.0000	4115.0000	0.1849	0.002000
7.5360	-52.0000	4063.0000	4115.0000	0.1656	0.002000
7.5380	-52.0000	4063.0000	4115.0000	0.1464	0.002000
7.5400	-52.0000	4063.0000	4115.0000	0.1645	0.002000
7.5420	-52.0000	4063.0000	4115.0000	0.1827	0.002000
7.5440	-52.0000	4063.0000	4115.0000	0.2009	0.002000
7.5460	-52.0000	4063.0000	4115.0000	0.2191	0.002000
7.5480	-52.0000	4063.0000	4115.0000	0.2371	0.002000
7.5500	-52.0000	4063.0000	4115.0000	0.2195	0.002000
7.5520	-52.0000	4063.0000	4115.0000	0.2014	0.002000
7.5540	-52.0000	4063.0000	4115.0000	0.2193	0.002000
7.5560	-52.0000	4063.0000	4115.0000	0.2371	0.002000
7.5580	-51.0000	4064.0000	4115.0000	0.2184	0.002000
7.5600	-51.0000	4064.0000	4115.0000	0.1995	0.002000
7.5620	-51.0000	4064.0000	4115.0000	0.1804	0.002000
7.5640	-51.0000	4064.0000	4115.0000	0.1612	0.002000
7.5660	-51.0000	4064.0000	4115.0000	0.1421	0.002000
7.5680	-51.0000	4064.0000	4115.0000	0.1603	0.002000
7.5700	-51.0000	4064.0000	4115.0000	0.1785	0.002000
7.5720	-51.0000	4064.0000	4115.0000	0.1968	0.002000
7.5740	-51.0000	4064.0000	4115.0000	0.2150	0.002000
7.5760	-51.0000	4064.0000	4115.0000	0.2331	0.002000
7.5780	-51.0000	4064.0000	4115.0000	0.2155	0.002000
7.5800	-50.0000	4065.0000	4115.0000	0.1963	0.002000
7.5820	-50.0000	4065.0000	4115.0000	0.1770	0.002000
7.5840	-50.0000	4065.0000	4115.0000	0.1576	0.002000
7.5860	-50.0000	4065.0000	4115.0000	0.1381	0.002000
7.5880	-50.0000	4065.0000	4115.0000	0.1562	0.002000
7.5900	-50.0000	4065.0000	4115.0000	0.1745	0.002000
7.5920	-50.0000	4065.0000	4115.0000	0.1928	0.002000
7.5940	-50.0000	4065.0000	4115.0000	0.2110	0.002000
7.5960	-50.0000	4065.0000	4115.0000	0.2291	0.002000
7.5980	-50.0000	4065.0000	4115.0000	0.2114	0.002000
7.6000	-49.0000	4066.0000	4115.0000	0.1922	0.002000
7.6020	-49.0000	4066.0000	4115.0000	0.1729	0.002000
7.6040	-49.0000	4066.0000	4115.0000	0.1534	0.002000
7.6060	-49.0000	4066.0000	4115.0000	0.1339	0.002000
7.6080	-49.0000	4066.0000	4115.0000	0.1520	0.002000
7.6100	-49.0000	4066.0000	4115.0000	0.1703	0.002000
7.6120	-49.0000	4066.0000	4115.0000	0.1887	0.002000
7.6140	-49.0000	4066.0000	4115.0000	0.2069	0.002000
7.6160	-49.0000	4066.0000	4115.0000	0.2251	0.002000
7.6180	-49.0000	4066.0000	4115.0000	0.2073	0.002000
7.6200	-49.0000	4066.0000	4115.0000	0.1892	0.002000
7.6220	-48.0000	4067.0000	4115.0000	0.1696	0.002000
7.6240	-48.0000	4067.0000	4115.0000	0.1499	0.002000
7.6260	-48.0000	4067.0000	4115.0000	0.1302	0.002000
7.6280	-48.0000	4067.0000	4115.0000	0.1107	0.002000
7.6300	-48.0000	4067.0000	4115.0000	0.1289	0.002000
7.6320	-48.0000	4067.0000	4115.0000	0.1474	0.002000
7.6340	-48.0000	4067.0000	4115.0000	0.1659	0.002000
7.6360	-48.0000	4067.0000	4115.0000	0.1843	0.002000
7.6380	-48.0000	4067.0000	4115.0000	0.2027	0.002000
7.6400	-48.0000	4067.0000	4115.0000	0.2210	0.002000
7.6420	-48.0000	4067.0000	4115.0000	0.2389	0.002000
7.6440	-48.0000	4067.0000	4115.0000	0.2213	0.002000
7.6460	-48.0000	4067.0000	4115.0000	0.2033	0.002000
7.6480	-48.0000	4067.0000	4115.0000	0.1851	0.002000
7.6500	-48.0000	4067.0000	4115.0000	0.2031	0.002000
7.6520	-48.0000	4067.0000	4115.0000	0.2211	0.002000
7.6540	-47.0000	4068.0000	4115.0000	0.2022	0.002000
7.6560	-47.0000	4068.0000	4115.0000	0.1831	0.002000
7.6580	-47.0000	4068.0000	4115.0000	0.1638	0.002000
7.6600	-47.0000	4068.0000	4115.0000	0.1445	0.002000
7.6620	-47.0000	4068.0000	4115.0000	0.1253	0.002000
7.6640	-47.0000	4068.0000	4115.0000	0.1435	0.002000
7.6660	-47.0000	4068.0000	4115.0000	0.1620	0.002000
7.6680	-47.0000	4068.0000	4115.0000	0.1804	0.002000
7.6700	-47.0000	4068.0000	4115.0000	0.1988	0.002000
7.6720	-47.0000	4068.0000	4115.0000	0.2170	0.002000
7.6740	-47.0000	4068.0000	4115.0000	0.1992	0.002000
7.6760	-47.0000	4068.0000	4115.0000	0.1809	0.002000
7.6780	-47.0000	4068.0000	4115.0000	0.1990	0.002000
7.6800	-47.0000	4068.0000	4115.0000	0.2171	0.002000
7.6820	-47.0000	4068.0000	4115.0000	0.1992	0.002000
7.6840	-46.0000	4069.0000	4115.0000	0.1799	0.002000
7.6860	-46.0000	4069.0000	4115.0000	0.1604	0.002000
7.6880	-46.0000	4069.0000	4115.0000	0.1408	0.002000
7.6900	-46.0000	4069.0000	4115.0000	0.1212	0.002000
7.6920	-46.0000	4069.0000	4115.0000	0.1395	0.002000
7.6940	-46.0000	4069.0000	4115.0000	0.1579	0.002000
7.6960	-46.0000	4069.0000	4115.0000	0.1763	0.002000
7.6980	-46.0000	4069.0000	4115.0000	0.1947	0.002000
7.7000	-46.0000	4069.0000	4115.0000	0.2130	0.002000
7.7020	-46.0000	4069.0000	4115.0000	0.1951	0.002000
7.7040	-46.0000	4069.0000	4115.0000	0.1768	0.002000
7.7060	-46.0000	4069.0000	4115.0000	0.1949	0.002000
7.7080	-46.0000	4069.0000	4115.0000	0.2130	0.002000
7.7100	-46.0000	4069.0000	4115.0000	0.1951	0.002000
7.7120	-46.0000	4069.0000	4115.0000	0.1768	0.002000
7.7140	-45.0000	4070.0000	4115.0000	0.1571	0.002000
7.7160	-45.0000	4070.0000	4115.0000	0.1373	0.002000
7.7180	-45.0000	4070.0000	4115.0000	0.1175	0.002000
7.7200	-45.0000	4070.0000	4115.0000	0.0979	0.002000
7.7220	-45.0000	4070.0000	4115.0000	0.1163	0.002000
7.7240	-45.0000	4070.0000	4115.0000	0.1348	0.002000
7.7260	-45.0000	4070.0000	4115.0000	0.1534	0.002000
7.7280	-45.0000	4070.0000	4115.0000	0.1719	0.002000
7.7300	-45.0000	4070.0000	4115.0000	0.1905	0.002000
7.7320	-45.0000	4070.0000	4115.0000	0.2088	0.002000
7.7340	-45.0000	4070.0000	4115.0000	0.2269	0.002000
7.7360	-45.0000	4070.0000	4115.0000	0.2092	0.002000
7.7380	-45.0000	4070.0000	4115.0000	0.1911	0.002000
7.7400	-45.0000	4070.0000	4115.0000	0.1727	0.002000
7.7420	-45.0000	4070.0000	4115.0000	0.1908	0.002000
7.7440	-45.0000	4070.0000	4115.0000	0.2090	0.002000
7.7460	-45.0000	4070.0000	4115.0000	0.1910	0.002000
7.7480	-45.0000	4070.0000	4115.0000	0.1727	0.002000
7.7500	-45.0000	4070.0000	4115.0000	0.1908	0.002000
7.7520	-45.0000	4070.0000	4115.0000	0.2090	0.002000
7.7540	-45.0000	4070.0000	4115.0000	0.1910	0.002000
7.7560	-45.0000	4070.0000	4115.0000	0.1727	0.002000
7.7580	-45.0000	4070.0000	4115.0000	0.1908	0.002000
7.7600	-45.0000	4070.0000	4115.0000	0.2090	0.002000
7.7620	-44.0000	4071.0000	4115.0000	0.1899	0.002000
7.7640	-44.0000	4071.0000	4115.0000	0.1707	0.002000
7.7660	-44.0000	4071.0000	4115.0000	0.1513	0.002000
7.7680	-44.0000	4071.0000	4115.0000	0.1319	0.002000
7.7700	-44.0000	4071.0000	4115.0000	0.1126	0.002000
7.7720	-44.0000	4071.0000	4115.0000	0.1309	0.002000
7.7740	-44.0000	4071.0000	4115.0000	0.1494	0.002000
7.7760	-44.0000	4071.0000	4115.0000	0.1680	0.002000
7.7780	-44.0000	4071.0000	4115.0000	0.1865	0.002000
7.7800	-44.0000	4071.0000	4115.0000	0.2048	0.002000
7.7820	-44.0000	4071.0000	4115.0000	0.1869	0.002000
7.7840	-44.0000	4071.0000	4115.0000	0.1685	0.002000
7.7860	-44.0000	4071.0000	4115.0000	0.1867	0.002000
7.7880	-44.0000	4071.0000	4115.0000	0.2049	0.002000
7.7900	-44.0000	4071.0000	4115.0000	0.1869	0.002000
7.7920	-44.0000	4071.0000	4115.0000	0.1685	0.002000
7.7940	-44.0000	4071.0000	4115.0000	0.1867	0.002000
7.7960	-44.0000	4071.0000	4115.0000	0.2049	0.002000
7.7980	-44.0000	4071.0000	4115.0000	0.1869	0.002000
7.8000	-44.0000	4071.0000	4115.0000	0.1685	0.002000
7.8020	-44.0000	4071.0000	4115.0000	0.1867	0.002000
7.8040	-44.0000	4071.0000	4115.0000	0.2049	0.002000
7.8060	-44.0000	4071.0000	4115.0000	0.1869	0.002000
7.8080	-44.0000	4071.0000	4115.0000	0.1685	0.002000
7.8100	-44.0000	4071.0000	4115.0000	0.1867	0.002000
7.8120	-44.0000	4071.0000	4115.0000	0.2049	0.002000
7.8140	-43.0000	4072.0000	4115.0000	0.1858	0.002000
7.8160	-43.0000	4072.0000	4115.0000	0.1666	0.002000
7.8180	-43.0000	4072.0000	4115.0000	0.1471	0.002000
7.8200	-43.0000	4072.0000	4115.0000	0.1276	0.002000
7.8220	-43.0000	4072.0000	4115.0000	0.1083	0.002000
7.8240	-43.0000	4072.0000	4115.0000	0.1267	0.002000
7.8260	-43.0000	4072.0000	4115.0000	0.1453	0.002000
7.8280	-43.0000	4072.0000	4115.0000	0.1638	0.002000
7.8300	-43.0000	4072.0000	4115.0000	0.1823	0.002000
7.8320	-43.0000	4072.0000	4115.0000	0.2007	0.002000
7.8340	-43.0000	4072.0000	4115.0000	0.1828	0.002000
7.8360	-43.0000	4072.0000	4115.0000	0.1644	0.002000
7.8380	-43.0000	4072.0000	4115.0000	0.1826	0.002000
7.8400	-43.0000	4072.0000	4115.0000	0.2008	0.002000
7.8420	-43.0000	4072.0000	4115.0000	0.1828	0.002000
7.8440	-43.0000	4072.0000	4115.0000	0.1644	0.002000
7.8460	-43.0000	4072.0000	4115.0000	0.1826	0.002000
7.8480	-43.0000	4072.0000	4115.0000	0.2008	0.002000
7.8500	-43.0000	4072.0000	4115.0000	0.1828	0.002000
7.8520	-43.0000	4072.0000	4115.0000	0.1644	0.002000
7.8540	-43.0000	4072.0000	4115.0000	0.1826	0.002000
7.8560	-43.0000	4072.0000	4115.0000	0.2008	0.002000
7.8580	-43.0000	4072.0000	4115.0000	0.1828	0.002000
7.8600	-43.0000	4072.0000	4115.0000	0.1644	0.002000
7.8620	-43.0000	4072.0000	4115.0000	0.1826	0.002000
7.8640	-43.0000	4072.0000	4115.0000	0.2008	0.002000
7.8660	-43.0000	4072.0000	4115.0000	0.1828	0.002000
7.8680	-43.0000	4072.0000	4115.0000	0.1644	0.002000
7.8700	-43.0000	4072.0000	4115.0000	0.1826	0.002000
7.8720	-43.0000	4072.0000	4115.0000	0.2008	0.002000
7.8740	-43.0000	4072.0000	4115.0000	0.1828	0.002000
7.8760	-43.0000	4072.0000	4115.0000	0.1644	0.002000
7.8780	-42.0000	4073.0000	4115.0000	0.1446	0.002000
7.8800	-42.0000	4073.0000	4115.0000	0.1247	0.002000
7.8820	-42.0000	4073.0000	4115.0000	0.1048	0.002000
7.8840	-42.0000	4073.0000	4115.0000	0.0852	0.002000
7.8860	-42.0000	4073.0000	4115.0000	0.1035	0.002000
7.8880	-42.0000	4073.0000	4115.0000	0.1221	0.002000
7.8900	-42.0000	4073.0000	4115.0000	0.1408	0.002000
7.8920	-42.0000	4073.0000	4115.0000	0.1595	0.002000
7.8940	-42.0000	4073.0000	4115.0000	0.1781	0.002000
7.8960	-42.0000	4073.0000	4115.0000	0.1966	0.002000
7.8980	-42.0000	4073.0000	4115.0000	0.2148	0.002000
7.9000	-42.0000	4073.0000	4115.0000	0.1970	0.002000
7.9020	-42.0000	4073.0000	4115.0000	0.1787	0.002000
7.9040	-42.0000	4073.0000	4115.0000	0.1602	0.002000
7.9060	-42.0000	4073.0000	4115.0000	0.1785	0.002000
7.9080	-42.0000	4073.0000	4115.0000	0.1967	0.002000
7.9100	-42.0000	4073.0000	4115.0000	0.1787	0.002000
7.9120	-42.0000	4073.0000	4115.0000	0.1602	0.002000
7.9140	-42.0000	4073.0000	4115.0000	0.1785	0.002000
7.9160	-42.0000	4073.0000	4115.0000	0.1967	0.002000
7.9180	-42.0000	4073.0000	4115.0000	0.1787	0.002000
7.9200	-42.0000	4073.0000	4115.0000	0.1602	0.002000
7.9220	-42.0000	4073.0000	4115.0000	0.1785	0.002000
7.9240	-42.0000	4073.0000	4115.0000	0.1967	0.002000
7.9260	-42.0000	4073.0000	4115.0000	0.1787	0.002000
7.9280	-42.0000	4073.0000	4115.0000	0.1602	0.002000
7.9300	-42.0000	4073.0000	4115.0000	0.1785	0.002000
7.9320	-42.0000	4073.0000	4115.0000	0.1967	0.002000
7.9340	-42.0000	4073.0000	4115.0000	0.1787	0.002000
7.9360	-42.0000	4073.0000	4115.0000	0.1602	0.002000
7.9380	-42.0000	4073.0000	4115.0000	0.1785	0.002000
7.9400	-42.0000	4073.0000	4115.0000	0.1967	0.002000
7.9420	-42.0000	4073.0000	4115.0000	0.1787	0.002000
7.9440	-42.0000	4073.0000	4115.0000	0.1602	0.002000
7.9460	-42.0000	4073.0000	4115.0000	0.1785	0.002000
7.9480	-41.0000	4074.0000	4115.0000	0.1590	0.002000
7.9500	-41.0000	4074.0000	4115.0000	0.1394	0.002000
7.9520	-41.0000	4074.0000	4115.0000	0.1196	0.002000
7.9540	-41.0000	4074.0000	4115.0000	0.1000	0.002000
7.9560	-41.0000	4074.0000	4115.0000	0.1184	0.002000
7.9580	-41.0000	4074.0000	4115.0000	0.1369	0.002000
7.9600	-41.0000	4074.0000	4115.0000	0.1555	0.002000
7.9620	-41.0000	4074.0000	4115.0000	0.1741	0.002000
7.9640	-41.0000	4074.0000	4115.0000	0.1926	0.002000
7.9660	-41.0000	4074.0000	4115.0000	0.1745	0.002000
7.9680	-41.0000	4074.0000	4115.0000	0.1561	0.002000
7.9700	-41.0000	4074.0000	4115.0000	0.1743	0.002000
7.9720	-41.0000	4074.0000	4115.0000	0.1926	0.002000
7.9740	-41.0000	4074.0000	4115.0000	0.1745	0.002000
7.9760	-41.0000	4074.0000	4115.0000	0.1561	0.002000
7.9780	-41.0000	4074.0000	4115.0000	0.1743	0.002000
7.9800	-41.0000	4074.0000	4115.0000	0.1926	0.002000
7.9820	-41.0000	4074.0000	4115.0000	0.1745	0.002000
7.9840	-41.0000	4074.0000	4115.0000	0.1561	0.002000
7.9860	-41.0000	4074.0000	4115.0000	0.1743	0.002000
7.9880	-41.0000	4074.0000	4115.0000	0.1926	0.002000
7.9900	-41.0000	4074.0000	4115.0000	0.1745	0.002000
7.9920	-41.0000	4074.0000	4115.0000	0.1561	0.002000
7.9940	-41.0000	4074.0000	4115.0000	0.1743	0.002000
7.9960	-41.0000	4074.0000	4115.0000	0.1926	0.002000
7.9980	-41.0000	4074.0000	4115.0000	0.1745	0.002000
8.0000	-41.0000	4074.0000	4115.0000	0.1561	0.002000
8.0020	-41.0000	4074.0000	4115.0000	0.1743	0.002000
8.0040	-41.0000	4074.0000	4115.0000	0.1926	0.002000
8.0060	-41.0000	4074.0000	4115.0000	0.1745	0.002000
8.0080	-41.0000	4074.0000	4115.0000	0.1561	0.002000
8.0100	-41.0000	4074.0000	4115.0000	0.1743	0.002000
8.0120	-41.0000	4074.0000	4115.0000	0.1926	0.002000
8.0140	-41.0000	4074.0000	4115.0000	0.1745	0.002000
8.0160	-41.0000	4074.0000	4115.0000	0.1561	0.002000
8.0180	-41.0000	4074.0000	4115.0000	0.1743	0.002000
8.0200	-41.0000	4074.0000	4115.0000	0.1926	0.002000
8.0220	-41.0000	4074.0000	4115.0000	0.1745	0.002000
8.0240	-41.0000	4074.0000	4115.0000	0.1561	0.002000
8.0260	-41.0000	4074.0000	4115.0000	0.1743	0.002000
8.0280	-41.0000	4074.0000	4115.0000	0.1926	0.002000
8.0300	-41.0000	4074.0000	4115.0000	0.1745	0.002000
8.0320	-41.0000	4074.0000	4115.0000	0.1561	0.002000
8.0340	-41.0000	4074.0000	4115.0000	0.1743	0.002000
8.0360	-41.0000	4074.0000	4115.0000	0.1926	0.002000
8.0380	-41.0000	4074.0000	4115.0000	0.1745	0.002000
8.0400	-41.0000	4074.0000	4115.0000	0.1561	0.002000
8.0420	-41.0000	4074.0000	4115.0000	0.1743	0.002000
8.0440	-41.0000	4074.0000	4115.0000	0.1926	0.002000
8.0460	-41.0000	4074.0000	4115.0000	0.1745	0.002000
8.0480	-41.0000	4074.0000	4115.0000	0.1561	0.002000
8.0500	-41.0000	4074.0000	4115.0000	0.1743	0.002000
8.0520	-41.0000	4074.0000	4115.0000	0.1926	0.002000
8.0540	-41.0000	4074.0000	4115.0000	0.1745	0.002000
8.0560	-41.0000	4074.0000	4115.0000	0.1561	0.002000
8.0580	-41.0000	4074.0000	4115.0000	0.1743	0.002000
8.0600	-41.0000	4074.0000	4115.0000	0.1926	0.002000
8.0620	-41.0000	4074.0000	4115.0000	0.1745	0.002000
8.0640	-41.0000	4074.0000	4115.0000	0.1561	0.002000
8.0660	-41.0000	4074.0000	4115.0000	0.1743	0.002000
8.0680	-41.0000	4074.0000	4115.0000	0.1926	0.002000
8.0700	-41.0000	4074.0000	4115.0000	0.1745	0.002000
8.0720	-41.0000	4074.0000	4115.0000	0.1561	0.002000
8.0740	-41.0000	4074.0000	4115.0000	0.1743	0.002000
8.0760	-41.0000	4074.0000	4115.0000	0.1926	0.002000
8.0780	-41.0000	4074.0000	4115.0000	0.1745	0.002000
8.0800	-41.0000	4074.0000	4115.0000	0.1561	0.002000
8.0820	-41.0000	4074.0000	4115.0000	0.1743	0.002000
8.0840	-41.0000	4074.0000	4115.0000	0.1926	0.002000
8.0860	-41.0000	4074.0000	4115.0000	0.1745	0.002000
8.0880	-41.0000	4074.0000	4115.0000	0.1561	0.002000
8.0900	-41.0000	4074.0000	4115.0000	0.1743	0.002000
8.0920	-41.0000	4074.0000	4115.0000	0.1926	0.002000
8.0940	-41.0000	4074.0000	4115.0000	0.1745	0.002000
8.0960	-41.0000	4074.0000	4115.0000	0.1561	0.002000
8.0980	-41.0000	4074.0000	4115.0000	0.1743	0.002000
8.1000	-41.0000	4074.0000	4115.0000	0.1926	0.002000
8.1020	-41.0000	4074.0000	4115.0000	0.1745	0.002000
8.1040	-41.0000	4074.0000	4115.0000	0.1561	0.002000
8.1060	-41.0000	4074.0000	4115.0000	0.1743	0.002000
8.1080	-41.0000	4074.0000	4115.0000	0.1926	0.002000
8.1100	-41.0000	4074.0000	4115.0000	0.1745	0.002000
8.1120	-41.0000	4074.0000	4115.0000	0.1561	0.002000
8.1140	-41.0000	4074.0000	4115.0000	0.1743	0.002000
8.1160	-41.0000	4074.0000	4115.0000	0.1926	0.002000
8.1180	-41.0000	4074.0000	4115.0000	0.1745	0.002000
8.1200	-41.0000	4074.0000	4115.0000	0.1561	0.002000
8.1220	-41.0000	4074.0000	4115.0000	0.1743	0.002000
8.1240	-41.0000	4074.0000	4115.0000	0.1926	0.002000
8.1260	-41.0000	4074.0000	4115.0000	0.1745	0.002000
8.1280	-41.0000	4074.0000	4115.0000	0.1561	0.002000
8.1300	-41.0000	4074.0000	4115.0000	0.1743	0.002000
8.1320	-41.0000	4074.0000	4115.0000	0.1926	0.002000
8.1340	-41.0000	4074.0000	4115.0000	0.1745	0.002000
8.1360	-41.0000	4074.0000	4115.0000	0.1561	0.002000
8.1380	-41.0000	4074.0000	4115.0000	0.1743	0.002000
8.1400	-41.0000	4074.0000	4115.0000	0.1926	0.002000
8.1420	-41.0000	4074.0000	4115.0000	0.1745	0.002000
8.1440	-41.0000	4074.0000	4115.0000	0.1561	0.002000
8.1460	-41.0000	4074.0000	4115.0000	0.1743	0.002000
8.1480	-41.0000	4074.0000	4115.0000	0.1926	0.002000
8.1500	-41.0000	4074.0000	4115.0000	0.1745	0.002000
8.1520	-41.0000	4074.0000	4115.0000	0.1561	0.002000
8.1540	-41.0000	4074.0000	4115.0000	0.1743	0.002000
8.1560	-41.0000	4074.0000	4115.0000	0.1926	0.002000
8.1580	-41.0000	4074.0000	4115.0000	0.1745	0.002000
8.1600	-41.0000	4074.0000	4115.0000	0.1561	0.002000
8.1620	-41.0000	4074.0000	4115.0000	0.1743	0.002000
8.1640	-41.0000	4074.0000	4115.0000	0.1926	0.002000
8.1660	-41.0000	4074.0000	4115.0000	0.1745	0.002000
8.1680	-41.0000	4074.0000	4115.0000	0.1561	0.002000
8.1700	-41.0000	4074.0000	4115.0000	0.1743	0.002000
8.1720	-41.0000	4074.0000	4115.0000	0.1926	0.002000
8.1740	-41.0000	4074.0000	4115.0000	0.1745	0.002000
8.1760	-41.0000	4074.0000	4115.0000	0.1561	0.002000
8.1780	-41.0000	4074.0000	4115.0000	0.1743	0.002000
8.1800	-41.0000	4074.0000	4115.0000	0.1926	0.002000
8.1820	-41.0000	4074.0000	4115.0000	0.1745	0.002000
8.1840	-41.0000	4074.0000	4115.0000	0.1561	0.002000
8.1860	-41.0000	4074.0000	4115.0000	0.1743	0.002000
8.1880	-41.0000	4074.0000	4115.0000	0.1926	0.002000
8.1900	-41.0000	4074.0000	4115.0000	0.1745	0.002000
8.1920	-41.0000	4074.0000	4115.0000	0.1561	0.002000
8.1940	-41.0000	4074.0000	4115.0000	0.1743	0.002000
8.1960	-41.0000	4074.0000	4115.0000	0.1926	0.002000
8.1980	-41.0000	4074.0000	4115.0000	0.1745	0.002000
8.2000	-41.0000	4074.0000	4115.0000	0.1561	0.002000
8.2020	-41.0000	4074.0000	4115.0000	0.1743	0.002000
8.2040	-41.0000	4074.0000	4115.0000	0.1926	0.002000
8.2060	-41.0000	4074.0000	4115.0000	0.1745	0.002000
8.2080	-41.0000	4074.0000	4115.0000	0.1561	0.002000
8.2100	-41.0000	4074.0000	4115.0000	0.1743	0.002000
8.2120	-41.0000	4074.0000	4115.0000	0.1926	0.002000
8.2140	-41.0000	4074.0000	4115.0000	0.1745	0.002000
8.2160	-41.0000	4074.0000	4115.0000	0.1561	0.002000
8.2180	-41.0000	4074.0000	4115.0000	0.1743	0.002000
8.2200	-41.0000	4074.0000	4115.0000	0.1926	0.002000
8.2220	-41.0000	4074.0000	4115.0000	0.1745	0.002000
8.2240	-41.0000	4074.0000	4115.0000	0.1561	0.002000
8.2260	-41.0000	4074.0000	4115.0000	0.1743	0.002000
8.2280	-41.0000	4074.0000	4115.0000	0.1926	0.002000
8.2300	-41.0000	4074.0000	4115.0000	0.1745	0.002000
8.2320	-41.0000	4074.0000	4115.0000	0.1561	0.002000
8.2340	-41.0000	4074.0000	4115.0000	0.1743	0.002000
8.2360	-41.0000	4074.0000	4115.0000	0.1926	0.002000
8.2380	-41.0000	4074.0000	4115.0000	0.1745	0.002000
8.2400	-41.0000	4074.0000	4115.0000	0.1561	0.002000
8.2420	-41.0000	4074.0000	4115.0000	0.1743	0.002000
8.2440	-41.0000	4074.0000	4115.0000	0.1926	0.002000
8.2460	-41.0000	4074.0000	4115.0000	0.1745	0.002000
8.2480	-41.0000	4074.0000	4115.0000	0.1561	0.002000
8.2500	-41.0000	4074.0000	4115.0000	0.1743	0.002000
8.2520	-41.0000	4074.0000	4115.0000	0.1926	0.002000
8.2540	-41.0000	4074.0000	4115.0000	0.1745	0.002000
8.2560	-41.0000	4074.0000	4115.0000	0.1561	0.002000
8.2580	-41.0000	4074.0000	4115.0000	0.1743	0.002000
8.2600	-41.0000	4074.0000	4115.0000	0.1926	0.002000
8.2620	-41.0000	4074.0000	4115.0000	0.1745	0.002000
8.2640	-41.0000	4074.0000	4115.0000	0.1561	0.002000
8.2660	-41.0000	4074.0000	4115.0000	0.1743	0.002000
8.2680	-41.0000	4074.0000	4115.0000	0.1926	0.002000
8.2700	-41.0000	4074.0000	4115.0000	0.1745	0.002000
8.2720	-41.0000	4074.0000	4115.0000	0.1561	0.002000
8.2740	-41.0000	4074.0000	4115.0000	0.1743	0.002000
8.2760	-41.0000	4074.0000	4115.0000	0.1926	0.002000
8.2780	-41.0000	4074.0000	4115.0000	0.1745	0.002000
8.2800	-41.0000	4074.0000	4115.0000	0.1561	0.002000
8.2820	-41.0000	4074.0000	4115.0000	0.1743	0.002000
8.2840	-41.0000	4074.0000	4115.0000	0.1926	0.002000
8.2860	-41.0000	4074.0000	4115.0000	0.1745	0.002000
8.2880	-41.0000	4074.0000	4115.0000	0.1561	0.002000
8.2900	-41.0000	4074.0000	4115.0000	0.1743	0.002000
8.2920	-41.0000	4074.0000	4115.0000	0.1926	0.002000
8.2940	-41.0000	4074.0000	4115.0000	0.1745	0.002000
8.2960	-41.0000	4074.0000	4115.0000	0.1561	0.002000
8.2980	-41.0000	4074.0000	4115.0000	0.1743	0.002000
8.3000	-41.0000	4074.0000	4115.0000	0.1926	0.002000
8.3020	-41.0000	4074.0000	4115.0000	0.1745	0.002000
8.3040	-41.0000	4074.0000	4115.0000	0.1561	0.002000
8.3060	-41.0000	4074.0000	4115.0000	0.1743	0.002000
8.3080	-41.0000	4074.0000	4115.0000	0.1926	0.002000
8.3100	-41.0000	4074.0000	4115.0000	0.1745	0.002000
8.3120	-41.0000	4074.0000	4115.0000	0.1561	0.002000
8.3140	-41.0000	4074.0000	4115.0000	0.1743	0.002000
8.3160	-41.0000	4074.0000	4115.0000	0.1926	0.002000
8.3180	-41.0000	4074.0000	4115.0000	0.1745	0.002000
8.3200	-41.0000	4074.0000	4115.0000	0.1561	0.002000
8.3220	-41.0000	4074.0000	4115.0000	0.1743	0.002000
8.3240	-41.0000	4074.0000	4115.0000	0.1926	0.002000
8.3260	-41.0000	4074.0000	4115.0000	0.1745	0.002000
8.3280	-41.0000	4074.0000	4115.0000	0.1561	0.002000
8.3300	-41.0000	4074.0000	4115.0000	0.1743	0.002000
8.3320	-41.0000	4074.0000	4115.0000	0.1926	0.002000
8.3340	-41.0000	4074.0000	4115.0000	0.1745	0.002000
8.3360	-41.0000	4074.0000	4115.0000	0.1561	0.002000
8.3380	-41.0000	4074.0000	4115.0000	0.1743	0.002000
8.3400	-41.0000	4074.0000	4115.0000	0.1926	0.002000
8.3420	-41.0000	4074.0000	4115.0000	0.1745	0.002000
8.3440	-41.0000	4074.0000	4115.0000	0.1561	0.002000
8.3460	-41.0000	4074.0000	4115.0000	0.1743	0.002000
8.3480	-41.0000	4074.0000	4115.0000	0.1926	0.002000
8.3500	-41.0000	4074.0000	4115.0000	0.1745	0.002000
8.3520	-41.0000	4074.0000	4115.0000	0.1561	0.002000
8.3540	-41.0000	4074.0000	4115.0000	0.1743	0.002000
8.3560	-41.0000	4074.0000	4115.0000	0.1926	0.002000
8.3580	-41.0000	4074.0000	4115.0000	0.1745	0.002000
8.3600	-41.0000	4074.0000	4115.0000	0.1561	0.002000
8.3620	-41.0000	4074.0000	4115.0000	0.1743	0.002000
8.3640	-41.0000	4074.0000	4115.0000	0.1926	0.002000
8.3660	-41.0000	4074.0000	4115.0000	0.1745	0.002000
8.3680	-41.0000	4074.0000	4115.0000	0.1561	0.002000
8.3700	-41.0000	4074.0000	4115.0000	0.1743	0.002000
8.3720	-41.0000	4074.0000	4115.0000	0.1926	0.002000
8.3740	-41.0000	4074.0000	4115.0000	0.1745	0.002000
8.3760	-41.0000	4074.0000	4115.0000	0.1561	0.002000
8.3780	-41.0000	4074.0000	4115.0000	0.1743	0.002000
8.3800	-41.0000	4074.0000	4115.0000	0.1926	0.002000
8.3820	-41.0000	4074.0000	4115.0000	0.1745	0.002000
8.3840	-41.0000	4074.0000	4115.0000	0.1561	0.002000
8.3860	-41.0000	4074.0000	4115.0000	0.1743	0.002000
8.3880	-41.0000	4074.0000	4115.0000	0.1926	0.002000
8.3900	-41.0000	4074.0000	4115.0000	0.1745	0.002000
8.3920	-41.0000	4074.0000	4115.0000	0.1561	0.002000
8.3940	-41.0000	4074.0000	4115.0000	0.1743	0.002000
8.3960	-41.0000	4074.0000	4115.0000	0.1926	0.002000
8.3980	-41.0000	4074.0000	4115.0000	0.1745	0.002000
8.4000	-41.0000	4074.0000	4115.0000	0.1561	0.002000
8.4020	-41.0000	4074.0000	4115.0000	0.1743	0.002000
8.4040	-41.0000	4074.0000	4115.0000	0.1926	0.002000
8.4060	-41.0000	4074.0000	4115.0000	0.1745	0.002000
8.4080	-41.0000	4074.0000	4115.0000	0.1561	0.002000
8.4100	-41.0000	4074.0000	4115.0000	0.1743	0.002000
8.4120	-41.0000	4074.0000	4115.0000	0.1926	0.002000
8.4140	-41.0000	4074.0000	4115.0000	0.1745	0.002000
8.4160	-41.0000	4074.0000	4115.0000	0.1561	0.002000
8.4180	-41.0000	4074.0000	4115.0000	0.1743	0.002000
8.4200	-41.0000	4074.0000	4115.0000	0.1926	0.002000
8.4220	-41.0000	4074.0000	4115.0000	0.1745	0.002000
8.4240	-41.0000	4074.0000	4115.0000	0.1561	0.002000
8.4260	-41.0000	4074.0000	4115.0000	0.1743	0.002000
8.4280	-41.0000	4074.0000	4115.0000	0.1926	0.002000
8.4300	-41.0000	4074.0000	4115.0000	0.1745	0.002000
8.4320	-41.0000	4074.0000	4115.0000	0.1561	0.002000
8.4340	-41.0000	4074.0000	4115.0000	0.1743	0.002000
8.4360	-41.0000	4074.0000	4115.0000	0.1926	0.002000
8.4380	-41.0000	4074.0000	4115.0000	0.1745	0.002000
8.4400	-41.0000	4074.0000	4115.0000	0.1561	0.002000
8.4420	-41.0000	4074.0000	4115.0000	0.1743	0.002000
8.4440	-41.0000	4074.0000	4115.0000	0.1926	0.002000
8.4460	-41.0000	4074.0000	4115.0000	0.1745	0.002000
8.4480	-41.0000	4074.0000	4115.0000	0.1561	0.002000
8.4500	-41.0000	4074.0000	4115.0000	0.1743	0.002000
8.4520	-41.0000	4074.0000	4115.0000	0.1926	0.002000
8.4540	-41.0000	4074.0000	4115.0000	0.1745	0.002000
8.4560	-41.0000	4074.0000	4115.0000	0.1561	0.002000
8.4580	-41.0000	4074.0000	4115.0000	0.1743	0.002000
8.4600	-41.0000	4074.0000	4115.0000	0.1926	0.002000
8.4620	-41.0000	4074.0000	4115.0000	0.1745	0.002000
8.4640	-41.0000	4074.0000	4115.0000	0.1561	0.002000
8.4660	-41.0000	4074.0000	4115.0000	0.1743	0.002000
8.4680	-41.0000	4074.0000	4115.0000	0.1926	0.002000
8.4700	-41.0000	4074.0000	4115.0000	0.1745	0.002000
8.4720	-41.0000	4074.0000	4115.0000	0.1561	0.002000
8.4740	-41.0000	4074.0000	4115.0000	0.1743	0.002000
8.4760	-41.0000	4074.0000	4115.0000	0.1926	0.002000
8.4780	-41.0000	4074.0000	4115.0000	0.1745	0.002000
8.4800	-41.0000	4074.0000	4115.0000	0.1561	0.002000
8.4820	-41.0000	4074.0000	4115.0000	0.1743	0.002000
8.4840	-41.0000	4074.0000	4115.0000	0.1926	0.002000
8.4860	-41.0000	4074.0000	4115.0000	0.1745	0.002000
8.4880	-41.0000	4074.0000	4115.0000	0.1561	0.002000
8.4900	-41.0000	4074.0000	4115.0000	0.1743	0.002000
8.4920	-41.0000	4074.0000	4115.0000	0.1926	0.002000
8.4940	-41.0000	4074.0000	4115.0000	0.1745	0.002000
8.4960	-41.0000	4074.0000	4115.0000	0.1561	0.002000
8.4980	-41.0000	4074.0000	4115.0000	0.1743	0.002000
8.5000	-41.0000	4074.0000	4115.0000	0.1926	0.002000
8.5020	-41.0000	4074.0000	4115.0000	0.1745	0.002000
8.5040	-41.0000	4074.0000	4115.0000	0.1561	0.002000
8.5060	-41.0000	4074.0000	4115.0000	0.1743	0.002000
8.5080	-41.0000	4074.0000	4115.0000	0.1926	0.002000
8.5100	-41.0000	4074.0000	4115.0000	0.1745	0.002000
8.5120	-41.0000	4074.0000	4115.0000	0.1561	0.002000
8.5140	-41.0000	4074.0000	4115.0000	0.1743	0.002000
8.5160	-41.0000	4074.0000	4115.0000	0.1926	0.002000
8.5180	-41.0000	4074.0000	4115.0000	0.1745	0.002000
8.5200	-41.0000	4074.0000	4115.0000	0.1561	0.002000
8.5220	-41.0000	4074.0000	4115.0000	0.1743	0.002000
8.5240	-41.0000	4074.0000	4115.0000	0.1926	0.002000
8.5260	-41.0000	4074.0000	4115.0000	0.1745	0.002000
8.5280	-41.0000	4074.0000	4115.0000	0.1561	0.002000
8.5300	-41.0000	4074.0000	4115.0000	0.1743	0.002000
8.5320	-41.0000	4074.0000	4115.0000	0.1926	0.002000
8.5340	-41.0000	4074.0000	4115.0000	0.1745	0.002000
8.5360	-41.0000	4074.0000	4115.0000	0.1561	0.002000
8.5380	-41.0000	4074.0000	4115.0000	0.1743	0.002000
8.5400	-41.0000	4074.0000	4115.0000	0.1926	0.002000
8.5420	-41.0000	4074.0000	4115.0000	0.1745	0.002000
8.5440	-41.0000	4074.0000	4115.0000	0.1561	0.002000
8.5460	-41.0000	4074.0000	4115.0000	0.1743	0.002000
8.5480	-41.0000	4074.0000	4115.0000	0.1926	0.002000
8.5500	-41.0000	4074.0000	4115.0000	0.1745	0.002000
8.5520	-41.0000	4074.0000	4115.0000	0.1561	0.002000
8.5540	-41.0000	4074.0000	4115.0000	0.1743	0.002000
8.5560	-41.0000	4074.0000	4115.0000	0.1926	0.002000
8.5580	-41.0000	4074.0000	4115.0000	0.1745	0.002000
8.5600	-41.0000	4074.0000	4115.0000	0.1560	0.002000
8.5620	-41.0000	4074.0000	4115.0000	0.1743	0.002000
8.5640	-41.0000	4074.0000	4115.0000	0.1926	0.002000
8.5660	-41.0000	4074.0000	4115.0000	0.1745	0.002000
8.5680	-41.0000	4074.0000	4115.0000	0.1560	0.002000
8.5700	-41.0000	4074.0000	4115.0000	0.1743	0.002000
8.5720	-41.0000	4074.0000	4115.0000	0.1926	0.002000
8.5740	-41.0000	4074.0000	4115.0000	0.1745	0.002000
8.5760	-41.0000	4074.0000	4115.0000	0.1560	0.002000
8.5780	-41.0000	4074.0000	4115.0000	0.1743	0.002000
8.5800	-41.0000	4074.0000	4115.0000	0.1926	0.002000
8.5820	-41.0000	4074.0000	4115.0000	0.1745	0.002000
8.5840	-41.0000	4074.0000	4115.0000	0.1560	0.002000
8.5860	-41.0000	4074.0000	4115.0000	0.1743	0.002000
8.5880	-41.0000	4074.0000	4115.0000	0.1926	0.002000
8.5900	-41.0000	4074.0000	4115.0000	0.1745	0.002000
8.5920	-41.0000	4074.0000	4115.0000	0.1560	0.002000
8.5940	-41.0000	4074.0000	4115.0000	0.1743	0.002000
8.5960	-41.0000	4074.0000	4115.0000	0.1926	0.002000
8.5980	-41.0000	4074.0000	4115.0000	0.1745	0.002000
8.6000	-41.0000	4074.0000	4115.0000	0.1560	0.002000
8.6020	-41.0000	4074.0000	4115.0000	0.1743	0.002000
8.6040	-41.0000	4074.0000	4115.0000	0.1926	0.002000
8.6060	-41.0000	4074.0000	4115.0000	0.1745	0.002000
8.6080	-41.0000	4074.0000	4115.0000	0.1560	0.002000
8.6100	-41.0000	4074.0000	4115.0000	0.1743	0.002000
8.6120	-41.0000	4074.0000	4115.0000	0.1926	0.002000
8.6140	-41.0000	4074.0000	4115.0000	0.1745	0.002000
8.6160	-41.0000	4074.0000	4115.0000	0.1560	0.002000
8.6180	-41.0000	4074.0000	4115.0000	0.1743	0.002000
8.6200	-41.0000	4074.0000	4115.0000	0.1926	0.002000
8.6220	-41.0000	4074.0000	4115.0000	0.1745	0.002000
8.6240	-41.0000	4074.0000	4115.0000	0.1560	0.002000
8.6260	-41.0000	4074.0000	4115.0000	0.1743	0.002000
8.6280	-41.0000	4074.0000	4115.0000	0.1926	0.002000
8.6300	-41.0000	4074.0000	4115.0000	0.1745	0.002000
8.6320	-41.0000	4074.0000	4115.0000	0.1560	0.002000
8.6340	-41.0000	4074.0000	4115.0000	0.1743	0.002000
8.6360	-41.0000	4074.0000	4115.0000	0.1926	0.002000
8.6380	-41.0000	4074.0000	4115.0000	0.1745	0.002000
8.6400	-41.0000	4074.0000	4115.0000	0.1560	0.002000
8.6420	-41.0000	4074.0000	4115.0000	0.1743	0.002000
8.6440	-41.0000	4074.0000	4115.0000	0.1926	0.002000
8.6460	-41.0000	4074.0000	4115.0000	0.1745	0.002000
8.6480	-41.0000	4074.0000	4115.0000	0.1560	0.002000
8.6500	-41.0000	4074.0000	4115.0000	0.1743	0.002000
8.6520	-41.0000	4074.0000	4115.0000	0.1926	0.002000
8.6540	-41.0000	4074.0000	4115.0000	0.1745	0.002000
8.6560	-41.0000	4074.0000	4115.0000	0.1560	0.002000
8.6580	-41.0000	4074.0000	4115.0000	0.1743	0.002000
8.6600	-41.0000	4074.0000	4115.0000	0.1926	0.002000
8.6620	-41.0000	4074.0000	4115.0000	0.1745	0.002000
8.6640	-41.0000	4074.0000	4115.0000	0.1560	0.002000
8.6660	-41.0000	4074.0000	4115.0000	0.1743	0.002000
8.6680	-41.0000	4074.0000	4115.0000	0.1926	0.002000
8.6700	-41.0000	4074.0000	4115.0000	0.1745	0.002000
8.6720	-41.0000	4074.0000	4115.0000	0.1560	0.002000
8.6740	-41.0000	4074.0000	4115.0000	0.1743	0.002000
8.6760	-41.0000	4074.0000	4115.0000	0.1926	0.002000
8.6780	-41.0000	4074.0000	4115.0000	0.1745	0.002000
8.6800	-41.0000	4074.0000	4115.0000	0.1560	0.002000
8.6820	-41.0000	4074.0000	4115.0000	0.1743	0.002000
8.6840	-41.0000	4074.0000	4115.0000	0.1926	0.002000
8.6860	-41.0000	4074.0000	4115.0000	0.1745	0.002000
8.6880	-41.0000	4074.0000	4115.0000	0.1560	0.002000
8.6900	-41.0000	4074.0000	4115.0000	0.1743	0.002000
8.6920	-41.0000	4074.0000	4115.0000	0.1926	0.002000
8.6940	-41.0000	4074.0000	4115.0000	0.1745	0.002000
8.6960	-41.0000	4074.0000	4115.0000	0.1560	0.002000
8.6980	-41.0000	4074.0000	4115.0000	0.1743	0.002000
8.7000	-41.0000	4074.0000	4115.0000	0.1926	0.002000
8.7020	-41.0000	4074.0000	4115.0000	0.1745	0.002000
8.7040	-41.0000	4074.0000	4115.0000	0.1560	0.002000
8.7060	-41.0000	4074.0000	4115.0000	0.1743	0.002000
8.7080	-41.0000	4074.0000	4115.0000	0.1926	0.002000
8.7100	-41.0000	4074.0000	4115.0000	0.1745	0.002000
8.7120	-41.0000	4074.0000	4115.0000	0.1560	0.002000
8.7140	-41.0000	4074.0000	4115.0000	0.1743	0.002000
8.7160	-41.0000	4074.0000	4115.0000	0.1926	0.002000
8.7180	-41.0000	4074.0000	4115.0000	0.1745	0.002000
8.7200	-41.0000	4074.0000	4115.0000	0.1560	0.002000
8.7220	-41.0000	4074.0000	4115.0000	0.1743	0.002000
8.7240	-41.0000	4074.0000	4115.0000	0.1926	0.002000
8.7260	-41.0000	4074.0000	4115.0000	0.1745	0.002000
8.7280	-41.0000	4074.0000	4115.0000	0.1560	0.002000
8.7300	-41.0000	4074.0000	4115.0000	0.1743	0.002000
8.7320	-41.0000	4074.0000	4115.0000	0.1926	0.002000
8.7340	-41.0000	4074.0000	4115.0000	0.1745	0.002000
8.7360	-41.0000	4074.0000	4115.0000	0.1560	0.002000
8.7380	-41.0000	4074.0000	4115.0000	0.1743	0.002000
8.7400	-41.0000	4074.0000	4115.0000	0.1926	0.002000
8.7420	-41.0000	4074.0000	4115.0000	0.1745	0.002000
8.7440	-41.0000	4074.0000	4115.0000	0.1560	0.002000
8.7460	-41.0000	4074.0000	4115.0000	0.1743	0.002000
8.7480	-41.0000	4074.0000	4115.0000	0.1926	0.002000
8.7500	-41.0000	4074.0000	4115.0000	0.1745	0.002000
8.7520	-41.0000	4074.0000	4115.0000	0.1560	0.002000
8.7540	-41.0000	4074.0000	4115.0000	0.1743	0.002000
8.7560	-41.0000	4074.0000	4115.0000	0.1926	0.002000
8.7580	-41.0000	4074.0000	4115.0000	0.1745	0.002000
8.7600	-41.0000	4074.0000	4115.0000	0.1560	0.002000
8.7620	-41.0000	4074.0000	4115.0000	0.1743	0.002000
8.7640	-41.0000	4074.0000	4115.0000	0.1926	0.002000
8.7660	-41.0000	4074.0000	4115.0000	0.1745	0.002000
8.7680	-41.0000	4074.0000	4115.0000	0.1560	0.002000
8.7700	-41.0000	4074.0000	4115.0000	0.1743	0.002000
8.7720	-41.0000	4074.0000	4115.0000	0.1926	0.002000
8.7740	-41.0000	4074.0000	4115.0000	0.1745	0.002000
8.7760	-41.0000	4074.0000	4115.0000	0.1560	0.002000
8.7780	-41.0000	4074.0000	4115.0000	0.1743	0.002000
8.7800	-41.0000	4074.0000	4115.0000	0.1926	0.002000
8.7820	-41.0000	4074.0000	4115.0000	0.1745	0.002000
8.7840	-41.0000	4074.0000	4115.0000	0.1560	0.002000
8.7860	-41.0000	4074.0000	4115.0000	0.1743	0.002000
8.7880	-41.0000	4074.0000	4115.0000	0.1926	0.002000
8.7900	-41.0000	4074.0000	4115.0000	0.1745	0.002000
8.7920	-41.0000	4074.0000	4115.0000	0.1560	0.002000
8.7940	-41.0000	4074.0000	4115.0000	0.1743	0.002000
8.7960	-41.0000	4074.0000	4115.0000	0.1926	0.002000
8.7980	-41.0000	4074.0000	4115.0000	0.1745	0.002000
8.8000	-41.0000	4074.0000	4115.0000	0.1560	0.002000
8.8020	-41.0000	4074.0000	4115.0000	0.1743	0.002000
8.8040	-41.0000	4074.0000	4115.0000	0.1926	0.002000
8.8060	-41.0000	4074.0000	4115.0000	0.1745	0.002000
8.8080	-41.0000	4074.0000	4115.0000	0.1560	0.002000
8.8100	-41.0000	4074.0000	4115.0000	0.1743	0.002000
8.8120	-41.0000	4074.0000	4115.0000	0.1926	0.002000
8.8140	-41.0000	4074.0000	4115.0000	0.1745	0.002000
8.8160	-41.0000	4074.0000	4115.0000	0.1560	0.002000
8.8180	-41.0000	4074.0000	4115.0000	0.1743	0.002000
8.8200	-41.0000	4074.0000	4115.0000	0.1926	0.002000
8.8220	-41.0000	4074.0000	4115.0000	0.1745	0.002000
8.8240	-41.0000	4074.0000	4115.0000	0.1560	0.002000
8.8260	-41.0000	4074.0000	4115.0000	0.1743	0.002000
8.8280	-41.0000	4074.0000	4115.0000	0.1926	0.002000
8.8300	-41.0000	4074.0000	4115.0000	0.1745	0.002000
8.8320	-41.0000	4074.0000	4115.0000	0.1560	0.002000
8.8340	-41.0000	4074.0000	4115.0000	0.1743	0.002000
8.8360	-41.0000	4074.0000	4115.0000	0.1926	0.002000
8.8380	-41.0000	4074.0000	4115.0000	0.1745	0.002000
8.8400	-41.0000	4074.0000	4115.0000	0.1561	0.002000
8.8420	-41.0000	4074.0000	4115.0000	0.1743	0.002000
8.8440	-41.0000	4074.0000	4115.0000	0.1926	0.002000
8.8460	-41.0000	4074.0000	4115.0000	0.1745	0.002000
8.8480	-41.0000	4074.0000	4115.0000	0.1561	0.002000
8.8500	-41.0000	4074.0000	4115.0000	0.1743	0.002000
8.8520	-41.0000	4074.0000	4115.0000	0.1926	0.002000
8.8540	-41.0000	4074.0000	4115.0000	0.1745	0.002000
8.8560	-41.0000	4074.0000	4115.0000	0.1561	0.002000
8.8580	-41.0000	4074.0000	4115.0000	0.1743	0.002000
8.8600	-41.0000	4074.0000	4115.0000	0.1926	0.002000
8.8620	-41.0000	4074.0000	4115.0000	0.1745	0.002000
8.8640	-41.0000	4074.0000	4115.0000	0.1561	0.002000
8.8660	-41.0000	4074.0000	4115.0000	0.1743	0.002000
8.8680	-41.0000	4074.0000	4115.0000	0.1926	0.002000
8.8700	-41.0000	4074.0000	4115.0000	0.1745	0.002000
8.8720	-41.0000	4074.0000	4115.0000	0.1561	0.002000
8.8740	-41.0000	4074.0000	4115.0000	0.1743	0.002000
8.8760	-41.0000	4074.0000	4115.0000	0.1926	0.002000
8.8780	-41.0000	4074.0000	4115.0000	0.1745	0.002000
8.8800	-41.0000	4074.0000	4115.0000	0.1561	0.002000
8.8820	-41.0000	4074.0000	4115.0000	0.1743	0.002000
8.8840	-41.0000	4074.0000	4115.0000	0.1926	0.002000
8.8860	-41.0000	4074.0000	4115.0000	0.1745	0.002000
8.8880	-41.0000	4074.0000	4115.0000	0.1561	0.002000
8.8900	-41.0000	4074.0000	4115.0000	0.1743	0.002000
8.8920	-41.0000	4074.0000	4115.0000	0.1926	0.002000
8.8940	-41.0000	4074.0000	4115.0000	0.1745	0.002000
8.8960	-41.0000	4074.0000	4115.0000	0.1561	0.002000
8.8980	-41.0000	4074.0000	4115.0000	0.1743	0.002000
8.9000	-41.0000	4074.0000	4115.0000	0.1926	0.002000
8.9020	-41.0000	4074.0000	4115.0000	0.1745	0.002000
8.9040	-41.0000	4074.0000	4115.0000	0.1561	0.002000
8.9060	-41.0000	4074.0000	4115.0000	0.1743	0.002000
8.9080	-41.0000	4074.0000	4115.0000	0.1926	0.002000
8.9100	-41.0000	4074.0000	4115.0000	0.1745	0.002000
8.9120	-41.0000	4074.0000	4115.0000	0.1561	0.002000
8.9140	-41.0000	4074.0000	4115.0000	0.1743	0.002000
8.9160	-41.0000	4074.0000	4115.0000	0.1926	0.002000
8.9180	-41.0000	4074.0000	4115.0000	0.1745	0.002000
8.9200	-41.0000	4074.0000	4115.0000	0.1561	0.002000
8.9220	-41.0000	4074.0000	4115.0000	0.1743	0.002000
8.9240	-41.0000	4074.0000	4115.0000	0.1926	0.002000
8.9260	-41.0000	4074.0000	4115.0000	0.1745	0.002000
8.9280	-41.0000	4074.0000	4115.0000	0.1561	0.002000
8.9300	-41.0000	4074.0000	4115.0000	0.1743	0.002000
8.9320	-41.0000	4074.0000	4115.0000	0.1926	0.002000
8.9340	-41.0000	4074.0000	4115.0000	0.1745	0.002000
8.9360	-41.0000	4074.0000	4115.0000	0.1561	0.002000
8.9380	-41.0000	4074.0000	4115.0000	0.1743	0.002000
8.9400	-41.0000	4074.0000	4115.0000	0.1926	0.002000
8.9420	-41.0000	4074.0000	4115.0000	0.1745	0.002000
8.9440	-41.0000	4074.0000	4115.0000	0.1561	0.002000
8.9460	-41.0000	4074.0000	4115.0000	0.1743	0.002000
8.9480	-41.0000	4074.0000	4115.0000	0.1926	0.002000
8.9500	-41.0000	4074.0000	4115.0000	0.1745	0.002000
8.9520	-41.0000	4074.0000	4115.0000	0.1560	0.002000
8.9540	-41.0000	4074.0000	4115.0000	0.1743	0.002000
8.9560	-41.0000	4074.0000	4115.0000	0.1926	0.002000
8.9580	-41.0000	4074.0000	4115.0000	0.1745	0.002000
8.9600	-41.0000	4074.0000	4115.0000	0.1561	0.002000
8.9620	-41.0000	4074.0000	4115.0000	0.1743	0.002000
8.9640	-41.0000	4074.0000	4115.0000	0.1926	0.002000
8.9660	-41.0000	4074.0000	4115.0000	0.1745	0.002000
8.9680	-41.0000	4074.0000	4115.0000	0.1561	0.002000
8.9700	-41.0000	4074.0000	4115.0000	0.1743	0.002000
8.9720	-41.0000	4074.0000	4115.0000	0.1926	0.002000
8.9740	-41.0000	4074.0000	4115.0000	0.1745	0.002000
8.9760	-41.0000	4074.0000	4115.0000	0.1561	0.002000
8.9780	-41.0000	4074.0000	4115.0000	0.1743	0.002000
8.9800	-41.0000	4074.0000	4115.0000	0.1926	0.002000
8.9820	-41.0000	4074.0000	4115.0000	0.1745	0.002000
8.9840	-41.0000	4074.0000	4115.0000	0.1561	0.002000
8.9860	-41.0000	4074.0000	4115.0000	0.1743	0.002000
8.9880	-41.0000	4074.0000	4115.0000	0.1926	0.002000
8.9900	-41.0000	4074.0000	4115.0000	0.1745	0.002000
8.9920	-41.0000	4074.0000	4115.0000	0.1561	0.002000
8.9940	-41.0000	4074.0000	4115.0000	0.1743	0.002000
8.9960	-41.0000	4074.0000	4115.0000	0.1926	0.002000
8.9980	-41.0000	4074.0000	4115.0000	0.1745	0.002000
9.0000	-41.0000	4074.0000	4115.0000	0.1561	0.002000
9.0020	-41.0000	4074.0000	4115.0000	0.1743	0.002000
9.0040	-41.0000	4074.0000	4115.0000	0.1926	0.002000
9.0060	-41.0000	4074.0000	4115.0000	0.1745	0.002000
9.0080	-41.0000	4074.0000	4115.0000	0.1561	0.002000
9.0100	-41.0000	4074.0000	4115.0000	0.1743	0.002000
9.0120	-41.0000	4074.0000	4115.0000	0.1926	0.002000
9.0140	-41.0000	4074.0000	4115.0000	0.1745	0.002000
9.0160	-41.0000	4074.0000	4115.0000	0.1561	0.002000
9.0180	-41.0000	4074.0000	4115.0000	0.1743	0.002000
9.0200	-41.0000	4074.0000	4115.0000	0.1926	0.002000
9.0220	-41.0000	4074.0000	4115.0000	0.1745	0.002000
9.0240	-41.0000	4074.0000	4115.0000	0.1561	0.002000
9.0260	-41.0000	4074.0000	4115.0000	0.1743	0.002000
9.0280	-41.0000	4074.0000	4115.0000	0.1926	0.002000
9.0300	-41.0000	4074.0000	4115.0000	0.1745	0.002000
9.0320	-41.0000	4074.0000	4115.0000	0.1561	0.002000
9.0340	-41.0000	4074.0000	4115.0000	0.1743	0.002000
9.0360	-41.0000	4074.0000	4115.0000	0.1926	0.002000
9.0380	-41.0000	4074.0000	4115.0000	0.1745	0.002000
9.0400	-41.0000	4074.0000	4115.0000	0.1560	0.002000
9.0420	-41.0000	4074.0000	4115.0000	0.1743	0.002000
9.0440	-41.0000	4074.0000	4115.0000	0.1926	0.002000
9.0460	-41.0000	4074.0000	4115.0000	0.1745	0.002000
9.0480	-41.0000	4074.0000	4115.0000	0.1560	0.002000
9.0500	-41.0000	4074.0000	4115.0000	0.1743	0.002000
9.0520	-41.0000	4074.0000	4115.0000	0.1926	0.002000
9.0540	-41.0000	4074.0000	4115.0000	0.1745	0.002000
9.0560	-41.0000	4074.0000	4115.0000	0.1560	0.002000
9.0580	-41.0000	4074.0000	4115.0000	0.1743	0.002000
9.0600	-41.0000	4074.0000	4115.0000	0.1926	0.002000
9.0620	-41.0000	4074.0000	4115.0000	0.1745	0.002000
9.0640	-41.0000	4074.0000	4115.0000	0.1560	0.002000
9.0660	-41.0000	4074.0000	4115.0000	0.1743	0.002000
9.0680	-41.0000	4074.0000	4115.0000	0.1926	0.002000
9.0700	-41.0000	4074.0000	4115.0000	0.1745	0.002000
9.0720	-41.0000	4074.0000	4115.0000	0.1560	0.002000
9.0740	-41.0000	4074.0000	4115.0000	0.1743	0.002000
9.0760	-41.0000	4074.0000	4115.0000	0.1926	0.002000
9.0780	-41.0000	4074.0000	4115.0000	0.1745	0.002000
9.0800	-41.0000	4074.0000	4115.0000	0.1560	0.002000
9.0820	-41.0000	4074.0000	4115.0000	0.1743	0.002000
9.0840	-41.0000	4074.0000	4115.0000	0.1926	0.002000
9.0860	-41.0000	4074.0000	4115.0000	0.1745	0.002000
9.0880	-41.0000	4074.0000	4115.0000	0.1560	0.002000
9.0900	-41.0000	4074.0000	4115.0000	0.1743	0.002000
9.0920	-41.0000	4074.0000	4115.0000	0.1926	0.002000
9.0940	-41.0000	4074.0000	4115.0000	0.1745	0.002000
9.0960	-41.0000	4074.0000	4115.0000	0.1560	0.002000
9.0980	-41.0000	4074.0000	4115.0000	0.1743	0.002000
9.1000	-41.0000	4074.0000	4115.0000	0.1926	0.002000
9.1020	-41.0000	4074.0000	4115.0000	0.1745	0.002000
9.1040	-41.0000	4074.0000	4115.0000	0.1560	0.002000
9.1060	-41.0000	4074.0000	4115.0000	0.1743	0.002000
9.1080	-41.0000	4074.0000	4115.0000	0.1926	0.002000
9.1100	-41.0000	4074.0000	4115.0000	0.1745	0.002000
9.1120	-41.0000	4074.0000	4115.0000	0.1560	0.002000
9.1140	-41.0000	4074.0000	4115.0000	0.1743	0.002000
9.1160	-41.0000	4074.0000	4115.0000	0.1926	0.002000
9.1180	-41.0000	4074.0000	4115.0000	0.1745	0.002000
9.1200	-41.0000	4074.0000	4115.0000	0.1560	0.002000
9.1220	-41.0000	4074.0000	4115.0000	0.1743	0.002000
9.1240	-41.0000	4074.0000	4115.0000	0.1926	0.002000
9.1260	-41.0000	4074.0000	4115.0000	0.1745	0.002000
9.1280	-41.0000	4074.0000	4115.0000	0.1560	0.002000
9.1300	-41.0000	4074.0000	4115.0000	0.1743	0.002000
9.1320	-41.0000	4074.0000	4115.0000	0.1926	0.002000
9.1340	-41.0000	4074.0000	4115.0000	0.1745	0.002000
9.1360	-41.0000	4074.0000	4115.0000	0.1560	0.002000
9.1380	-41.0000	4074.0000	4115.0000	0.1743	0.002000
9.1400	-41.0000	4074.0000	4115.0000	0.1926	0.002000
9.1420	-41.0000	4074.0000	4115.0000	0.1745	0.002000
9.1440	-41.0000	4074.0000	4115.0000	0.1560	0.002000
9.1460	-41.0000	4074.0000	4115.0000	0.1743	0.002000
9.1480	-41.0000	4074.0000	4115.0000	0.1926	0.002000
9.1500	-41.0000	4074.0000	4115.0000	0.1745	0.002000
9.1520	-41.0000	4074.0000	4115.0000	0.1561	0.002000
9.1540	-41.0000	4074.0000	4115.0000	0.1743	0.002000
9.1560	-41.0000	4074.0000	4115.0000	0.1926	0.002000
9.1580	-41.0000	4074.0000	4115.0000	0.1745	0.002000
9.1600	-41.0000	4074.0000	4115.0000	0.1560	0.002000
9.1620	-41.0000	4074.0000	4115.0000	0.1743	0.002000
9.1640	-41.0000	4074.0000	4115.0000	0.1926	0.002000
9.1660	-41.0000	4074.0000	4115.0000	0.1745	0.002000
9.1680	-41.0000	4074.0000	4115.0000	0.1560	0.002000
9.1700	-41.0000	4074.0000	4115.0000	0.1743	0.002000
9.1720	-41.0000	4074.0000	4115.0000	0.1926	0.002000
9.1740	-41.0000	4074.0000	4115.0000	0.1745	0.002000
9.1760	-41.0000	4074.0000	4115.0000	0.1560	0.002000
9.1780	-41.0000	4074.0000	4115.0000	0.1743	0.002000
9.1800	-41.0000	4074.0000	4115.0000	0.1926	0.002000
9.1820	-41.0000	4074.0000	4115.0000	0.1745	0.002000
9.1840	-41.0000	4074.0000	4115.0000	0.1560	0.002000
9.1860	-41.0000	4074.0000	4115.0000	0.1743	0.002000
9.1880	-41.0000	4074.0000	4115.0000	0.1926	0.002000
9.1900	-41.0000	4074.0000	4115.0000	0.1745	0.002000
9.1920	-41.0000	4074.0000	4115.0000	0.1560	0.002000
9.1940	-41.0000	4074.0000	4115.0000	0.1743	0.002000
9.1960	-41.0000	4074.0000	4115.0000	0.1926	0.002000
9.1980	-41.0000	4074.0000	4115.0000	0.1745	0.002000
9.2000	-41.0000	4074.0000	4115.0000	0.1560	0.002000
9.2020	-41.0000	4074.0000	4115.0000	0.1743	0.002000
9.2040	-41.0000	4074.0000	4115.0000	0.1926	0.002000
9.2060	-41.0000	4074.0000	4115.0000	0.1745	0.002000
9.2080	-41.0000	4074.0000	4115.0000	0.1560	0.002000
9.2100	-41.0000	4074.0000	4115.0000	0.1743	0.002000
9.2120	-41.0000	4074.0000	4115.0000	0.1926	0.002000
9.2140	-41.0000	4074.0000	4115.0000	0.1745	0.002000
9.2160	-41.0000	4074.0000	4115.0000	0.1560	0.002000
9.2180	-41.0000	4074.0000	4115.0000	0.1743	0.002000
9.2200	-41.0000	4074.0000	4115.0000	0.1926	0.002000
9.2220	-41.0000	4074.0000	4115.0000	0.1745	0.002000
9.2240	-41.0000	4074.0000	4115.0000	0.1560	0.002000
9.2260	-41.0000	4074.0000	4115.0000	0.1743	0.002000
9.2280	-41.0000	4074.0000	4115.0000	0.1926	0.002000
9.2300	-41.0000	4074.0000	4115.0000	0.1745	0.002000
9.2320	-41.0000	4074.0000	4115.0000	0.1560	0.002000
9.2340	-41.0000	4074.0000	4115.0000	0.1743	0.002000
9.2360	-41.0000	4074.0000	4115.0000	0.1926	0.002000
9.2380	-41.0000	4074.0000	4115.0000	0.1745	0.002000
9.2400	-41.0000	4074.0000	4115.0000	0.1560	0.002000
9.2420	-41.0000	4074.0000	4115.0000	0.1743	0.002000
9.2440	-41.0000	4074.0000	4115.0000	0.1926	0.002000
9.2460	-41.0000	4074.0000	4115.0000	0.1745	0.002000
9.2480	-41.0000	4074.0000	4115.0000	0.1560	0.002000
9.2500	-41.0000	4074.0000	4115.0000	0.1743	0.002000
9.2520	-41.0000	4074.0000	4115.0000	0.1926	0.002000
9.2540	-41.0000	4074.0000	4115.0000	0.1745	0.002000
9.2560	-41.0000	4074.0000	4115.0000	0.1560	0.002000
9.2580	-41.0000	4074.0000	4115.0000	0.1743	0.002000
9.2600	-41.0000	4074.0000	4115.0000	0.1926	0.002000
9.2620	-41.0000	4074.0000	4115.0000	0.1745	0.002000
9.2640	-41.0000	4074.0000	4115.0000	0.1560	0.002000
9.2660	-41.0000	4074.0000	4115.0000	0.1743	0.002000
9.2680	-41.0000	4074.0000	4115.0000	0.1926	0.002000
9.2700	-41.0000	4074.0000	4115.0000	0.1745	0.002000
9.2720	-41.0000	4074.0000	4115.0000	0.1560	0.002000
9.2740	-41.0000	4074.0000	4115.0000	0.1743	0.002000
9.2760	-41.0000	4074.0000	4115.0000	0.1926	0.002000
9.2780	-41.0000	4074.0000	4115.0000	0.1745	0.002000
9.2800	-41.0000	4074.0000	4115.0000	0.1560	0.002000
9.2820	-41.0000	4074.0000	4115.0000	0.1743	0.002000
9.2840	-41.0000	4074.0000	4115.0000	0.1926	0.002000
9.2860	-41.0000	4074.0000	4115.0000	0.1745	0.002000
9.2880	-41.0000	4074.0000	4115.0000	0.1560	0.002000
9.2900	-41.0000	4074.0000	4115.0000	0.1743	0.002000
9.2920	-41.0000	4074.0000	4115.0000	0.1926	0.002000
9.2940	-41.0000	4074.0000	4115.0000	0.1745	0.002000
9.2960	-41.0000	4074.0000	4115.0000	0.1560	0.002000
9.2980	-41.0000	4074.0000	4115.0000	0.1743	0.002000
9.3000	-41.0000	4074.0000	4115.0000	0.1926	0.002000
9.3020	-41.0000	4074.0000	4115.0000	0.1745	0.002000
9.3040	-41.0000	4074.0000	4115.0000	0.1560	0.002000
9.3060	-41.0000	4074.0000	4115.0000	0.1743	0.002000
9.3080	-41.0000	4074.0000	4115.0000	0.1926	0.002000
9.3100	-41.0000	4074.0000	4115.0000	0.1745	0.002000
9.3120	-41.0000	4074.0000	4115.0000	0.1560	0.002000
9.3140	-41.0000	4074.0000	4115.0000	0.1743	0.002000
9.3160	-41.0000	4074.0000	4115.0000	0.1926	0.002000
9.3180	-41.0000	4074.0000	4115.0000	0.1745	0.002000
9.3200	-41.0000	4074.0000	4115.0000	0.1560	0.002000
9.3220	-41.0000	4074.0000	4115.0000	0.1743	0.002000
9.3240	-41.0000	4074.0000	4115.0000	0.1926	0.002000
9.3260	-41.0000	4074.0000	4115.0000	0.1745	0.002000
9.3280	-41.0000	4074.0000	4115.0000	0.1560	0.002000
9.3300	-41.0000	4074.0000	4115.0000	0.1743	0.002000
9.3320	-41.0000	4074.0000	4115.0000	0.1926	0.002000
9.3340	-41.0000	4074.0000	4115.0000	0.1745	0.002000
9.3360	-41.0000	4074.0000	4115.0000	0.1560	0.002000
9.3380	-41.0000	4074.0000	4115.0000	0.1743	0.002000
9.3400	-41.0000	4074.0000	4115.0000	0.1926	0.002000
9.3420	-41.0000	4074.0000	4115.0000	0.1745	0.002000
9.3440	-41.0000	4074.0000	4115.0000	0.1560	0.002000
9.3460	-41.0000	4074.0000	4115.0000	0.1743	0.002000
9.3480	-41.0000	4074.0000	4115.0000	0.1926	0.002000
9.3500	-41.0000	4074.0000	4115.0000	0.1745	0.002000
9.3520	-41.0000	4074.0000	4115.0000	0.1560	0.002000
9.3540	-41.0000	4074.0000	4115.0000	0.1743	0.002000
9.3560	-41.0000	4074.0000	4115.0000	0.1926	0.002000
9.3580	-41.0000	4074.0000	4115.0000	0.1745	0.002000
9.3600	-41.0000	4074.0000	4115.0000	0.1560	0.002000
9.3620	-41.0000	4074.0000	4115.0000	0.1743	0.002000
9.3640	-41.0000	4074.0000	4115.0000	0.1926	0.002000
9.3660	-41.0000	4074.0000	4115.0000	0.1745	0.002000
9.3680	-41.0000	4074.0000	4115.0000	0.1560	0.002000
9.3700	-41.0000	4074.0000	4115.0000	0.1743	0.002000
9.3720	-41.0000	4074.0000	4115.0000	0.1926	0.002000
9.3740	-41.0000	4074.0000	4115.0000	0.1745	0.002000
9.3760	-41.0000	4074.0000	4115.0000	0.1560	0.002000
9.3780	-41.0000	4074.0000	4115.0000	0.1743	0.002000
9.3800	-41.0000	4074.0000	4115.0000	0.1926	0.002000
9.3820	-41.0000	4074.0000	4115.0000	0.1745	0.002000
9.3840	-41.0000	4074.0000	4115.0000	0.1560	0.002000
9.3860	-41.0000	4074.0000	4115.0000	0.1743	0.002000
9.3880	-41.0000	4074.0000	4115.0000	0.1926	0.002000
9.3900	-41.0000	4074.0000	4115.0000	0.1745	0.002000
9.3920	-41.0000	4074.0000	4115.0000	0.1560	0.002000
9.3940	-41.0000	4074.0000	4115.0000	0.1743	0.002000
9.3960	-41.0000	4074.0000	4115.0000	0.1926	0.002000
9.3980	-41.0000	4074.0000	4115.0000	0.1745	0.002000
9.4000	-41.0000	4074.0000	4115.0000	0.1560	0.002000
9.4020	-41.0000	4074.0000	4115.0000	0.1743	0.002000
9.4040	-41.0000	4074.0000	4115.0000	0.1926	0.002000
9.4060	-41.0000	4074.0000	4115.0000	0.1745	0.002000
9.4080	-41.0000	4074.0000	4115.0000	0.1560	0.002000
9.4100	-41.0000	4074.0000	4115.0000	0.1743	0.002000
9.4120	-41.0000	4074.0000	4115.0000	0.1926	0.002000
9.4140	-41.0000	4074.0000	4115.0000	0.1745	0.002000
9.4160	-41.0000	4074.0000	4115.0000	0.1560	0.002000
9.4180	-41.0000	4074.0000	4115.0000	0.1743	0.002000
9.4200	-41.0000	4074.0000	4115.0000	0.1926	0.002000
9.4220	-41.0000	4074.0000	4115.0000	0.1745	0.002000
9.4240	-41.0000	4074.0000	4115.0000	0.1560	0.002000
9.4260	-41.0000	4074.0000	4115.0000	0.1743	0.002000
9.4280	-41.0000	4074.0000	4115.0000	0.1926	0.002000
9.4300	-41.0000	4074.0000	4115.0000	0.1745	0.002000
9.4320	-41.0000	4074.0000	4115.0000	0.1560	0.002000
9.4340	-41.0000	4074.0000	4115.0000	0.1743	0.002000
9.4360	-41.0000	4074.0000	4115.0000	0.1926	0.002000
9.4380	-41.0000	4074.0000	4115.0000	0.1745	0.002000
9.4400	-41.0000	4074.0000	4115.0000	0.1560	0.002000
9.4420	-41.0000	4074.0000	4115.0000	0.1743	0.002000
9.4440	-41.0000	4074.0000	4115.0000	0.1926	0.002000
9.4460	-41.0000	4074.0000	4115.0000	0.1745	0.002000
9.4480	-41.0000	4074.0000	4115.0000	0.1560	0.002000
9.4500	-41.0000	4074.0000	4115.0000	0.1743	0.002000
9.4520	-41.0000	4074.0000	4115.0000	0.1926	0.002000
9.4540	-41.0000	4074.0000	4115.0000	0.1745	0.002000
9.4560	-41.0000	4074.0000	4115.0000	0.1560	0.002000
9.4580	-41.0000	4074.0000	4115.0000	0.1743	0.002000
9.4600	-41.0000	4074.0000	4115.0000	0.1926	0.002000
9.4620	-41.0000	4074.0000	4115.0000	0.1745	0.002000
9.4640	-41.0000	4074.0000	4115.0000	0.1560	0.002000
9.4660	-41.0000	4074.0000	4115.0000	0.1743	0.002000
9.4680	-41.0000	4074.0000	4115.0000	0.1926	0.002000
9.4700	-41.0000	4074.0000	4115.0000	0.1745	0.002000
9.4720	-41.0000	4074.0000	4115.0000	0.1560	0.002000
9.4740	-41.0000	4074.0000	4115.0000	0.1743	0.002000
9.4760	-41.0000	4074.0000	4115.0000	0.1926	0.002000
9.4780	-41.0000	4074.0000	4115.0000	0.1745	0.002000
9.4800	-41.0000	4074.0000	4115.0000	0.1560	0.002000
9.4820	-41.0000	4074.0000	4115.0000	0.1743	0.002000
9.4840	-41.0000	4074.0000	4115.0000	0.1926	0.002000
9.4860	-41.0000	4074.0000	4115.0000	0.1745	0.002000
9.4880	-41.0000	4074.0000	4115.0000	0.1560	0.002000
9.4900	-41.0000	4074.0000	4115.0000	0.1743	0.002000
9.4920	-41.0000	4074.0000	4115.0000	0.1926	0.002000
9.4940	-41.0000	4074.0000	4115.0000	0.1745	0.002000
9.4960	-41.0000	4074.0000	4115.0000	0.1560	0.002000
9.4980	-41.0000	4074.0000	4115.0000	0.1743	0.002000
9.5000	-41.0000	4074.0000	4115.0000	0.1926	0.002000
9.5020	-41.0000	4074.0000	4115.0000	0.1745	0.002000
9.5040	-41.0000	4074.0000	4115.0000	0.1560	0.002000
9.5060	-41.0000	4074.0000	4115.0000	0.1743	0.002000
9.5080	-41.0000	4074.0000	4115.0000	0.1926	0.002000
9.5100	-41.0000	4074.0000	4115.0000	0.1745	0.002000
9.5120	-41.0000	4074.0000	4115.0000	0.1560	0.002000
9.5140	-41.0000	4074.0000	4115.0000	0.1743	0.002000
9.5160	-41.0000	4074.0000	4115.0000	0.1926	0.002000
9.5180	-41.0000	4074.0000	4115.0000	0.1745	0.002000
9.5200	-41.0000	4074.0000	4115.0000	0.1560	0.002000
9.5220	-41.0000	4074.0000	4115.0000	0.1743	0.002000
9.5240	-41.0000	4074.0000	4115.0000	0.1926	0.002000
9.5260	-41.0000	4074.0000	4115.0000	0.1745	0.002000
9.5280	-41.0000	4074.0000	4115.0000	0.1560	0.002000
9.5300	-41.0000	4074.0000	4115.0000	0.1743	0.002000
9.5320	-41.0000	4074.0000	4115.0000	0.1926	0.002000
9.5340	-41.0000	4074.0000	4115.0000	0.1745	0.002000
9.5360	-41.0000	4074.0000	4115.0000	0.1560	0.002000
9.5380	-41.0000	4074.0000	4115.0000	0.1743	0.002000
9.5400	-41.0000	4074.0000	4115.0000	0.1926	0.002000
9.5420	-41.0000	4074.0000	4115.0000	0.1745	0.002000
9.5440	-41.0000	4074.0000	4115.0000	0.1560	0.002000
9.5460	-41.0000	4074.0000	4115.0000	0.1743	0.002000
9.5480	-41.0000	4074.0000	4115.0000	0.1926	0.002000
9.5500	-41.0000	4074.0000	4115.0000	0.1745	0.002000
9.5520	-41.0000	4074.0000	4115.0000	0.1560	0.002000
9.5540	-41.0000	4074.0000	4115.0000	0.1743	0.002000
9.5560	-41.0000	4074.0000	4115.0000	0.1926	0.002000
9.5580	-41.0000	4074.0000	4115.0000	0.1745	0.002000
9.5600	-41.0000	4074.0000	4115.0000	0.1560	0.002000
9.5620	-41.0000	4074.0000	4115.0000	0.1743	0.002000
9.5640	-41.0000	4074.0000	4115.0000	0.1926	0.002000
9.5660	-41.0000	4074.0000	4115.0000	0.1745	0.002000
9.5680	-41.0000	4074.0000	4115.0000	0.1560	0.002000
9.5700	-41.0000	4074.0000	4115.0000	0.1743	0.002000
9.5720	-41.0000	4074.0000	4115.0000	0.1926	0.002000
9.5740	-41.0000	4074.0000	4115.0000	0.1745	0.002000
9.5760	-41.0000	4074.0000	4115.0000	0.1560	0.002000
9.5780	-41.0000	4074.0000	4115.0000	0.1743	0.002000
9.5800	-41.0000	4074.0000	4115.0000	0.1926	0.002000
9.5820	-41.0000	4074.0000	4115.0000	0.1745	0.002000
9.5840	-41.0000	4074.0000	4115.0000	0.1560	0.002000
9.5860	-41.0000	4074.0000	4115.0000	0.1743	0.002000
9.5880	-41.0000	4074.0000	4115.0000	0.1926	0.002000
9.5900	-41.0000	4074.0000	4115.0000	0.1745	0.002000
9.5920	-41.0000	4074.0000	4115.0000	0.1560	0.002000
9.5940	-41.0000	4074.0000	4115.0000	0.1743	0.002000
9.5960	-41.0000	4074.0000	4115.0000	0.1926	0.002000
9.5980	-41.0000	4074.0000	4115.0000	0.1745	0.002000
9.6000	-41.0000	4074.0000	4115.0000	0.1560	0.002000
9.6020	-41.0000	4074.0000	4115.0000	0.1743	0.002000
9.6040	-41.0000	4074.0000	4115.0000	0.1926	0.002000
9.6060	-41.0000	4074.0000	4115.0000	0.1745	0.002000
9.6080	-41.0000	4074.0000	4115.0000	0.1560	0.002000
9.6100	-41.0000	4074.0000	4115.0000	0.1743	0.002000
9.6120	-41.0000	4074.0000	4115.0000	0.1926	0.002000
9.6140	-41.0000	4074.0000	4115.0000	0.1745	0.002000
9.6160	-41.0000	4074.0000	4115.0000	0.1560	0.002000
9.6180	-41.0000	4074.0000	4115.0000	0.1743	0.002000
9.6200	-41.0000	4074.0000	4115.0000	0.1926	0.002000
9.6220	-41.0000	4074.0000	4115.0000	0.1745	0.002000
9.6240	-41.0000	4074.0000	4115.0000	0.1560	0.002000
9.6260	-41.0000	4074.0000	4115.0000	0.1743	0.002000
9.6280	-41.0000	4074.0000	4115.0000	0.1926	0.002000
9.6300	-41.0000	4074.0000	4115.0000	0.1745	0.002000
9.6320	-41.0000	4074.0000	4115.0000	0.1560	0.002000
9.6340	-41.0000	4074.0000	4115.0000	0.1743	0.002000
9.6360	-41.0000	4074.0000	4115.0000	0.1926	0.002000
9.6380	-41.0000	4074.0000	4115.0000	0.1745	0.002000
9.6400	-41.0000	4074.0000	4115.0000	0.1560	0.002000
9.6420	-41.0000	4074.0000	4115.0000	0.1743	0.002000
9.6440	-41.0000	4074.0000	4115.0000	0.1926	0.002000
9.6460	-41.0000	4074.0000	4115.0000	0.1745	0.002000
9.6480	-41.0000	4074.0000	4115.0000	0.1560	0.002000
9.6500	-41.0000	4074.0000	4115.0000	0.1743	0.002000
9.6520	-41.0000	4074.0000	4115.0000	0.1926	0.002000
9.6540	-41.0000	4074.0000	4115.0000	0.1745	0.002000
9.6560	-41.0000	4074.0000	4115.0000	0.1560	0.002000
9.6580	-41.0000	4074.0000	4115.0000	0.1743	0.002000
9.6600	-41.0000	4074.0000	4115.0000	0.1926	0.002000
9.6620	-41.0000	4074.0000	4115.0000	0.1745	0.002000
9.6640	-41.0000	4074.0000	4115.0000	0.1560	0.002000
9.6660	-41.0000	4074.0000	4115.0000	0.1743	0.002000
9.6680	-41.0000	4074.0000	4115.0000	0.1926	0.002000
9.6700	-41.0000	4074.0000	4115.0000	0.1745	0.002000
9.6720	-41.0000	4074.0000	4115.0000	0.1560	0.002000
9.6740	-41.0000	4074.0000	4115.0000	0.1743	0.002000
9.6760	-41.0000	4074.0000	4115.0000	0.1926	0.002000
9.6780	-41.0000	4074.0000	4115.0000	0.1745	0.002000
9.6800	-41.0000	4074.0000	4115.0000	0.1560	0.002000
9.6820	-41.0000	4074.0000	4115.0000	0.1743	0.002000
9.6840	-41.0000	4074.0000	4115.0000	0.1926	0.002000
9.6860	-41.0000	4074.0000	4115.0000	0.1745	0.002000
9.6880	-41.0000	4074.0000	4115.0000	0.1560	0.002000
9.6900	-41.0000	4074.0000	4115.0000	0.1743	0.002000
9.6920	-41.0000	4074.0000	4115.0000	0.1926	0.002000
9.6940	-41.0000	4074.0000	4115.0000	0.1745	0.002000
9.6960	-41.0000	4074.0000	4115.0000	0.1561	0.002000
9.6980	-41.0000	4074.0000	4115.0000	0.1743	0.002000
9.7000	-41.0000	4074.0000	4115.0000	0.1926	0.002000
9.7020	-41.0000	4074.0000	4115.0000	0.1745	0.002000
9.7040	-41.0000	4074.0000	4115.0000	0.1561	0.002000
9.7060	-41.0000	4074.0000	4115.0000	0.1743	0.002000
9.7080	-41.0000	4074.0000	4115.0000	0.1926	0.002000
9.7100	-41.0000	4074.0000	4115.0000	0.1745	0.002000
9.7120	-41.0000	4074.0000	4115.0000	0.1561	0.002000
9.7140	-41.0000	4074.0000	4115.0000	0.1743	0.002000
9.7160	-41.0000	4074.0000	4115.0000	0.1926	0.002000
9.7180	-41.0000	4074.0000	4115.0000	0.1745	0.002000
9.7200	-41.0000	4074.0000	4115.0000	0.1560	0.002000
9.7220	-41.0000	4074.0000	4115.0000	0.1743	0.002000
9.7240	-41.0000	4074.0000	4115.0000	0.1926	0.002000
9.7260	-41.0000	4074.0000	4115.0000	0.1745	0.002000
9.7280	-41.0000	4074.0000	4115.0000	0.1560	0.002000
9.7300	-41.0000	4074.0000	4115.0000	0.1743	0.002000
9.7320	-41.0000	4074.0000	4115.0000	0.1926	0.002000
9.7340	-41.0000	4074.0000	4115.0000	0.1745	0.002000
9.7360	-41.0000	4074.0000	4115.0000	0.1560	0.002000
9.7380	-41.0000	4074.0000	4115.0000	0.1743	0.002000
9.7400	-41.0000	4074.0000	4115.0000	0.1926	0.002000
9.7420	-41.0000	4074.0000	4115.0000	0.1745	0.002000
9.7440	-41.0000	4074.0000	4115.0000	0.1560	0.002000
9.7460	-41.0000	4074.0000	4115.0000	0.1743	0.002000
9.7480	-41.0000	4074.0000	4115.0000	0.1926	0.002000
9.7500	-41.0000	4074.0000	4115.0000	0.1745	0.002000
9.7520	-41.0000	4074.0000	4115.0000	0.1560	0.002000
9.7540	-41.0000	4074.0000	4115.0000	0.1743	0.002000
9.7560	-41.0000	4074.0000	4115.0000	0.1926	0.002000
9.7580	-41.0000	4074.0000	4115.0000	0.1745	0.002000
9.7600	-41.0000	4074.0000	4115.0000	0.1560	0.002000
9.7620	-41.0000	4074.0000	4115.0000	0.1743	0.002000
9.7640	-41.0000	4074.0000	4115.0000	0.1926	0.002000
9.7660	-41.0000	4074.0000	4115.0000	0.1745	0.002000
9.7680	-41.0000	4074.0000	4115.0000	0.1560	0.002000
9.7700	-41.0000	4074.0000	4115.0000	0.1743	0.002000
9.7720	-41.0000	4074.0000	4115.0000	0.1926	0.002000
9.7740	-41.0000	4074.0000	4115.0000	0.1745	0.002000
9.7760	-41.0000	4074.0000	4115.0000	0.1560	0.002000
9.7780	-41.0000	4074.0000	4115.0000	0.1743	0.002000
9.7800	-41.0000	4074.0000	4115.0000	0.1926	0.002000
9.7820	-41.0000	4074.0000	4115.0000	0.1745	0.002000
9.7840	-41.0000	4074.0000	4115.0000	0.1560	0.002000
9.7860	-41.0000	4074.0000	4115.0000	0.1743	0.002000
9.7880	-41.0000	4074.0000	4115.0000	0.1926	0.002000
9.7900	-41.0000	4074.0000	4115.0000	0.1745	0.002000
9.7920	-41.0000	4074.0000	4115.0000	0.1560	0.002000
9.7940	-41.0000	4074.0000	4115.0000	0.1743	0.002000
9.7960	-41.0000	4074.0000	4115.0000	0.1926	0.002000
9.7980	-41.0000	4074.0000	4115.0000	0.1745	0.002000
9.8000	-41.0000	4074.0000	4115.0000	0.1560	0.002000
9.8020	-41.0000	4074.0000	4115.0000	0.1743	0.002000
9.8040	-41.0000	4074.0000	4115.0000	0.1926	0.002000
9.8060	-41.0000	4074.0000	4115.0000	0.1745	0.002000
9.8080	-41.0000	4074.0000	4115.0000	0.1560	0.002000
9.8100	-41.0000	4074.0000	4115.0000	0.1743	0.002000
9.8120	-41.0000	4074.0000	4115.0000	0.1926	0.002000
9.8140	-41.0000	4074.0000	4115.0000	0.1745	0.002000
9.8160	-41.0000	4074.0000	4115.0000	0.1560	0.002000
9.8180	-41.0000	4074.0000	4115.0000	0.1743	0.002000
9.8200	-41.0000	4074.0000	4115.0000	0.1926	0.002000
9.8220	-41.0000	4074.0000	4115.0000	0.1745	0.002000
9.8240	-41.0000	4074.0000	4115.0000	0.1560	0.002000
9.8260	-41.0000	4074.0000	4115.0000	0.1743	0.002000
9.8280	-41.0000	4074.0000	4115.0000	0.1926	0.002000
9.8300	-41.0000	4074.0000	4115.0000	0.1745	0.002000
9.8320	-41.0000	4074.0000	4115.0000	0.1560	0.002000
9.8340	-41.0000	4074.0000	4115.0000	0.1743	0.002000
9.8360	-41.0000	4074.0000	4115.0000	0.1926	0.002000
9.8380	-41.0000	4074.0000	4115.0000	0.1745	0.002000
9.8400	-41.0000	4074.0000	4115.0000	0.1560	0.002000
9.8420	-41.0000	4074.0000	4115.0000	0.1743	0.002000
9.8440	-41.0000	4074.0000	4115.0000	0.1926	0.002000
9.8460	-41.0000	4074.0000	4115.0000	0.1745	0.002000
9.8480	-41.0000	4074.0000	4115.0000	0.1560	0.002000
9.8500	-41.0000	4074.0000	4115.0000	0.1743	0.002000
9.8520	-41.0000	4074.0000	4115.0000	0.1926	0.002000
9.8540	-41.0000	4074.0000	4115.0000	0.1745	0.002000
9.8560	-41.0000	4074.0000	4115.0000	0.1560	0.002000
9.8580	-41.0000	4074.0000	4115.0000	0.1743	0.002000
9.8600	-41.0000	4074.0000	4115.0000	0.1926	0.002000
9.8620	-41.0000	4074.0000	4115.0000	0.1745	0.002000
9.8640	-41.0000	4074.0000	4115.0000	0.1560	0.002000
9.8660	-41.0000	4074.0000	4115.0000	0.1743	0.002000
9.8680	-41.0000	4074.0000	4115.0000	0.1926	0.002000
9.8700	-41.0000	4074.0000	4115.0000	0.1745	0.002000
9.8720	-41.0000	4074.0000	4115.0000	0.1560	0.002000
9.8740	-41.0000	4074.0000	4115.0000	0.1743	0.002000
9.8760	-41.0000	4074.0000	4115.0000	0.1926	0.002000
9.8780	-41.0000	4074.0000	4115.0000	0.1745	0.002000
9.8800	-41.0000	4074.0000	4115.0000	0.1560	0.002000
9.8820	-41.0000	4074.0000	4115.0000	0.1743	0.002000
9.8840	-41.0000	4074.0000	4115.0000	0.1926	0.002000
9.8860	-41.0000	4074.0000	4115.0000	0.1745	0.002000
9.8880	-41.0000	4074.0000	4115.0000	0.1560	0.002000
9.8900	-41.0000	4074.0000	4115.0000	0.1743	0.002000
9.8920	-41.0000	4074.0000	4115.0000	0.1926	0.002000
9.8940	-41.0000	4074.0000	4115.0000	0.1745	0.002000
9.8960	-41.0000	4074.0000	4115.0000	0.1560	0.002000
9.8980	-41.0000	4074.0000	4115.0000	0.1743	0.002000
9.9000	-41.0000	4074.0000	4115.0000	0.1926	0.002000
9.9020	-41.0000	4074.0000	4115.0000	0.1745	0.002000
9.9040	-41.0000	4074.0000	4115.0000	0.1560	0.002000
9.9060	-41.0000	4074.0000	4115.0000	0.1743	0.002000
9.9080	-41.0000	4074.0000	4115.0000	0.1926	0.002000
9.9100	-41.0000	4074.0000	4115.0000	0.1745	0.002000
9.9120	-41.0000	4074.0000	4115.0000	0.1560	0.002000
9.9140	-41.0000	4074.0000	4115.0000	0.1743	0.002000
9.9160	-41.0000	4074.0000	4115.0000	0.1926	0.002000
9.9180	-41.0000	4074.0000	4115.0000	0.1745	0.002000
9.9200	-41.0000	4074.0000	4115.0000	0.1560	0.002000
9.9220	-41.0000	4074.0000	4115.0000	0.1743	0.002000
9.9240	-41.0000	4074.0000	4115.0000	0.1926	0.002000
9.9260	-41.0000	4074.0000	4115.0000	0.1745	0.002000
9.9280	-41.0000	4074.0000	4115.0000	0.1560	0.002000
9.9300	-41.0000	4074.0000	4115.0000	0.1743	0.002000
9.9320	-41.0000	4074.0000	4115.0000	0.1926	0.002000
9.9340	-41.0000	4074.0000	4115.0000	0.1745	0.002000
9.9360	-41.0000	4074.0000	4115.0000	0.1560	0.002000
9.9380	-41.0000	4074.0000	4115.0000	0.1743	0.002000
9.9400	-41.0000	4074.0000	4115.0000	0.1926	0.002000
9.9420	-41.0000	4074.0000	4115.0000	0.1745	0.002000
9.9440	-41.0000	4074.0000	4115.0000	0.1560	0.002000
9.9460	-41.0000	4074.0000	4115.0000	0.1743	0.002000
9.9480	-41.0000	4074.0000	4115.0000	0.1926	0.002000
9.9500	-41.0000	4074.0000	4115.0000	0.1745	0.002000
9.9520	-41.0000	4074.0000	4115.0000	0.1560	0.002000
9.9540	-41.0000	4074.0000	4115.0000	0.1743	0.002000
9.9560	-41.0000	4074.0000	4115.0000	0.1926	0.002000
9.9580	-41.0000	4074.0000	4115.0000	0.1745	0.002000
9.9600	-41.0000	4074.0000	4115.0000	0.1560	0.002000
9.9620	-41.0000	4074.0000	4115.0000	0.1743	0.002000
9.9640	-41.0000	4074.0000	4115.0000	0.1926	0.002000
9.9660	-41.0000	4074.0000	4115.0000	0.1745	0.002000
9.9680	-41.0000	4074.0000	4115.0000	0.1560	0.002000
9.9700	-41.0000	4074.0000	4115.0000	0.1743	0.002000
9.9720	-41.0000	4074.0000	4115.0000	0.1926	0.002000
9.9740	-41.0000	4074.0000	4115.0000	0.1745	0.002000
9.9760	-41.0000	4074.0000	4115.0000	0.1560	0.002000
9.9780	-41.0000	4074.0000	4115.0000	0.1743	0.002000
9.9800	-41.0000	4074.0000	4115.0000	0.1926	0.002000
9.9820	-41.0000	4074.0000	4115.0000	0.1745	0.002000
9.9840	-41.0000	4074.0000	4115.0000	0.1560	0.002000
9.9860	-41.0000	4074.0000	4115.0000	0.1743	0.002000
9.9880	-41.0000	4074.0000	4115.0000	0.1926	0.002000
9.9900	-41.0000	4074.0000	4115.0000	0.1745	0.002000
9.9920	-41.0000	4074.0000	4115.0000	0.1560	0.002000
9.9940	-41.0000	4074.0000	4115.0000	0.1743	0.002000
9.9960	-41.0000	4074.0000	4115.0000	0.1926	0.002000
9.9980	-41.0000	4074.0000	4115.0000	0.1745	0.002000
10.0000	-41.0000	4074.0000	4115.0000	0.1560	0.002000
10.0020	-41.0000	4074.0000	4115.0000	0.1743	0.002000
10.0040	-41.0000	4074.0000	4115.0000	0.1926	0.002000
10.0060	-41.0000	4074.0000	4115.0000	0.1745	0.002000
10.0080	-41.0000	4074.0000	4115.0000	0.1560	0.002000
10.0100	-41.0000	4074.0000	4115.0000	0.1743	0.002000
10.0120	-41.0000	4074.0000	4115.0000	0.1926	0.002000
10.0140	-41.0000	4074.0000	4115.0000	0.1745	0.002000
10.0160	-41.0000	4074.0000	4115.0000	0.1560	0.002000
10.0180	-41.0000	4074.0000	4115.0000	0.1743	0.002000
10.0200	-41.0000	4074.0000	4115.0000	0.1926	0.002000
10.0220	-41.0000	4074.0000	4115.0000	0.1745	0.002000
10.0240	-41.0000	4074.0000	4115.0000	0.1560	0.002000
10.0260	-41.0000	4074.0000	4115.0000	0.1743	0.002000
10.0280	-41.0000	4074.0000	4115.0000	0.1926	0.002000
10.0300	-41.0000	4074.0000	4115.0000	0.1745	0.002000
10.0320	-41.0000	4074.0000	4115.0000	0.1560	0.002000
10.0340	-41.0000	4074.0000	4115.0000	0.1743	0.002000
10.0360	-41.0000	4074.0000	4115.0000	0.1926	0.002000
10.0380	-41.0000	4074.0000	4115.0000	0.1745	0.002000
10.0400	-41.0000	4074.0000	4115.0000	0.1560	0.002000
10.0420	-41.0000	4074.0000	4115.0000	0.1743	0.002000
10.0440	-41.0000	4074.0000	4115.0000	0.1926	0.002000
10.0460	-41.0000	4074.0000	4115.0000	0.1745	0.002000
10.0480	-41.0000	4074.0000	4115.0000	0.1560	0.002000
10.0500	-41.0000	4074.0000	4115.0000	0.1743	0.002000
10.0520	-41.0000	4074.0000	4115.0000	0.1926	0.002000
10.0540	-41.0000	4074.0000	4115.0000	0.1745	0.002000
10.0560	-41.0000	4074.0000	4115.0000	0.1560	0.002000
10.0580	-41.0000	4074.0000	4115.0000	0.1743	0.002000
10.0600	-41.0000	4074.0000	4115.0000	0.1926	0.002000
10.0620	-41.0000	4074.0000	4115.0000	0.1745	0.002000
10.0640	-41.0000	4074.0000	4115.0000	0.1560	0.002000
10.0660	-41.0000	4074.0000	4115.0000	0.1743	0.002000
10.0680	-41.0000	4074.0000	4115.0000	0.1926	0.002000
10.0700	-41.0000	4074.0000	4115.0000	0.1745	0.002000
10.0720	-41.0000	4074.0000	4115.0000	0.1560	0.002000
10.0740	-41.0000	4074.0000	4115.0000	0.1743	0.002000
10.0760	-41.0000	4074.0000	4115.0000	0.1926	0.002000
10.0780	-41.0000	4074.0000	4115.0000	0.1745	0.002000
10.0800	-41.0000	4074.0000	4115.0000	0.1560	0.002000
10.0820	-41.0000	4074.0000	4115.0000	0.1743	0.002000
10.0840	-41.0000	4074.0000	4115.0000	0.1926	0.002000
10.0860	-41.0000	4074.0000	4115.0000	0.1745	0.002000
10.0880	-41.0000	4074.0000	4115.0000	0.1560	0.002000
10.0900	-41.0000	4074.0000	4115.0000	0.1743	0.002000
10.0920	-41.0000	4074.0000	4115.0000	0.1926	0.002000
10.0940	-41.0000	4074.0000	4115.0000	0.1745	0.002000
10.0960	-41.0000	4074.0000	4115.0000	0.1560	0.002000
10.0980	-41.0000	4074.0000	4115.0000	0.1743	0.002000
10.1000	-41.0000	4074.0000	4115.0000	0.1926	0.002000
10.1020	-41.0000	4074.0000	4115.0000	0.1745	0.002000
10.1040	-41.0000	4074.0000	4115.0000	0.1560	0.002000
10.1060	-41.0000	4074.0000	4115.0000	0.1743	0.002000
10.1080	-41.0000	4074.0000	4115.0000	0.1926	0.002000
10.1100	-41.0000	4074.0000	4115.0000	0.1745	0.002000
10.1120	-41.0000	4074.0000	4115.0000	0.1560	0.002000
10.1140	-41.0000	4074.0000	4115.0000	0.1743	0.002000
10.1160	-41.0000	4074.0000	4115.0000	0.1926	0.002000
10.1180	-41.0000	4074.0000	4115.0000	0.1745	0.002000
10.1200	-41.0000	4074.0000	4115.0000	0.1560	0.002000
10.1220	-41.0000	4074.0000	4115.0000	0.1743	0.002000
10.1240	-41.0000	4074.0000	4115.0000	0.1926	0.002000
10.1260	-41.0000	4074.0000	4115.0000	0.1745	0.002000
10.1280	-41.0000	4074.0000	4115.0000	0.1560	0.002000
10.1300	-41.0000	4074.0000	4115.0000	0.1743	0.002000
10.1320	-41.0000	4074.0000	4115.0000	0.1926	0.002000
10.1340	-41.0000	4074.0000	4115.0000	0.1745	0.002000
10.1360	-41.0000	4074.0000	4115.0000	0.1560	0.002000
10.1380	-41.0000	4074.0000	4115.0000	0.1743	0.002000
10.1400	-41.0000	4074.0000	4115.0000	0.1926	0.002000
10.1420	-41.0000	4074.0000	4115.0000	0.1745	0.002000
10.1440	-41.0000	4074.0000	4115.0000	0.1560	0.002000
10.1460	-41.0000	4074.0000	4115.0000	0.1743	0.002000
10.1480	-41.0000	4074.0000	4115.0000	0.1926	0.002000
10.1500	-41.0000	4074.0000	4115.0000	0.1745	0.002000
10.1520	-41.0000	4074.0000	4115.0000	0.1560	0.002000
10.1540	-41.0000	4074.0000	4115.0000	0.1743	0.002000
10.1560	-41.0000	4074.0000	4115.0000	0.1926	0.002000
10.1580	-41.0000	4074.0000	4115.0000	0.1745	0.002000
10.1600	-41.0000	4074.0000	4115.0000	0.1560	0.002000
10.1620	-41.0000	4074.0000	4115.0000	0.1743	0.002000
10.1640	-41.0000	4074.0000	4115.0000	0.1926	0.002000
10.1660	-41.0000	4074.0000	4115.0000	0.1745	0.002000
10.1680	-41.0000	4074.0000	4115.0000	0.1560	0.002000
10.1700	-41.0000	4074.0000	4115.0000	0.1743	0.002000
10.1720	-41.0000	4074.0000	4115.0000	0.1926	0.002000
10.1740	-41.0000	4074.0000	4115.0000	0.1745	0.002000
10.1760	-41.0000	4074.0000	4115.0000	0.1560	0.002000
10.1780	-41.0000	4074.0000	4115.0000	0.1743	0.002000
10.1800	-41.0000	4074.0000	4115.0000	0.1926	0.002000
10.1820	-41.0000	4074.0000	4115.0000	0.1745	0.002000
10.1840	-41.0000	4074.0000	4115.0000	0.1560	0.002000
10.1860	-41.0000	4074.0000	4115.0000	0.1743	0.002000
10.1880	-41.0000	4074.0000	4115.0000	0.1926	0.002000
10.1900	-41.0000	4074.0000	4115.0000	0.1745	0.002000
10.1920	-41.0000	4074.0000	4115.0000	0.1560	0.002000
10.1940	-41.0000	4074.0000	4115.0000	0.1743	0.002000
10.1960	-41.0000	4074.0000	4115.0000	0.1926	0.002000
10.1980	-41.0000	4074.0000	4115.0000	0.1745	0.002000
10.2000	-41.0000	4074.0000	4115.0000	0.1560	0.002000
10.2020	-41.0000	4074.0000	4115.0000	0.1743	0.002000
10.2040	-41.0000	4074.0000	4115.0000	0.1926	0.002000
10.2060	-41.0000	4074.0000	4115.0000	0.1745	0.002000
10.2080	-41.0000	4074.0000	4115.0000	0.1560	0.002000
10.2100	-41.0000	4074.0000	4115.0000	0.1743	0.002000
10.2120	-41.0000	4074.0000	4115.0000	0.1926	0.002000
10.2140	-41.0000	4074.0000	4115.0000	0.1745	0.002000
10.2160	-41.0000	4074.0000	4115.0000	0.1560	0.002000
10.2180	-41.0000	4074.0000	4115.0000	0.1743	0.002000
10.2200	-41.0000	4074.0000	4115.0000	0.1926	0.002000
10.2220	-41.0000	4074.0000	4115.0000	0.1745	0.002000
10.2240	-41.0000	4074.0000	4115.0000	0.1560	0.002000
10.2260	-41.0000	4074.0000	4115.0000	0.1743	0.002000
10.2280	-41.0000	4074.0000	4115.0000	0.1926	0.002000
10.2300	-41.0000	4074.0000	4115.0000	0.1745	0.002000
10.2320	-41.0000	4074.0000	4115.0000	0.1560	0.002000
10.2340	-41.0000	4074.0000	4115.0000	0.1743	0.002000
10.2360	-41.0000	4074.0000	4115.0000	0.1926	0.002000
10.2380	-41.0000	4074.0000	4115.0000	0.1745	0.002000
10.2400	-41.0000	4074.0000	4115.0000	0.1560	0.002000
10.2420	-41.0000	4074.0000	4115.0000	0.1743	0.002000
10.2440	-41.0000	4074.0000	4115.0000	0.1926	0.002000
10.2460	-41.0000	4074.0000	4115.0000	0.1745	0.002000
10.2480	-41.0000	4074.0000	4115.0000	0.1560	0.002000
10.2500	-41.0000	4074.0000	4115.0000	0.1743	0.002000
10.2520	-41.0000	4074.0000	4115.0000	0.1926	0.002000
10.2540	-41.0000	4074.0000	4115.0000	0.1745	0.002000
10.2560	-41.0000	4074.0000	4115.0000	0.1560	0.002000
10.2580	-41.0000	4074.0000	4115.0000	0.1743	0.002000
10.2600	-41.0000	4074.0000	4115.0000	0.1926	0.002000
10.2620	-41.0000	4074.0000	4115.0000	0.1745	0.002000
10.2640	-41.0000	4074.0000	4115.0000	0.1560	0.002000
10.2660	-41.0000	4074.0000	4115.0000	0.1743	0.002000
10.2680	-41.0000	4074.0000	4115.0000	0.1926	0.002000
10.2700	-41.0000	4074.0000	4115.0000	0.1745	0.002000
10.2720	-41.0000	4074.0000	4115.0000	0.1560	0.002000
10.2740	-41.0000	4074.0000	4115.0000	0.1743	0.002000
10.2760	-41.0000	4074.0000	4115.0000	0.1926	0.002000
10.2780	-41.0000	4074.0000	4115.0000	0.1745	0.002000
10.2800	-41.0000	4074.0000	4115.0000	0.1560	0.002000
10.2820	-41.0000	4074.0000	4115.0000	0.1743	0.002000
10.2840	-41.0000	4074.0000	4115.0000	0.1926	0.002000
10.2860	-41.0000	4074.0000	4115.0000	0.1745	0.002000
10.2880	-41.0000	4074.0000	4115.0000	0.1560	0.002000
10.2900	-41.0000	4074.0000	4115.0000	0.1743	0.002000
10.2920	-41.0000	4074.0000	4115.0000	0.1926	0.002000
10.2940	-41.0000	4074.0000	4115.0000	0.1745	0.002000
10.2960	-41.0000	4074.0000	4115.0000	0.1560	0.002000
10.2980	-41.0000	4074.0000	4115.0000	0.1743	0.002000
10.3000	-41.0000	4074.0000	4115.0000	0.1926	0.002000
10.3020	-41.0000	4074.0000	4115.0000	0.1745	0.002000
10.3040	-41.0000	4074.0000	4115.0000	0.1560	0.002000
10.3060	-41.0000	4074.0000	4115.0000	0.1743	0.002000
10.3080	-41.0000	4074.0000	4115.0000	0.1926	0.002000
10.3100	-41.0000	4074.0000	4115.0000	0.1745	0.002000
10.3120	-41.0000	4074.0000	4115.0000	0.1560	0.002000
10.3140	-41.0000	4074.0000	4115.0000	0.1743	0.002000
10.3160	-41.0000	4074.0000	4115.0000	0.1926	0.002000
10.3180	-41.0000	4074.0000	4115.0000	0.1745	0.002000
10.3200	-41.0000	4074.0000	4115.0000	0.1560	0.002000
10.3220	-41.0000	4074.0000	4115.0000	0.1743	0.002000
10.3240	-41.0000	4074.0000	4115.0000	0.1926	0.002000
10.3260	-41.0000	4074.0000	4115.0000	0.1745	0.002000
10.3280	-41.0000	4074.0000	4115.0000	0.1560	0.002000
10.3300	-41.0000	4074.0000	4115.0000	0.1743	0.002000
10.3320	-41.0000	4074.0000	4115.0000	0.1926	0.002000
10.3340	-41.0000	4074.0000	4115.0000	0.1745	0.002000
10.3360	-41.0000	4074.0000	4115.0000	0.1560	0.002000
10.3380	-41.0000	4074.0000	4115.0000	0.1743	0.002000
10.3400	-41.0000	4074.0000	4115.0000	0.1926	0.002000
10.3420	-41.0000	4074.0000	4115.0000	0.1745	0.002000
10.3440	-41.0000	4074.0000	4115.0000	0.1560	0.002000
10.3460	-41.0000	4074.0000	4115.0000	0.1743	0.002000
10.3480	-41.0000	4074.0000	4115.0000	0.1926	0.002000
10.3500	-41.0000	4074.0000	4115.0000	0.1745	0.002000
10.3520	-41.0000	4074.0000	4115.0000	0.1560	0.002000
10.3540	-41.0000	4074.0000	4115.0000	0.1743	0.002000
10.3560	-41.0000	4074.0000	4115.0000	0.1926	0.002000
10.3580	-41.0000	4074.0000	4115.0000	0.1745	0.002000
10.3600	-41.0000	4074.0000	4115.0000	0.1560	0.002000
10.3620	-41.0000	4074.0000	4115.0000	0.1743	0.002000
10.3640	-41.0000	4074.0000	4115.0000	0.1926	0.002000
10.3660	-41.0000	4074.0000	4115.0000	0.1745	0.002000
10.3680	-41.0000	4074.0000	4115.0000	0.1560	0.002000
10.3700	-41.0000	4074.0000	4115.0000	0.1743	0.002000
10.3720	-41.0000	4074.0000	4115.0000	0.1926	0.002000
10.3740	-41.0000	4074.0000	4115.0000	0.1745	0.002000
10.3760	-41.0000	4074.0000	4115.0000	0.1560	0.002000
10.3780	-41.0000	4074.0000	4115.0000	0.1743	0.002000
10.3800	-41.0000	4074.0000	4115.0000	0.1926	0.002000
10.3820	-41.0000	4074.0000	4115.0000	0.1745	0.002000
10.3840	-41.0000	4074.0000	4115.0000	0.1560	0.002000
10.3860	-41.0000	4074.0000	4115.0000	0.1743	0.002000
10.3880	-41.0000	4074.0000	4115.0000	0.1926	0.002000
10.3900	-41.0000	4074.0000	4115.0000	0.1745	0.002000
10.3920	-41.0000	4074.0000	4115.0000	0.1560	0.002000
10.3940	-41.0000	4074.0000	4115.0000	0.1743	0.002000
10.3960	-41.0000	4074.0000	4115.0000	0.1926	0.002000
10.3980	-41.0000	4074.0000	4115.0000	0.1745	0.002000
10.4000	-41.0000	4074.0000	4115.0000	0.1560	0.002000
10.4020	-41.0000	4074.0000	4115.0000	0.1743	0.002000
10.4040	-41.0000	4074.0000	4115.0000	0.1926	0.002000
10.4060	-41.0000	4074.0000	4115.0000	0.1745	0.002000
10.4080	-41.0000	4074.0000	4115.0000	0.1560	0.002000
10.4100	-41.0000	4074.0000	4115.0000	0.1743	0.002000
10.4120	-41.0000	4074.0000	4115.0000	0.1926	0.002000
10.4140	-41.0000	4074.0000	4115.0000	0.1745	0.002000
10.4160	-41.0000	4074.0000	4115.0000	0.1560	0.002000
10.4180	-41.0000	4074.0000	4115.0000	0.1743	0.002000
10.4200	-41.0000	4074.0000	4115.0000	0.1926	0.002000
10.4220	-41.0000	4074.0000	4115.0000	0.1745	0.002000
10.4240	-41.0000	4074.0000	4115.0000	0.1560	0.002000
10.4260	-41.0000	4074.0000	4115.0000	0.1743	0.002000
10.4280	-41.0000	4074.0000	4115.0000	0.1926	0.002000
10.4300	-41.0000	4074.0000	4115.0000	0.1745	0.002000
10.4320	-41.0000	4074.0000	4115.0000	0.1560	0.002000
10.4340	-41.0000	4074.0000	4115.0000	0.1743	0.002000
10.4360	-41.0000	4074.0000	4115.0000	0.1926	0.002000
10.4380	-41.0000	4074.0000	4115.0000	0.1745	0.002000
10.4400	-41.0000	4074.0000	4115.0000	0.1560	0.002000
10.4420	-41.0000	4074.0000	4115.0000	0.1743	0.002000
10.4440	-41.0000	4074.0000	4115.0000	0.1926	0.002000
10.4460	-41.0000	4074.0000	4115.0000	0.1745	0.002000
10.4480	-41.0000	4074.0000	4115.0000	0.1560	0.002000
10.4500	-41.0000	4074.0000	4115.0000	0.1743	0.002000
10.4520	-41.0000	4074.0000	4115.0000	0.1926	0.002000
10.4540	-41.0000	4074.0000	4115.0000	0.1745	0.002000
10.4560	-41.0000	4074.0000	4115.0000	0.1560	0.002000
10.4580	-41.0000	4074.0000	4115.0000	0.1743	0.002000
10.4600	-41.0000	4074.0000	4115.0000	0.1926	0.002000
10.4620	-41.0000	4074.0000	4115.0000	0.1745	0.002000
10.4640	-41.0000	4074.0000	4115.0000	0.1560	0.002000
10.4660	-41.0000	4074.0000	4115.0000	0.1743	0.002000
10.4680	-41.0000	4074.0000	4115.0000	0.1926	0.002000
10.4700	-41.0000	4074.0000	4115.0000	0.1745	0.002000
10.4720	-41.0000	4074.0000	4115.0000	0.1560	0.002000
10.4740	-41.0000	4074.0000	4115.0000	0.1743	0.002000
10.4760	-41.0000	4074.0000	4115.0000	0.1926	0.002000
10.4780	-41.0000	4074.0000	4115.0000	0.1745	0.002000
10.4800	-41.0000	4074.0000	4115.0000	0.1560	0.002000
10.4820	-41.0000	4074.0000	4115.0000	0.1743	0.002000
10.4840	-41.0000	4074.0000	4115.0000	0.1926	0.002000
10.4860	-41.0000	4074.0000	4115.0000	0.1745	0.002000
10.4880	-41.0000	4074.0000	4115.0000	0.1560	0.002000
10.4900	-41.0000	4074.0000	4115.0000	0.1743	0.002000
10.4920	-41.0000	4074.0000	4115.0000	0.1926	0.002000
10.4940	-41.0000	4074.0000	4115.0000	0.1745	0.002000
10.4960	-41.0000	4074.0000	4115.0000	0.1560	0.002000
10.4980	-41.0000	4074.0000	4115.0000	0.1743	0.002000
10.5000	-41.0000	4074.0000	4115.0000	0.1926	0.002000
10.5020	-41.0000	4074.0000	4115.0000	0.1745	0.002000
10.5040	-41.0000	4074.0000	4115.0000	0.1560	0.002000
10.5060	-41.0000	4074.0000	4115.0000	0.1743	0.002000
10.5080	-41.0000	4074.0000	4115.0000	0.1926	0.002000
10.5100	-41.0000	4074.0000	4115.0000	0.1745	0.002000
10.5120	-41.0000	4074.0000	4115.0000	0.1560	0.002000
10.5140	-41.0000	4074.0000	4115.0000	0.1743	0.002000
10.5160	-41.0000	4074.0000	4115.0000	0.1926	0.002000
10.5180	-41.0000	4074.0000	4115.0000	0.1745	0.002000
10.5200	-41.0000	4074.0000	4115.0000	0.1560	0.002000
10.5220	-41.0000	4074.0000	4115.0000	0.1743	0.002000
10.5240	-41.0000	4074.0000	4115.0000	0.1926	0.002000
10.5260	-41.0000	4074.0000	4115.0000	0.1745	0.002000
10.5280	-41.0000	4074.0000	4115.0000	0.1560	0.002000
10.5300	-41.0000	4074.0000	4115.0000	0.1743	0.002000
10.5320	-41.0000	4074.0000	4115.0000	0.1926	0.002000
10.5340	-41.0000	4074.0000	4115.0000	0.1745	0.002000
10.5360	-41.0000	4074.0000	4115.0000	0.1560	0.002000
10.5380	-41.0000	4074.0000	4115.0000	0.1743	0.002000
10.5400	-41.0000	4074.0000	4115.0000	0.1926	0.002000
10.5420	-41.0000	4074.0000	4115.0000	0.1745	0.002000
10.5440	-41.0000	4074.0000	4115.0000	0.1560	0.002000
10.5460	-41.0000	4074.0000	4115.0000	0.1743	0.002000
10.5480	-41.0000	4074.0000	4115.0000	0.1926	0.002000
10.5500	-41.0000	4074.0000	4115.0000	0.1745	0.002000
10.5520	-41.0000	4074.0000	4115.0000	0.1560	0.002000
10.5540	-41.0000	4074.0000	4115.0000	0.1743	0.002000
10.5560	-41.0000	4074.0000	4115.0000	0.1926	0.002000
10.5580	-41.0000	4074.0000	4115.0000	0.1745	0.002000
10.5600	-41.0000	4074.0000	4115.0000	0.1560	0.002000
10.5620	-41.0000	4074.0000	4115.0000	0.1743	0.002000
10.5640	-41.0000	4074.0000	4115.0000	0.1926	0.002000
10.5660	-41.0000	4074.0000	4115.0000	0.1745	0.002000
10.5680	-41.0000	4074.0000	4115.0000	0.1560	0.002000
10.5700	-41.0000	4074.0000	4115.0000	0.1743	0.002000
10.5720	-41.0000	4074.0000	4115.0000	0.1926	0.002000
10.5740	-41.0000	4074.0000	4115.0000	0.1745	0.002000
10.5760	-41.0000	4074.0000	4115.0000	0.1560	0.002000
10.5780	-41.0000	4074.0000	4115.0000	0.1743	0.002000
10.5800	-41.0000	4074.0000	4115.0000	0.1926	0.002000
10.5820	-41.0000	4074.0000	4115.0000	0.1745	0.002000
10.5840	-41.0000	4074.0000	4115.0000	0.1560	0.002000
10.5860	-41.0000	4074.0000	4115.0000	0.1743	0.002000
10.5880	-41.0000	4074.0000	4115.0000	0.1926	0.002000
10.5900	-41.0000	4074.0000	4115.0000	0.1745	0.002000
10.5920	-41.0000	4074.0000	4115.0000	0.1560	0.002000
10.5940	-41.0000	4074.0000	4115.0000	0.1743	0.002000
10.5960	-41.0000	4074.0000	4115.0000	0.1926	0.002000
10.5980	-41.0000	4074.0000	4115.0000	0.1745	0.002000
10.6000	-41.0000	4074.0000	4115.0000	0.1560	0.002000
10.6020	-41.0000	4074.0000	4115.0000	0.1743	0.002000
10.6040	-41.0000	4074.0000	4115.0000	0.1926	0.002000
10.6060	-41.0000	4074.0000	4115.0000	0.1745	0.002000
10.6080	-41.0000	4074.0000	4115.0000	0.1560	0.002000
10.6100	-41.0000	4074.0000	4115.0000	0.1743	0.002000
10.6120	-41.0000	4074.0000	4115.0000	0.1926	0.002000
10.6140	-41.0000	4074.0000	4115.0000	0.1745	0.002000
10.6160	-41.0000	4074.0000	4115.0000	0.1560	0.002000
10.6180	-41.0000	4074.0000	4115.0000	0.1743	0.002000
10.6200	-41.0000	4074.0000	4115.0000	0.1926	0.002000
10.6220	-41.0000	4074.0000	4115.0000	0.1745	0.002000
10.6240	-41.0000	4074.0000	4115.0000	0.1560	0.002000
10.6260	-41.0000	4074.0000	4115.0000	0.1743	0.002000
10.6280	-41.0000	4074.0000	4115.0000	0.1926	0.002000
10.6300	-41.0000	4074.0000	4115.0000	0.1745	0.002000
10.6320	-41.0000	4074.0000	4115.0000	0.1560	0.002000
10.6340	-41.0000	4074.0000	4115.0000	0.1743	0.002000
10.6360	-41.0000	4074.0000	4115.0000	0.1926	0.002000
10.6380	-41.0000	4074.0000	4115.0000	0.1745	0.002000
10.6400	-41.0000	4074.0000	4115.0000	0.1560	0.002000
10.6420	-41.0000	4074.0000	4115.0000	0.1743	0.002000
10.6440	-41.0000	4074.0000	4115.0000	0.1926	0.002000
10.6460	-41.0000	4074.0000	4115.0000	0.1745	0.002000
10.6480	-41.0000	4074.0000	4115.0000	0.1560	0.002000
10.6500	-41.0000	4074.0000	4115.0000	0.1743	0.002000
10.6520	-41.0000	4074.0000	4115.0000	0.1926	0.002000
10.6540	-41.0000	4074.0000	4115.0000	0.1745	0.002000
10.6560	-41.0000	4074.0000	4115.0000	0.1560	0.002000
10.6580	-41.0000	4074.0000	4115.0000	0.1743	0.002000
10.6600	-41.0000	4074.0000	4115.0000	0.1926	0.002000
10.6620	-41.0000	4074.0000	4115.0000	0.1745	0.002000
10.6640	-41.0000	4074.0000	4115.0000	0.1560	0.002000
10.6660	-41.0000	4074.0000	4115.0000	0.1743	0.002000
10.6680	-41.0000	4074.0000	4115.0000	0.1926	0.002000
10.6700	-41.0000	4074.0000	4115.0000	0.1745	0.002000
10.6720	-41.0000	4074.0000	4115.0000	0.1560	0.002000
10.6740	-41.0000	4074.0000	4115.0000	0.1743	0.002000
10.6760	-41.0000	4074.0000	4115.0000	0.1926	0.002000
10.6780	-41.0000	4074.0000	4115.0000	0.1745	0.002000
10.6800	-41.0000	4074.0000	4115.0000	0.1560	0.002000
10.6820	-41.0000	4074.0000	4115.0000	0.1743	0.002000
10.6840	-41.0000	4074.0000	4115.0000	0.1926	0.002000
10.6860	-41.0000	4074.0000	4115.0000	0.1745	0.002000
10.6880	-41.0000	4074.0000	4115.0000	0.1560	0.002000
10.6900	-41.0000	4074.0000	4115.0000	0.1743	0.002000
10.6920	-41.0000	4074.0000	4115.0000	0.1926	0.002000
10.6940	-41.0000	4074.0000	4115.0000	0.1745	0.002000
10.6960	-41.0000	4074.0000	4115.0000	0.1560	0.002000
10.6980	-41.0000	4074.0000	4115.0000	0.1743	0.002000
10.7000	-41.0000	4074.0000	4115.0000	0.1926	0.002000
10.7020	-41.0000	4074.0000	4115.0000	0.1745	0.002000
10.7040	-41.0000	4074.0000	4115.0000	0.1560	0.002000
10.7060	-41.0000	4074.0000	4115.0000	0.1743	0.002000
10.7080	-41.0000	4074.0000	4115.0000	0.1926	0.002000
10.7100	-41.0000	4074.0000	4115.0000	0.1745	0.002000
10.7120	-41.0000	4074.0000	4115.0000	0.1560	0.002000
10.7140	-41.0000	4074.0000	4115.0000	0.1743	0.002000
10.7160	-41.0000	4074.0000	4115.0000	0.1926	0.002000
10.7180	-41.0000	4074.0000	4115.0000	0.1745	0.002000
10.7200	-41.0000	4074.0000	4115.0000	0.1560	0.002000
10.7220	-41.0000	4074.0000	4115.0000	0.1743	0.002000
10.7240	-41.0000	4074.0000	4115.0000	0.1926	0.002000
10.7260	-41.0000	4074.0000	4115.0000	0.1745	0.002000
10.7280	-41.0000	4074.0000	4115.0000	0.1560	0.002000
10.7300	-41.0000	4074.0000	4115.0000	0.1743	0.002000
10.7320	-41.0000	4074.0000	4115.0000	0.1926	0.002000
10.7340	-41.0000	4074.0000	4115.0000	0.1745	0.002000
10.7360	-41.0000	4074.0000	4115.0000	0.1560	0.002000
10.7380	-41.0000	4074.0000	4115.0000	0.1743	0.002000
10.7400	-41.0000	4074.0000	4115.0000	0.1926	0.002000
10.7420	-41.0000	4074.0000	4115.0000	0.1745	0.002000
10.7440	-41.0000	4074.0000	4115.0000	0.1560	0.002000
10.7460	-41.0000	4074.0000	4115.0000	0.1743	0.002000
10.7480	-41.0000	4074.0000	4115.0000	0.1926	0.002000
10.7500	-41.0000	4074.0000	4115.0000	0.1745	0.002000
10.7520	-41.0000	4074.0000	4115.0000	0.1560	0.002000
10.7540	-41.0000	4074.0000	4115.0000	0.1743	0.002000
10.7560	-41.0000	4074.0000	4115.0000	0.1926	0.002000
10.7580	-41.0000	4074.0000	4115.0000	0.1745	0.002000
10.7600	-41.0000	4074.0000	4115.0000	0.1560	0.002000
10.7620	-41.0000	4074.0000	4115.0000	0.1743	0.002000
10.7640	-41.0000	4074.0000	4115.0000	0.1926	0.002000
10.7660	-41.0000	4074.0000	4115.0000	0.1745	0.002000
10.7680	-41.0000	4074.0000	4115.0000	0.1560	0.002000
10.7700	-41.0000	4074.0000	4115.0000	0.1743	0.002000
10.7720	-41.0000	4074.0000	4115.0000	0.1926	0.002000
10.7740	-41.0000	4074.0000	4115.0000	0.1745	0.002000
10.7760	-41.0000	4074.0000	4115.0000	0.1560	0.002000
10.7780	-41.0000	4074.0000	4115.0000	0.1743	0.002000
10.7800	-41.0000	4074.0000	4115.0000	0.1926	0.002000
10.7820	-41.0000	4074.0000	4115.0000	0.1745	0.002000
10.7840	-41.0000	4074.0000	4115.0000	0.1560	0.002000
10.7860	-41.0000	4074.0000	4115.0000	0.1743	0.002000
10.7880	-41.0000	4074.0000	4115.0000	0.1926	0.002000
10.7900	-41.0000	4074.0000	4115.0000	0.1745	0.002000
10.7920	-41.0000	4074.0000	4115.0000	0.1560	0.002000
10.7940	-41.0000	4074.0000	4115.0000	0.1743	0.002000
10.7960	-41.0000	4074.0000	4115.0000	0.1926	0.002000
10.7980	-41.0000	4074.0000	4115.0000	0.1745	0.002000
10.8000	-41.0000	4074.0000	4115.0000	0.1560	0.002000
10.8020	-41.0000	4074.0000	4115.0000	0.1743	0.002000
10.8040	-41.0000	4074.0000	4115.0000	0.1926	0.002000
10.8060	-41.0000	4074.0000	4115.0000	0.1745	0.002000
10.8080	-41.0000	4074.0000	4115.0000	0.1560	0.002000
10.8100	-41.0000	4074.0000	4115.0000	0.1743	0.002000
10.8120	-41.0000	4074.0000	4115.0000	0.1926	0.002000
10.8140	-41.0000	4074.0000	4115.0000	0.1745	0.002000
10.8160	-41.0000	4074.0000	4115.0000	0.1560	0.002000
10.8180	-41.0000	4074.0000	4115.0000	0.1743	0.002000
10.8200	-41.0000	4074.0000	4115.0000	0.1926	0.002000
10.8220	-41.0000	4074.0000	4115.0000	0.1745	0.002000
10.8240	-41.0000	4074.0000	4115.0000	0.1560	0.002000
10.8260	-41.0000	4074.0000	4115.0000	0.1743	0.002000
10.8280	-41.0000	4074.0000	4115.0000	0.1926	0.002000
10.8300	-41.0000	4074.0000	4115.0000	0.1745	0.002000
10.8320	-41.0000	4074.0000	4115.0000	0.1560	0.002000
10.8340	-41.0000	4074.0000	4115.0000	0.1743	0.002000
10.8360	-41.0000	4074.0000	4115.0000	0.1926	0.002000
10.8380	-41.0000	4074.0000	4115.0000	0.1745	0.002000
10.8400	-41.0000	4074.0000	4115.0000	0.1560	0.002000
10.8420	-41.0000	4074.0000	4115.0000	0.1743	0.002000
10.8440	-41.0000	4074.0000	4115.0000	0.1926	0.002000
10.8460	-41.0000	4074.0000	4115.0000	0.1745	0.002000
10.8480	-41.0000	4074.0000	4115.0000	0.1560	0.002000
10.8500	-41.0000	4074.0000	4115.0000	0.1743	0.002000
10.8520	-41.0000	4074.0000	4115.0000	0.1926	0.002000
10.8540	-41.0000	4074.0000	4115.0000	0.1745	0.002000
10.8560	-41.0000	4074.0000	4115.0000	0.1560	0.002000
10.8580	-41.0000	4074.0000	4115.0000	0.1743	0.002000
10.8600	-41.0000	4074.0000	4115.0000	0.1926	0.002000
10.8620	-41.0000	4074.0000	4115.0000	0.1745	0.002000
10.8640	-41.0000	4074.0000	4115.0000	0.1560	0.002000
10.8660	-41.0000	4074.0000	4115.0000	0.1743	0.002000
10.8680	-41.0000	4074.0000	4115.0000	0.1926	0.002000
10.8700	-41.0000	4074.0000	4115.0000	0.1745	0.002000
10.8720	-41.0000	4074.0000	4115.0000	0.1560	0.002000
10.8740	-41.0000	4074.0000	4115.0000	0.1743	0.002000
10.8760	-41.0000	4074.0000	4115.0000	0.1926	0.002000
10.8780	-41.0000	4074.0000	4115.0000	0.1745	0.002000
10.8800	-41.0000	4074.0000	4115.0000	0.1560	0.002000
10.8820	-41.0000	4074.0000	4115.0000	0.1743	0.002000
10.8840	-41.0000	4074.0000	4115.0000	0.1926	0.002000
10.8860	-41.0000	4074.0000	4115.0000	0.1745	0.002000
10.8880	-41.0000	4074.0000	4115.0000	0.1560	0.002000
10.8900	-41.0000	4074.0000	4115.0000	0.1743	0.002000
10.8920	-41.0000	4074.0000	4115.0000	0.1926	0.002000
10.8940	-41.0000	4074.0000	4115.0000	0.1745	0.002000
10.8960	-41.0000	4074.0000	4115.0000	0.1560	0.002000
10.8980	-41.0000	4074.0000	4115.0000	0.1743	0.002000
10.9000	-41.0000	4074.0000	4115.0000	0.1926	0.002000
10.9020	-41.0000	4074.0000	4115.0000	0.1745	0.002000
10.9040	-41.0000	4074.0000	4115.0000	0.1560	0.002000
10.9060	-41.0000	4074.0000	4115.0000	0.1743	0.002000
10.9080	-41.0000	4074.0000	4115.0000	0.1926	0.002000
10.9100	-41.0000	4074.0000	4115.0000	0.1745	0.002000
10.9120	-41.0000	4074.0000	4115.0000	0.1560	0.002000
10.9140	-41.0000	4074.0000	4115.0000	0.1743	0.002000
10.9160	-41.0000	4074.0000	4115.0000	0.1926	0.002000
10.9180	-41.0000	4074.0000	4115.0000	0.1745	0.002000
10.9200	-41.0000	4074.0000	4115.0000	0.1560	0.002000
10.9220	-41.0000	4074.0000	4115.0000	0.1743	0.002000
10.9240	-41.0000	4074.0000	4115.0000	0.1926	0.002000
10.9260	-41.0000	4074.0000	4115.0000	0.1745	0.002000
10.9280	-41.0000	4074.0000	4115.0000	0.1560	0.002000
10.9300	-41.0000	4074.0000	4115.0000	0.1743	0.002000
10.9320	-41.0000	4074.0000	4115.0000	0.1926	0.002000
10.9340	-41.0000	4074.0000	4115.0000	0.1745	0.002000
10.9360	-41.0000	4074.0000	4115.0000	0.1560	0.002000
10.9380	-41.0000	4074.0000	4115.0000	0.1743	0.002000
10.9400	-41.0000	4074.0000	4115.0000	0.1926	0.002000
10.9420	-41.0000	4074.0000	4115.0000	0.1745	0.002000
10.9440	-41.0000	4074.0000	4115.0000	0.1560	0.002000
10.9460	-41.0000	4074.0000	4115.0000	0.1743	0.002000
10.9480	-41.0000	4074.0000	4115.0000	0.1926	0.002000
10.9500	-41.0000	4074.0000	4115.0000	0.1745	0.002000
10.9520	-41.0000	4074.0000	4115.0000	0.1560	0.002000
10.9540	-41.0000	4074.0000	4115.0000	0.1743	0.002000
10.9560	-41.0000	4074.0000	4115.0000	0.1926	0.002000
10.9580	-41.0000	4074.0000	4115.0000	0.1745	0.002000
10.9600	-41.0000	4074.0000	4115.0000	0.1560	0.002000
10.9620	-41.0000	4074.0000	4115.0000	0.1743	0.002000
10.9640	-41.0000	4074.0000	4115.0000	0.1926	0.002000
10.9660	-41.0000	4074.0000	4115.0000	0.1745	0.002000
10.9680	-41.0000	4074.0000	4115.0000	0.1560	0.002000
10.9700	-41.0000	4074.0000	4115.0000	0.1743	0.002000
10.9720	-41.0000	4074.0000	4115.0000	0.1926	0.002000
10.9740	-41.0000	4074.0000	4115.0000	0.1745	0.002000
10.9760	-41.0000	4074.0000	4115.0000	0.1560	0.002000
10.9780	-41.0000	4074.0000	4115.0000	0.1743	0.002000
10.9800	-41.0000	4074.0000	4115.0000	0.1926	0.002000
10.9820	-41.0000	4074.0000	4115.0000	0.1745	0.002000
10.9840	-41.0000	4074.0000	4115.0000	0.1560	0.002000
10.9860	-41.0000	4074.0000	4115.0000	0.1743	0.002000
10.9880	-41.0000	4074.0000	4115.0000	0.1926	0.002000
10.9900	-41.0000	4074.0000	4115.0000	0.1745	0.002000
10.9920	-41.0000	4074.0000	4115.0000	0.1560	0.002000
10.9940	-41.0000	4074.0000	4115.0000	0.1743	0.002000
10.9960	-41.0000	4074.0000	4115.0000	0.1926	0.002000
10.9980	-41.0000	4074.0000	4115.0000	0.1745	0.002000
11.0000	-41.0000	4074.0000	4115.0000	0.1560	0.002000
11.0020	-41.0000	4074.0000	4115.0000	0.1743	0.002000
11.0040	-41.0000	4074.0000	4115.0000	0.1926	0.002000
11.0060	-41.0000	4074.0000	4115.0000	0.1745	0.002000
11.0080	-41.0000	4074.0000	4115.0000	0.1560	0.002000
11.0100	-41.0000	4074.0000	4115.0000	0.1743	0.002000
11.0120	-41.0000	4074.0000	4115.0000	0.1926	0.002000
11.0140	-41.0000	4074.0000	4115.0000	0.1745	0.002000
11.0160	-41.0000	4074.0000	4115.0000	0.1560	0.002000
11.0180	-41.0000	4074.0000	4115.0000	0.1743	0.002000
11.0200	-41.0000	4074.0000	4115.0000	0.1926	0.002000
11.0220	-41.0000	4074.0000	4115.0000	0.1745	0.002000
11.0240	-41.0000	4074.0000	4115.0000	0.1560	0.002000
11.0260	-41.0000	4074.0000	4115.0000	0.1743	0.002000
11.0280	-41.0000	4074.0000	4115.0000	0.1926	0.002000
11.0300	-41.0000	4074.0000	4115.0000	0.1745	0.002000
11.0320	-41.0000	4074.0000	4115.0000	0.1560	0.002000
11.0340	-41.0000	4074.0000	4115.0000	0.1743	0.002000
11.0360	-41.0000	4074.0000	4115.0000	0.1926	0.002000
11.0380	-41.0000	4074.0000	4115.0000	0.1745	0.002000
11.0400	-41.0000	4074.0000	4115.0000	0.1560	0.002000
11.0420	-41.0000	4074.0000	4115.0000	0.1743	0.002000
11.0440	-41.0000	4074.0000	4115.0000	0.1926	0.002000
11.0460	-41.0000	4074.0000	4115.0000	0.1745	0.002000
11.0480	-41.0000	4074.0000	4115.0000	0.1560	0.002000
11.0500	-41.0000	4074.0000	4115.0000	0.1743	0.002000
11.0520	-41.0000	4074.0000	4115.0000	0.1926	0.002000
11.0540	-41.0000	4074.0000	4115.0000	0.1745	0.002000
11.0560	-41.0000	4074.0000	4115.0000	0.1560	0.002000
11.0580	-41.0000	4074.0000	4115.0000	0.1743	0.002000
11.0600	-41.0000	4074.0000	4115.0000	0.1926	0.002000
11.0620	-41.0000	4074.0000	4115.0000	0.1745	0.002000
11.0640	-41.0000	4074.0000	4115.0000	0.1560	0.002000
11.0660	-41.0000	4074.0000	4115.0000	0.1743	0.002000
11.0680	-41.0000	4074.0000	4115.0000	0.1926	0.002000
11.0700	-41.0000	4074.0000	4115.0000	0.1745	0.002000
11.0720	-41.0000	4074.0000	4115.0000	0.1560	0.002000
11.0740	-41.0000	4074.0000	4115.0000	0.1743	0.002000
11.0760	-41.0000	4074.0000	4115.0000	0.1926	0.002000
11.0780	-41.0000	4074.0000	4115.0000	0.1745	0.002000
11.0800	-41.0000	4074.0000	4115.0000	0.1560	0.002000
11.0820	-41.0000	4074.0000	4115.0000	0.1743	0.002000
11.0840	-41.0000	4074.0000	4115.0000	0.1926	0.002000
11.0860	-41.0000	4074.0000	4115.0000	0.1745	0.002000
11.0880	-41.0000	4074.0000	4115.0000	0.1560	0.002000
11.0900	-41.0000	4074.0000	4115.0000	0.1743	0.002000
11.0920	-41.0000	4074.0000	4115.0000	0.1926	0.002000
11.0940	-41.0000	4074.0000	4115.0000	0.1745	0.002000
11.0960	-41.0000	4074.0000	4115.0000	0.1560	0.002000
11.0980	-41.0000	4074.0000	4115.0000	0.1743	0.002000
11.1000	-41.0000	4074.0000	4115.0000	0.1926	0.002000
11.1020	-41.0000	4074.0000	4115.0000	0.1745	0.002000
11.1040	-41.0000	4074.0000	4115.0000	0.1560	0.002000
11.1060	-41.0000	4074.0000	4115.0000	0.1743	0.002000
11.1080	-41.0000	4074.0000	4115.0000	0.1926	0.002000
11.1100	-41.0000	4074.0000	4115.0000	0.1745	0.002000
11.1120	-41.0000	4074.0000	4115.0000	0.1560	0.002000
11.1140	-41.0000	4074.0000	4115.0000	0.1743	0.002000
11.1160	-41.0000	4074.0000	4115.0000	0.1926	0.002000
11.1180	-41.0000	4074.0000	4115.0000	0.1745	0.002000
11.1200	-41.0000	4074.0000	4115.0000	0.1560	0.002000
11.1220	-41.0000	4074.0000	4115.0000	0.1743	0.002000
11.1240	-41.0000	4074.0000	4115.0000	0.1926	0.002000
11.1260	-41.0000	4074.0000	4115.0000	0.1745	0.002000
11.1280	-41.0000	4074.0000	4115.0000	0.1560	0.002000
11.1300	-41.0000	4074.0000	4115.0000	0.1743	0.002000
11.1320	-41.0000	4074.0000	4115.0000	0.1926	0.002000
11.1340	-41.0000	4074.0000	4115.0000	0.1745	0.002000
11.1360	-41.0000	4074.0000	4115.0000	0.1560	0.002000
11.1380	-41.0000	4074.0000	4115.0000	0.1743	0.002000
11.1400	-41.0000	4074.0000	4115.0000	0.1926	0.002000
11.1420	-41.0000	4074.0000	4115.0000	0.1745	0.002000
11.1440	-41.0000	4074.0000	4115.0000	0.1560	0.002000
11.1460	-41.0000	4074.0000	4115.0000	0.1743	0.002000
11.1480	-41.0000	4074.0000	4115.0000	0.1926	0.002000
11.1500	-41.0000	4074.0000	4115.0000	0.1745	0.002000
11.1520	-41.0000	4074.0000	4115.0000	0.1560	0.002000
11.1540	-41.0000	4074.0000	4115.0000	0.1743	0.002000
11.1560	-41.0000	4074.0000	4115.0000	0.1926	0.002000
11.1580	-41.0000	4074.0000	4115.0000	0.1745	0.002000
11.1600	-41.0000	4074.0000	4115.0000	0.1560	0.002000
11.1620	-41.0000	4074.0000	4115.0000	0.1743	0.002000
11.1640	-41.0000	4074.0000	4115.0000	0.1926	0.002000
11.1660	-41.0000	4074.0000	4115.0000	0.1745	0.002000
11.1680	-41.0000	4074.0000	4115.0000	0.1560	0.002000
11.1700	-41.0000	4074.0000	4115.0000	0.1743	0.002000
11.1720	-41.0000	4074.0000	4115.0000	0.1926	0.002000
11.1740	-41.0000	4074.0000	4115.0000	0.1745	0.002000
11.1760	-41.0000	4074.0000	4115.0000	0.1560	0.002000
11.1780	-41.0000	4074.0000	4115.0000	0.1743	0.002000
11.1800	-41.0000	4074.0000	4115.0000	0.1926	0.002000
11.1820	-41.0000	4074.0000	4115.0000	0.1745	0.002000
11.1840	-41.0000	4074.0000	4115.0000	0.1560	0.002000
11.1860	-41.0000	4074.0000	4115.0000	0.1743	0.002000
11.1880	-41.0000	4074.0000	4115.0000	0.1926	0.002000
11.1900	-41.0000	4074.0000	4115.0000	0.1745	0.002000
11.1920	-41.0000	4074.0000	4115.0000	0.1560	0.002000
11.1940	-41.0000	4074.0000	4115.0000	0.1743	0.002000
11.1960	-41.0000	4074.0000	4115.0000	0.1926	0.002000
11.1980	-41.0000	4074.0000	4115.0000	0.1745	0.002000
11.2000	-41.0000	4074.0000	4115.0000	0.1560	0.002000
11.2020	-41.0000	4074.0000	4115.0000	0.1743	0.002000
11.2040	-41.0000	4074.0000	4115.0000	0.1926	0.002000
11.2060	-41.0000	4074.0000	4115.0000	0.1745	0.002000
11.2080	-41.0000	4074.0000	4115.0000	0.1560	0.002000
11.2100	-41.0000	4074.0000	4115.0000	0.1743	0.002000
11.2120	-41.0000	4074.0000	4115.0000	0.1926	0.002000
11.2140	-41.0000	4074.0000	4115.0000	0.1745	0.002000
11.2160	-41.0000	4074.0000	4115.0000	0.1560	0.002000
11.2180	-41.0000	4074.0000	4115.0000	0.1743	0.002000
11.2200	-41.0000	4074.0000	4115.0000	0.1926	0.002000
11.2220	-41.0000	4074.0000	4115.0000	0.1745	0.002000
11.2240	-41.0000	4074.0000	4115.0000	0.1560	0.002000
11.2260	-41.0000	4074.0000	4115.0000	0.1743	0.002000
11.2280	-41.0000	4074.0000	4115.0000	0.1926	0.002000
11.2300	-41.0000	4074.0000	4115.0000	0.1745	0.002000
11.2320	-41.0000	4074.0000	4115.0000	0.1560	0.002000
11.2340	-41.0000	4074.0000	4115.0000	0.1743	0.002000
11.2360	-41.0000	4074.0000	4115.0000	0.1926	0.002000
11.2380	-41.0000	4074.0000	4115.0000	0.1745	0.002000
11.2400	-41.0000	4074.0000	4115.0000	0.1560	0.002000
11.2420	-41.0000	4074.0000	4115.0000	0.1743	0.002000
11.2440	-41.0000	4074.0000	4115.0000	0.1926	0.002000
11.2460	-41.0000	4074.0000	4115.0000	0.1745	0.002000
11.2480	-41.0000	4074.0000	4115.0000	0.1560	0.002000
11.2500	-41.0000	4074.0000	4115.0000	0.1743	0.002000
11.2520	-41.0000	4074.0000	4115.0000	0.1926	0.002000
11.2540	-41.0000	4074.0000	4115.0000	0.1745	0.002000
11.2560	-41.0000	4074.0000	4115.0000	0.1560	0.002000
11.2580	-41.0000	4074.0000	4115.0000	0.1743	0.002000
11.2600	-41.0000	4074.0000	4115.0000	0.1926	0.002000
11.2620	-41.0000	4074.0000	4115.0000	0.1745	0.002000
11.2640	-41.0000	4074.0000	4115.0000	0.1560	0.002000
11.2660	-41.0000	4074.0000	4115.0000	0.1743	0.002000
11.2680	-41.0000	4074.0000	4115.0000	0.1926	0.002000
11.2700	-41.0000	4074.0000	4115.0000	0.1745	0.002000
11.2720	-41.0000	4074.0000	4115.0000	0.1560	0.002000
11.2740	-41.0000	4074.0000	4115.0000	0.1743	0.002000
11.2760	-41.0000	4074.0000	4115.0000	0.1926	0.002000
11.2780	-41.0000	4074.0000	4115.0000	0.1745	0.002000
11.2800	-41.0000	4074.0000	4115.0000	0.1560	0.002000
11.2820	-41.0000	4074.0000	4115.0000	0.1743	0.002000
11.2840	-41.0000	4074.0000	4115.0000	0.1926	0.002000
11.2860	-41.0000	4074.0000	4115.0000	0.1745	0.002000
11.2880	-41.0000	4074.0000	4115.0000	0.1560	0.002000
11.2900	-41.0000	4074.0000	4115.0000	0.1743	0.002000
11.2920	-41.0000	4074.0000	4115.0000	0.1926	0.002000
11.2940	-41.0000	4074.0000	4115.0000	0.1745	0.002000
11.2960	-41.0000	4074.0000	4115.0000	0.1560	0.002000
11.2980	-41.0000	4074.0000	4115.0000	0.1743	0.002000
11.3000	-41.0000	4074.0000	4115.0000	0.1926	0.002000
11.3020	-41.0000	4074.0000	4115.0000	0.1745	0.002000
11.3040	-41.0000	4074.0000	4115.0000	0.1560	0.002000
11.3060	-41.0000	4074.0000	4115.0000	0.1743	0.002000
11.3080	-41.0000	4074.0000	4115.0000	0.1926	0.002000
11.3100	-41.0000	4074.0000	4115.0000	0.1745	0.002000
11.3120	-41.0000	4074.0000	4115.0000	0.1560	0.002000
11.3140	-41.0000	4074.0000	4115.0000	0.1743	0.002000
11.3160	-41.0000	4074.0000	4115.0000	0.1926	0.002000
11.3180	-41.0000	4074.0000	4115.0000	0.1745	0.002000
11.3200	-41.0000	4074.0000	4115.0000	0.1560	0.002000
11.3220	-41.0000	4074.0000	4115.0000	0.1743	0.002000
11.3240	-41.0000	4074.0000	4115.0000	0.1926	0.002000
11.3260	-41.0000	4074.0000	4115.0000	0.1745	0.002000
11.3280	-41.0000	4074.0000	4115.0000	0.1560	0.002000
11.3300	-41.0000	4074.0000	4115.0000	0.1743	0.002000
11.3320	-41.0000	4074.0000	4115.0000	0.1926	0.002000
11.3340	-41.0000	4074.0000	4115.0000	0.1745	0.002000
11.3360	-41.0000	4074.0000	4115.0000	0.1560	0.002000
11.3380	-41.0000	4074.0000	4115.0000	0.1743	0.002000
11.3400	-41.0000	4074.0000	4115.0000	0.1926	0.002000
11.3420	-41.0000	4074.0000	4115.0000	0.1745	0.002000
11.3440	-41.0000	4074.0000	4115.0000	0.1560	0.002000
11.3460	-41.0000	4074.0000	4115.0000	0.1743	0.002000
11.3480	-41.0000	4074.0000	4115.0000	0.1926	0.002000
11.3500	-41.0000	4074.0000	4115.0000	0.1745	0.002000
11.3520	-41.0000	4074.0000	4115.0000	0.1560	0.002000
11.3540	-41.0000	4074.0000	4115.0000	0.1743	0.002000
11.3560	-41.0000	4074.0000	4115.0000	0.1926	0.002000
11.3580	-41.0000	4074.0000	4115.0000	0.1745	0.002000
11.3600	-41.0000	4074.0000	4115.0000	0.1560	0.002000
11.3620	-41.0000	4074.0000	4115.0000	0.1743	0.002000
11.3640	-41.0000	4074.0000	4115.0000	0.1926	0.002000
11.3660	-41.0000	4074.0000	4115.0000	0.1745	0.002000
11.3680	-41.0000	4074.0000	4115.0000	0.1560	0.002000
11.3700	-41.0000	4074.0000	4115.0000	0.1743	0.002000
11.3720	-41.0000	4074.0000	4115.0000	0.1926	0.002000
11.3740	-41.0000	4074.0000	4115.0000	0.1745	0.002000
11.3760	-41.0000	4074.0000	4115.0000	0.1560	0.002000
11.3780	-41.0000	4074.0000	4115.0000	0.1743	0.002000
11.3800	-41.0000	4074.0000	4115.0000	0.1926	0.002000
11.3820	-41.0000	4074.0000	4115.0000	0.1745	0.002000
11.3840	-41.0000	4074.0000	4115.0000	0.1560	0.002000
11.3860	-41.0000	4074.0000	4115.0000	0.1743	0.002000
11.3880	-41.0000	4074.0000	4115.0000	0.1926	0.002000
11.3900	-41.0000	4074.0000	4115.0000	0.1745	0.002000
11.3920	-41.0000	4074.0000	4115.0000	0.1560	0.002000
11.3940	-41.0000	4074.0000	4115.0000	0.1743	0.002000
11.3960	-41.0000	4074.0000	4115.0000	0.1926	0.002000
11.3980	-41.0000	4074.0000	4115.0000	0.1745	0.002000
11.4000	-41.0000	4074.0000	4115.0000	0.1560	0.002000
11.4020	-41.0000	4074.0000	4115.0000	0.1743	0.002000
11.4040	-41.0000	4074.0000	4115.0000	0.1926	0.002000
11.4060	-41.0000	4074.0000	4115.0000	0.1745	0.002000
11.4080	-41.0000	4074.0000	4115.0000	0.1560	0.002000
11.4100	-41.0000	4074.0000	4115.0000	0.1743	0.002000
11.4120	-41.0000	4074.0000	4115.0000	0.1926	0.002000
11.4140	-41.0000	4074.0000	4115.0000	0.1745	0.002000
11.4160	-41.0000	4074.0000	4115.0000	0.1560	0.002000
11.4180	-41.0000	4074.0000	4115.0000	0.1743	0.002000
11.4200	-41.0000	4074.0000	4115.0000	0.1926	0.002000
11.4220	-41.0000	4074.0000	4115.0000	0.1745	0.002000
11.4240	-41.0000	4074.0000	4115.0000	0.1560	0.002000
11.4260	-41.0000	4074.0000	4115.0000	0.1743	0.002000
11.4280	-41.0000	4074.0000	4115.0000	0.1926	0.002000
11.4300	-41.0000	4074.0000	4115.0000	0.1745	0.002000
11.4320	-41.0000	4074.0000	4115.0000	0.1560	0.002000
11.4340	-41.0000	4074.0000	4115.0000	0.1743	0.002000
11.4360	-41.0000	4074.0000	4115.0000	0.1926	0.002000
11.4380	-41.0000	4074.0000	4115.0000	0.1745	0.002000
11.4400	-41.0000	4074.0000	4115.0000	0.1560	0.002000
11.4420	-41.0000	4074.0000	4115.0000	0.1743	0.002000
11.4440	-41.0000	4074.0000	4115.0000	0.1926	0.002000
11.4460	-41.0000	4074.0000	4115.0000	0.1745	0.002000
11.4480	-41.0000	4074.0000	4115.0000	0.1560	0.002000
11.4500	-41.0000	4074.0000	4115.0000	0.1743	0.002000
11.4520	-41.0000	4074.0000	4115.0000	0.1926	0.002000
11.4540	-41.0000	4074.0000	4115.0000	0.1745	0.002000
11.4560	-41.0000	4074.0000	4115.0000	0.1560	0.002000
11.4580	-41.0000	4074.0000	4115.0000	0.1743	0.002000
11.4600	-41.0000	4074.0000	4115.0000	0.1926	0.002000
11.4620	-41.0000	4074.0000	4115.0000	0.1745	0.002000
11.4640	-41.0000	4074.0000	4115.0000	0.1560	0.002000
11.4660	-41.0000	4074.0000	4115.0000	0.1743	0.002000
11.4680	-41.0000	4074.0000	4115.0000	0.1926	0.002000
11.4700	-41.0000	4074.0000	4115.0000	0.1745	0.002000
11.4720	-41.0000	4074.0000	4115.0000	0.1560	0.002000
11.4740	-41.0000	4074.0000	4115.0000	0.1743	0.002000
11.4760	-41.0000	4074.0000	4115.0000	0.1926	0.002000
11.4780	-41.0000	4074.0000	4115.0000	0.1745	0.002000
11.4800	-41.0000	4074.0000	4115.0000	0.1560	0.002000
11.4820	-41.0000	4074.0000	4115.0000	0.1743	0.002000
11.4840	-41.0000	4074.0000	4115.0000	0.1926	0.002000
11.4860	-41.0000	4074.0000	4115.0000	0.1745	0.002000
11.4880	-41.0000	4074.0000	4115.0000	0.1560	0.002000
11.4900	-41.0000	4074.0000	4115.0000	0.1743	0.002000
11.4920	-41.0000	4074.0000	4115.0000	0.1926	0.002000
11.4940	-41.0000	4074.0000	4115.0000	0.1745	0.002000
11.4960	-41.0000	4074.0000	4115.0000	0.1560	0.002000
11.4980	-41.0000	4074.0000	4115.0000	0.1743	0.002000
11.5000	-41.0000	4074.0000	4115.0000	0.1926	0.002000
11.5020	-41.0000	4074.0000	4115.0000	0.1745	0.002000
11.5040	-41.0000	4074.0000	4115.0000	0.1560	0.002000
11.5060	-41.0000	4074.0000	4115.0000	0.1743	0.002000
11.5080	-41.0000	4074.0000	4115.0000	0.1926	0.002000
11.5100	-41.0000	4074.0000	4115.0000	0.1745	0.002000
11.5120	-41.0000	4074.0000	4115.0000	0.1560	0.002000
11.5140	-41.0000	4074.0000	4115.0000	0.1743	0.002000
11.5160	-41.0000	4074.0000	4115.0000	0.1926	0.002000
11.5180	-41.0000	4074.0000	4115.0000	0.1745	0.002000
11.5200	-41.0000	4074.0000	4115.0000	0.1560	0.002000
11.5220	-41.0000	4074.0000	4115.0000	0.1743	0.002000
11.5240	-41.0000	4074.0000	4115.0000	0.1926	0.002000
11.5260	-41.0000	4074.0000	4115.0000	0.1745	0.002000
11.5280	-41.0000	4074.0000	4115.0000	0.1560	0.002000
11.5300	-41.0000	4074.0000	4115.0000	0.1743	0.002000
11.5320	-41.0000	4074.0000	4115.0000	0.1926	0.002000
11.5340	-41.0000	4074.0000	4115.0000	0.1745	0.002000
11.5360	-41.0000	4074.0000	4115.0000	0.1560	0.002000
11.5380	-41.0000	4074.0000	4115.0000	0.1743	0.002000
11.5400	-41.0000	4074.0000	4115.0000	0.1926	0.002000
11.5420	-41.0000	4074.0000	4115.0000	0.1745	0.002000
11.5440	-41.0000	4074.0000	4115.0000	0.1560	0.002000
11.5460	-41.0000	4074.0000	4115.0000	0.1743	0.002000
11.5480	-41.0000	4074.0000	4115.0000	0.1926	0.002000
11.5500	-41.0000	4074.0000	4115.0000	0.1745	0.002000
11.5520	-41.0000	4074.0000	4115.0000	0.1560	0.002000
11.5540	-41.0000	4074.0000	4115.0000	0.1743	0.002000
11.5560	-41.0000	4074.0000	4115.0000	0.1926	0.002000
11.5580	-41.0000	4074.0000	4115.0000	0.1745	0.002000
11.5600	-41.0000	4074.0000	4115.0000	0.1560	0.002000
11.5620	-41.0000	4074.0000	4115.0000	0.1743	0.002000
11.5640	-41.0000	4074.0000	4115.0000	0.1926	0.002000
11.5660	-41.0000	4074.0000	4115.0000	0.1745	0.002000
11.5680	-41.0000	4074.0000	4115.0000	0.1560	0.002000
11.5700	-41.0000	4074.0000	4115.0000	0.1743	0.002000
11.5720	-41.0000	4074.0000	4115.0000	0.1926	0.002000
11.5740	-41.0000	4074.0000	4115.0000	0.1745	0.002000
11.5760	-41.0000	4074.0000	4115.0000	0.1560	0.002000
11.5780	-41.0000	4074.0000	4115.0000	0.1743	0.002000
11.5800	-41.0000	4074.0000	4115.0000	0.1926	0.002000
11.5820	-41.0000	4074.0000	4115.0000	0.1745	0.002000
11.5840	-41.0000	4074.0000	4115.0000	0.1560	0.002000
11.5860	-41.0000	4074.0000	4115.0000	0.1743	0.002000
11.5880	-41.0000	4074.0000	4115.0000	0.1926	0.002000
11.5900	-41.0000	4074.0000	4115.0000	0.1745	0.002000
11.5920	-41.0000	4074.0000	4115.0000	0.1560	0.002000
11.5940	-41.0000	4074.0000	4115.0000	0.1743	0.002000
11.5960	-41.0000	4074.0000	4115.0000	0.1926	0.002000
11.5980	-41.0000	4074.0000	4115.0000	0.1745	0.002000
11.6000	-41.0000	4074.0000	4115.0000	0.1560	0.002000
11.6020	-41.0000	4074.0000	4115.0000	0.1743	0.002000
11.6040	-41.0000	4074.0000	4115.0000	0.1926	0.002000
11.6060	-41.0000	4074.0000	4115.0000	0.1745	0.002000
11.6080	-41.0000	4074.0000	4115.0000	0.1560	0.002000
11.6100	-41.0000	4074.0000	4115.0000	0.1743	0.002000
11.6120	-41.0000	4074.0000	4115.0000	0.1926	0.002000
11.6140	-41.0000	4074.0000	4115.0000	0.1745	0.002000
11.6160	-41.0000	4074.0000	4115.0000	0.1560	0.002000
11.6180	-41.0000	4074.0000	4115.0000	0.1743	0.002000
11.6200	-41.0000	4074.0000	4115.0000	0.1926	0.002000
11.6220	-41.0000	4074.0000	4115.0000	0.1745	0.002000
11.6240	-41.0000	4074.0000	4115.0000	0.1560	0.002000
11.6260	-41.0000	4074.0000	4115.0000	0.1743	0.002000
11.6280	-41.0000	4074.0000	4115.0000	0.1926	0.002000
11.6300	-41.0000	4074.0000	4115.0000	0.1745	0.002000
11.6320	-41.0000	4074.0000	4115.0000	0.1560	0.002000
11.6340	-41.0000	4074.0000	4115.0000	0.1743	0.002000
11.6360	-41.0000	4074.0000	4115.0000	0.1926	0.002000
11.6380	-41.0000	4074.0000	4115.0000	0.1745	0.002000
11.6400	-41.0000	4074.0000	4115.0000	0.1560	0.002000
11.6420	-41.0000	4074.0000	4115.0000	0.1743	0.002000
11.6440	-41.0000	4074.0000	4115.0000	0.1926	0.002000
11.6460	-41.0000	4074.0000	4115.0000	0.1745	0.002000
11.6480	-41.0000	4074.0000	4115.0000	0.1560	0.002000
11.6500	-41.0000	4074.0000	4115.0000	0.1743	0.002000
11.6520	-41.0000	4074.0000	4115.0000	0.1926	0.002000
11.6540	-41.0000	4074.0000	4115.0000	0.1745	0.002000
11.6560	-41.0000	4074.0000	4115.0000	0.1560	0.002000
11.6580	-41.0000	4074.0000	4115.0000	0.1743	0.002000
11.6600	-41.0000	4074.0000	4115.0000	0.1926	0.002000
11.6620	-41.0000	4074.0000	4115.0000	0.1745	0.002000
11.6640	-41.0000	4074.0000	4115.0000	0.1560	0.002000
11.6660	-41.0000	4074.0000	4115.0000	0.1743	0.002000
11.6680	-41.0000	4074.0000	4115.0000	0.1926	0.002000
11.6700	-41.0000	4074.0000	4115.0000	0.1745	0.002000
11.6720	-41.0000	4074.0000	4115.0000	0.1560	0.002000
11.6740	-41.0000	4074.0000	4115.0000	0.1743	0.002000
11.6760	-41.0000	4074.0000	4115.0000	0.1926	0.002000
11.6780	-41.0000	4074.0000	4115.0000	0.1745	0.002000
11.6800	-41.0000	4074.0000	4115.0000	0.1560	0.002000
11.6820	-41.0000	4074.0000	4115.0000	0.1743	0.002000
11.6840	-41.0000	4074.0000	4115.0000	0.1926	0.002000
11.6860	-41.0000	4074.0000	4115.0000	0.1745	0.002000
11.6880	-41.0000	4074.0000	4115.0000	0.1560	0.002000
11.6900	-41.0000	4074.0000	4115.0000	0.1743	0.002000
11.6920	-41.0000	4074.0000	4115.0000	0.1926	0.002000
11.6940	-41.0000	4074.0000	4115.0000	0.1745	0.002000
11.6960	-41.0000	4074.0000	4115.0000	0.1560	0.002000
11.6980	-41.0000	4074.0000	4115.0000	0.1743	0.002000
11.7000	-41.0000	4074.0000	4115.0000	0.1926	0.002000
11.7020	-41.0000	4074.0000	4115.0000	0.1745	0.002000
11.7040	-41.0000	4074.0000	4115.0000	0.1560	0.002000
11.7060	-41.0000	4074.0000	4115.0000	0.1743	0.002000
11.7080	-41.0000	4074.0000	4115.0000	0.1926	0.002000
11.7100	-41.0000	4074.0000	4115.0000	0.1745	0.002000
11.7120	-41.0000	4074.0000	4115.0000	0.1560	0.002000
11.7140	-41.0000	4074.0000	4115.0000	0.1743	0.002000
11.7160	-41.0000	4074.0000	4115.0000	0.1926	0.002000
11.7180	-41.0000	4074.0000	4115.0000	0.1745	0.002000
11.7200	-41.0000	4074.0000	4115.0000	0.1560	0.002000
11.7220	-41.0000	4074.0000	4115.0000	0.1743	0.002000
11.7240	-41.0000	4074.0000	4115.0000	0.1926	0.002000
11.7260	-41.0000	4074.0000	4115.0000	0.1745	0.002000
11.7280	-41.0000	4074.0000	4115.0000	0.1560	0.002000
11.7300	-41.0000	4074.0000	4115.0000	0.1743	0.002000
11.7320	-41.0000	4074.0000	4115.0000	0.1926	0.002000
11.7340	-41.0000	4074.0000	4115.0000	0.1745	0.002000
11.7360	-41.0000	4074.0000	4115.0000	0.1560	0.002000
11.7380	-41.0000	4074.0000	4115.0000	0.1743	0.002000
11.7400	-41.0000	4074.0000	4115.0000	0.1926	0.002000
11.7420	-41.0000	4074.0000	4115.0000	0.1745	0.002000
11.7440	-41.0000	4074.0000	4115.0000	0.1560	0.002000
11.7460	-41.0000	4074.0000	4115.0000	0.1743	0.002000
11.7480	-41.0000	4074.0000	4115.0000	0.1926	0.002000
11.7500	-41.0000	4074.0000	4115.0000	0.1745	0.002000
11.7520	-41.0000	4074.0000	4115.0000	0.1560	0.002000
11.7540	-41.0000	4074.0000	4115.0000	0.1743	0.002000
11.7560	-41.0000	4074.0000	4115.0000	0.1926	0.002000
11.7580	-41.0000	4074.0000	4115.0000	0.1745	0.002000
11.7600	-41.0000	4074.0000	4115.0000	0.1560	0.002000
11.7620	-41.0000	4074.0000	4115.0000	0.1743	0.002000
11.7640	-41.0000	4074.0000	4115.0000	0.1926	0.002000
11.7660	-41.0000	4074.0000	4115.0000	0.1745	0.002000
11.7680	-41.0000	4074.0000	4115.0000	0.1560	0.002000
11.7700	-41.0000	4074.0000	4115.0000	0.1743	0.002000
11.7720	-41.0000	4074.0000	4115.0000	0.1926	0.002000
11.7740	-41.0000	4074.0000	4115.0000	0.1745	0.002000
11.7760	-41.0000	4074.0000	4115.0000	0.1560	0.002000
11.7780	-41.0000	4074.0000	4115.0000	0.1743	0.002000
11.7800	-41.0000	4074.0000	4115.0000	0.1926	0.002000
11.7820	-41.0000	4074.0000	4115.0000	0.1745	0.002000
11.7840	-41.0000	4074.0000	4115.0000	0.1560	0.002000
11.7860	-41.0000	4074.0000	4115.0000	0.1743	0.002000
11.7880	-41.0000	4074.0000	4115.0000	0.1926	0.002000
11.7900	-41.0000	4074.0000	4115.0000	0.1745	0.002000
11.7920	-41.0000	4074.0000	4115.0000	0.1560	0.002000
11.7940	-41.0000	4074.0000	4115.0000	0.1743	0.002000
11.7960	-41.0000	4074.0000	4115.0000	0.1926	0.002000
11.7980	-41.0000	4074.0000	4115.0000	0.1745	0.002000
11.8000	-41.0000	4074.0000	4115.0000	0.1560	0.002000
11.8020	-41.0000	4074.0000	4115.0000	0.1743	0.002000
11.8040	-41.0000	4074.0000	4115.0000	0.1926	0.002000
11.8060	-41.0000	4074.0000	4115.0000	0.1745	0.002000
11.8080	-41.0000	4074.0000	4115.0000	0.1560	0.002000
11.8100	-41.0000	4074.0000	4115.0000	0.1743	0.002000
11.8120	-41.0000	4074.0000	4115.0000	0.1926	0.002000
11.8140	-41.0000	4074.0000	4115.0000	0.1745	0.002000
11.8160	-41.0000	4074.0000	4115.0000	0.1560	0.002000
11.8180	-41.0000	4074.0000	4115.0000	0.1743	0.002000
11.8200	-41.0000	4074.0000	4115.0000	0.1926	0.002000
11.8220	-41.0000	4074.0000	4115.0000	0.1745	0.002000
11.8240	-41.0000	4074.0000	4115.0000	0.1560	0.002000
11.8260	-41.0000	4074.0000	4115.0000	0.1743	0.002000
11.8280	-41.0000	4074.0000	4115.0000	0.1926	0.002000
11.8300	-41.0000	4074.0000	4115.0000	0.1745	0.002000
11.8320	-41.0000	4074.0000	4115.0000	0.1560	0.002000
11.8340	-41.0000	4074.0000	4115.0000	0.1743	0.002000
11.8360	-41.0000	4074.0000	4115.0000	0.1926	0.002000
11.8380	-41.0000	4074.0000	4115.0000	0.1745	0.002000
11.8400	-41.0000	4074.0000	4115.0000	0.1560	0.002000
11.8420	-41.0000	4074.0000	4115.0000	0.1743	0.002000
11.8440	-41.0000	4074.0000	4115.0000	0.1926	0.002000
11.8460	-41.0000	4074.0000	4115.0000	0.1745	0.002000
11.8480	-41.0000	4074.0000	4115.0000	0.1560	0.002000
11.8500	-41.0000	4074.0000	4115.0000	0.1743	0.002000
11.8520	-41.0000	4074.0000	4115.0000	0.1926	0.002000
11.8540	-41.0000	4074.0000	4115.0000	0.1745	0.002000
11.8560	-41.0000	4074.0000	4115.0000	0.1560	0.002000
11.8580	-41.0000	4074.0000	4115.0000	0.1743	0.002000
11.8600	-41.0000	4074.0000	4115.0000	0.1926	0.002000
11.8620	-41.0000	4074.0000	4115.0000	0.1745	0.002000
11.8640	-41.0000	4074.0000	4115.0000	0.1560	0.002000
11.8660	-41.0000	4074.0000	4115.0000	0.1743	0.002000
11.8680	-41.0000	4074.0000	4115.0000	0.1926	0.002000
11.8700	-41.0000	4074.0000	4115.0000	0.1745	0.002000
11.8720	-41.0000	4074.0000	4115.0000	0.1560	0.002000
11.8740	-41.0000	4074.0000	4115.0000	0.1743	0.002000
11.8760	-41.0000	4074.0000	4115.0000	0.1926	0.002000
11.8780	-41.0000	4074.0000	4115.0000	0.1745	0.002000
11.8800	-41.0000	4074.0000	4115.0000	0.1560	0.002000
11.8820	-41.0000	4074.0000	4115.0000	0.1743	0.002000
11.8840	-41.0000	4074.0000	4115.0000	0.1926	0.002000
11.8860	-41.0000	4074.0000	4115.0000	0.1745	0.002000
11.8880	-41.0000	4074.0000	4115.0000	0.1560	0.002000
11.8900	-41.0000	4074.0000	4115.0000	0.1743	0.002000
11.8920	-41.0000	4074.0000	4115.0000	0.1926	0.002000
11.8940	-41.0000	4074.0000	4115.0000	0.1745	0.002000
11.8960	-41.0000	4074.0000	4115.0000	0.1560	0.002000
11.8980	-41.0000	4074.0000	4115.0000	0.1743	0.002000
11.9000	-41.0000	4074.0000	4115.0000	0.1926	0.002000
11.9020	-41.0000	4074.0000	4115.0000	0.1745	0.002000
11.9040	-41.0000	4074.0000	4115.0000	0.1560	0.002000
11.9060	-41.0000	4074.0000	4115.0000	0.1743	0.002000
11.9080	-41.0000	4074.0000	4115.0000	0.1926	0.002000
11.9100	-41.0000	4074.0000	4115.0000	0.1745	0.002000
11.9120	-41.0000	4074.0000	4115.0000	0.1560	0.002000
11.9140	-41.0000	4074.0000	4115.0000	0.1743	0.002000
11.9160	-41.0000	4074.0000	4115.0000	0.1926	0.002000
11.9180	-41.0000	4074.0000	4115.0000	0.1745	0.002000
11.9200	-41.0000	4074.0000	4115.0000	0.1560	0.002000
11.9220	-41.0000	4074.0000	4115.0000	0.1743	0.002000
11.9240	-41.0000	4074.0000	4115.0000	0.1926	0.002000
11.9260	-41.0000	4074.0000	4115.0000	0.1745	0.002000
11.9280	-41.0000	4074.0000	4115.0000	0.1560	0.002000
11.9300	-41.0000	4074.0000	4115.0000	0.1743	0.002000
11.9320	-41.0000	4074.0000	4115.0000	0.1926	0.002000
11.9340	-41.0000	4074.0000	4115.0000	0.1745	0.002000
11.9360	-41.0000	4074.0000	4115.0000	0.1560	0.002000
11.9380	-41.0000	4074.0000	4115.0000	0.1743	0.002000
11.9400	-41.0000	4074.0000	4115.0000	0.1926	0.002000
11.9420	-41.0000	4074.0000	4115.0000	0.1745	0.002000
11.9440	-41.0000	4074.0000	4115.0000	0.1560	0.002000
11.9460	-41.0000	4074.0000	4115.0000	0.1743	0.002000
11.9480	-41.0000	4074.0000	4115.0000	0.1926	0.002000
11.9500	-41.0000	4074.0000	4115.0000	0.1745	0.002000
11.9520	-41.0000	4074.0000	4115.0000	0.1560	0.002000
11.9540	-41.0000	4074.0000	4115.0000	0.1743	0.002000
11.9560	-41.0000	4074.0000	4115.0000	0.1926	0.002000
11.9580	-41.0000	4074.0000	4115.0000	0.1745	0.002000
11.9600	-41.0000	4074.0000	4115.0000	0.1560	0.002000
11.9620	-41.0000	4074.0000	4115.0000	0.1743	0.002000
11.9640	-41.0000	4074.0000	4115.0000	0.1926	0.002000
11.9660	-41.0000	4074.0000	4115.0000	0.1745	0.002000
11.9680	-41.0000	4074.0000	4115.0000	0.1560	0.002000
11.9700	-41.0000	4074.0000	4115.0000	0.1743	0.002000
11.9720	-41.0000	4074.0000	4115.0000	0.1926	0.002000
11.9740	-41.0000	4074.0000	4115.0000	0.1745	0.002000
11.9760	-41.0000	4074.0000	4115.0000	0.1560	0.002000
11.9780	-41.0000	4074.0000	4115.0000	0.1743	0.002000
11.9800	-41.0000	4074.0000	4115.0000	0.1926	0.002000
11.9820	-41.0000	4074.0000	4115.0000	0.1745	0.002000
11.9840	-41.0000	4074.0000	4115.0000	0.1560	0.002000
11.9860	-41.0000	4074.0000	4115.0000	0.1743	0.002000
11.9880	-41.0000	4074.0000	4115.0000	0.1926	0.002000
11.9900	-41.0000	4074.0000	4115.0000	0.1745	0.002000
11.9920	-41.0000	4074.0000	4115.0000	0.1560	0.002000
11.9940	-41.0000	4074.0000	4115.0000	0.1743	0.002000
11.9960	-41.0000	4074.0000	4115.0000	0.1926	0.002000
11.9980	-41.0000	4074.0000	4115.0000	0.1745	0.002000
12.0000	-41.0000	4074.0000	4115.0000	0.1560	0.002000
12.0020	-41.0000	4074.0000	4115.0000	0.1743	0.002000
12.0040	-41.0000	4074.0000	4115.0000	0.1926	0.002000
12.0060	-41.0000	4074.0000	4115.0000	0.1745	0.002000
12.0080	-41.0000	4074.0000	4115.0000	0.1560	0.002000
12.0100	-41.0000	4074.0000	4115.0000	0.1743	0.002000
12.0120	-41.0000	4074.0000	4115.0000	0.1926	0.002000
12.0140	-41.0000	4074.0000	4115.0000	0.1745	0.002000
12.0160	-41.0000	4074.0000	4115.0000	0.1560	0.002000
12.0180	-41.0000	4074.0000	4115.0000	0.1743	0.002000
12.0200	-41.0000	4074.0000	4115.0000	0.1926	0.002000
12.0220	-41.0000	4074.0000	4115.0000	0.1745	0.002000
12.0240	-41.0000	4074.0000	4115.0000	0.1560	0.002000
12.0260	-41.0000	4074.0000	4115.0000	0.1743	0.002000
12.0280	-41.0000	4074.0000	4115.0000	0.1926	0.002000
12.0300	-41.0000	4074.0000	4115.0000	0.1745	0.002000
12.0320	-41.0000	4074.0000	4115.0000	0.1560	0.002000
12.0340	-41.0000	4074.0000	4115.0000	0.1743	0.002000
12.0360	-41.0000	4074.0000	4115.0000	0.1926	0.002000
12.0380	-41.0000	4074.0000	4115.0000	0.1745	0.002000
12.0400	-41.0000	4074.0000	4115.0000	0.1560	0.002000
12.0420	-41.0000	4074.0000	4115.0000	0.1743	0.002000
12.0440	-41.0000	4074.0000	4115.0000	0.1926	0.002000
12.0460	-41.0000	4074.0000	4115.0000	0.1745	0.002000
12.0480	-41.0000	4074.0000	4115.0000	0.1560	0.002000
12.0500	-41.0000	4074.0000	4115.0000	0.1743	0.002000
12.0520	-41.0000	4074.0000	4115.0000	0.1926	0.002000
12.0540	-41.0000	4074.0000	4115.0000	0.1745	0.002000
12.0560	-41.0000	4074.0000	4115.0000	0.1560	0.002000
12.0580	-41.0000	4074.0000	4115.0000	0.1743	0.002000
12.0600	-41.0000	4074.0000	4115.0000	0.1926	0.002000
12.0620	-41.0000	4074.0000	4115.0000	0.1745	0.002000
12.0640	-41.0000	4074.0000	4115.0000	0.1560	0.002000
12.0660	-41.0000	4074.0000	4115.0000	0.1743	0.002000
12.0680	-41.0000	4074.0000	4115.0000	0.1926	0.002000
12.0700	-41.0000	4074.0000	4115.0000	0.1745	0.002000
12.0720	-41.0000	4074.0000	4115.0000	0.1560	0.002000
12.0740	-41.0000	4074.0000	4115.0000	0.1743	0.002000
12.0760	-41.0000	4074.0000	4115.0000	0.1926	0.002000
12.0780	-41.0000	4074.0000	4115.0000	0.1745	0.002000
12.0800	-41.0000	4074.0000	4115.0000	0.1560	0.002000
12.0820	-41.0000	4074.0000	4115.0000	0.1743	0.002000
12.0840	-41.0000	4074.0000	4115.0000	0.1926	0.002000
12.0860	-41.0000	4074.0000	4115.0000	0.1745	0.002000
12.0880	-41.0000	4074.0000	4115.0000	0.1560	0.002000
12.0900	-41.0000	4074.0000	4115.0000	0.1743	0.002000
12.0920	-41.0000	4074.0000	4115.0000	0.1926	0.002000
12.0940	-41.0000	4074.0000	4115.0000	0.1745	0.002000
12.0960	-41.0000	4074.0000	4115.0000	0.1560	0.002000
12.0980	-41.0000	4074.0000	4115.0000	0.1743	0.002000
12.1000	-41.0000	4074.0000	4115.0000	0.1926	0.002000
12.1020	-41.0000	4074.0000	4115.0000	0.1745	0.002000
12.1040	-41.0000	4074.0000	4115.0000	0.1560	0.002000
12.1060	-41.0000	4074.0000	4115.0000	0.1743	0.002000
12.1080	-41.0000	4074.0000	4115.0000	0.1926	0.002000
12.1100	-41.0000	4074.0000	4115.0000	0.1745	0.002000
12.1120	-41.0000	4074.0000	4115.0000	0.1560	0.002000
12.1140	-41.0000	4074.0000	4115.0000	0.1743	0.002000
12.1160	-41.0000	4074.0000	4115.0000	0.1926	0.002000
12.1180	-41.0000	4074.0000	4115.0000	0.1745	0.002000
12.1200	-41.0000	4074.0000	4115.0000	0.1560	0.002000
12.1220	-41.0000	4074.0000	4115.0000	0.1743	0.002000
12.1240	-41.0000	4074.0000	4115.0000	0.1926	0.002000
12.1260	-41.0000	4074.0000	4115.0000	0.1745	0.002000
12.1280	-41.0000	4074.0000	4115.0000	0.1560	0.002000
12.1300	-41.0000	4074.0000	4115.0000	0.1743	0.002000
12.1320	-41.0000	4074.0000	4115.0000	0.1926	0.002000
12.1340	-41.0000	4074.0000	4115.0000	0.1745	0.002000
12.1360	-41.0000	4074.0000	4115.0000	0.1560	0.002000
12.1380	-41.0000	4074.0000	4115.0000	0.1743	0.002000
12.1400	-41.0000	4074.0000	4115.0000	0.1926	0.002000
12.1420	-41.0000	4074.0000	4115.0000	0.1745	0.002000
12.1440	-41.0000	4074.0000	4115.0000	0.1560	0.002000
12.1460	-41.0000	4074.0000	4115.0000	0.1743	0.002000
12.1480	-41.0000	4074.0000	4115.0000	0.1926	0.002000
12.1500	-41.0000	4074.0000	4115.0000	0.1745	0.002000
12.1520	-41.0000	4074.0000	4115.0000	0.1560	0.002000
12.1540	-41.0000	4074.0000	4115.0000	0.1743	0.002000
12.1560	-41.0000	4074.0000	4115.0000	0.1926	0.002000
12.1580	-41.0000	4074.0000	4115.0000	0.1745	0.002000
12.1600	-41.0000	4074.0000	4115.0000	0.1560	0.002000
12.1620	-41.0000	4074.0000	4115.0000	0.1743	0.002000
12.1640	-41.0000	4074.0000	4115.0000	0.1926	0.002000
12.1660	-41.0000	4074.0000	4115.0000	0.1745	0.002000
12.1680	-41.0000	4074.0000	4115.0000	0.1560	0.002000
12.1700	-41.0000	4074.0000	4115.0000	0.1743	0.002000
12.1720	-41.0000	4074.0000	4115.0000	0.1926	0.002000
12.1740	-41.0000	4074.0000	4115.0000	0.1745	0.002000
12.1760	-41.0000	4074.0000	4115.0000	0.1560	0.002000
12.1780	-41.0000	4074.0000	4115.0000	0.1743	0.002000
12.1800	-41.0000	4074.0000	4115.0000	0.1926	0.002000
12.1820	-41.0000	4074.0000	4115.0000	0.1745	0.002000
12.1840	-41.0000	4074.0000	4115.0000	0.1560	0.002000
12.1860	-41.0000	4074.0000	4115.0000	0.1743	0.002000
12.1880	-41.0000	4074.0000	4115.0000	0.1926	0.002000
12.1900	-41.0000	4074.0000	4115.0000	0.1745	0.002000
12.1920	-41.0000	4074.0000	4115.0000	0.1560	0.002000
12.1940	-41.0000	4074.0000	4115.0000	0.1743	0.002000
12.1960	-41.0000	4074.0000	4115.0000	0.1926	0.002000
12.1980	-41.0000	4074.0000	4115.0000	0.1745	0.002000
12.2000	-41.0000	4074.0000	4115.0000	0.1560	0.002000
12.2020	-41.0000	4074.0000	4115.0000	0.1743	0.002000
12.2040	-41.0000	4074.0000	4115.0000	0.1926	0.002000
12.2060	-41.0000	4074.0000	4115.0000	0.1745	0.002000
12.2080	-41.0000	4074.0000	4115.0000	0.1560	0.002000
12.2100	-41.0000	4074.0000	4115.0000	0.1743	0.002000
12.2120	-41.0000	4074.0000	4115.0000	0.1926	0.002000
12.2140	-41.0000	4074.0000	4115.0000	0.1745	0.002000
12.2160	-41.0000	4074.0000	4115.0000	0.1560	0.002000
12.2180	-41.0000	4074.0000	4115.0000	0.1743	0.002000
12.2200	-41.0000	4074.0000	4115.0000	0.1926	0.002000
12.2220	-41.0000	4074.0000	4115.0000	0.1745	0.002000
12.2240	-41.0000	4074.0000	4115.0000	0.1560	0.002000
12.2260	-41.0000	4074.0000	4115.0000	0.1743	0.002000
12.2280	-41.0000	4074.0000	4115.0000	0.1926	0.002000
12.2300	-41.0000	4074.0000	4115.0000	0.1745	0.002000
12.2320	-41.0000	4074.0000	4115.0000	0.1560	0.002000
12.2340	-41.0000	4074.0000	4115.0000	0.1743	0.002000
12.2360	-41.0000	4074.0000	4115.0000	0.1926	0.002000
12.2380	-41.0000	4074.0000	4115.0000	0.1745	0.002000
12.2400	-41.0000	4074.0000	4115.0000	0.1560	0.002000
12.2420	-41.0000	4074.0000	4115.0000	0.1743	0.002000
12.2440	-41.0000	4074.0000	4115.0000	0.1926	0.002000
12.2460	-41.0000	4074.0000	4115.0000	0.1745	0.002000
12.2480	-41.0000	4074.0000	4115.0000	0.1560	0.002000
12.2500	-41.0000	4074.0000	4115.0000	0.1743	0.002000
12.2520	-41.0000	4074.0000	4115.0000	0.1926	0.002000
12.2540	-41.0000	4074.0000	4115.0000	0.1745	0.002000
12.2560	-41.0000	4074.0000	4115.0000	0.1560	0.002000
12.2580	-41.0000	4074.0000	4115.0000	0.1743	0.002000
12.2600	-41.0000	4074.0000	4115.0000	0.1926	0.002000
12.2620	-41.0000	4074.0000	4115.0000	0.1745	0.002000
12.2640	-41.0000	4074.0000	4115.0000	0.1560	0.002000
12.2660	-41.0000	4074.0000	4115.0000	0.1743	0.002000
12.2680	-41.0000	4074.0000	4115.0000	0.1926	0.002000
12.2700	-41.0000	4074.0000	4115.0000	0.1745	0.002000
12.2720	-41.0000	4074.0000	4115.0000	0.1560	0.002000
12.2740	-41.0000	4074.0000	4115.0000	0.1743	0.002000
12.2760	-41.0000	4074.0000	4115.0000	0.1926	0.002000
12.2780	-41.0000	4074.0000	4115.0000	0.1745	0.002000
12.2800	-41.0000	4074.0000	4115.0000	0.1560	0.002000
12.2820	-41.0000	4074.0000	4115.0000	0.1743	0.002000
12.2840	-41.0000	4074.0000	4115.0000	0.1926	0.002000
12.2860	-41.0000	4074.0000	4115.0000	0.1745	0.002000
12.2880	-41.0000	4074.0000	4115.0000	0.1560	0.002000
12.2900	-41.0000	4074.0000	4115.0000	0.1743	0.002000
12.2920	-41.0000	4074.0000	4115.0000	0.1926	0.002000
12.2940	-41.0000	4074.0000	4115.0000	0.1745	0.002000
12.2960	-41.0000	4074.0000	4115.0000	0.1560	0.002000
12.2980	-41.0000	4074.0000	4115.0000	0.1743	0.002000
12.3000	-41.0000	4074.0000	4115.0000	0.1926	0.002000
12.3020	-41.0000	4074.0000	4115.0000	0.1745	0.002000
12.3040	-41.0000	4074.0000	4115.0000	0.1560	0.002000
12.3060	-41.0000	4074.0000	4115.0000	0.1743	0.002000
12.3080	-41.0000	4074.0000	4115.0000	0.1926	0.002000
12.3100	-41.0000	4074.0000	4115.0000	0.1745	0.002000
12.3120	-41.0000	4074.0000	4115.0000	0.1560	0.002000
12.3140	-41.0000	4074.0000	4115.0000	0.1743	0.002000
12.3160	-41.0000	4074.0000	4115.0000	0.1926	0.002000
12.3180	-41.0000	4074.0000	4115.0000	0.1745	0.002000
12.3200	-41.0000	4074.0000	4115.0000	0.1560	0.002000
12.3220	-41.0000	4074.0000	4115.0000	0.1743	0.002000
12.3240	-41.0000	4074.0000	4115.0000	0.1926	0.002000
12.3260	-41.0000	4074.0000	4115.0000	0.1745	0.002000
12.3280	-41.0000	4074.0000	4115.0000	0.1560	0.002000
12.3300	-41.0000	4074.0000	4115.0000	0.1743	0.002000
12.3320	-41.0000	4074.0000	4115.0000	0.1926	0.002000
12.3340	-41.0000	4074.0000	4115.0000	0.1745	0.002000
12.3360	-41.0000	4074.0000	4115.0000	0.1560	0.002000
12.3380	-41.0000	4074.0000	4115.0000	0.1743	0.002000
12.3400	-41.0000	4074.0000	4115.0000	0.1926	0.002000
12.3420	-41.0000	4074.0000	4115.0000	0.1745	0.002000
12.3440	-41.0000	4074.0000	4115.0000	0.1560	0.002000
12.3460	-41.0000	4074.0000	4115.0000	0.1743	0.002000
12.3480	-41.0000	4074.0000	4115.0000	0.1926	0.002000
12.3500	-41.0000	4074.0000	4115.0000	0.1745	0.002000
12.3520	-41.0000	4074.0000	4115.0000	0.1560	0.002000
12.3540	-41.0000	4074.0000	4115.0000	0.1743	0.002000
12.3560	-41.0000	4074.0000	4115.0000	0.1926	0.002000
12.3580	-41.0000	4074.0000	4115.0000	0.1745	0.002000
12.3600	-41.0000	4074.0000	4115.0000	0.1560	0.002000
12.3620	-41.0000	4074.0000	4115.0000	0.1743	0.002000
12.3640	-41.0000	4074.0000	4115.0000	0.1926	0.002000
12.3660	-41.0000	4074.0000	4115.0000	0.1745	0.002000
12.3680	-41.0000	4074.0000	4115.0000	0.1560	0.002000
12.3700	-41.0000	4074.0000	4115.0000	0.1743	0.002000
12.3720	-41.0000	4074.0000	4115.0000	0.1926	0.002000
12.3740	-41.0000	4074.0000	4115.0000	0.1745	0.002000
12.3760	-41.0000	4074.0000	4115.0000	0.1560	0.002000
12.3780	-41.0000	4074.0000	4115.0000	0.1743	0.002000
12.3800	-41.0000	4074.0000	4115.0000	0.1926	0.002000
12.3820	-41.0000	4074.0000	4115.0000	0.1745	0.002000
12.3840	-41.0000	4074.0000	4115.0000	0.1560	0.002000
12.3860	-41.0000	4074.0000	4115.0000	0.1743	0.002000
12.3880	-41.0000	4074.0000	4115.0000	0.1926	0.002000
12.3900	-41.0000	4074.0000	4115.0000	0.1745	0.002000
12.3920	-41.0000	4074.0000	4115.0000	0.1560	0.002000
12.3940	-41.0000	4074.0000	4115.0000	0.1743	0.002000
12.3960	-41.0000	4074.0000	4115.0000	0.1926	0.002000
12.3980	-41.0000	4074.0000	4115.0000	0.1745	0.002000
12.4000	-41.0000	4074.0000	4115.0000	0.1560	0.002000
12.4020	-41.0000	4074.0000	4115.0000	0.1743	0.002000
12.4040	-41.0000	4074.0000	4115.0000	0.1926	0.002000
12.4060	-41.0000	4074.0000	4115.0000	0.1745	0.002000
12.4080	-41.0000	4074.0000	4115.0000	0.1560	0.002000
12.4100	-41.0000	4074.0000	4115.0000	0.1743	0.002000
12.4120	-41.0000	4074.0000	4115.0000	0.1926	0.002000
12.4140	-41.0000	4074.0000	4115.0000	0.1745	0.002000
12.4160	-41.0000	4074.0000	4115.0000	0.1560	0.002000
12.4180	-41.0000	4074.0000	4115.0000	0.1743	0.002000
12.4200	-41.0000	4074.0000	4115.0000	0.1926	0.002000
12.4220	-41.0000	4074.0000	4115.0000	0.1745	0.002000
12.4240	-41.0000	4074.0000	4115.0000	0.1560	0.002000
12.4260	-41.0000	4074.0000	4115.0000	0.1743	0.002000
12.4280	-41.0000	4074.0000	4115.0000	0.1926	0.002000
12.4300	-41.0000	4074.0000	4115.0000	0.1745	0.002000
12.4320	-41.0000	4074.0000	4115.0000	0.1560	0.002000
12.4340	-41.0000	4074.0000	4115.0000	0.1743	0.002000
12.4360	-41.0000	4074.0000	4115.0000	0.1926	0.002000
12.4380	-41.0000	4074.0000	4115.0000	0.1745	0.002000
12.4400	-41.0000	4074.0000	4115.0000	0.1560	0.002000
12.4420	-41.0000	4074.0000	4115.0000	0.1743	0.002000
12.4440	-41.0000	4074.0000	4115.0000	0.1926	0.002000
12.4460	-41.0000	4074.0000	4115.0000	0.1745	0.002000
12.4480	-41.0000	4074.0000	4115.0000	0.1560	0.002000
12.4500	-41.0000	4074.0000	4115.0000	0.1743	0.002000
12.4520	-41.0000	4074.0000	4115.0000	0.1926	0.002000
12.4540	-41.0000	4074.0000	4115.0000	0.1745	0.002000
12.4560	-41.0000	4074.0000	4115.0000	0.1560	0.002000
12.4580	-41.0000	4074.0000	4115.0000	0.1743	0.002000
12.4600	-41.0000	4074.0000	4115.0000	0.1926	0.002000
12.4620	-41.0000	4074.0000	4115.0000	0.1745	0.002000
12.4640	-41.0000	4074.0000	4115.0000	0.1560	0.002000
12.4660	-41.0000	4074.0000	4115.0000	0.1743	0.002000
12.4680	-41.0000	4074.0000	4115.0000	0.1926	0.002000
12.4700	-41.0000	4074.0000	4115.0000	0.1745	0.002000
12.4720	-41.0000	4074.0000	4115.0000	0.1560	0.002000
12.4740	-41.0000	4074.0000	4115.0000	0.1743	0.002000
12.4760	-41.0000	4074.0000	4115.0000	0.1926	0.002000
12.4780	-41.0000	4074.0000	4115.0000	0.1745	0.002000
12.4800	-41.0000	4074.0000	4115.0000	0.1560	0.002000
12.4820	-41.0000	4074.0000	4115.0000	0.1743	0.002000
12.4840	-41.0000	4074.0000	4115.0000	0.1926	0.002000
12.4860	-41.0000	4074.0000	4115.0000	0.1745	0.002000
12.4880	-41.0000	4074.0000	4115.0000	0.1560	0.002000
12.4900	-41.0000	4074.0000	4115.0000	0.1743	0.002000
12.4920	-41.0000	4074.0000	4115.0000	0.1926	0.002000
12.4940	-41.0000	4074.0000	4115.0000	0.1745	0.002000
12.4960	-41.0000	4074.0000	4115.0000	0.1560	0.002000
12.4980	-41.0000	4074.0000	4115.0000	0.1743	0.002000
12.5000	-41.0000	4074.0000	4115.0000	0.1926	0.002000
12.5020	-41.0000	4074.0000	4115.0000	0.1745	0.002000
12.5040	-41.0000	4074.0000	4115.0000	0.1560	0.002000
12.5060	-41.0000	4074.0000	4115.0000	0.1743	0.002000
12.5080	-41.0000	4074.0000	4115.0000	0.1926	0.002000
12.5100	-41.0000	4074.0000	4115.0000	0.1745	0.002000
12.5120	-41.0000	4074.0000	4115.0000	0.1560	0.002000
12.5140	-41.0000	4074.0000	4115.0000	0.1743	0.002000
12.5160	-41.0000	4074.0000	4115.0000	0.1926	0.002000
12.5180	-41.0000	4074.0000	4115.0000	0.1745	0.002000
12.5200	-41.0000	4074.0000	4115.0000	0.1560	0.002000
12.5220	-41.0000	4074.0000	4115.0000	0.1743	0.002000
12.5240	-41.0000	4074.0000	4115.0000	0.1926	0.002000
12.5260	-41.0000	4074.0000	4115.0000	0.1745	0.002000
12.5280	-41.0000	4074.0000	4115.0000	0.1560	0.002000
12.5300	-41.0000	4074.0000	4115.0000	0.1743	0.002000
12.5320	-41.0000	4074.0000	4115.0000	0.1926	0.002000
12.5340	-41.0000	4074.0000	4115.0000	0.1745	0.002000
12.5360	-41.0000	4074.0000	4115.0000	0.1560	0.002000
12.5380	-41.0000	4074.0000	4115.0000	0.1743	0.002000
12.5400	-41.0000	4074.0000	4115.0000	0.1926	0.002000
12.5420	-41.0000	4074.0000	4115.0000	0.1745	0.002000
12.5440	-41.0000	4074.0000	4115.0000	0.1560	0.002000
12.5460	-41.0000	4074.0000	4115.0000	0.1743	0.002000
12.5480	-41.0000	4074.0000	4115.0000	0.1926	0.002000
12.5500	-41.0000	4074.0000	4115.0000	0.1745	0.002000
12.5520	-41.0000	4074.0000	4115.0000	0.1560	0.002000
12.5540	-41.0000	4074.0000	4115.0000	0.1743	0.002000
12.5560	-41.0000	4074.0000	4115.0000	0.1926	0.002000
12.5580	-41.0000	4074.0000	4115.0000	0.1745	0.002000
12.5600	-41.0000	4074.0000	4115.0000	0.1560	0.002000
12.5620	-41.0000	4074.0000	4115.0000	0.1743	0.002000
12.5640	-41.0000	4074.0000	4115.0000	0.1926	0.002000
12.5660	-41.0000	4074.0000	4115.0000	0.1745	0.002000
12.5680	-41.0000	4074.0000	4115.0000	0.1560	0.002000
12.5700	-41.0000	4074.0000	4115.0000	0.1743	0.002000
12.5720	-41.0000	4074.0000	4115.0000	0.1926	0.002000
12.5740	-41.0000	4074.0000	4115.0000	0.1745	0.002000
12.5760	-41.0000	4074.0000	4115.0000	0.1560	0.002000
12.5780	-41.0000	4074.0000	4115.0000	0.1743	0.002000
12.5800	-41.0000	4074.0000	4115.0000	0.1926	0.002000
12.5820	-41.0000	4074.0000	4115.0000	0.1745	0.002000
12.5840	-41.0000	4074.0000	4115.0000	0.1560	0.002000
12.5860	-41.0000	4074.0000	4115.0000	0.1743	0.002000
12.5880	-41.0000	4074.0000	4115.0000	0.1926	0.002000
12.5900	-41.0000	4074.0000	4115.0000	0.1745	0.002000
12.5920	-41.0000	4074.0000	4115.0000	0.1560	0.002000
12.5940	-41.0000	4074.0000	4115.0000	0.1743	0.002000
12.5960	-41.0000	4074.0000	4115.0000	0.1926	0.002000
12.5980	-41.0000	4074.0000	4115.0000	0.1745	0.002000
12.6000	-41.0000	4074.0000	4115.0000	0.1560	0.002000
12.6020	-41.0000	4074.0000	4115.0000	0.1743	0.002000
12.6040	-41.0000	4074.0000	4115.0000	0.1926	0.002000
12.6060	-41.0000	4074.0000	4115.0000	0.1745	0.002000
12.6080	-41.0000	4074.0000	4115.0000	0.1560	0.002000
12.6100	-41.0000	4074.0000	4115.0000	0.1743	0.002000
12.6120	-41.0000	4074.0000	4115.0000	0.1926	0.002000
12.6140	-41.0000	4074.0000	4115.0000	0.1745	0.002000
12.6160	-41.0000	4074.0000	4115.0000	0.1560	0.002000
12.6180	-41.0000	4074.0000	4115.0000	0.1743	0.002000
12.6200	-41.0000	4074.0000	4115.0000	0.1926	0.002000
12.6220	-41.0000	4074.0000	4115.0000	0.1745	0.002000
12.6240	-41.0000	4074.0000	4115.0000	0.1560	0.002000
12.6260	-41.0000	4074.0000	4115.0000	0.1743	0.002000
12.6280	-41.0000	4074.0000	4115.0000	0.1926	0.002000
12.6300	-41.0000	4074.0000	4115.0000	0.1745	0.002000
12.6320	-41.0000	4074.0000	4115.0000	0.1560	0.002000
12.6340	-41.0000	4074.0000	4115.0000	0.1743	0.002000
12.6360	-41.0000	4074.0000	4115.0000	0.1926	0.002000
12.6380	-41.0000	4074.0000	4115.0000	0.1745	0.002000
12.6400	-41.0000	4074.0000	4115.0000	0.1560	0.002000
12.6420	-41.0000	4074.0000	4115.0000	0.1743	0.002000
12.6440	-41.0000	4074.0000	4115.0000	0.1926	0.002000
12.6460	-41.0000	4074.0000	4115.0000	0.1745	0.002000
12.6480	-41.0000	4074.0000	4115.0000	0.1560	0.002000
12.6500	-41.0000	4074.0000	4115.0000	0.1743	0.002000
12.6520	-41.0000	4074.0000	4115.0000	0.1926	0.002000
12.6540	-41.0000	4074.0000	4115.0000	0.1745	0.002000
12.6560	-41.0000	4074.0000	4115.0000	0.1560	0.002000
12.6580	-41.0000	4074.0000	4115.0000	0.1743	0.002000
12.6600	-41.0000	4074.0000	4115.0000	0.1926	0.002000
12.6620	-41.0000	4074.0000	4115.0000	0.1745	0.002000
12.6640	-41.0000	4074.0000	4115.0000	0.1560	0.002000
12.6660	-41.0000	4074.0000	4115.0000	0.1743	0.002000
12.6680	-41.0000	4074.0000	4115.0000	0.1926	0.002000
12.6700	-41.0000	4074.0000	4115.0000	0.1745	0.002000
12.6720	-41.0000	4074.0000	4115.0000	0.1560	0.002000
12.6740	-41.0000	4074.0000	4115.0000	0.1743	0.002000
12.6760	-41.0000	4074.0000	4115.0000	0.1926	0.002000
12.6780	-41.0000	4074.0000	4115.0000	0.1745	0.002000
12.6800	-41.0000	4074.0000	4115.0000	0.1560	0.002000
12.6820	-41.0000	4074.0000	4115.0000	0.1743	0.002000
12.6840	-41.0000	4074.0000	4115.0000	0.1926	0.002000
12.6860	-41.0000	4074.0000	4115.0000	0.1745	0.002000
12.6880	-41.0000	4074.0000	4115.0000	0.1560	0.002000
12.6900	-41.0000	4074.0000	4115.0000	0.1743	0.002000
12.6920	-41.0000	4074.0000	4115.0000	0.1926	0.002000
12.6940	-41.0000	4074.0000	4115.0000	0.1745	0.002000
12.6960	-41.0000	4074.0000	4115.0000	0.1560	0.002000
12.6980	-41.0000	4074.0000	4115.0000	0.1743	0.002000
12.7000	-41.0000	4074.0000	4115.0000	0.1926	0.002000
12.7020	-41.0000	4074.0000	4115.0000	0.1745	0.002000
12.7040	-41.0000	4074.0000	4115.0000	0.1560	0.002000
12.7060	-41.0000	4074.0000	4115.0000	0.1743	0.002000
12.7080	-41.0000	4074.0000	4115.0000	0.1926	0.002000
12.7100	-41.0000	4074.0000	4115.0000	0.1745	0.002000
12.7120	-41.0000	4074.0000	4115.0000	0.1560	0.002000
12.7140	-41.0000	4074.0000	4115.0000	0.1743	0.002000
12.7160	-41.0000	4074.0000	4115.0000	0.1926	0.002000
12.7180	-41.0000	4074.0000	4115.0000	0.1745	0.002000
12.7200	-41.0000	4074.0000	4115.0000	0.1560	0.002000
12.7220	-41.0000	4074.0000	4115.0000	0.1743	0.002000
12.7240	-41.0000	4074.0000	4115.0000	0.1926	0.002000
12.7260	-41.0000	4074.0000	4115.0000	0.1745	0.002000
12.7280	-41.0000	4074.0000	4115.0000	0.1560	0.002000
12.7300	-41.0000	4074.0000	4115.0000	0.1743	0.002000
12.7320	-41.0000	4074.0000	4115.0000	0.1926	0.002000
12.7340	-41.0000	4074.0000	4115.0000	0.1745	0.002000
12.7360	-41.0000	4074.0000	4115.0000	0.1560	0.002000
12.7380	-41.0000	4074.0000	4115.0000	0.1743	0.002000
12.7400	-41.0000	4074.0000	4115.0000	0.1926	0.002000
12.7420	-41.0000	4074.0000	4115.0000	0.1745	0.002000
12.7440	-41.0000	4074.0000	4115.0000	0.1560	0.002000
12.7460	-41.0000	4074.0000	4115.0000	0.1743	0.002000
12.7480	-41.0000	4074.0000	4115.0000	0.1926	0.002000
12.7500	-41.0000	4074.0000	4115.0000	0.1745	0.002000
12.7520	-41.0000	4074.0000	4115.0000	0.1560	0.002000
12.7540	-41.0000	4074.0000	4115.0000	0.1743	0.002000
12.7560	-41.0000	4074.0000	4115.0000	0.1926	0.002000
12.7580	-41.0000	4074.0000	4115.0000	0.1745	0.002000
12.7600	-41.0000	4074.0000	4115.0000	0.1560	0.002000
12.7620	-41.0000	4074.0000	4115.0000	0.1743	0.002000
12.7640	-41.0000	4074.0000	4115.0000	0.1926	0.002000
12.7660	-41.0000	4074.0000	4115.0000	0.1745	0.002000
12.7680	-41.0000	4074.0000	4115.0000	0.1560	0.002000
12.7700	-41.0000	4074.0000	4115.0000	0.1743	0.002000
12.7720	-41.0000	4074.0000	4115.0000	0.1926	0.002000
12.7740	-41.0000	4074.0000	4115.0000	0.1745	0.002000
12.7760	-41.0000	4074.0000	4115.0000	0.1560	0.002000
12.7780	-41.0000	4074.0000	4115.0000	0.1743	0.002000
12.7800	-41.0000	4074.0000	4115.0000	0.1926	0.002000
12.7820	-41.0000	4074.0000	4115.0000	0.1745	0.002000
12.7840	-41.0000	4074.0000	4115.0000	0.1560	0.002000
12.7860	-41.0000	4074.0000	4115.0000	0.1743	0.002000
12.7880	-41.0000	4074.0000	4115.0000	0.1926	0.002000
12.7900	-41.0000	4074.0000	4115.0000	0.1745	0.002000
12.7920	-41.0000	4074.0000	4115.0000	0.1560	0.002000
12.7940	-41.0000	4074.0000	4115.0000	0.1743	0.002000
12.7960	-41.0000	4074.0000	4115.0000	0.1926	0.002000
12.7980	-41.0000	4074.0000	4115.0000	0.1745	0.002000
12.8000	-41.0000	4074.0000	4115.0000	0.1560	0.002000
12.8020	-41.0000	4074.0000	4115.0000	0.1743	0.002000
12.8040	-41.0000	4074.0000	4115.0000	0.1926	0.002000
12.8060	-41.0000	4074.0000	4115.0000	0.1745	0.002000
12.8080	-41.0000	4074.0000	4115.0000	0.1560	0.002000
12.8100	-41.0000	4074.0000	4115.0000	0.1743	0.002000
12.8120	-41.0000	4074.0000	4115.0000	0.1926	0.002000
12.8140	-41.0000	4074.0000	4115.0000	0.1745	0.002000
12.8160	-41.0000	4074.0000	4115.0000	0.1560	0.002000
12.8180	-41.0000	4074.0000	4115.0000	0.1743	0.002000
12.8200	-41.0000	4074.0000	4115.0000	0.1926	0.002000
12.8220	-41.0000	4074.0000	4115.0000	0.1745	0.002000
12.8240	-41.0000	4074.0000	4115.0000	0.1560	0.002000
12.8260	-41.0000	4074.0000	4115.0000	0.1743	0.002000
12.8280	-41.0000	4074.0000	4115.0000	0.1926	0.002000
12.8300	-41.0000	4074.0000	4115.0000	0.1745	0.002000
12.8320	-41.0000	4074.0000	4115.0000	0.1560	0.002000
12.8340	-41.0000	4074.0000	4115.0000	0.1743	0.002000
12.8360	-41.0000	4074.0000	4115.0000	0.1926	0.002000
12.8380	-41.0000	4074.0000	4115.0000	0.1745	0.002000
12.8400	-41.0000	4074.0000	4115.0000	0.1560	0.002000
12.8420	-41.0000	4074.0000	4115.0000	0.1743	0.002000
12.8440	-41.0000	4074.0000	4115.0000	0.1926	0.002000
12.8460	-41.0000	4074.0000	4115.0000	0.1745	0.002000
12.8480	-41.0000	4074.0000	4115.0000	0.1560	0.002000
12.8500	-41.0000	4074.0000	4115.0000	0.1743	0.002000
12.8520	-41.0000	4074.0000	4115.0000	0.1926	0.002000
12.8540	-41.0000	4074.0000	4115.0000	0.1745	0.002000
12.8560	-41.0000	4074.0000	4115.0000	0.1560	0.002000
12.8580	-41.0000	4074.0000	4115.0000	0.1743	0.002000
12.8600	-41.0000	4074.0000	4115.0000	0.1926	0.002000
12.8620	-41.0000	4074.0000	4115.0000	0.1745	0.002000
12.8640	-41.0000	4074.0000	4115.0000	0.1560	0.002000
12.8660	-41.0000	4074.0000	4115.0000	0.1743	0.002000
12.8680	-41.0000	4074.0000	4115.0000	0.1926	0.002000
12.8700	-41.0000	4074.0000	4115.0000	0.1745	0.002000
12.8720	-41.0000	4074.0000	4115.0000	0.1560	0.002000
12.8740	-41.0000	4074.0000	4115.0000	0.1743	0.002000
12.8760	-41.0000	4074.0000	4115.0000	0.1926	0.002000
12.8780	-41.0000	4074.0000	4115.0000	0.1745	0.002000
12.8800	-41.0000	4074.0000	4115.0000	0.1560	0.002000
12.8820	-41.0000	4074.0000	4115.0000	0.1743	0.002000
12.8840	-41.0000	4074.0000	4115.0000	0.1926	0.002000
12.8860	-41.0000	4074.0000	4115.0000	0.1745	0.002000
12.8880	-41.0000	4074.0000	4115.0000	0.1560	0.002000
12.8900	-41.0000	4074.0000	4115.0000	0.1743	0.002000
12.8920	-41.0000	4074.0000	4115.0000	0.1926	0.002000
12.8940	-41.0000	4074.0000	4115.0000	0.1745	0.002000
12.8960	-41.0000	4074.0000	4115.0000	0.1560	0.002000
12.8980	-41.0000	4074.0000	4115.0000	0.1743	0.002000
12.9000	-41.0000	4074.0000	4115.0000	0.1926	0.002000
12.9020	-41.0000	4074.0000	4115.0000	0.1745	0.002000
12.9040	-41.0000	4074.0000	4115.0000	0.1560	0.002000
12.9060	-41.0000	4074.0000	4115.0000	0.1743	0.002000
12.9080	-41.0000	4074.0000	4115.0000	0.1926	0.002000
12.9100	-41.0000	4074.0000	4115.0000	0.1745	0.002000
12.9120	-41.0000	4074.0000	4115.0000	0.1560	0.002000
12.9140	-41.0000	4074.0000	4115.0000	0.1743	0.002000
12.9160	-41.0000	4074.0000	4115.0000	0.1926	0.002000
12.9180	-41.0000	4074.0000	4115.0000	0.1745	0.002000
12.9200	-41.0000	4074.0000	4115.0000	0.1560	0.002000
12.9220	-41.0000	4074.0000	4115.0000	0.1743	0.002000
12.9240	-41.0000	4074.0000	4115.0000	0.1926	0.002000
12.9260	-41.0000	4074.0000	4115.0000	0.1745	0.002000
12.9280	-41.0000	4074.0000	4115.0000	0.1560	0.002000
12.9300	-41.0000	4074.0000	4115.0000	0.1743	0.002000
12.9320	-41.0000	4074.0000	4115.0000	0.1926	0.002000
12.9340	-41.0000	4074.0000	4115.0000	0.1745	0.002000
12.9360	-41.0000	4074.0000	4115.0000	0.1560	0.002000
12.9380	-41.0000	4074.0000	4115.0000	0.1743	0.002000
12.9400	-41.0000	4074.0000	4115.0000	0.1926	0.002000
12.9420	-41.0000	4074.0000	4115.0000	0.1745	0.002000
12.9440	-41.0000	4074.0000	4115.0000	0.1560	0.002000
12.9460	-41.0000	4074.0000	4115.0000	0.1743	0.002000
12.9480	-41.0000	4074.0000	4115.0000	0.1926	0.002000
12.9500	-41.0000	4074.0000	4115.0000	0.1745	0.002000
12.9520	-41.0000	4074.0000	4115.0000	0.1560	0.002000
12.9540	-41.0000	4074.0000	4115.0000	0.1743	0.002000
12.9560	-41.0000	4074.0000	4115.0000	0.1926	0.002000
12.9580	-41.0000	4074.0000	4115.0000	0.1745	0.002000
12.9600	-41.0000	4074.0000	4115.0000	0.1560	0.002000
12.9620	-41.0000	4074.0000	4115.0000	0.1743	0.002000
12.9640	-41.0000	4074.0000	4115.0000	0.1926	0.002000
12.9660	-41.0000	4074.0000	4115.0000	0.1745	0.002000
12.9680	-41.0000	4074.0000	4115.0000	0.1560	0.002000
12.9700	-41.0000	4074.0000	4115.0000	0.1743	0.002000
12.9720	-41.0000	4074.0000	4115.0000	0.1926	0.002000
12.9740	-41.0000	4074.0000	4115.0000	0.1745	0.002000
12.9760	-41.0000	4074.0000	4115.0000	0.1560	0.002000
12.9780	-41.0000	4074.0000	4115.0000	0.1743	0.002000
12.9800	-41.0000	4074.0000	4115.0000	0.1926	0.002000
12.9820	-41.0000	4074.0000	4115.0000	0.1745	0.002000
12.9840	-41.0000	4074.0000	4115.0000	0.1560	0.002000
12.9860	-41.0000	4074.0000	4115.0000	0.1743	0.002000
12.9880	-41.0000	4074.0000	4115.0000	0.1926	0.002000
12.9900	-41.0000	4074.0000	4115.0000	0.1745	0.002000
12.9920	-41.0000	4074.0000	4115.0000	0.1560	0.002000
12.9940	-41.0000	4074.0000	4115.0000	0.1743	0.002000
12.9960	-41.0000	4074.0000	4115.0000	0.1926	0.002000
12.9980	-41.0000	4074.0000	4115.0000	0.1745	0.002000
13.0000	-41.0000	4074.0000	4115.0000	0.1560	0.002000
13.0020	-41.0000	4074.0000	4115.0000	0.1743	0.002000
13.0040	-41.0000	4074.0000	4115.0000	0.1926	0.002000
13.0060	-41.0000	4074.0000	4115.0000	0.1745	0.002000
13.0080	-41.0000	4074.0000	4115.0000	0.1560	0.002000
13.0100	-41.0000	4074.0000	4115.0000	0.1743	0.002000
13.0120	-41.0000	4074.0000	4115.0000	0.1926	0.002000
13.0140	-41.0000	4074.0000	4115.0000	0.1745	0.002000
13.0160	-41.0000	4074.0000	4115.0000	0.1560	0.002000
13.0180	-41.0000	4074.0000	4115.0000	0.1743	0.002000
13.0200	-41.0000	4074.0000	4115.0000	0.1926	0.002000
13.0220	-41.0000	4074.0000	4115.0000	0.1745	0.002000
13.0240	-41.0000	4074.0000	4115.0000	0.1560	0.002000
13.0260	-41.0000	4074.0000	4115.0000	0.1743	0.002000
13.0280	-41.0000	4074.0000	4115.0000	0.1926	0.002000
13.0300	-41.0000	4074.0000	4115.0000	0.1745	0.002000
13.0320	-41.0000	4074.0000	4115.0000	0.1560	0.002000
13.0340	-41.0000	4074.0000	4115.0000	0.1743	0.002000
13.0360	-41.0000	4074.0000	4115.0000	0.1926	0.002000
13.0380	-41.0000	4074.0000	4115.0000	0.1745	0.002000
13.0400	-41.0000	4074.0000	4115.0000	0.1560	0.002000
13.0420	-41.0000	4074.0000	4115.0000	0.1743	0.002000
13.0440	-41.0000	4074.0000	4115.0000	0.1926	0.002000
13.0460	-41.0000	4074.0000	4115.0000	0.1745	0.002000
13.0480	-41.0000	4074.0000	4115.0000	0.1560	0.002000
13.0500	-41.0000	4074.0000	4115.0000	0.1743	0.002000
13.0520	-41.0000	4074.0000	4115.0000	0.1926	0.002000
13.0540	-41.0000	4074.0000	4115.0000	0.1745	0.002000
13.0560	-41.0000	4074.0000	4115.0000	0.1560	0.002000
13.0580	-41.0000	4074.0000	4115.0000	0.1743	0.002000
13.0600	-41.0000	4074.0000	4115.0000	0.1926	0.002000
13.0620	-41.0000	4074.0000	4115.0000	0.1745	0.002000
13.0640	-41.0000	4074.0000	4115.0000	0.1560	0.002000
13.0660	-41.0000	4074.0000	4115.0000	0.1743	0.002000
13.0680	-41.0000	4074.0000	4115.0000	0.1926	0.002000
13.0700	-41.0000	4074.0000	4115.0000	0.1745	0.002000
13.0720	-41.0000	4074.0000	4115.0000	0.1560	0.002000
13.0740	-41.0000	4074.0000	4115.0000	0.1743	0.002000
13.0760	-41.0000	4074.0000	4115.0000	0.1926	0.002000
13.0780	-41.0000	4074.0000	4115.0000	0.1745	0.002000
13.0800	-41.0000	4074.0000	4115.0000	0.1560	0.002000
13.0820	-41.0000	4074.0000	4115.0000	0.1743	0.002000
13.0840	-41.0000	4074.0000	4115.0000	0.1926	0.002000
13.0860	-41.0000	4074.0000	4115.0000	0.1745	0.002000
13.0880	-41.0000	4074.0000	4115.0000	0.1560	0.002000
13.0900	-41.0000	4074.0000	4115.0000	0.1743	0.002000
13.0920	-41.0000	4074.0000	4115.0000	0.1926	0.002000
13.0940	-41.0000	4074.0000	4115.0000	0.1745	0.002000
13.0960	-41.0000	4074.0000	4115.0000	0.1560	0.002000
13.0980	-41.0000	4074.0000	4115.0000	0.1743	0.002000
13.1000	-41.0000	4074.0000	4115.0000	0.1926	0.002000
13.1020	-41.0000	4074.0000	4115.0000	0.1745	0.002000
13.1040	-41.0000	4074.0000	4115.0000	0.1560	0.002000
13.1060	-41.0000	4074.0000	4115.0000	0.1743	0.002000
13.1080	-41.0000	4074.0000	4115.0000	0.1926	0.002000
13.1100	-41.0000	4074.0000	4115.0000	0.1745	0.002000
13.1120	-41.0000	4074.0000	4115.0000	0.1560	0.002000
13.1140	-41.0000	4074.0000	4115.0000	0.1743	0.002000
13.1160	-41.0000	4074.0000	4115.0000	0.1926	0.002000
13.1180	-41.0000	4074.0000	4115.0000	0.1745	0.002000
13.1200	-41.0000	4074.0000	4115.0000	0.1560	0.002000
13.1220	-41.0000	4074.0000	4115.0000	0.1743	0.002000
13.1240	-41.0000	4074.0000	4115.0000	0.1926	0.002000
13.1260	-41.0000	4074.0000	4115.0000	0.1745	0.002000
13.1280	-41.0000	4074.0000	4115.0000	0.1560	0.002000
13.1300	-41.0000	4074.0000	4115.0000	0.1743	0.002000
13.1320	-41.0000	4074.0000	4115.0000	0.1926	0.002000
13.1340	-41.0000	4074.0000	4115.0000	0.1745	0.002000
13.1360	-41.0000	4074.0000	4115.0000	0.1560	0.002000
13.1380	-41.0000	4074.0000	4115.0000	0.1743	0.002000
13.1400	-41.0000	4074.0000	4115.0000	0.1926	0.002000
13.1420	-41.0000	4074.0000	4115.0000	0.1745	0.002000
13.1440	-41.0000	4074.0000	4115.0000	0.1560	0.002000
13.1460	-41.0000	4074.0000	4115.0000	0.1743	0.002000
13.1480	-41.0000	4074.0000	4115.0000	0.1926	0.002000
13.1500	-41.0000	4074.0000	4115.0000	0.1745	0.002000
13.1520	-41.0000	4074.0000	4115.0000	0.1560	0.002000
13.1540	-41.0000	4074.0000	4115.0000	0.1743	0.002000
13.1560	-41.0000	4074.0000	4115.0000	0.1926	0.002000
13.1580	-41.0000	4074.0000	4115.0000	0.1745	0.002000
13.1600	-41.0000	4074.0000	4115.0000	0.1560	0.002000
13.1620	-41.0000	4074.0000	4115.0000	0.1743	0.002000
13.1640	-41.0000	4074.0000	4115.0000	0.1926	0.002000
13.1660	-41.0000	4074.0000	4115.0000	0.1745	0.002000
13.1680	-41.0000	4074.0000	4115.0000	0.1560	0.002000
13.1700	-41.0000	4074.0000	4115.0000	0.1743	0.002000
13.1720	-41.0000	4074.0000	4115.0000	0.1926	0.002000
13.1740	-41.0000	4074.0000	4115.0000	0.1745	0.002000
13.1760	-41.0000	4074.0000	4115.0000	0.1560	0.002000
13.1780	-41.0000	4074.0000	4115.0000	0.1743	0.002000
13.1800	-41.0000	4074.0000	4115.0000	0.1926	0.002000
13.1820	-41.0000	4074.0000	4115.0000	0.1745	0.002000
13.1840	-41.0000	4074.0000	4115.0000	0.1560	0.002000
13.1860	-41.0000	4074.0000	4115.0000	0.1743	0.002000
13.1880	-41.0000	4074.0000	4115.0000	0.1926	0.002000
13.1900	-41.0000	4074.0000	4115.0000	0.1745	0.002000
13.1920	-41.0000	4074.0000	4115.0000	0.1560	0.002000
13.1940	-41.0000	4074.0000	4115.0000	0.1743	0.002000
13.1960	-41.0000	4074.0000	4115.0000	0.1926	0.002000
13.1980	-41.0000	4074.0000	4115.0000	0.1745	0.002000
13.2000	-41.0000	4074.0000	4115.0000	0.1560	0.002000
13.2020	-41.0000	4074.0000	4115.0000	0.1743	0.002000
13.2040	-41.0000	4074.0000	4115.0000	0.1926	0.002000
13.2060	-41.0000	4074.0000	4115.0000	0.1745	0.002000
13.2080	-41.0000	4074.0000	4115.0000	0.1560	0.002000
13.2100	-41.0000	4074.0000	4115.0000	0.1743	0.002000
13.2120	-41.0000	4074.0000	4115.0000	0.1926	0.002000
13.2140	-41.0000	4074.0000	4115.0000	0.1745	0.002000
13.2160	-41.0000	4074.0000	4115.0000	0.1560	0.002000
13.2180	-41.0000	4074.0000	4115.0000	0.1743	0.002000
13.2200	-41.0000	4074.0000	4115.0000	0.1926	0.002000
13.2220	-41.0000	4074.0000	4115.0000	0.1745	0.002000
13.2240	-41.0000	4074.0000	4115.0000	0.1560	0.002000
13.2260	-41.0000	4074.0000	4115.0000	0.1743	0.002000
13.2280	-41.0000	4074.0000	4115.0000	0.1926	0.002000
13.2300	-41.0000	4074.0000	4115.0000	0.1745	0.002000
13.2320	-41.0000	4074.0000	4115.0000	0.1560	0.002000
13.2340	-41.0000	4074.0000	4115.0000	0.1743	0.002000
13.2360	-41.0000	4074.0000	4115.0000	0.1926	0.002000
13.2380	-41.0000	4074.0000	4115.0000	0.1745	0.002000
13.2400	-41.0000	4074.0000	4115.0000	0.1560	0.002000
13.2420	-41.0000	4074.0000	4115.0000	0.1743	0.002000
13.2440	-41.0000	4074.0000	4115.0000	0.1926	0.002000
13.2460	-41.0000	4074.0000	4115.0000	0.1745	0.002000
13.2480	-41.0000	4074.0000	4115.0000	0.1560	0.002000
13.2500	-41.0000	4074.0000	4115.0000	0.1743	0.002000
13.2520	-41.0000	4074.0000	4115.0000	0.1926	0.002000
13.2540	-41.0000	4074.0000	4115.0000	0.1745	0.002000
13.2560	-41.0000	4074.0000	4115.0000	0.1560	0.002000
13.2580	-41.0000	4074.0000	4115.0000	0.1743	0.002000
13.2600	-41.0000	4074.0000	4115.0000	0.1926	0.002000
13.2620	-41.0000	4074.0000	4115.0000	0.1745	0.002000
13.2640	-41.0000	4074.0000	4115.0000	0.1560	0.002000
13.2660	-41.0000	4074.0000	4115.0000	0.1743	0.002000
13.2680	-41.0000	4074.0000	4115.0000	0.1926	0.002000
13.2700	-41.0000	4074.0000	4115.0000	0.1745	0.002000
13.2720	-41.0000	4074.0000	4115.0000	0.1560	0.002000
13.2740	-41.0000	4074.0000	4115.0000	0.1743	0.002000
13.2760	-41.0000	4074.0000	4115.0000	0.1926	0.002000
13.2780	-41.0000	4074.0000	4115.0000	0.1745	0.002000
13.2800	-41.0000	4074.0000	4115.0000	0.1560	0.002000
13.2820	-41.0000	4074.0000	4115.0000	0.1743	0.002000
13.2840	-41.0000	4074.0000	4115.0000	0.1926	0.002000
13.2860	-41.0000	4074.0000	4115.0000	0.1745	0.002000
13.2880	-41.0000	4074.0000	4115.0000	0.1560	0.002000
13.2900	-41.0000	4074.0000	4115.0000	0.1743	0.002000
13.2920	-41.0000	4074.0000	4115.0000	0.1926	0.002000
13.2940	-41.0000	4074.0000	4115.0000	0.1745	0.002000
13.2960	-41.0000	4074.0000	4115.0000	0.1560	0.002000
13.2980	-41.0000	4074.0000	4115.0000	0.1743	0.002000
13.3000	-41.0000	4074.0000	4115.0000	0.1926	0.002000
13.3020	-41.0000	4074.0000	4115.0000	0.1745	0.002000
13.3040	-41.0000	4074.0000	4115.0000	0.1560	0.002000
13.3060	-41.0000	4074.0000	4115.0000	0.1743	0.002000
13.3080	-41.0000	4074.0000	4115.0000	0.1926	0.002000
13.3100	-41.0000	4074.0000	4115.0000	0.1745	0.002000
13.3120	-41.0000	4074.0000	4115.0000	0.1560	0.002000
13.3140	-41.0000	4074.0000	4115.0000	0.1743	0.002000
13.3160	-41.0000	4074.0000	4115.0000	0.1926	0.002000
13.3180	-41.0000	4074.0000	4115.0000	0.1745	0.002000
13.3200	-41.0000	4074.0000	4115.0000	0.1560	0.002000
13.3220	-41.0000	4074.0000	4115.0000	0.1743	0.002000
13.3240	-41.0000	4074.0000	4115.0000	0.1926	0.002000
13.3260	-41.0000	4074.0000	4115.0000	0.1745	0.002000
13.3280	-41.0000	4074.0000	4115.0000	0.1560	0.002000
13.3300	-41.0000	4074.0000	4115.0000	0.1743	0.002000
13.3320	-41.0000	4074.0000	4115.0000	0.1926	0.002000
13.3340	-41.0000	4074.0000	4115.0000	0.1745	0.002000
13.3360	-41.0000	4074.0000	4115.0000	0.1560	0.002000
13.3380	-41.0000	4074.0000	4115.0000	0.1743	0.002000
13.3400	-41.0000	4074.0000	4115.0000	0.1926	0.002000
13.3420	-41.0000	4074.0000	4115.0000	0.1745	0.002000
13.3440	-41.0000	4074.0000	4115.0000	0.1560	0.002000
13.3460	-41.0000	4074.0000	4115.0000	0.1743	0.002000
13.3480	-41.0000	4074.0000	4115.0000	0.1926	0.002000
13.3500	-41.0000	4074.0000	4115.0000	0.1745	0.002000
13.3520	-41.0000	4074.0000	4115.0000	0.1560	0.002000
13.3540	-41.0000	4074.0000	4115.0000	0.1743	0.002000
13.3560	-41.0000	4074.0000	4115.0000	0.1926	0.002000
13.3580	-41.0000	4074.0000	4115.0000	0.1745	0.002000
13.3600	-41.0000	4074.0000	4115.0000	0.1560	0.002000
13.3620	-41.0000	4074.0000	4115.0000	0.1743	0.002000
13.3640	-41.0000	4074.0000	4115.0000	0.1926	0.002000
13.3660	-41.0000	4074.0000	4115.0000	0.1745	0.002000
13.3680	-41.0000	4074.0000	4115.0000	0.1560	0.002000
13.3700	-41.0000	4074.0000	4115.0000	0.1743	0.002000
13.3720	-41.0000	4074.0000	4115.0000	0.1926	0.002000
13.3740	-41.0000	4074.0000	4115.0000	0.1745	0.002000
13.3760	-41.0000	4074.0000	4115.0000	0.1560	0.002000
13.3780	-41.0000	4074.0000	4115.0000	0.1743	0.002000
13.3800	-41.0000	4074.0000	4115.0000	0.1926	0.002000
13.3820	-41.0000	4074.0000	4115.0000	0.1745	0.002000
13.3840	-41.0000	4074.0000	4115.0000	0.1560	0.002000
13.3860	-41.0000	4074.0000	4115.0000	0.1743	0.002000
13.3880	-41.0000	4074.0000	4115.0000	0.1926	0.002000
13.3900	-41.0000	4074.0000	4115.0000	0.1745	0.002000
13.3920	-41.0000	4074.0000	4115.0000	0.1560	0.002000
13.3940	-41.0000	4074.0000	4115.0000	0.1743	0.002000
13.3960	-41.0000	4074.0000	4115.0000	0.1926	0.002000
13.3980	-41.0000	4074.0000	4115.0000	0.1745	0.002000
13.4000	-41.0000	4074.0000	4115.0000	0.1560	0.002000
13.4020	-41.0000	4074.0000	4115.0000	0.1743	0.002000
13.4040	-41.0000	4074.0000	4115.0000	0.1926	0.002000
13.4060	-41.0000	4074.0000	4115.0000	0.1745	0.002000
13.4080	-41.0000	4074.0000	4115.0000	0.1560	0.002000
13.4100	-41.0000	4074.0000	4115.0000	0.1743	0.002000
13.4120	-41.0000	4074.0000	4115.0000	0.1926	0.002000
13.4140	-41.0000	4074.0000	4115.0000	0.1745	0.002000
13.4160	-41.0000	4074.0000	4115.0000	0.1560	0.002000
13.4180	-41.0000	4074.0000	4115.0000	0.1743	0.002000
13.4200	-41.0000	4074.0000	4115.0000	0.1926	0.002000
13.4220	-41.0000	4074.0000	4115.0000	0.1745	0.002000
13.4240	-41.0000	4074.0000	4115.0000	0.1560	0.002000
13.4260	-41.0000	4074.0000	4115.0000	0.1743	0.002000
13.4280	-41.0000	4074.0000	4115.0000	0.1926	0.002000
13.4300	-41.0000	4074.0000	4115.0000	0.1745	0.002000
13.4320	-41.0000	4074.0000	4115.0000	0.1560	0.002000
13.4340	-41.0000	4074.0000	4115.0000	0.1743	0.002000
13.4360	-41.0000	4074.0000	4115.0000	0.1926	0.002000
13.4380	-41.0000	4074.0000	4115.0000	0.1745	0.002000
13.4400	-41.0000	4074.0000	4115.0000	0.1560	0.002000
13.4420	-41.0000	4074.0000	4115.0000	0.1743	0.002000
13.4440	-41.0000	4074.0000	4115.0000	0.1926	0.002000
13.4460	-41.0000	4074.0000	4115.0000	0.1745	0.002000
13.4480	-41.0000	4074.0000	4115.0000	0.1560	0.002000
13.4500	-41.0000	4074.0000	4115.0000	0.1743	0.002000
13.4520	-41.0000	4074.0000	4115.0000	0.1926	0.002000
13.4540	-41.0000	4074.0000	4115.0000	0.1745	0.002000
13.4560	-41.0000	4074.0000	4115.0000	0.1560	0.002000
13.4580	-41.0000	4074.0000	4115.0000	0.1743	0.002000
13.4600	-41.0000	4074.0000	4115.0000	0.1926	0.002000
13.4620	-41.0000	4074.0000	4115.0000	0.1745	0.002000
13.4640	-41.0000	4074.0000	4115.0000	0.1560	0.002000
13.4660	-41.0000	4074.0000	4115.0000	0.1743	0.002000
13.4680	-41.0000	4074.0000	4115.0000	0.1926	0.002000
13.4700	-41.0000	4074.0000	4115.0000	0.1745	0.002000
13.4720	-41.0000	4074.0000	4115.0000	0.1560	0.002000
13.4740	-41.0000	4074.0000	4115.0000	0.1743	0.002000
13.4760	-41.0000	4074.0000	4115.0000	0.1926	0.002000
13.4780	-41.0000	4074.0000	4115.0000	0.1745	0.002000
13.4800	-41.0000	4074.0000	4115.0000	0.1560	0.002000
13.4820	-41.0000	4074.0000	4115.0000	0.1743	0.002000
13.4840	-41.0000	4074.0000	4115.0000	0.1926	0.002000
13.4860	-41.0000	4074.0000	4115.0000	0.1745	0.002000
13.4880	-41.0000	4074.0000	4115.0000	0.1560	0.002000
13.4900	-41.0000	4074.0000	4115.0000	0.1743	0.002000
13.4920	-41.0000	4074.0000	4115.0000	0.1926	0.002000
13.4940	-41.0000	4074.0000	4115.0000	0.1745	0.002000
13.4960	-41.0000	4074.0000	4115.0000	0.1560	0.002000
13.4980	-41.0000	4074.0000	4115.0000	0.1743	0.002000
13.5000	-41.0000	4074.0000	4115.0000	0.1926	0.002000
13.5020	-41.0000	4074.0000	4115.0000	0.1745	0.002000
13.5040	-41.0000	4074.0000	4115.0000	0.1560	0.002000
13.5060	-41.0000	4074.0000	4115.0000	0.1743	0.002000
13.5080	-41.0000	4074.0000	4115.0000	0.1926	0.002000
13.5100	-41.0000	4074.0000	4115.0000	0.1745	0.002000
13.5120	-41.0000	4074.0000	4115.0000	0.1560	0.002000
13.5140	-41.0000	4074.0000	4115.0000	0.1743	0.002000
13.5160	-41.0000	4074.0000	4115.0000	0.1926	0.002000
13.5180	-41.0000	4074.0000	4115.0000	0.1745	0.002000
13.5200	-41.0000	4074.0000	4115.0000	0.1560	0.002000
13.5220	-41.0000	4074.0000	4115.0000	0.1743	0.002000
13.5240	-41.0000	4074.0000	4115.0000	0.1926	0.002000
13.5260	-41.0000	4074.0000	4115.0000	0.1745	0.002000
13.5280	-41.0000	4074.0000	4115.0000	0.1560	0.002000
13.5300	-41.0000	4074.0000	4115.0000	0.1743	0.002000
13.5320	-41.0000	4074.0000	4115.0000	0.1926	0.002000
13.5340	-41.0000	4074.0000	4115.0000	0.1745	0.002000
13.5360	-41.0000	4074.0000	4115.0000	0.1560	0.002000
13.5380	-41.0000	4074.0000	4115.0000	0.1743	0.002000
13.5400	-41.0000	4074.0000	4115.0000	0.1926	0.002000
13.5420	-41.0000	4074.0000	4115.0000	0.1745	0.002000
13.5440	-41.0000	4074.0000	4115.0000	0.1560	0.002000
13.5460	-41.0000	4074.0000	4115.0000	0.1743	0.002000
13.5480	-41.0000	4074.0000	4115.0000	0.1926	0.002000
13.5500	-41.0000	4074.0000	4115.0000	0.1745	0.002000
13.5520	-41.0000	4074.0000	4115.0000	0.1560	0.002000
13.5540	-41.0000	4074.0000	4115.0000	0.1743	0.002000
13.5560	-41.0000	4074.0000	4115.0000	0.1926	0.002000
13.5580	-41.0000	4074.0000	4115.0000	0.1745	0.002000
13.5600	-41.0000	4074.0000	4115.0000	0.1560	0.002000
13.5620	-41.0000	4074.0000	4115.0000	0.1743	0.002000
13.5640	-41.0000	4074.0000	4115.0000	0.1926	0.002000
13.5660	-41.0000	4074.0000	4115.0000	0.1745	0.002000
13.5680	-41.0000	4074.0000	4115.0000	0.1560	0.002000
13.5700	-41.0000	4074.0000	4115.0000	0.1743	0.002000
13.5720	-41.0000	4074.0000	4115.0000	0.1926	0.002000
13.5740	-41.0000	4074.0000	4115.0000	0.1745	0.002000
13.5760	-41.0000	4074.0000	4115.0000	0.1560	0.002000
13.5780	-41.0000	4074.0000	4115.0000	0.1743	0.002000
13.5800	-41.0000	4074.0000	4115.0000	0.1926	0.002000
13.5820	-41.0000	4074.0000	4115.0000	0.1745	0.002000
13.5840	-41.0000	4074.0000	4115.0000	0.1560	0.002000
13.5860	-41.0000	4074.0000	4115.0000	0.1743	0.002000
13.5880	-41.0000	4074.0000	4115.0000	0.1926	0.002000
13.5900	-41.0000	4074.0000	4115.0000	0.1745	0.002000
13.5920	-41.0000	4074.0000	4115.0000	0.1560	0.002000
13.5940	-41.0000	4074.0000	4115.0000	0.1743	0.002000
13.5960	-41.0000	4074.0000	4115.0000	0.1926	0.002000
13.5980	-41.0000	4074.0000	4115.0000	0.1745	0.002000
13.6000	-41.0000	4074.0000	4115.0000	0.1560	0.002000
13.6020	-41.0000	4074.0000	4115.0000	0.1743	0.002000
13.6040	-41.0000	4074.0000	4115.0000	0.1926	0.002000
13.6060	-41.0000	4074.0000	4115.0000	0.1745	0.002000
13.6080	-41.0000	4074.0000	4115.0000	0.1560	0.002000
13.6100	-41.0000	4074.0000	4115.0000	0.1743	0.002000
13.6120	-41.0000	4074.0000	4115.0000	0.1926	0.002000
13.6140	-41.0000	4074.0000	4115.0000	0.1745	0.002000
13.6160	-41.0000	4074.0000	4115.0000	0.1560	0.002000
13.6180	-41.0000	4074.0000	4115.0000	0.1743	0.002000
13.6200	-41.0000	4074.0000	4115.0000	0.1926	0.002000
13.6220	-41.0000	4074.0000	4115.0000	0.1745	0.002000
13.6240	-41.0000	4074.0000	4115.0000	0.1560	0.002000
13.6260	-41.0000	4074.0000	4115.0000	0.1743	0.002000
13.6280	-41.0000	4074.0000	4115.0000	0.1926	0.002000
13.6300	-41.0000	4074.0000	4115.0000	0.1745	0.002000
13.6320	-41.0000	4074.0000	4115.0000	0.1560	0.002000
13.6340	-41.0000	4074.0000	4115.0000	0.1743	0.002000
13.6360	-41.0000	4074.0000	4115.0000	0.1926	0.002000
13.6380	-41.0000	4074.0000	4115.0000	0.1745	0.002000
13.6400	-41.0000	4074.0000	4115.0000	0.1560	0.002000
13.6420	-41.0000	4074.0000	4115.0000	0.1743	0.002000
13.6440	-41.0000	4074.0000	4115.0000	0.1926	0.002000
13.6460	-41.0000	4074.0000	4115.0000	0.1745	0.002000
13.6480	-41.0000	4074.0000	4115.0000	0.1560	0.002000
13.6500	-41.0000	4074.0000	4115.0000	0.1743	0.002000
13.6520	-41.0000	4074.0000	4115.0000	0.1926	0.002000
13.6540	-41.0000	4074.0000	4115.0000	0.1745	0.002000
13.6560	-41.0000	4074.0000	4115.0000	0.1560	0.002000
13.6580	-41.0000	4074.0000	4115.0000	0.1743	0.002000
13.6600	-41.0000	4074.0000	4115.0000	0.1926	0.002000
13.6620	-41.0000	4074.0000	4115.0000	0.1745	0.002000
13.6640	-41.0000	4074.0000	4115.0000	0.1560	0.002000
13.6660	-41.0000	4074.0000	4115.0000	0.1743	0.002000
13.6680	-41.0000	4074.0000	4115.0000	0.1926	0.002000
13.6700	-41.0000	4074.0000	4115.0000	0.1745	0.002000
13.6720	-41.0000	4074.0000	4115.0000	0.1560	0.002000
13.6740	-41.0000	4074.0000	4115.0000	0.1743	0.002000
13.6760	-41.0000	4074.0000	4115.0000	0.1926	0.002000
13.6780	-41.0000	4074.0000	4115.0000	0.1745	0.002000
13.6800	-41.0000	4074.0000	4115.0000	0.1560	0.002000
13.6820	-41.0000	4074.0000	4115.0000	0.1743	0.002000
13.6840	-41.0000	4074.0000	4115.0000	0.1926	0.002000
13.6860	-41.0000	4074.0000	4115.0000	0.1745	0.002000
13.6880	-41.0000	4074.0000	4115.0000	0.1560	0.002000
13.6900	-41.0000	4074.0000	4115.0000	0.1743	0.002000
13.6920	-41.0000	4074.0000	4115.0000	0.1926	0.002000
13.6940	-41.0000	4074.0000	4115.0000	0.1745	0.002000
13.6960	-41.0000	4074.0000	4115.0000	0.1560	0.002000
13.6980	-41.0000	4074.0000	4115.0000	0.1743	0.002000
13.7000	-41.0000	4074.0000	4115.0000	0.1926	0.002000
13.7020	-41.0000	4074.0000	4115.0000	0.1745	0.002000
13.7040	-41.0000	4074.0000	4115.0000	0.1560	0.002000
13.7060	-41.0000	4074.0000	4115.0000	0.1743	0.002000
13.7080	-41.0000	4074.0000	4115.0000	0.1926	0.002000
13.7100	-41.0000	4074.0000	4115.0000	0.1745	0.002000
13.7120	-41.0000	4074.0000	4115.0000	0.1560	0.002000
13.7140	-41.0000	4074.0000	4115.0000	0.1743	0.002000
13.7160	-41.0000	4074.0000	4115.0000	0.1926	0.002000
13.7180	-41.0000	4074.0000	4115.0000	0.1745	0.002000
13.7200	-41.0000	4074.0000	4115.0000	0.1560	0.002000
13.7220	-41.0000	4074.0000	4115.0000	0.1743	0.002000
13.7240	-41.0000	4074.0000	4115.0000	0.1926	0.002000
13.7260	-41.0000	4074.0000	4115.0000	0.1745	0.002000
13.7280	-41.0000	4074.0000	4115.0000	0.1560	0.002000
13.7300	-41.0000	4074.0000	4115.0000	0.1743	0.002000
13.7320	-41.0000	4074.0000	4115.0000	0.1926	0.002000
13.7340	-41.0000	4074.0000	4115.0000	0.1745	0.002000
13.7360	-41.0000	4074.0000	4115.0000	0.1560	0.002000
13.7380	-41.0000	4074.0000	4115.0000	0.1743	0.002000
13.7400	-41.0000	4074.0000	4115.0000	0.1926	0.002000
13.7420	-41.0000	4074.0000	4115.0000	0.1745	0.002000
13.7440	-41.0000	4074.0000	4115.0000	0.1560	0.002000
13.7460	-41.0000	4074.0000	4115.0000	0.1743	0.002000
13.7480	-41.0000	4074.0000	4115.0000	0.1926	0.002000
13.7500	-41.0000	4074.0000	4115.0000	0.1745	0.002000
13.7520	-41.0000	4074.0000	4115.0000	0.1560	0.002000
13.7540	-41.0000	4074.0000	4115.0000	0.1743	0.002000
13.7560	-41.0000	4074.0000	4115.0000	0.1926	0.002000
13.7580	-41.0000	4074.0000	4115.0000	0.1745	0.002000
13.7600	-41.0000	4074.0000	4115.0000	0.1560	0.002000
13.7620	-41.0000	4074.0000	4115.0000	0.1743	0.002000
13.7640	-41.0000	4074.0000	4115.0000	0.1926	0.002000
13.7660	-41.0000	4074.0000	4115.0000	0.1745	0.002000
13.7680	-41.0000	4074.0000	4115.0000	0.1560	0.002000
13.7700	-41.0000	4074.0000	4115.0000	0.1743	0.002000
13.7720	-41.0000	4074.0000	4115.0000	0.1926	0.002000
13.7740	-41.0000	4074.0000	4115.0000	0.1745	0.002000
13.7760	-41.0000	4074.0000	4115.0000	0.1560	0.002000
13.7780	-41.0000	4074.0000	4115.0000	0.1743	0.002000
13.7800	-41.0000	4074.0000	4115.0000	0.1926	0.002000
13.7820	-41.0000	4074.0000	4115.0000	0.1745	0.002000
13.7840	-41.0000	4074.0000	4115.0000	0.1560	0.002000
13.7860	-41.0000	4074.0000	4115.0000	0.1743	0.002000
13.7880	-41.0000	4074.0000	4115.0000	0.1926	0.002000
13.7900	-41.0000	4074.0000	4115.0000	0.1745	0.002000
13.7920	-41.0000	4074.0000	4115.0000	0.1560	0.002000
13.7940	-41.0000	4074.0000	4115.0000	0.1743	0.002000
13.7960	-41.0000	4074.0000	4115.0000	0.1926	0.002000
13.7980	-41.0000	4074.0000	4115.0000	0.1745	0.002000
13.8000	-41.0000	4074.0000	4115.0000	0.1560	0.002000
13.8020	-41.0000	4074.0000	4115.0000	0.1743	0.002000
13.8040	-41.0000	4074.0000	4115.0000	0.1926	0.002000
13.8060	-41.0000	4074.0000	4115.0000	0.1745	0.002000
13.8080	-41.0000	4074.0000	4115.0000	0.1560	0.002000
13.8100	-41.0000	4074.0000	4115.0000	0.1743	0.002000
13.8120	-41.0000	4074.0000	4115.0000	0.1926	0.002000
13.8140	-41.0000	4074.0000	4115.0000	0.1745	0.002000
13.8160	-41.0000	4074.0000	4115.0000	0.1560	0.002000
13.8180	-41.0000	4074.0000	4115.0000	0.1743	0.002000
13.8200	-41.0000	4074.0000	4115.0000	0.1926	0.002000
13.8220	-41.0000	4074.0000	4115.0000	0.1745	0.002000
13.8240	-41.0000	4074.0000	4115.0000	0.1560	0.002000
13.8260	-41.0000	4074.0000	4115.0000	0.1743	0.002000
13.8280	-41.0000	4074.0000	4115.0000	0.1926	0.002000
13.8300	-41.0000	4074.0000	4115.0000	0.1745	0.002000
13.8320	-41.0000	4074.0000	4115.0000	0.1560	0.002000
13.8340	-41.0000	4074.0000	4115.0000	0.1743	0.002000
13.8360	-41.0000	4074.0000	4115.0000	0.1926	0.002000
13.8380	-41.0000	4074.0000	4115.0000	0.1745	0.002000
13.8400	-41.0000	4074.0000	4115.0000	0.1560	0.002000
13.8420	-41.0000	4074.0000	4115.0000	0.1743	0.002000
13.8440	-41.0000	4074.0000	4115.0000	0.1926	0.002000
13.8460	-41.0000	4074.0000	4115.0000	0.1745	0.002000
13.8480	-41.0000	4074.0000	4115.0000	0.1560	0.002000
13.8500	-41.0000	4074.0000	4115.0000	0.1743	0.002000
13.8520	-41.0000	4074.0000	4115.0000	0.1926	0.002000
13.8540	-41.0000	4074.0000	4115.0000	0.1745	0.002000
13.8560	-41.0000	4074.0000	4115.0000	0.1560	0.002000
13.8580	-41.0000	4074.0000	4115.0000	0.1743	0.002000
13.8600	-41.0000	4074.0000	4115.0000	0.1926	0.002000
13.8620	-41.0000	4074.0000	4115.0000	0.1745	0.002000
13.8640	-41.0000	4074.0000	4115.0000	0.1560	0.002000
13.8660	-41.0000	4074.0000	4115.0000	0.1743	0.002000
13.8680	-41.0000	4074.0000	4115.0000	0.1926	0.002000
13.8700	-41.0000	4074.0000	4115.0000	0.1745	0.002000
13.8720	-41.0000	4074.0000	4115.0000	0.1560	0.002000
13.8740	-41.0000	4074.0000	4115.0000	0.1743	0.002000
13.8760	-41.0000	4074.0000	4115.0000	0.1926	0.002000
13.8780	-41.0000	4074.0000	4115.0000	0.1745	0.002000
13.8800	-41.0000	4074.0000	4115.0000	0.1560	0.002000
13.8820	-41.0000	4074.0000	4115.0000	0.1743	0.002000
13.8840	-41.0000	4074.0000	4115.0000	0.1926	0.002000
13.8860	-41.0000	4074.0000	4115.0000	0.1745	0.002000
13.8880	-41.0000	4074.0000	4115.0000	0.1560	0.002000
13.8900	-41.0000	4074.0000	4115.0000	0.1743	0.002000
13.8920	-41.0000	4074.0000	4115.0000	0.1926	0.002000
13.8940	-41.0000	4074.0000	4115.0000	0.1745	0.002000
13.8960	-41.0000	4074.0000	4115.0000	0.1560	0.002000
13.8980	-41.0000	4074.0000	4115.0000	0.1743	0.002000
13.9000	-41.0000	4074.0000	4115.0000	0.1926	0.002000
13.9020	-41.0000	4074.0000	4115.0000	0.1745	0.002000
13.9040	-41.0000	4074.0000	4115.0000	0.1560	0.002000
13.9060	-41.0000	4074.0000	4115.0000	0.1743	0.002000
13.9080	-41.0000	4074.0000	4115.0000	0.1926	0.002000
13.9100	-41.0000	4074.0000	4115.0000	0.1745	0.002000
13.9120	-41.0000	4074.0000	4115.0000	0.1560	0.002000
13.9140	-41.0000	4074.0000	4115.0000	0.1743	0.002000
13.9160	-41.0000	4074.0000	4115.0000	0.1926	0.002000
13.9180	-41.0000	4074.0000	4115.0000	0.1745	0.002000
13.9200	-41.0000	4074.0000	4115.0000	0.1560	0.002000
13.9220	-41.0000	4074.0000	4115.0000	0.1743	0.002000
13.9240	-41.0000	4074.0000	4115.0000	0.1926	0.002000
13.9260	-41.0000	4074.0000	4115.0000	0.1745	0.002000
13.9280	-41.0000	4074.0000	4115.0000	0.1560	0.002000
13.9300	-41.0000	4074.0000	4115.0000	0.1743	0.002000
13.9320	-41.0000	4074.0000	4115.0000	0.1926	0.002000
13.9340	-41.0000	4074.0000	4115.0000	0.1745	0.002000
13.9360	-41.0000	4074.0000	4115.0000	0.1560	0.002000
13.9380	-41.0000	4074.0000	4115.0000	0.1743	0.002000
13.9400	-41.0000	4074.0000	4115.0000	0.1926	0.002000
13.9420	-41.0000	4074.0000	4115.0000	0.1745	0.002000
13.9440	-41.0000	4074.0000	4115.0000	0.1560	0.002000
13.9460	-41.0000	4074.0000	4115.0000	0.1743	0.002000
13.9480	-41.0000	4074.0000	4115.0000	0.1926	0.002000
13.9500	-41.0000	4074.0000	4115.0000	0.1745	0.002000
13.9520	-41.0000	4074.0000	4115.0000	0.1560	0.002000
13.9540	-41.0000	4074.0000	4115.0000	0.1743	0.002000
13.9560	-41.0000	4074.0000	4115.0000	0.1926	0.002000
13.9580	-41.0000	4074.0000	4115.0000	0.1745	0.002000
13.9600	-41.0000	4074.0000	4115.0000	0.1560	0.002000
13.9620	-41.0000	4074.0000	4115.0000	0.1743	0.002000
13.9640	-41.0000	4074.0000	4115.0000	0.1926	0.002000
13.9660	-41.0000	4074.0000	4115.0000	0.1745	0.002000
13.9680	-41.0000	4074.0000	4115.0000	0.1560	0.002000
13.9700	-41.0000	4074.0000	4115.0000	0.1743	0.002000
13.9720	-41.0000	4074.0000	4115.0000	0.1926	0.002000
13.9740	-41.0000	4074.0000	4115.0000	0.1745	0.002000
13.9760	-41.0000	4074.0000	4115.0000	0.1560	0.002000
13.9780	-41.0000	4074.0000	4115.0000	0.1743	0.002000
13.9800	-41.0000	4074.0000	4115.0000	0.1926	0.002000
13.9820	-41.0000	4074.0000	4115.0000	0.1745	0.002000
13.9840	-41.0000	4074.0000	4115.0000	0.1560	0.002000
13.9860	-41.0000	4074.0000	4115.0000	0.1743	0.002000
13.9880	-41.0000	4074.0000	4115.0000	0.1926	0.002000
13.9900	-41.0000	4074.0000	4115.0000	0.1745	0.002000
13.9920	-41.0000	4074.0000	4115.0000	0.1560	0.002000
13.9940	-41.0000	4074.0000	4115.0000	0.1743	0.002000
13.9960	-41.0000	4074.0000	4115.0000	0.1926	0.002000
13.9980	-41.0000	4074.0000	4115.0000	0.1745	0.002000
14.0000	-41.0000	4074.0000	4115.0000	0.1560	0.002000
14.0020	-41.0000	4074.0000	4115.0000	0.1743	0.002000
14.0040	-41.0000	4074.0000	4115.0000	0.1926	0.002000
14.0060	-41.0000	4074.0000	4115.0000	0.1745	0.002000
14.0080	-41.0000	4074.0000	4115.0000	0.1560	0.002000
14.0100	-41.0000	4074.0000	4115.0000	0.1743	0.002000
14.0120	-41.0000	4074.0000	4115.0000	0.1926	0.002000
14.0140	-41.0000	4074.0000	4115.0000	0.1745	0.002000
14.0160	-41.0000	4074.0000	4115.0000	0.1560	0.002000
14.0180	-41.0000	4074.0000	4115.0000	0.1743	0.002000
14.0200	-41.0000	4074.0000	4115.0000	0.1926	0.002000
14.0220	-41.0000	4074.0000	4115.0000	0.1745	0.002000
14.0240	-41.0000	4074.0000	4115.0000	0.1560	0.002000
14.0260	-41.0000	4074.0000	4115.0000	0.1743	0.002000
14.0280	-41.0000	4074.0000	4115.0000	0.1926	0.002000
14.0300	-41.0000	4074.0000	4115.0000	0.1745	0.002000
14.0320	-41.0000	4074.0000	4115.0000	0.1560	0.002000
14.0340	-41.0000	4074.0000	4115.0000	0.1743	0.002000
14.0360	-41.0000	4074.0000	4115.0000	0.1926	0.002000
14.0380	-41.0000	4074.0000	4115.0000	0.1745	0.002000
14.0400	-41.0000	4074.0000	4115.0000	0.1560	0.002000
14.0420	-41.0000	4074.0000	4115.0000	0.1743	0.002000
14.0440	-41.0000	4074.0000	4115.0000	0.1926	0.002000
14.0460	-41.0000	4074.0000	4115.0000	0.1745	0.002000
14.0480	-41.0000	4074.0000	4115.0000	0.1560	0.002000
14.0500	-41.0000	4074.0000	4115.0000	0.1743	0.002000
14.0520	-41.0000	4074.0000	4115.0000	0.1926	0.002000
14.0540	-41.0000	4074.0000	4115.0000	0.1745	0.002000
14.0560	-41.0000	4074.0000	4115.0000	0.1560	0.002000
14.0580	-41.0000	4074.0000	4115.0000	0.1743	0.002000
14.0600	-41.0000	4074.0000	4115.0000	0.1926	0.002000
14.0620	-41.0000	4074.0000	4115.0000	0.1745	0.002000
14.0640	-41.0000	4074.0000	4115.0000	0.1560	0.002000
14.0660	-41.0000	4074.0000	4115.0000	0.1743	0.002000
14.0680	-41.0000	4074.0000	4115.0000	0.1926	0.002000
14.0700	-41.0000	4074.0000	4115.0000	0.1745	0.002000
14.0720	-41.0000	4074.0000	4115.0000	0.1560	0.002000
14.0740	-41.0000	4074.0000	4115.0000	0.1743	0.002000
14.0760	-41.0000	4074.0000	4115.0000	0.1926	0.002000
14.0780	-41.0000	4074.0000	4115.0000	0.1745	0.002000
14.0800	-41.0000	4074.0000	4115.0000	0.1560	0.002000
14.0820	-41.0000	4074.0000	4115.0000	0.1743	0.002000
14.0840	-41.0000	4074.0000	4115.0000	0.1926	0.002000
14.0860	-41.0000	4074.0000	4115.0000	0.1745	0.002000
14.0880	-41.0000	4074.0000	4115.0000	0.1560	0.002000
14.0900	-41.0000	4074.0000	4115.0000	0.1743	0.002000
14.0920	-41.0000	4074.0000	4115.0000	0.1926	0.002000
14.0940	-41.0000	4074.0000	4115.0000	0.1745	0.002000
14.0960	-41.0000	4074.0000	4115.0000	0.1560	0.002000
14.0980	-41.0000	4074.0000	4115.0000	0.1743	0.002000
14.1000	-41.0000	4074.0000	4115.0000	0.1926	0.002000
14.1020	-41.0000	4074.0000	4115.0000	0.1745	0.002000
14.1040	-41.0000	4074.0000	4115.0000	0.1560	0.002000
14.1060	-41.0000	4074.0000	4115.0000	0.1743	0.002000
14.1080	-41.0000	4074.0000	4115.0000	0.1926	0.002000
14.1100	-41.0000	4074.0000	4115.0000	0.1745	0.002000
14.1120	-41.0000	4074.0000	4115.0000	0.1560	0.002000
14.1140	-41.0000	4074.0000	4115.0000	0.1743	0.002000
14.1160	-41.0000	4074.0000	4115.0000	0.1926	0.002000
14.1180	-41.0000	4074.0000	4115.0000	0.1745	0.002000
14.1200	-41.0000	4074.0000	4115.0000	0.1560	0.002000
14.1220	-41.0000	4074.0000	4115.0000	0.1743	0.002000
14.1240	-41.0000	4074.0000	4115.0000	0.1926	0.002000
14.1260	-41.0000	4074.0000	4115.0000	0.1745	0.002000
14.1280	-41.0000	4074.0000	4115.0000	0.1560	0.002000
14.1300	-41.0000	4074.0000	4115.0000	0.1743	0.002000
14.1320	-41.0000	4074.0000	4115.0000	0.1926	0.002000
14.1340	-41.0000	4074.0000	4115.0000	0.1745	0.002000
14.1360	-41.0000	4074.0000	4115.0000	0.1560	0.002000
14.1380	-41.0000	4074.0000	4115.0000	0.1743	0.002000
14.1400	-41.0000	4074.0000	4115.0000	0.1926	0.002000
14.1420	-41.0000	4074.0000	4115.0000	0.1745	0.002000
14.1440	-41.0000	4074.0000	4115.0000	0.1560	0.002000
14.1460	-41.0000	4074.0000	4115.0000	0.1743	0.002000
14.1480	-41.0000	4074.0000	4115.0000	0.1926	0.002000
14.1500	-41.0000	4074.0000	4115.0000	0.1745	0.002000
14.1520	-41.0000	4074.0000	4115.0000	0.1560	0.002000
14.1540	-41.0000	4074.0000	4115.0000	0.1743	0.002000
14.1560	-41.0000	4074.0000	4115.0000	0.1926	0.002000
14.1580	-41.0000	4074.0000	4115.0000	0.1745	0.002000
14.1600	-41.0000	4074.0000	4115.0000	0.1560	0.002000
14.1620	-41.0000	4074.0000	4115.0000	0.1743	0.002000
14.1640	-41.0000	4074.0000	4115.0000	0.1926	0.002000
14.1660	-41.0000	4074.0000	4115.0000	0.1745	0.002000
14.1680	-41.0000	4074.0000	4115.0000	0.1560	0.002000
14.1700	-41.0000	4074.0000	4115.0000	0.1743	0.002000
14.1720	-41.0000	4074.0000	4115.0000	0.1926	0.002000
14.1740	-41.0000	4074.0000	4115.0000	0.1745	0.002000
14.1760	-41.0000	4074.0000	4115.0000	0.1560	0.002000
14.1780	-41.0000	4074.0000	4115.0000	0.1743	0.002000
14.1800	-41.0000	4074.0000	4115.0000	0.1926	0.002000
14.1820	-41.0000	4074.0000	4115.0000	0.1745	0.002000
14.1840	-41.0000	4074.0000	4115.0000	0.1560	0.002000
14.1860	-41.0000	4074.0000	4115.0000	0.1743	0.002000
14.1880	-41.0000	4074.0000	4115.0000	0.1926	0.002000
14.1900	-41.0000	4074.0000	4115.0000	0.1745	0.002000
14.1920	-41.0000	4074.0000	4115.0000	0.1560	0.002000
14.1940	-41.0000	4074.0000	4115.0000	0.1743	0.002000
14.1960	-41.0000	4074.0000	4115.0000	0.1926	0.002000
14.1980	-41.0000	4074.0000	4115.0000	0.1745	0.002000
14.2000	-41.0000	4074.0000	4115.0000	0.1560	0.002000
14.2020	-41.0000	4074.0000	4115.0000	0.1743	0.002000
14.2040	-41.0000	4074.0000	4115.0000	0.1926	0.002000
14.2060	-41.0000	4074.0000	4115.0000	0.1745	0.002000
14.2080	-41.0000	4074.0000	4115.0000	0.1560	0.002000
14.2100	-41.0000	4074.0000	4115.0000	0.1743	0.002000
14.2120	-41.0000	4074.0000	4115.0000	0.1926	0.002000
14.2140	-41.0000	4074.0000	4115.0000	0.1745	0.002000
14.2160	-41.0000	4074.0000	4115.0000	0.1560	0.002000
14.2180	-41.0000	4074.0000	4115.0000	0.1743	0.002000
14.2200	-41.0000	4074.0000	4115.0000	0.1926	0.002000
14.2220	-41.0000	4074.0000	4115.0000	0.1745	0.002000
14.2240	-41.0000	4074.0000	4115.0000	0.1560	0.002000
14.2260	-41.0000	4074.0000	4115.0000	0.1743	0.002000
14.2280	-41.0000	4074.0000	4115.0000	0.1926	0.002000
14.2300	-41.0000	4074.0000	4115.0000	0.1745	0.002000
14.2320	-41.0000	4074.0000	4115.0000	0.1560	0.002000
14.2340	-41.0000	4074.0000	4115.0000	0.1743	0.002000
14.2360	-41.0000	4074.0000	4115.0000	0.1926	0.002000
14.2380	-41.0000	4074.0000	4115.0000	0.1745	0.002000
14.2400	-41.0000	4074.0000	4115.0000	0.1560	0.002000
14.2420	-41.0000	4074.0000	4115.0000	0.1743	0.002000
14.2440	-41.0000	4074.0000	4115.0000	0.1926	0.002000
14.2460	-41.0000	4074.0000	4115.0000	0.1745	0.002000
14.2480	-41.0000	4074.0000	4115.0000	0.1560	0.002000
14.2500	-41.0000	4074.0000	4115.0000	0.1743	0.002000
14.2520	-41.0000	4074.0000	4115.0000	0.1926	0.002000
14.2540	-41.0000	4074.0000	4115.0000	0.1745	0.002000
14.2560	-41.0000	4074.0000	4115.0000	0.1560	0.002000
14.2580	-41.0000	4074.0000	4115.0000	0.1743	0.002000
14.2600	-41.0000	4074.0000	4115.0000	0.1926	0.002000
14.2620	-41.0000	4074.0000	4115.0000	0.1745	0.002000
14.2640	-41.0000	4074.0000	4115.0000	0.1560	0.002000
14.2660	-41.0000	4074.0000	4115.0000	0.1743	0.002000
14.2680	-41.0000	4074.0000	4115.0000	0.1926	0.002000
14.2700	-41.0000	4074.0000	4115.0000	0.1745	0.002000
14.2720	-41.0000	4074.0000	4115.0000	0.1560	0.002000
14.2740	-41.0000	4074.0000	4115.0000	0.1743	0.002000
14.2760	-41.0000	4074.0000	4115.0000	0.1926	0.002000
14.2780	-41.0000	4074.0000	4115.0000	0.1745	0.002000
14.2800	-41.0000	4074.0000	4115.0000	0.1560	0.002000
14.2820	-41.0000	4074.0000	4115.0000	0.1743	0.002000
14.2840	-41.0000	4074.0000	4115.0000	0.1926	0.002000
14.2860	-41.0000	4074.0000	4115.0000	0.1745	0.002000
14.2880	-41.0000	4074.0000	4115.0000	0.1560	0.002000
14.2900	-41.0000	4074.0000	4115.0000	0.1743	0.002000
14.2920	-41.0000	4074.0000	4115.0000	0.1926	0.002000
14.2940	-41.0000	4074.0000	4115.0000	0.1745	0.002000
14.2960	-41.0000	4074.0000	4115.0000	0.1560	0.002000
14.2980	-41.0000	4074.0000	4115.0000	0.1743	0.002000
14.3000	-41.0000	4074.0000	4115.0000	0.1926	0.002000
14.3020	-41.0000	4074.0000	4115.0000	0.1745	0.002000
14.3040	-41.0000	4074.0000	4115.0000	0.1560	0.002000
14.3060	-41.0000	4074.0000	4115.0000	0.1743	0.002000
14.3080	-41.0000	4074.0000	4115.0000	0.1926	0.002000
14.3100	-41.0000	4074.0000	4115.0000	0.1745	0.002000
14.3120	-41.0000	4074.0000	4115.0000	0.1560	0.002000
14.3140	-41.0000	4074.0000	4115.0000	0.1743	0.002000
14.3160	-41.0000	4074.0000	4115.0000	0.1926	0.002000
14.3180	-41.0000	4074.0000	4115.0000	0.1745	0.002000
14.3200	-41.0000	4074.0000	4115.0000	0.1560	0.002000
14.3220	-41.0000	4074.0000	4115.0000	0.1743	0.002000
14.3240	-41.0000	4074.0000	4115.0000	0.1926	0.002000
14.3260	-41.0000	4074.0000	4115.0000	0.1745	0.002000
14.3280	-41.0000	4074.0000	4115.0000	0.1560	0.002000
14.3300	-41.0000	4074.0000	4115.0000	0.1743	0.002000
14.3320	-41.0000	4074.0000	4115.0000	0.1926	0.002000
14.3340	-41.0000	4074.0000	4115.0000	0.1745	0.002000
14.3360	-41.0000	4074.0000	4115.0000	0.1560	0.002000
14.3380	-41.0000	4074.0000	4115.0000	0.1743	0.002000
14.3400	-41.0000	4074.0000	4115.0000	0.1926	0.002000
14.3420	-41.0000	4074.0000	4115.0000	0.1745	0.002000
14.3440	-41.0000	4074.0000	4115.0000	0.1560	0.002000
14.3460	-41.0000	4074.0000	4115.0000	0.1743	0.002000
14.3480	-41.0000	4074.0000	4115.0000	0.1926	0.002000
14.3500	-41.0000	4074.0000	4115.0000	0.1745	0.002000
14.3520	-41.0000	4074.0000	4115.0000	0.1560	0.002000
14.3540	-41.0000	4074.0000	4115.0000	0.1743	0.002000
14.3560	-41.0000	4074.0000	4115.0000	0.1926	0.002000
14.3580	-41.0000	4074.0000	4115.0000	0.1745	0.002000
14.3600	-41.0000	4074.0000	4115.0000	0.1560	0.002000
14.3620	-41.0000	4074.0000	4115.0000	0.1743	0.002000
14.3640	-41.0000	4074.0000	4115.0000	0.1926	0.002000
14.3660	-41.0000	4074.0000	4115.0000	0.1745	0.002000
14.3680	-41.0000	4074.0000	4115.0000	0.1560	0.002000
14.3700	-41.0000	4074.0000	4115.0000	0.1743	0.002000
14.3720	-41.0000	4074.0000	4115.0000	0.1926	0.002000
14.3740	-41.0000	4074.0000	4115.0000	0.1745	0.002000
14.3760	-41.0000	4074.0000	4115.0000	0.1560	0.002000
14.3780	-41.0000	4074.0000	4115.0000	0.1743	0.002000
14.3800	-41.0000	4074.0000	4115.0000	0.1926	0.002000
14.3820	-41.0000	4074.0000	4115.0000	0.1745	0.002000
14.3840	-41.0000	4074.0000	4115.0000	0.1560	0.002000
14.3860	-41.0000	4074.0000	4115.0000	0.1743	0.002000
14.3880	-41.0000	4074.0000	4115.0000	0.1926	0.002000
14.3900	-41.0000	4074.0000	4115.0000	0.1745	0.002000
14.3920	-41.0000	4074.0000	4115.0000	0.1560	0.002000
14.3940	-41.0000	4074.0000	4115.0000	0.1743	0.002000
14.3960	-41.0000	4074.0000	4115.0000	0.1926	0.002000
14.3980	-41.0000	4074.0000	4115.0000	0.1745	0.002000
14.4000	-41.0000	4074.0000	4115.0000	0.1560	0.002000
14.4020	-41.0000	4074.0000	4115.0000	0.1743	0.002000
14.4040	-41.0000	4074.0000	4115.0000	0.1926	0.002000
14.4060	-41.0000	4074.0000	4115.0000	0.1745	0.002000
14.4080	-41.0000	4074.0000	4115.0000	0.1560	0.002000
14.4100	-41.0000	4074.0000	4115.0000	0.1743	0.002000
14.4120	-41.0000	4074.0000	4115.0000	0.1926	0.002000
14.4140	-41.0000	4074.0000	4115.0000	0.1745	0.002000
14.4160	-41.0000	4074.0000	4115.0000	0.1560	0.002000
14.4180	-41.0000	4074.0000	4115.0000	0.1743	0.002000
14.4200	-41.0000	4074.0000	4115.0000	0.1926	0.002000
14.4220	-41.0000	4074.0000	4115.0000	0.1745	0.002000
14.4240	-41.0000	4074.0000	4115.0000	0.1560	0.002000
14.4260	-41.0000	4074.0000	4115.0000	0.1743	0.002000
14.4280	-41.0000	4074.0000	4115.0000	0.1926	0.002000
14.4300	-41.0000	4074.0000	4115.0000	0.1745	0.002000
14.4320	-41.0000	4074.0000	4115.0000	0.1560	0.002000
14.4340	-41.0000	4074.0000	4115.0000	0.1743	0.002000
14.4360	-41.0000	4074.0000	4115.0000	0.1926	0.002000
14.4380	-41.0000	4074.0000	4115.0000	0.1745	0.002000
14.4400	-41.0000	4074.0000	4115.0000	0.1560	0.002000
14.4420	-41.0000	4074.0000	4115.0000	0.1743	0.002000
14.4440	-41.0000	4074.0000	4115.0000	0.1926	0.002000
14.4460	-41.0000	4074.0000	4115.0000	0.1745	0.002000
14.4480	-41.0000	4074.0000	4115.0000	0.1560	0.002000
14.4500	-41.0000	4074.0000	4115.0000	0.1743	0.002000
14.4520	-41.0000	4074.0000	4115.0000	0.1926	0.002000
14.4540	-41.0000	4074.0000	4115.0000	0.1745	0.002000
14.4560	-41.0000	4074.0000	4115.0000	0.1560	0.002000
14.4580	-41.0000	4074.0000	4115.0000	0.1743	0.002000
14.4600	-41.0000	4074.0000	4115.0000	0.1926	0.002000
14.4620	-41.0000	4074.0000	4115.0000	0.1745	0.002000
14.4640	-41.0000	4074.0000	4115.0000	0.1560	0.002000
14.4660	-41.0000	4074.0000	4115.0000	0.1743	0.002000
14.4680	-41.0000	4074.0000	4115.0000	0.1926	0.002000
14.4700	-41.0000	4074.0000	4115.0000	0.1745	0.002000
14.4720	-41.0000	4074.0000	4115.0000	0.1560	0.002000
14.4740	-41.0000	4074.0000	4115.0000	0.1743	0.002000
14.4760	-41.0000	4074.0000	4115.0000	0.1926	0.002000
14.4780	-41.0000	4074.0000	4115.0000	0.1745	0.002000
14.4800	-41.0000	4074.0000	4115.0000	0.1560	0.002000
14.4820	-41.0000	4074.0000	4115.0000	0.1743	0.002000
14.4840	-41.0000	4074.0000	4115.0000	0.1926	0.002000
14.4860	-41.0000	4074.0000	4115.0000	0.1745	0.002000
14.4880	-41.0000	4074.0000	4115.0000	0.1560	0.002000
14.4900	-41.0000	4074.0000	4115.0000	0.1743	0.002000
14.4920	-41.0000	4074.0000	4115.0000	0.1926	0.002000
14.4940	-41.0000	4074.0000	4115.0000	0.1745	0.002000
14.4960	-41.0000	4074.0000	4115.0000	0.1560	0.002000
14.4980	-41.0000	4074.0000	4115.0000	0.1743	0.002000
14.5000	-41.0000	4074.0000	4115.0000	0.1926	0.002000
14.5020	-41.0000	4074.0000	4115.0000	0.1745	0.002000
14.5040	-41.0000	4074.0000	4115.0000	0.1560	0.002000
14.5060	-41.0000	4074.0000	4115.0000	0.1743	0.002000
14.5080	-41.0000	4074.0000	4115.0000	0.1926	0.002000
14.5100	-41.0000	4074.0000	4115.0000	0.1745	0.002000
14.5120	-41.0000	4074.0000	4115.0000	0.1560	0.002000
14.5140	-41.0000	4074.0000	4115.0000	0.1743	0.002000
14.5160	-41.0000	4074.0000	4115.0000	0.1926	0.002000
14.5180	-41.0000	4074.0000	4115.0000	0.1745	0.002000
14.5200	-41.0000	4074.0000	4115.0000	0.1560	0.002000
14.5220	-41.0000	4074.0000	4115.0000	0.1743	0.002000
14.5240	-41.0000	4074.0000	4115.0000	0.1926	0.002000
14.5260	-41.0000	4074.0000	4115.0000	0.1745	0.002000
14.5280	-41.0000	4074.0000	4115.0000	0.1560	0.002000
14.5300	-41.0000	4074.0000	4115.0000	0.1743	0.002000
14.5320	-41.0000	4074.0000	4115.0000	0.1926	0.002000
14.5340	-41.0000	4074.0000	4115.0000	0.1745	0.002000
14.5360	-41.0000	4074.0000	4115.0000	0.1560	0.002000
14.5380	-41.0000	4074.0000	4115.0000	0.1743	0.002000
14.5400	-41.0000	4074.0000	4115.0000	0.1926	0.002000
14.5420	-41.0000	4074.0000	4115.0000	0.1745	0.002000
14.5440	-41.0000	4074.0000	4115.0000	0.1560	0.002000
14.5460	-41.0000	4074.0000	4115.0000	0.1743	0.002000
14.5480	-41.0000	4074.0000	4115.0000	0.1926	0.002000
14.5500	-41.0000	4074.0000	4115.0000	0.1745	0.002000
14.5520	-41.0000	4074.0000	4115.0000	0.1560	0.002000
14.5540	-41.0000	4074.0000	4115.0000	0.1743	0.002000
14.5560	-41.0000	4074.0000	4115.0000	0.1926	0.002000
14.5580	-41.0000	4074.0000	4115.0000	0.1745	0.002000
14.5600	-41.0000	4074.0000	4115.0000	0.1560	0.002000
14.5620	-41.0000	4074.0000	4115.0000	0.1743	0.002000
14.5640	-41.0000	4074.0000	4115.0000	0.1926	0.002000
14.5660	-41.0000	4074.0000	4115.0000	0.1745	0.002000
14.5680	-41.0000	4074.0000	4115.0000	0.1560	0.002000
14.5700	-41.0000	4074.0000	4115.0000	0.1743	0.002000
14.5720	-41.0000	4074.0000	4115.0000	0.1926	0.002000
14.5740	-41.0000	4074.0000	4115.0000	0.1745	0.002000
14.5760	-41.0000	4074.0000	4115.0000	0.1560	0.002000
14.5780	-41.0000	4074.0000	4115.0000	0.1743	0.002000
14.5800	-41.0000	4074.0000	4115.0000	0.1926	0.002000
14.5820	-41.0000	4074.0000	4115.0000	0.1745	0.002000
14.5840	-41.0000	4074.0000	4115.0000	0.1560	0.002000
14.5860	-41.0000	4074.0000	4115.0000	0.1743	0.002000
14.5880	-41.0000	4074.0000	4115.0000	0.1926	0.002000
14.5900	-41.0000	4074.0000	4115.0000	0.1745	0.002000
14.5920	-41.0000	4074.0000	4115.0000	0.1560	0.002000
14.5940	-41.0000	4074.0000	4115.0000	0.1743	0.002000
14.5960	-41.0000	4074.0000	4115.0000	0.1926	0.002000
14.5980	-41.0000	4074.0000	4115.0000	0.1745	0.002000
14.6000	-41.0000	4074.0000	4115.0000	0.1560	0.002000
14.6020	-41.0000	4074.0000	4115.0000	0.1743	0.002000
14.6040	-41.0000	4074.0000	4115.0000	0.1926	0.002000
14.6060	-41.0000	4074.0000	4115.0000	0.1745	0.002000
14.6080	-41.0000	4074.0000	4115.0000	0.1560	0.002000
14.6100	-41.0000	4074.0000	4115.0000	0.1743	0.002000
14.6120	-41.0000	4074.0000	4115.0000	0.1926	0.002000
14.6140	-41.0000	4074.0000	4115.0000	0.1745	0.002000
14.6160	-41.0000	4074.0000	4115.0000	0.1560	0.002000
14.6180	-41.0000	4074.0000	4115.0000	0.1743	0.002000
14.6200	-41.0000	4074.0000	4115.0000	0.1926	0.002000
14.6220	-41.0000	4074.0000	4115.0000	0.1745	0.002000
14.6240	-41.0000	4074.0000	4115.0000	0.1560	0.002000
14.6260	-41.0000	4074.0000	4115.0000	0.1743	0.002000
14.6280	-41.0000	4074.0000	4115.0000	0.1926	0.002000
14.6300	-41.0000	4074.0000	4115.0000	0.1745	0.002000
14.6320	-41.0000	4074.0000	4115.0000	0.1560	0.002000
14.6340	-41.0000	4074.0000	4115.0000	0.1743	0.002000
14.6360	-41.0000	4074.0000	4115.0000	0.1926	0.002000
14.6380	-41.0000	4074.0000	4115.0000	0.1745	0.002000
14.6400	-41.0000	4074.0000	4115.0000	0.1560	0.002000
14.6420	-41.0000	4074.0000	4115.0000	0.1743	0.002000
14.6440	-41.0000	4074.0000	4115.0000	0.1926	0.002000
14.6460	-41.0000	4074.0000	4115.0000	0.1745	0.002000
14.6480	-41.0000	4074.0000	4115.0000	0.1560	0.002000
14.6500	-41.0000	4074.0000	4115.0000	0.1743	0.002000
14.6520	-41.0000	4074.0000	4115.0000	0.1926	0.002000
14.6540	-41.0000	4074.0000	4115.0000	0.1745	0.002000
14.6560	-41.0000	4074.0000	4115.0000	0.1560	0.002000
14.6580	-41.0000	4074.0000	4115.0000	0.1743	0.002000
14.6600	-41.0000	4074.0000	4115.0000	0.1926	0.002000
14.6620	-41.0000	4074.0000	4115.0000	0.1745	0.002000
14.6640	-41.0000	4074.0000	4115.0000	0.1560	0.002000
14.6660	-41.0000	4074.0000	4115.0000	0.1743	0.002000
14.6680	-41.0000	4074.0000	4115.0000	0.1926	0.002000
14.6700	-41.0000	4074.0000	4115.0000	0.1745	0.002000
14.6720	-41.0000	4074.0000	4115.0000	0.1560	0.002000
14.6740	-41.0000	4074.0000	4115.0000	0.1743	0.002000
14.6760	-41.0000	4074.0000	4115.0000	0.1926	0.002000
14.6780	-41.0000	4074.0000	4115.0000	0.1745	0.002000
14.6800	-41.0000	4074.0000	4115.0000	0.1560	0.002000
14.6820	-41.0000	4074.0000	4115.0000	0.1743	0.002000
14.6840	-41.0000	4074.0000	4115.0000	0.1926	0.002000
14.6860	-41.0000	4074.0000	4115.0000	0.1745	0.002000
14.6880	-41.0000	4074.0000	4115.0000	0.1560	0.002000
14.6900	-41.0000	4074.0000	4115.0000	0.1743	0.002000
14.6920	-41.0000	4074.0000	4115.0000	0.1926	0.002000
14.6940	-41.0000	4074.0000	4115.0000	0.1745	0.002000
14.6960	-41.0000	4074.0000	4115.0000	0.1560	0.002000
14.6980	-41.0000	4074.0000	4115.0000	0.1743	0.002000
14.7000	-41.0000	4074.0000	4115.0000	0.1926	0.002000
14.7020	-41.0000	4074.0000	4115.0000	0.1745	0.002000
14.7040	-41.0000	4074.0000	4115.0000	0.1560	0.002000
14.7060	-41.0000	4074.0000	4115.0000	0.1743	0.002000
14.7080	-41.0000	4074.0000	4115.0000	0.1926	0.002000
14.7100	-41.0000	4074.0000	4115.0000	0.1745	0.002000
14.7120	-41.0000	4074.0000	4115.0000	0.1560	0.002000
14.7140	-41.0000	4074.0000	4115.0000	0.1743	0.002000
14.7160	-41.0000	4074.0000	4115.0000	0.1926	0.002000
14.7180	-41.0000	4074.0000	4115.0000	0.1745	0.002000
14.7200	-41.0000	4074.0000	4115.0000	0.1560	0.002000
14.7220	-41.0000	4074.0000	4115.0000	0.1743	0.002000
14.7240	-41.0000	4074.0000	4115.0000	0.1926	0.002000
14.7260	-41.0000	4074.0000	4115.0000	0.1745	0.002000
14.7280	-41.0000	4074.0000	4115.0000	0.1560	0.002000
14.7300	-41.0000	4074.0000	4115.0000	0.1743	0.002000
14.7320	-41.0000	4074.0000	4115.0000	0.1926	0.002000
14.7340	-41.0000	4074.0000	4115.0000	0.1745	0.002000
14.7360	-41.0000	4074.0000	4115.0000	0.1560	0.002000
14.7380	-41.0000	4074.0000	4115.0000	0.1743	0.002000
14.7400	-41.0000	4074.0000	4115.0000	0.1926	0.002000
14.7420	-41.0000	4074.0000	4115.0000	0.1745	0.002000
14.7440	-41.0000	4074.0000	4115.0000	0.1560	0.002000
14.7460	-41.0000	4074.0000	4115.0000	0.1743	0.002000
14.7480	-41.0000	4074.0000	4115.0000	0.1926	0.002000
14.7500	-41.0000	4074.0000	4115.0000	0.1745	0.002000
14.7520	-41.0000	4074.0000	4115.0000	0.1560	0.002000
14.7540	-41.0000	4074.0000	4115.0000	0.1743	0.002000
14.7560	-41.0000	4074.0000	4115.0000	0.1926	0.002000
14.7580	-41.0000	4074.0000	4115.0000	0.1745	0.002000
14.7600	-41.0000	4074.0000	4115.0000	0.1560	0.002000
14.7620	-41.0000	4074.0000	4115.0000	0.1743	0.002000
14.7640	-41.0000	4074.0000	4115.0000	0.1926	0.002000
14.7660	-41.0000	4074.0000	4115.0000	0.1745	0.002000
14.7680	-41.0000	4074.0000	4115.0000	0.1560	0.002000
14.7700	-41.0000	4074.0000	4115.0000	0.1743	0.002000
14.7720	-41.0000	4074.0000	4115.0000	0.1926	0.002000
14.7740	-41.0000	4074.0000	4115.0000	0.1745	0.002000
14.7760	-41.0000	4074.0000	4115.0000	0.1560	0.002000
14.7780	-41.0000	4074.0000	4115.0000	0.1743	0.002000
14.7800	-41.0000	4074.0000	4115.0000	0.1926	0.002000
14.7820	-41.0000	4074.0000	4115.0000	0.1745	0.002000
14.7840	-41.0000	4074.0000	4115.0000	0.1560	0.002000
14.7860	-41.0000	4074.0000	4115.0000	0.1743	0.002000
14.7880	-41.0000	4074.0000	4115.0000	0.1926	0.002000
14.7900	-41.0000	4074.0000	4115.0000	0.1745	0.002000
14.7920	-41.0000	4074.0000	4115.0000	0.1560	0.002000
14.7940	-41.0000	4074.0000	4115.0000	0.1743	0.002000
14.7960	-41.0000	4074.0000	4115.0000	0.1926	0.002000
14.7980	-41.0000	4074.0000	4115.0000	0.1745	0.002000
14.8000	-41.0000	4074.0000	4115.0000	0.1560	0.002000
14.8020	-41.0000	4074.0000	4115.0000	0.1743	0.002000
14.8040	-41.0000	4074.0000	4115.0000	0.1926	0.002000
14.8060	-41.0000	4074.0000	4115.0000	0.1745	0.002000
14.8080	-41.0000	4074.0000	4115.0000	0.1560	0.002000
14.8100	-41.0000	4074.0000	4115.0000	0.1743	0.002000
14.8120	-41.0000	4074.0000	4115.0000	0.1926	0.002000
14.8140	-41.0000	4074.0000	4115.0000	0.1745	0.002000
14.8160	-41.0000	4074.0000	4115.0000	0.1560	0.002000
14.8180	-41.0000	4074.0000	4115.0000	0.1743	0.002000
14.8200	-41.0000	4074.0000	4115.0000	0.1926	0.002000
14.8220	-41.0000	4074.0000	4115.0000	0.1745	0.002000
14.8240	-41.0000	4074.0000	4115.0000	0.1560	0.002000
14.8260	-41.0000	4074.0000	4115.0000	0.1743	0.002000
14.8280	-41.0000	4074.0000	4115.0000	0.1926	0.002000
14.8300	-41.0000	4074.0000	4115.0000	0.1745	0.002000
14.8320	-41.0000	4074.0000	4115.0000	0.1560	0.002000
14.8340	-41.0000	4074.0000	4115.0000	0.1743	0.002000
14.8360	-41.0000	4074.0000	4115.0000	0.1926	0.002000
14.8380	-41.0000	4074.0000	4115.0000	0.1745	0.002000
14.8400	-41.0000	4074.0000	4115.0000	0.1560	0.002000
14.8420	-41.0000	4074.0000	4115.0000	0.1743	0.002000
14.8440	-41.0000	4074.0000	4115.0000	0.1926	0.002000
14.8460	-41.0000	4074.0000	4115.0000	0.1745	0.002000
14.8480	-41.0000	4074.0000	4115.0000	0.1560	0.002000
14.8500	-41.0000	4074.0000	4115.0000	0.1743	0.002000
14.8520	-41.0000	4074.0000	4115.0000	0.1926	0.002000
14.8540	-41.0000	4074.0000	4115.0000	0.1745	0.002000
14.8560	-41.0000	4074.0000	4115.0000	0.1560	0.002000
14.8580	-41.0000	4074.0000	4115.0000	0.1743	0.002000
14.8600	-41.0000	4074.0000	4115.0000	0.1926	0.002000
14.8620	-41.0000	4074.0000	4115.0000	0.1745	0.002000
14.8640	-41.0000	4074.0000	4115.0000	0.1560	0.002000
14.8660	-41.0000	4074.0000	4115.0000	0.1743	0.002000
14.8680	-41.0000	4074.0000	4115.0000	0.1926	0.002000
14.8700	-41.0000	4074.0000	4115.0000	0.1745	0.002000
14.8720	-41.0000	4074.0000	4115.0000	0.1560	0.002000
14.8740	-41.0000	4074.0000	4115.0000	0.1743	0.002000
14.8760	-41.0000	4074.0000	4115.0000	0.1926	0.002000
14.8780	-41.0000	4074.0000	4115.0000	0.1745	0.002000
14.8800	-41.0000	4074.0000	4115.0000	0.1560	0.002000
14.8820	-41.0000	4074.0000	4115.0000	0.1743	0.002000
14.8840	-41.0000	4074.0000	4115.0000	0.1926	0.002000
14.8860	-41.0000	4074.0000	4115.0000	0.1745	0.002000
14.8880	-41.0000	4074.0000	4115.0000	0.1560	0.002000
14.8900	-41.0000	4074.0000	4115.0000	0.1743	0.002000
14.8920	-41.0000	4074.0000	4115.0000	0.1926	0.002000
14.8940	-41.0000	4074.0000	4115.0000	0.1745	0.002000
14.8960	-41.0000	4074.0000	4115.0000	0.1560	0.002000
14.8980	-41.0000	4074.0000	4115.0000	0.1743	0.002000
14.9000	-41.0000	4074.0000	4115.0000	0.1926	0.002000
14.9020	-41.0000	4074.0000	4115.0000	0.1745	0.002000
14.9040	-41.0000	4074.0000	4115.0000	0.1560	0.002000
14.9060	-41.0000	4074.0000	4115.0000	0.1743	0.002000
14.9080	-41.0000	4074.0000	4115.0000	0.1926	0.002000
14.9100	-41.0000	4074.0000	4115.0000	0.1745	0.002000
14.9120	-41.0000	4074.0000	4115.0000	0.1560	0.002000
14.9140	-41.0000	4074.0000	4115.0000	0.1743	0.002000
14.9160	-41.0000	4074.0000	4115.0000	0.1926	0.002000
14.9180	-41.0000	4074.0000	4115.0000	0.1745	0.002000
14.9200	-41.0000	4074.0000	4115.0000	0.1560	0.002000
14.9220	-41.0000	4074.0000	4115.0000	0.1743	0.002000
14.9240	-41.0000	4074.0000	4115.0000	0.1926	0.002000
14.9260	-41.0000	4074.0000	4115.0000	0.1745	0.002000
14.9280	-41.0000	4074.0000	4115.0000	0.1560	0.002000
14.9300	-41.0000	4074.0000	4115.0000	0.1743	0.002000
14.9320	-41.0000	4074.0000	4115.0000	0.1926	0.002000
14.9340	-41.0000	4074.0000	4115.0000	0.1745	0.002000
14.9360	-41.0000	4074.0000	4115.0000	0.1560	0.002000
14.9380	-41.0000	4074.0000	4115.0000	0.1743	0.002000
14.9400	-41.0000	4074.0000	4115.0000	0.1926	0.002000
14.9420	-41.0000	4074.0000	4115.0000	0.1745	0.002000
14.9440	-41.0000	4074.0000	4115.0000	0.1560	0.002000
14.9460	-41.0000	4074.0000	4115.0000	0.1743	0.002000
14.9480	-41.0000	4074.0000	4115.0000	0.1926	0.002000
14.9500	-41.0000	4074.0000	4115.0000	0.1745	0.002000
14.9520	-41.0000	4074.0000	4115.0000	0.1560	0.002000
14.9540	-41.0000	4074.0000	4115.0000	0.1743	0.002000
14.9560	-41.0000	4074.0000	4115.0000	0.1926	0.002000
14.9580	-41.0000	4074.0000	4115.0000	0.1745	0.002000
14.9600	-41.0000	4074.0000	4115.0000	0.1560	0.002000
14.9620	-41.0000	4074.0000	4115.0000	0.1743	0.002000
14.9640	-41.0000	4074.0000	4115.0000	0.1926	0.002000
14.9660	-41.0000	4074.0000	4115.0000	0.1745	0.002000
14.9680	-41.0000	4074.0000	4115.0000	0.1560	0.002000
14.9700	-41.0000	4074.0000	4115.0000	0.1743	0.002000
14.9720	-41.0000	4074.0000	4115.0000	0.1926	0.002000
14.9740	-41.0000	4074.0000	4115.0000	0.1745	0.002000
14.9760	-41.0000	4074.0000	4115.0000	0.1560	0.002000
14.9780	-41.0000	4074.0000	4115.0000	0.1743	0.002000
14.9800	-41.0000	4074.0000	4115.0000	0.1926	0.002000
14.9820	-41.0000	4074.0000	4115.0000	0.1745	0.002000
14.9840	-41.0000	4074.0000	4115.0000	0.1560	0.002000
14.9860	-41.0000	4074.0000	4115.0000	0.1743	0.002000
14.9880	-41.0000	4074.0000	4115.0000	0.1926	0.002000
14.9900	-41.0000	4074.0000	4115.0000	0.1745	0.002000
14.9920	-41.0000	4074.0000	4115.0000	0.1560	0.002000
14.9940	-41.0000	4074.0000	4115.0000	0.1743	0.002000
14.9960	-41.0000	4074.0000	4115.0000	0.1926	0.002000
14.9980	-41.0000	4074.0000	4115.0000	0.1745	0.002000
15.0000	-41.0000	4074.0000	4115.0000	0.1560	0.002000
15.0020	-41.0000	4074.0000	4115.0000	0.1743	0.002000
15.0040	-41.0000	4074.0000	4115.0000	0.1926	0.002000
15.0060	-41.0000	4074.0000	4115.0000	0.1745	0.002000
15.0080	-41.0000	4074.0000	4115.0000	0.1560	0.002000
15.0100	-41.0000	4074.0000	4115.0000	0.1743	0.002000
15.0120	-41.0000	4074.0000	4115.0000	0.1926	0.002000
15.0140	-41.0000	4074.0000	4115.0000	0.1745	0.002000
15.0160	-41.0000	4074.0000	4115.0000	0.1560	0.002000
15.0180	-41.0000	4074.0000	4115.0000	0.1743	0.002000
15.0200	-41.0000	4074.0000	4115.0000	0.1926	0.002000
15.0220	-41.0000	4074.0000	4115.0000	0.1745	0.002000
15.0240	-41.0000	4074.0000	4115.0000	0.1560	0.002000
15.0260	-41.0000	4074.0000	4115.0000	0.1743	0.002000
15.0280	-41.0000	4074.0000	4115.0000	0.1926	0.002000
15.0300	-41.0000	4074.0000	4115.0000	0.1745	0.002000
15.0320	-41.0000	4074.0000	4115.0000	0.1560	0.002000
15.0340	-41.0000	4074.0000	4115.0000	0.1743	0.002000
15.0360	-41.0000	4074.0000	4115.0000	0.1926	0.002000
15.0380	-41.0000	4074.0000	4115.0000	0.1745	0.002000
15.0400	-41.0000	4074.0000	4115.0000	0.1560	0.002000
15.0420	-41.0000	4074.0000	4115.0000	0.1743	0.002000
15.0440	-41.0000	4074.0000	4115.0000	0.1926	0.002000
15.0460	-41.0000	4074.0000	4115.0000	0.1745	0.002000
15.0480	-41.0000	4074.0000	4115.0000	0.1560	0.002000
15.0500	-41.0000	4074.0000	4115.0000	0.1743	0.002000
15.0520	-41.0000	4074.0000	4115.0000	0.1926	0.002000
15.0540	-41.0000	4074.0000	4115.0000	0.1745	0.002000
15.0560	-41.0000	4074.0000	4115.0000	0.1560	0.002000
15.0580	-41.0000	4074.0000	4115.0000	0.1743	0.002000
15.0600	-41.0000	4074.0000	4115.0000	0.1926	0.002000
15.0620	-41.0000	4074.0000	4115.0000	0.1745	0.002000
15.0640	-41.0000	4074.0000	4115.0000	0.1560	0.002000
15.0660	-41.0000	4074.0000	4115.0000	0.1743	0.002000
15.0680	-41.0000	4074.0000	4115.0000	0.1926	0.002000
15.0700	-41.0000	4074.0000	4115.0000	0.1745	0.002000
15.0720	-41.0000	4074.0000	4115.0000	0.1560	0.002000
15.0740	-41.0000	4074.0000	4115.0000	0.1743	0.002000
15.0760	-41.0000	4074.0000	4115.0000	0.1926	0.002000
15.0780	-41.0000	4074.0000	4115.0000	0.1745	0.002000
15.0800	-41.0000	4074.0000	4115.0000	0.1560	0.002000
15.0820	-41.0000	4074.0000	4115.0000	0.1743	0.002000
15.0840	-41.0000	4074.0000	4115.0000	0.1926	0.002000
15.0860	-41.0000	4074.0000	4115.0000	0.1745	0.002000
15.0880	-41.0000	4074.0000	4115.0000	0.1560	0.002000
15.0900	-41.0000	4074.0000	4115.0000	0.1743	0.002000
15.0920	-41.0000	4074.0000	4115.0000	0.1926	0.002000
15.0940	-41.0000	4074.0000	4115.0000	0.1745	0.002000
15.0960	-41.0000	4074.0000	4115.0000	0.1560	0.002000
15.0980	-41.0000	4074.0000	4115.0000	0.1743	0.002000
15.1000	-41.0000	4074.0000	4115.0000	0.1926	0.002000
15.1020	-41.0000	4074.0000	4115.0000	0.1745	0.002000
15.1040	-41.0000	4074.0000	4115.0000	0.1560	0.002000
15.1060	-41.0000	4074.0000	4115.0000	0.1743	0.002000
15.1080	-41.0000	4074.0000	4115.0000	0.1926	0.002000
15.1100	-41.0000	4074.0000	4115.0000	0.1745	0.002000
15.1120	-41.0000	4074.0000	4115.0000	0.1560	0.002000
15.1140	-41.0000	4074.0000	4115.0000	0.1743	0.002000
15.1160	-41.0000	4074.0000	4115.0000	0.1926	0.002000
15.1180	-41.0000	4074.0000	4115.0000	0.1745	0.002000
15.1200	-41.0000	4074.0000	4115.0000	0.1560	0.002000
15.1220	-41.0000	4074.0000	4115.0000	0.1743	0.002000
15.1240	-41.0000	4074.0000	4115.0000	0.1926	0.002000
15.1260	-41.0000	4074.0000	4115.0000	0.1745	0.002000
15.1280	-41.0000	4074.0000	4115.0000	0.1560	0.002000
15.1300	-41.0000	4074.0000	4115.0000	0.1743	0.002000
15.1320	-41.0000	4074.0000	4115.0000	0.1926	0.002000
15.1340	-41.0000	4074.0000	4115.0000	0.1745	0.002000
15.1360	-41.0000	4074.0000	4115.0000	0.1560	0.002000
15.1380	-41.0000	4074.0000	4115.0000	0.1743	0.002000
15.1400	-41.0000	4074.0000	4115.0000	0.1926	0.002000
15.1420	-41.0000	4074.0000	4115.0000	0.1745	0.002000
15.1440	-41.0000	4074.0000	4115.0000	0.1560	0.002000
15.1460	-41.0000	4074.0000	4115.0000	0.1743	0.002000
15.1480	-41.0000	4074.0000	4115.0000	0.1926	0.002000
15.1500	-41.0000	4074.0000	4115.0000	0.1745	0.002000
15.1520	-41.0000	4074.0000	4115.0000	0.1560	0.002000
15.1540	-41.0000	4074.0000	4115.0000	0.1743	0.002000
15.1560	-41.0000	4074.0000	4115.0000	0.1926	0.002000
15.1580	-41.0000	4074.0000	4115.0000	0.1745	0.002000
15.1600	-41.0000	4074.0000	4115.0000	0.1560	0.002000
15.1620	-41.0000	4074.0000	4115.0000	0.1743	0.002000
15.1640	-41.0000	4074.0000	4115.0000	0.1926	0.002000
15.1660	-41.0000	4074.0000	4115.0000	0.1745	0.002000
15.1680	-41.0000	4074.0000	4115.0000	0.1560	0.002000
15.1700	-41.0000	4074.0000	4115.0000	0.1743	0.002000
15.1720	-41.0000	4074.0000	4115.0000	0.1926	0.002000
15.1740	-41.0000	4074.0000	4115.0000	0.1745	0.002000
15.1760	-41.0000	4074.0000	4115.0000	0.1560	0.002000
15.1780	-41.0000	4074.0000	4115.0000	0.1743	0.002000
15.1800	-41.0000	4074.0000	4115.0000	0.1926	0.002000
15.1820	-41.0000	4074.0000	4115.0000	0.1745	0.002000
15.1840	-41.0000	4074.0000	4115.0000	0.1560	0.002000
15.1860	-41.0000	4074.0000	4115.0000	0.1743	0.002000
15.1880	-41.0000	4074.0000	4115.0000	0.1926	0.002000
15.1900	-41.0000	4074.0000	4115.0000	0.1745	0.002000
15.1920	-41.0000	4074.0000	4115.0000	0.1560	0.002000
15.1940	-41.0000	4074.0000	4115.0000	0.1743	0.002000
15.1960	-41.0000	4074.0000	4115.0000	0.1926	0.002000
15.1980	-41.0000	4074.0000	4115.0000	0.1745	0.002000
15.2000	-41.0000	4074.0000	4115.0000	0.1560	0.002000
15.2020	-41.0000	4074.0000	4115.0000	0.1743	0.002000
15.2040	-41.0000	4074.0000	4115.0000	0.1926	0.002000
15.2060	-41.0000	4074.0000	4115.0000	0.1745	0.002000
15.2080	-41.0000	4074.0000	4115.0000	0.1560	0.002000
15.2100	-41.0000	4074.0000	4115.0000	0.1743	0.002000
15.2120	-41.0000	4074.0000	4115.0000	0.1926	0.002000
15.2140	-41.0000	4074.0000	4115.0000	0.1745	0.002000
15.2160	-41.0000	4074.0000	4115.0000	0.1560	0.002000
15.2180	-41.0000	4074.0000	4115.0000	0.1743	0.002000
15.2200	-41.0000	4074.0000	4115.0000	0.1926	0.002000
15.2220	-41.0000	4074.0000	4115.0000	0.1745	0.002000
15.2240	-41.0000	4074.0000	4115.0000	0.1560	0.002000
15.2260	-41.0000	4074.0000	4115.0000	0.1743	0.002000
15.2280	-41.0000	4074.0000	4115.0000	0.1926	0.002000
15.2300	-41.0000	4074.0000	4115.0000	0.1745	0.002000
15.2320	-41.0000	4074.0000	4115.0000	0.1560	0.002000
15.2340	-41.0000	4074.0000	4115.0000	0.1743	0.002000
15.2360	-41.0000	4074.0000	4115.0000	0.1926	0.002000
15.2380	-41.0000	4074.0000	4115.0000	0.1745	0.002000
15.2400	-41.0000	4074.0000	4115.0000	0.1560	0.002000
15.2420	-41.0000	4074.0000	4115.0000	0.1743	0.002000
15.2440	-41.0000	4074.0000	4115.0000	0.1926	0.002000
15.2460	-41.0000	4074.0000	4115.0000	0.1745	0.002000
15.2480	-41.0000	4074.0000	4115.0000	0.1560	0.002000
15.2500	-41.0000	4074.0000	4115.0000	0.1743	0.002000
15.2520	-41.0000	4074.0000	4115.0000	0.1926	0.002000
15.2540	-41.0000	4074.0000	4115.0000	0.1745	0.002000
15.2560	-41.0000	4074.0000	4115.0000	0.1560	0.002000
15.2580	-41.0000	4074.0000	4115.0000	0.1743	0.002000
15.2600	-41.0000	4074.0000	4115.0000	0.1926	0.002000
15.2620	-41.0000	4074.0000	4115.0000	0.1745	0.002000
15.2640	-41.0000	4074.0000	4115.0000	0.1560	0.002000
15.2660	-41.0000	4074.0000	4115.0000	0.1743	0.002000
15.2680	-41.0000	4074.0000	4115.0000	0.1926	0.002000
15.2700	-41.0000	4074.0000	4115.0000	0.1745	0.002000
15.2720	-41.0000	4074.0000	4115.0000	0.1560	0.002000
15.2740	-41.0000	4074.0000	4115.0000	0.1743	0.002000
15.2760	-41.0000	4074.0000	4115.0000	0.1926	0.002000
15.2780	-41.0000	4074.0000	4115.0000	0.1745	0.002000
15.2800	-41.0000	4074.0000	4115.0000	0.1560	0.002000
15.2820	-41.0000	4074.0000	4115.0000	0.1743	0.002000
15.2840	-41.0000	4074.0000	4115.0000	0.1926	0.002000
15.2860	-41.0000	4074.0000	4115.0000	0.1745	0.002000
15.2880	-41.0000	4074.0000	4115.0000	0.1560	0.002000
15.2900	-41.0000	4074.0000	4115.0000	0.1743	0.002000
15.2920	-41.0000	4074.0000	4115.0000	0.1926	0.002000
15.2940	-41.0000	4074.0000	4115.0000	0.1745	0.002000
15.2960	-41.0000	4074.0000	4115.0000	0.1560	0.002000
15.2980	-41.0000	4074.0000	4115.0000	0.1743	0.002000
15.3000	-41.0000	4074.0000	4115.0000	0.1926	0.002000
15.3020	-41.0000	4074.0000	4115.0000	0.1745	0.002000
15.3040	-41.0000	4074.0000	4115.0000	0.1560	0.002000
15.3060	-41.0000	4074.0000	4115.0000	0.1743	0.002000
15.3080	-41.0000	4074.0000	4115.0000	0.1926	0.002000
15.3100	-41.0000	4074.0000	4115.0000	0.1745	0.002000
15.3120	-41.0000	4074.0000	4115.0000	0.1560	0.002000
15.3140	-41.0000	4074.0000	4115.0000	0.1743	0.002000
15.3160	-41.0000	4074.0000	4115.0000	0.1926	0.002000
15.3180	-41.0000	4074.0000	4115.0000	0.1745	0.002000
15.3200	-41.0000	4074.0000	4115.0000	0.1560	0.002000
15.3220	-41.0000	4074.0000	4115.0000	0.1743	0.002000
15.3240	-41.0000	4074.0000	4115.0000	0.1926	0.002000
15.3260	-41.0000	4074.0000	4115.0000	0.1745	0.002000
15.3280	-41.0000	4074.0000	4115.0000	0.1560	0.002000
15.3300	-41.0000	4074.0000	4115.0000	0.1743	0.002000
15.3320	-41.0000	4074.0000	4115.0000	0.1926	0.002000
15.3340	-41.0000	4074.0000	4115.0000	0.1745	0.002000
15.3360	-41.0000	4074.0000	4115.0000	0.1560	0.002000
15.3380	-41.0000	4074.0000	4115.0000	0.1743	0.002000
15.3400	-41.0000	4074.0000	4115.0000	0.1926	0.002000
15.3420	-41.0000	4074.0000	4115.0000	0.1745	0.002000
15.3440	-41.0000	4074.0000	4115.0000	0.1560	0.002000
15.3460	-41.0000	4074.0000	4115.0000	0.1743	0.002000
15.3480	-41.0000	4074.0000	4115.0000	0.1926	0.002000
15.3500	-41.0000	4074.0000	4115.0000	0.1745	0.002000
15.3520	-41.0000	4074.0000	4115.0000	0.1560	0.002000
15.3540	-41.0000	4074.0000	4115.0000	0.1743	0.002000
15.3560	-41.0000	4074.0000	4115.0000	0.1926	0.002000
15.3580	-41.0000	4074.0000	4115.0000	0.1745	0.002000
15.3600	-41.0000	4074.0000	4115.0000	0.1560	0.002000
15.3620	-41.0000	4074.0000	4115.0000	0.1743	0.002000
15.3640	-41.0000	4074.0000	4115.0000	0.1926	0.002000
15.3660	-41.0000	4074.0000	4115.0000	0.1745	0.002000
15.3680	-41.0000	4074.0000	4115.0000	0.1560	0.002000
15.3700	-41.0000	4074.0000	4115.0000	0.1743	0.002000
15.3720	-41.0000	4074.0000	4115.0000	0.1926	0.002000
15.3740	-41.0000	4074.0000	4115.0000	0.1745	0.002000
15.3760	-41.0000	4074.0000	4115.0000	0.1560	0.002000
15.3780	-41.0000	4074.0000	4115.0000	0.1743	0.002000
15.3800	-41.0000	4074.0000	4115.0000	0.1926	0.002000
15.3820	-41.0000	4074.0000	4115.0000	0.1745	0.002000
15.3840	-41.0000	4074.0000	4115.0000	0.1560	0.002000
15.3860	-41.0000	4074.0000	4115.0000	0.1743	0.002000
15.3880	-41.0000	4074.0000	4115.0000	0.1926	0.002000
15.3900	-41.0000	4074.0000	4115.0000	0.1745	0.002000
15.3920	-41.0000	4074.0000	4115.0000	0.1560	0.002000
15.3940	-41.0000	4074.0000	4115.0000	0.1743	0.002000
15.3960	-41.0000	4074.0000	4115.0000	0.1926	0.002000
15.3980	-41.0000	4074.0000	4115.0000	0.1745	0.002000
15.4000	-41.0000	4074.0000	4115.0000	0.1560	0.002000
15.4020	-41.0000	4074.0000	4115.0000	0.1743	0.002000
15.4040	-41.0000	4074.0000	4115.0000	0.1926	0.002000
15.4060	-41.0000	4074.0000	4115.0000	0.1745	0.002000
15.4080	-41.0000	4074.0000	4115.0000	0.1560	0.002000
15.4100	-41.0000	4074.0000	4115.0000	0.1743	0.002000
15.4120	-41.0000	4074.0000	4115.0000	0.1926	0.002000
15.4140	-41.0000	4074.0000	4115.0000	0.1745	0.002000
15.4160	-41.0000	4074.0000	4115.0000	0.1560	0.002000
15.4180	-41.0000	4074.0000	4115.0000	0.1743	0.002000
15.4200	-41.0000	4074.0000	4115.0000	0.1926	0.002000
15.4220	-41.0000	4074.0000	4115.0000	0.1745	0.002000
15.4240	-41.0000	4074.0000	4115.0000	0.1560	0.002000
15.4260	-41.0000	4074.0000	4115.0000	0.1743	0.002000
15.4280	-41.0000	4074.0000	4115.0000	0.1926	0.002000
15.4300	-41.0000	4074.0000	4115.0000	0.1745	0.002000
15.4320	-41.0000	4074.0000	4115.0000	0.1560	0.002000
15.4340	-41.0000	4074.0000	4115.0000	0.1743	0.002000
15.4360	-41.0000	4074.0000	4115.0000	0.1926	0.002000
15.4380	-41.0000	4074.0000	4115.0000	0.1745	0.002000
15.4400	-41.0000	4074.0000	4115.0000	0.1560	0.002000
15.4420	-41.0000	4074.0000	4115.0000	0.1743	0.002000
15.4440	-41.0000	4074.0000	4115.0000	0.1926	0.002000
15.4460	-41.0000	4074.0000	4115.0000	0.1745	0.002000
15.4480	-41.0000	4074.0000	4115.0000	0.1560	0.002000
15.4500	-41.0000	4074.0000	4115.0000	0.1743	0.002000
15.4520	-41.0000	4074.0000	4115.0000	0.1926	0.002000
15.4540	-41.0000	4074.0000	4115.0000	0.1745	0.002000
15.4560	-41.0000	4074.0000	4115.0000	0.1560	0.002000
15.4580	-41.0000	4074.0000	4115.0000	0.1743	0.002000
15.4600	-41.0000	4074.0000	4115.0000	0.1926	0.002000
15.4620	-41.0000	4074.0000	4115.0000	0.1745	0.002000
15.4640	-41.0000	4074.0000	4115.0000	0.1560	0.002000
15.4660	-41.0000	4074.0000	4115.0000	0.1743	0.002000
15.4680	-41.0000	4074.0000	4115.0000	0.1926	0.002000
15.4700	-41.0000	4074.0000	4115.0000	0.1745	0.002000
15.4720	-41.0000	4074.0000	4115.0000	0.1560	0.002000
15.4740	-41.0000	4074.0000	4115.0000	0.1743	0.002000
15.4760	-41.0000	4074.0000	4115.0000	0.1926	0.002000
15.4780	-41.0000	4074.0000	4115.0000	0.1745	0.002000
15.4800	-41.0000	4074.0000	4115.0000	0.1560	0.002000
15.4820	-41.0000	4074.0000	4115.0000	0.1743	0.002000
15.4840	-41.0000	4074.0000	4115.0000	0.1926	0.002000
15.4860	-41.0000	4074.0000	4115.0000	0.1745	0.002000
15.4880	-41.0000	4074.0000	4115.0000	0.1560	0.002000
15.4900	-41.0000	4074.0000	4115.0000	0.1743	0.002000
15.4920	-41.0000	4074.0000	4115.0000	0.1926	0.002000
15.4940	-41.0000	4074.0000	4115.0000	0.1745	0.002000
15.4960	-41.0000	4074.0000	4115.0000	0.1560	0.002000
15.4980	-41.0000	4074.0000	4115.0000	0.1743	0.002000
15.5000	-41.0000	4074.0000	4115.0000	0.1926	0.002000
15.5020	-41.0000	4074.0000	4115.0000	0.1745	0.002000
15.5040	-41.0000	4074.0000	4115.0000	0.1560	0.002000
15.5060	-41.0000	4074.0000	4115.0000	0.1743	0.002000
15.5080	-41.0000	4074.0000	4115.0000	0.1926	0.002000
15.5100	-41.0000	4074.0000	4115.0000	0.1745	0.002000
15.5120	-41.0000	4074.0000	4115.0000	0.1560	0.002000
15.5140	-41.0000	4074.0000	4115.0000	0.1743	0.002000
15.5160	-41.0000	4074.0000	4115.0000	0.1926	0.002000
15.5180	-41.0000	4074.0000	4115.0000	0.1745	0.002000
15.5200	-41.0000	4074.0000	4115.0000	0.1560	0.002000
15.5220	-41.0000	4074.0000	4115.0000	0.1743	0.002000
15.5240	-41.0000	4074.0000	4115.0000	0.1926	0.002000
15.5260	-41.0000	4074.0000	4115.0000	0.1745	0.002000
15.5280	-41.0000	4074.0000	4115.0000	0.1560	0.002000
15.5300	-41.0000	4074.0000	4115.0000	0.1743	0.002000
15.5320	-41.0000	4074.0000	4115.0000	0.1926	0.002000
15.5340	-41.0000	4074.0000	4115.0000	0.1745	0.002000
15.5360	-41.0000	4074.0000	4115.0000	0.1560	0.002000
15.5380	-41.0000	4074.0000	4115.0000	0.1743	0.002000
15.5400	-41.0000	4074.0000	4115.0000	0.1926	0.002000
15.5420	-41.0000	4074.0000	4115.0000	0.1745	0.002000
15.5440	-41.0000	4074.0000	4115.0000	0.1560	0.002000
15.5460	-41.0000	4074.0000	4115.0000	0.1743	0.002000
15.5480	-41.0000	4074.0000	4115.0000	0.1926	0.002000
15.5500	-41.0000	4074.0000	4115.0000	0.1745	0.002000
15.5520	-41.0000	4074.0000	4115.0000	0.1560	0.002000
15.5540	-41.0000	4074.0000	4115.0000	0.1743	0.002000
15.5560	-41.0000	4074.0000	4115.0000	0.1926	0.002000
15.5580	-41.0000	4074.0000	4115.0000	0.1745	0.002000
15.5600	-41.0000	4074.0000	4115.0000	0.1560	0.002000
15.5620	-41.0000	4074.0000	4115.0000	0.1743	0.002000
15.5640	-41.0000	4074.0000	4115.0000	0.1926	0.002000
15.5660	-41.0000	4074.0000	4115.0000	0.1745	0.002000
15.5680	-41.0000	4074.0000	4115.0000	0.1560	0.002000
15.5700	-41.0000	4074.0000	4115.0000	0.1743	0.002000
15.5720	-41.0000	4074.0000	4115.0000	0.1926	0.002000
15.5740	-41.0000	4074.0000	4115.0000	0.1745	0.002000
15.5760	-41.0000	4074.0000	4115.0000	0.1560	0.002000
15.5780	-41.0000	4074.0000	4115.0000	0.1743	0.002000
15.5800	-41.0000	4074.0000	4115.0000	0.1926	0.002000
15.5820	-41.0000	4074.0000	4115.0000	0.1745	0.002000
15.5840	-41.0000	4074.0000	4115.0000	0.1560	0.002000
15.5860	-41.0000	4074.0000	4115.0000	0.1743	0.002000
15.5880	-41.0000	4074.0000	4115.0000	0.1926	0.002000
15.5900	-41.0000	4074.0000	4115.0000	0.1745	0.002000
15.5920	-41.0000	4074.0000	4115.0000	0.1560	0.002000
15.5940	-41.0000	4074.0000	4115.0000	0.1743	0.002000
15.5960	-41.0000	4074.0000	4115.0000	0.1926	0.002000
15.5980	-41.0000	4074.0000	4115.0000	0.1745	0.002000
15.6000	-41.0000	4074.0000	4115.0000	0.1560	0.002000
15.6020	-41.0000	4074.0000	4115.0000	0.1743	0.002000
15.6040	-41.0000	4074.0000	4115.0000	0.1926	0.002000
15.6060	-41.0000	4074.0000	4115.0000	0.1745	0.002000
15.6080	-41.0000	4074.0000	4115.0000	0.1560	0.002000
15.6100	-41.0000	4074.0000	4115.0000	0.1743	0.002000
15.6120	-41.0000	4074.0000	4115.0000	0.1926	0.002000
15.6140	-41.0000	4074.0000	4115.0000	0.1745	0.002000
15.6160	-41.0000	4074.0000	4115.0000	0.1560	0.002000
15.6180	-41.0000	4074.0000	4115.0000	0.1743	0.002000
15.6200	-41.0000	4074.0000	4115.0000	0.1926	0.002000
15.6220	-41.0000	4074.0000	4115.0000	0.1745	0.002000
15.6240	-41.0000	4074.0000	4115.0000	0.1560	0.002000
15.6260	-41.0000	4074.0000	4115.0000	0.1743	0.002000
15.6280	-41.0000	4074.0000	4115.0000	0.1926	0.002000
15.6300	-41.0000	4074.0000	4115.0000	0.1745	0.002000
15.6320	-41.0000	4074.0000	4115.0000	0.1560	0.002000
15.6340	-41.0000	4074.0000	4115.0000	0.1743	0.002000
15.6360	-41.0000	4074.0000	4115.0000	0.1926	0.002000
15.6380	-41.0000	4074.0000	4115.0000	0.1745	0.002000
15.6400	-41.0000	4074.0000	4115.0000	0.1560	0.002000
15.6420	-41.0000	4074.0000	4115.0000	0.1743	0.002000
15.6440	-41.0000	4074.0000	4115.0000	0.1926	0.002000
15.6460	-41.0000	4074.0000	4115.0000	0.1745	0.002000
15.6480	-41.0000	4074.0000	4115.0000	0.1560	0.002000
15.6500	-41.0000	4074.0000	4115.0000	0.1743	0.002000
15.6520	-41.0000	4074.0000	4115.0000	0.1926	0.002000
15.6540	-41.0000	4074.0000	4115.0000	0.1745	0.002000
15.6560	-41.0000	4074.0000	4115.0000	0.1560	0.002000
15.6580	-41.0000	4074.0000	4115.0000	0.1743	0.002000
15.6600	-41.0000	4074.0000	4115.0000	0.1926	0.002000
15.6620	-41.0000	4074.0000	4115.0000	0.1745	0.002000
15.6640	-41.0000	4074.0000	4115.0000	0.1560	0.002000
15.6660	-41.0000	4074.0000	4115.0000	0.1743	0.002000
15.6680	-41.0000	4074.0000	4115.0000	0.1926	0.002000
15.6700	-41.0000	4074.0000	4115.0000	0.1745	0.002000
15.6720	-41.0000	4074.0000	4115.0000	0.1560	0.002000
15.6740	-41.0000	4074.0000	4115.0000	0.1743	0.002000
15.6760	-41.0000	4074.0000	4115.0000	0.1926	0.002000
15.6780	-41.0000	4074.0000	4115.0000	0.1745	0.002000
15.6800	-41.0000	4074.0000	4115.0000	0.1560	0.002000
15.6820	-41.0000	4074.0000	4115.0000	0.1743	0.002000
15.6840	-41.0000	4074.0000	4115.0000	0.1926	0.002000
15.6860	-41.0000	4074.0000	4115.0000	0.1745	0.002000
15.6880	-41.0000	4074.0000	4115.0000	0.1560	0.002000
15.6900	-41.0000	4074.0000	4115.0000	0.1743	0.002000
15.6920	-41.0000	4074.0000	4115.0000	0.1926	0.002000
15.6940	-41.0000	4074.0000	4115.0000	0.1745	0.002000
15.6960	-41.0000	4074.0000	4115.0000	0.1560	0.002000
15.6980	-41.0000	4074.0000	4115.0000	0.1743	0.002000
15.7000	-41.0000	4074.0000	4115.0000	0.1926	0.002000
15.7020	-41.0000	4074.0000	4115.0000	0.1745	0.002000
15.7040	-41.0000	4074.0000	4115.0000	0.1560	0.002000
15.7060	-41.0000	4074.0000	4115.0000	0.1743	0.002000
15.7080	-41.0000	4074.0000	4115.0000	0.1926	0.002000
15.7100	-41.0000	4074.0000	4115.0000	0.1745	0.002000
15.7120	-41.0000	4074.0000	4115.0000	0.1560	0.002000
15.7140	-41.0000	4074.0000	4115.0000	0.1743	0.002000
15.7160	-41.0000	4074.0000	4115.0000	0.1926	0.002000
15.7180	-41.0000	4074.0000	4115.0000	0.1745	0.002000
15.7200	-41.0000	4074.0000	4115.0000	0.1560	0.002000
15.7220	-41.0000	4074.0000	4115.0000	0.1743	0.002000
15.7240	-41.0000	4074.0000	4115.0000	0.1926	0.002000
15.7260	-41.0000	4074.0000	4115.0000	0.1745	0.002000
15.7280	-41.0000	4074.0000	4115.0000	0.1560	0.002000
15.7300	-41.0000	4074.0000	4115.0000	0.1743	0.002000
15.7320	-41.0000	4074.0000	4115.0000	0.1926	0.002000
15.7340	-41.0000	4074.0000	4115.0000	0.1745	0.002000
15.7360	-41.0000	4074.0000	4115.0000	0.1560	0.002000
15.7380	-41.0000	4074.0000	4115.0000	0.1743	0.002000
15.7400	-41.0000	4074.0000	4115.0000	0.1926	0.002000
15.7420	-41.0000	4074.0000	4115.0000	0.1745	0.002000
15.7440	-41.0000	4074.0000	4115.0000	0.1560	0.002000
15.7460	-41.0000	4074.0000	4115.0000	0.1743	0.002000
15.7480	-41.0000	4074.0000	4115.0000	0.1926	0.002000
15.7500	-41.0000	4074.0000	4115.0000	0.1745	0.002000
15.7520	-41.0000	4074.0000	4115.0000	0.1560	0.002000
15.7540	-41.0000	4074.0000	4115.0000	0.1743	0.002000
15.7560	-41.0000	4074.0000	4115.0000	0.1926	0.002000
15.7580	-41.0000	4074.0000	4115.0000	0.1745	0.002000
15.7600	-41.0000	4074.0000	4115.0000	0.1560	0.002000
15.7620	-41.0000	4074.0000	4115.0000	0.1743	0.002000
15.7640	-41.0000	4074.0000	4115.0000	0.1926	0.002000
15.7660	-41.0000	4074.0000	4115.0000	0.1745	0.002000
15.7680	-41.0000	4074.0000	4115.0000	0.1560	0.002000
15.7700	-41.0000	4074.0000	4115.0000	0.1743	0.002000
15.7720	-41.0000	4074.0000	4115.0000	0.1926	0.002000
15.7740	-41.0000	4074.0000	4115.0000	0.1745	0.002000
15.7760	-41.0000	4074.0000	4115.0000	0.1560	0.002000
15.7780	-41.0000	4074.0000	4115.0000	0.1743	0.002000
15.7800	-41.0000	4074.0000	4115.0000	0.1926	0.002000
15.7820	-41.0000	4074.0000	4115.0000	0.1745	0.002000
15.7840	-41.0000	4074.0000	4115.0000	0.1560	0.002000
15.7860	-41.0000	4074.0000	4115.0000	0.1743	0.002000
15.7880	-41.0000	4074.0000	4115.0000	0.1926	0.002000
15.7900	-41.0000	4074.0000	4115.0000	0.1745	0.002000
15.7920	-41.0000	4074.0000	4115.0000	0.1560	0.002000
15.7940	-41.0000	4074.0000	4115.0000	0.1743	0.002000
15.7960	-41.0000	4074.0000	4115.0000	0.1926	0.002000
15.7980	-41.0000	4074.0000	4115.0000	0.1745	0.002000
15.8000	-41.0000	4074.0000	4115.0000	0.1560	0.002000
15.8020	-41.0000	4074.0000	4115.0000	0.1743	0.002000
15.8040	-41.0000	4074.0000	4115.0000	0.1926	0.002000
15.8060	-41.0000	4074.0000	4115.0000	0.1745	0.002000
15.8080	-41.0000	4074.0000	4115.0000	0.1560	0.002000
15.8100	-41.0000	4074.0000	4115.0000	0.1743	0.002000
15.8120	-41.0000	4074.0000	4115.0000	0.1926	0.002000
15.8140	-41.0000	4074.0000	4115.0000	0.1745	0.002000
15.8160	-41.0000	4074.0000	4115.0000	0.1560	0.002000
15.8180	-41.0000	4074.0000	4115.0000	0.1743	0.002000
15.8200	-41.0000	4074.0000	4115.0000	0.1926	0.002000
15.8220	-41.0000	4074.0000	4115.0000	0.1745	0.002000
15.8240	-41.0000	4074.0000	4115.0000	0.1560	0.002000
15.8260	-41.0000	4074.0000	4115.0000	0.1743	0.002000
15.8280	-41.0000	4074.0000	4115.0000	0.1926	0.002000
15.8300	-41.0000	4074.0000	4115.0000	0.1745	0.002000
15.8320	-41.0000	4074.0000	4115.0000	0.1560	0.002000
15.8340	-41.0000	4074.0000	4115.0000	0.1743	0.002000
15.8360	-41.0000	4074.0000	4115.0000	0.1926	0.002000
15.8380	-41.0000	4074.0000	4115.0000	0.1745	0.002000
15.8400	-41.0000	4074.0000	4115.0000	0.1560	0.002000
15.8420	-41.0000	4074.0000	4115.0000	0.1743	0.002000
15.8440	-41.0000	4074.0000	4115.0000	0.1926	0.002000
15.8460	-41.0000	4074.0000	4115.0000	0.1745	0.002000
15.8480	-41.0000	4074.0000	4115.0000	0.1560	0.002000
15.8500	-41.0000	4074.0000	4115.0000	0.1743	0.002000
15.8520	-41.0000	4074.0000	4115.0000	0.1926	0.002000
15.8540	-41.0000	4074.0000	4115.0000	0.1745	0.002000
15.8560	-41.0000	4074.0000	4115.0000	0.1560	0.002000
15.8580	-41.0000	4074.0000	4115.0000	0.1743	0.002000
15.8600	-41.0000	4074.0000	4115.0000	0.1926	0.002000
15.8620	-41.0000	4074.0000	4115.0000	0.1745	0.002000
15.8640	-41.0000	4074.0000	4115.0000	0.1560	0.002000
15.8660	-41.0000	4074.0000	4115.0000	0.1743	0.002000
15.8680	-41.0000	4074.0000	4115.0000	0.1926	0.002000
15.8700	-41.0000	4074.0000	4115.0000	0.1745	0.002000
15.8720	-41.0000	4074.0000	4115.0000	0.1560	0.002000
15.8740	-41.0000	4074.0000	4115.0000	0.1743	0.002000
15.8760	-41.0000	4074.0000	4115.0000	0.1926	0.002000
15.8780	-41.0000	4074.0000	4115.0000	0.1745	0.002000
15.8800	-41.0000	4074.0000	4115.0000	0.1560	0.002000
15.8820	-41.0000	4074.0000	4115.0000	0.1743	0.002000
15.8840	-41.0000	4074.0000	4115.0000	0.1926	0.002000
15.8860	-41.0000	4074.0000	4115.0000	0.1745	0.002000
15.8880	-41.0000	4074.0000	4115.0000	0.1560	0.002000
15.8900	-41.0000	4074.0000	4115.0000	0.1743	0.002000
15.8920	-41.0000	4074.0000	4115.0000	0.1926	0.002000
15.8940	-41.0000	4074.0000	4115.0000	0.1745	0.002000
15.8960	-41.0000	4074.0000	4115.0000	0.1560	0.002000
15.8980	-41.0000	4074.0000	4115.0000	0.1743	0.002000
15.9000	-41.0000	4074.0000	4115.0000	0.1926	0.002000
15.9020	-41.0000	4074.0000	4115.0000	0.1745	0.002000
15.9040	-41.0000	4074.0000	4115.0000	0.1560	0.002000
15.9060	-41.0000	4074.0000	4115.0000	0.1743	0.002000
15.9080	-41.0000	4074.0000	4115.0000	0.1926	0.002000
15.9100	-41.0000	4074.0000	4115.0000	0.1745	0.002000
15.9120	-41.0000	4074.0000	4115.0000	0.1560	0.002000
15.9140	-41.0000	4074.0000	4115.0000	0.1743	0.002000
15.9160	-41.0000	4074.0000	4115.0000	0.1926	0.002000
15.9180	-41.0000	4074.0000	4115.0000	0.1745	0.002000
15.9200	-41.0000	4074.0000	4115.0000	0.1560	0.002000
15.9220	-41.0000	4074.0000	4115.0000	0.1743	0.002000
15.9240	-41.0000	4074.0000	4115.0000	0.1926	0.002000
15.9260	-41.0000	4074.0000	4115.0000	0.1745	0.002000
15.9280	-41.0000	4074.0000	4115.0000	0.1560	0.002000
15.9300	-41.0000	4074.0000	4115.0000	0.1743	0.002000
15.9320	-41.0000	4074.0000	4115.0000	0.1926	0.002000
15.9340	-41.0000	4074.0000	4115.0000	0.1745	0.002000
15.9360	-41.0000	4074.0000	4115.0000	0.1560	0.002000
15.9380	-41.0000	4074.0000	4115.0000	0.1743	0.002000
15.9400	-41.0000	4074.0000	4115.0000	0.1926	0.002000
15.9420	-41.0000	4074.0000	4115.0000	0.1745	0.002000
15.9440	-41.0000	4074.0000	4115.0000	0.1560	0.002000
15.9460	-41.0000	4074.0000	4115.0000	0.1743	0.002000
15.9480	-41.0000	4074.0000	4115.0000	0.1926	0.002000
15.9500	-41.0000	4074.0000	4115.0000	0.1745	0.002000
15.9520	-41.0000	4074.0000	4115.0000	0.1560	0.002000
15.9540	-41.0000	4074.0000	4115.0000	0.1743	0.002000
15.9560	-41.0000	4074.0000	4115.0000	0.1926	0.002000
15.9580	-41.0000	4074.0000	4115.0000	0.1745	0.002000
15.9600	-41.0000	4074.0000	4115.0000	0.1560	0.002000
15.9620	-41.0000	4074.0000	4115.0000	0.1743	0.002000
15.9640	-41.0000	4074.0000	4115.0000	0.1926	0.002000
15.9660	-41.0000	4074.0000	4115.0000	0.1745	0.002000
15.9680	-41.0000	4074.0000	4115.0000	0.1560	0.002000
15.9700	-41.0000	4074.0000	4115.0000	0.1743	0.002000
15.9720	-41.0000	4074.0000	4115.0000	0.1926	0.002000
15.9740	-41.0000	4074.0000	4115.0000	0.1745	0.002000
15.9760	-41.0000	4074.0000	4115.0000	0.1560	0.002000
15.9780	-41.0000	4074.0000	4115.0000	0.1743	0.002000
15.9800	-41.0000	4074.0000	4115.0000	0.1926	0.002000
15.9820	-41.0000	4074.0000	4115.0000	0.1745	0.002000
15.9840	-41.0000	4074.0000	4115.0000	0.1560	0.002000
15.9860	-41.0000	4074.0000	4115.0000	0.1743	0.002000
15.9880	-41.0000	4074.0000	4115.0000	0.1926	0.002000
15.9900	-41.0000	4074.0000	4115.0000	0.1745	0.002000
15.9920	-41.0000	4074.0000	4115.0000	0.1560	0.002000
15.9940	-41.0000	4074.0000	4115.0000	0.1743	0.002000
15.9960	-41.0000	4074.0000	4115.0000	0.1926	0.002000
15.9980	-41.0000	4074.0000	4115.0000	0.1745	0.002000
16.0000	-41.0000	4074.0000	4115.0000	0.1560	0.002000
16.0020	-41.0000	4074.0000	4115.0000	0.1743	0.002000
16.0040	-41.0000	4074.0000	4115.0000	0.1926	0.002000
16.0060	-41.0000	4074.0000	4115.0000	0.1745	0.002000
16.0080	-41.0000	4074.0000	4115.0000	0.1560	0.002000
16.0100	-41.0000	4074.0000	4115.0000	0.1743	0.002000
16.0120	-41.0000	4074.0000	4115.0000	0.1926	0.002000
16.0140	-41.0000	4074.0000	4115.0000	0.1745	0.002000
16.0160	-41.0000	4074.0000	4115.0000	0.1560	0.002000
16.0180	-41.0000	4074.0000	4115.0000	0.1743	0.002000
16.0200	-41.0000	4074.0000	4115.0000	0.1926	0.002000
16.0220	-41.0000	4074.0000	4115.0000	0.1745	0.002000
16.0240	-41.0000	4074.0000	4115.0000	0.1560	0.002000
16.0260	-41.0000	4074.0000	4115.0000	0.1743	0.002000
16.0280	-41.0000	4074.0000	4115.0000	0.1926	0.002000
16.0300	-41.0000	4074.0000	4115.0000	0.1745	0.002000
16.0320	-41.0000	4074.0000	4115.0000	0.1560	0.002000
16.0340	-41.0000	4074.0000	4115.0000	0.1743	0.002000
16.0360	-41.0000	4074.0000	4115.0000	0.1926	0.002000
16.0380	-41.0000	4074.0000	4115.0000	0.1745	0.002000
16.0400	-41.0000	4074.0000	4115.0000	0.1560	0.002000
16.0420	-41.0000	4074.0000	4115.0000	0.1743	0.002000
16.0440	-41.0000	4074.0000	4115.0000	0.1926	0.002000
16.0460	-41.0000	4074.0000	4115.0000	0.1745	0.002000
16.0480	-41.0000	4074.0000	4115.0000	0.1560	0.002000
16.0500	-41.0000	4074.0000	4115.0000	0.1743	0.002000
16.0520	-41.0000	4074.0000	4115.0000	0.1926	0.002000
16.0540	-41.0000	4074.0000	4115.0000	0.1745	0.002000
16.0560	-41.0000	4074.0000	4115.0000	0.1560	0.002000
16.0580	-41.0000	4074.0000	4115.0000	0.1743	0.002000
16.0600	-41.0000	4074.0000	4115.0000	0.1926	0.002000
16.0620	-41.0000	4074.0000	4115.0000	0.1745	0.002000
16.0640	-41.0000	4074.0000	4115.0000	0.1560	0.002000
16.0660	-41.0000	4074.0000	4115.0000	0.1743	0.002000
16.0680	-41.0000	4074.0000	4115.0000	0.1926	0.002000
16.0700	-41.0000	4074.0000	4115.0000	0.1745	0.002000
16.0720	-41.0000	4074.0000	4115.0000	0.1560	0.002000
16.0740	-41.0000	4074.0000	4115.0000	0.1743	0.002000
16.0760	-41.0000	4074.0000	4115.0000	0.1926	0.002000
16.0780	-41.0000	4074.0000	4115.0000	0.1745	0.002000
16.0800	-41.0000	4074.0000	4115.0000	0.1560	0.002000
16.0820	-41.0000	4074.0000	4115.0000	0.1743	0.002000
16.0840	-41.0000	4074.0000	4115.0000	0.1926	0.002000
16.0860	-41.0000	4074.0000	4115.0000	0.1745	0.002000
16.0880	-41.0000	4074.0000	4115.0000	0.1560	0.002000
16.0900	-41.0000	4074.0000	4115.0000	0.1743	0.002000
16.0920	-41.0000	4074.0000	4115.0000	0.1926	0.002000
16.0940	-41.0000	4074.0000	4115.0000	0.1745	0.002000
16.0960	-41.0000	4074.0000	4115.0000	0.1560	0.002000
16.0980	-41.0000	4074.0000	4115.0000	0.1743	0.002000
16.1000	-41.0000	4074.0000	4115.0000	0.1926	0.002000
16.1020	-41.0000	4074.0000	4115.0000	0.1745	0.002000
16.1040	-41.0000	4074.0000	4115.0000	0.1560	0.002000
16.1060	-41.0000	4074.0000	4115.0000	0.1743	0.002000
16.1080	-41.0000	4074.0000	4115.0000	0.1926	0.002000
16.1100	-41.0000	4074.0000	4115.0000	0.1745	0.002000
16.1120	-41.0000	4074.0000	4115.0000	0.1560	0.002000
16.1140	-41.0000	4074.0000	4115.0000	0.1743	0.002000
16.1160	-41.0000	4074.0000	4115.0000	0.1926	0.002000
16.1180	-41.0000	4074.0000	4115.0000	0.1745	0.002000
16.1200	-41.0000	4074.0000	4115.0000	0.1560	0.002000
16.1220	-41.0000	4074.0000	4115.0000	0.1743	0.002000
16.1240	-41.0000	4074.0000	4115.0000	0.1926	0.002000
16.1260	-41.0000	4074.0000	4115.0000	0.1745	0.002000
16.1280	-41.0000	4074.0000	4115.0000	0.1560	0.002000
16.1300	-41.0000	4074.0000	4115.0000	0.1743	0.002000
16.1320	-41.0000	4074.0000	4115.0000	0.1926	0.002000
16.1340	-41.0000	4074.0000	4115.0000	0.1745	0.002000
16.1360	-41.0000	4074.0000	4115.0000	0.1560	0.002000
16.1380	-41.0000	4074.0000	4115.0000	0.1743	0.002000
16.1400	-41.0000	4074.0000	4115.0000	0.1926	0.002000
16.1420	-41.0000	4074.0000	4115.0000	0.1745	0.002000
16.1440	-41.0000	4074.0000	4115.0000	0.1560	0.002000
16.1460	-41.0000	4074.0000	4115.0000	0.1743	0.002000
16.1480	-41.0000	4074.0000	4115.0000	0.1926	0.002000
16.1500	-41.0000	4074.0000	4115.0000	0.1745	0.002000
16.1520	-41.0000	4074.0000	4115.0000	0.1560	0.002000
16.1540	-41.0000	4074.0000	4115.0000	0.1743	0.002000
16.1560	-41.0000	4074.0000	4115.0000	0.1926	0.002000
16.1580	-41.0000	4074.0000	4115.0000	0.1745	0.002000
16.1600	-41.0000	4074.0000	4115.0000	0.1560	0.002000
16.1620	-41.0000	4074.0000	4115.0000	0.1743	0.002000
16.1640	-41.0000	4074.0000	4115.0000	0.1926	0.002000
16.1660	-41.0000	4074.0000	4115.0000	0.1745	0.002000
16.1680	-41.0000	4074.0000	4115.0000	0.1560	0.002000
16.1700	-41.0000	4074.0000	4115.0000	0.1743	0.002000
16.1720	-41.0000	4074.0000	4115.0000	0.1926	0.002000
16.1740	-41.0000	4074.0000	4115.0000	0.1745	0.002000
16.1760	-41.0000	4074.0000	4115.0000	0.1560	0.002000
16.1780	-41.0000	4074.0000	4115.0000	0.1743	0.002000
16.1800	-41.0000	4074.0000	4115.0000	0.1926	0.002000
16.1820	-41.0000	4074.0000	4115.0000	0.1745	0.002000
16.1840	-41.0000	4074.0000	4115.0000	0.1560	0.002000
16.1860	-41.0000	4074.0000	4115.0000	0.1743	0.002000
16.1880	-41.0000	4074.0000	4115.0000	0.1926	0.002000
16.1900	-41.0000	4074.0000	4115.0000	0.1745	0.002000
16.1920	-41.0000	4074.0000	4115.0000	0.1560	0.002000
16.1940	-41.0000	4074.0000	4115.0000	0.1743	0.002000
16.1960	-41.0000	4074.0000	4115.0000	0.1926	0.002000
16.1980	-41.0000	4074.0000	4115.0000	0.1745	0.002000
16.2000	-41.0000	4074.0000	4115.0000	0.1560	0.002000
16.2020	-41.0000	4074.0000	4115.0000	0.1743	0.002000
16.2040	-41.0000	4074.0000	4115.0000	0.1926	0.002000
16.2060	-41.0000	4074.0000	4115.0000	0.1745	0.002000
16.2080	-41.0000	4074.0000	4115.0000	0.1560	0.002000
16.2100	-41.0000	4074.0000	4115.0000	0.1743	0.002000
16.2120	-41.0000	4074.0000	4115.0000	0.1926	0.002000
16.2140	-41.0000	4074.0000	4115.0000	0.1745	0.002000
16.2160	-41.0000	4074.0000	4115.0000	0.1560	0.002000
16.2180	-41.0000	4074.0000	4115.0000	0.1743	0.002000
16.2200	-41.0000	4074.0000	4115.0000	0.1926	0.002000
16.2220	-41.0000	4074.0000	4115.0000	0.1745	0.002000
16.2240	-41.0000	4074.0000	4115.0000	0.1560	0.002000
16.2260	-41.0000	4074.0000	4115.0000	0.1743	0.002000
16.2280	-41.0000	4074.0000	4115.0000	0.1926	0.002000
16.2300	-41.0000	4074.0000	4115.0000	0.1745	0.002000
16.2320	-41.0000	4074.0000	4115.0000	0.1560	0.002000
16.2340	-41.0000	4074.0000	4115.0000	0.1743	0.002000
16.2360	-41.0000	4074.0000	4115.0000	0.1926	0.002000
16.2380	-41.0000	4074.0000	4115.0000	0.1745	0.002000
16.2400	-41.0000	4074.0000	4115.0000	0.1560	0.002000
16.2420	-41.0000	4074.0000	4115.0000	0.1743	0.002000
16.2440	-41.0000	4074.0000	4115.0000	0.1926	0.002000
16.2460	-41.0000	4074.0000	4115.0000	0.1745	0.002000
16.2480	-41.0000	4074.0000	4115.0000	0.1560	0.002000
16.2500	-41.0000	4074.0000	4115.0000	0.1743	0.002000
16.2520	-41.0000	4074.0000	4115.0000	0.1926	0.002000
16.2540	-41.0000	4074.0000	4115.0000	0.1745	0.002000
16.2560	-41.0000	4074.0000	4115.0000	0.1560	0.002000
16.2580	-41.0000	4074.0000	4115.0000	0.1743	0.002000
16.2600	-41.0000	4074.0000	4115.0000	0.1926	0.002000
16.2620	-41.0000	4074.0000	4115.0000	0.1745	0.002000
16.2640	-41.0000	4074.0000	4115.0000	0.1560	0.002000
16.2660	-41.0000	4074.0000	4115.0000	0.1743	0.002000
16.2680	-41.0000	4074.0000	4115.0000	0.1926	0.002000
16.2700	-41.0000	4074.0000	4115.0000	0.1745	0.002000
16.2720	-41.0000	4074.0000	4115.0000	0.1560	0.002000
16.2740	-41.0000	4074.0000	4115.0000	0.1743	0.002000
16.2760	-41.0000	4074.0000	4115.0000	0.1926	0.002000
16.2780	-41.0000	4074.0000	4115.0000	0.1745	0.002000
16.2800	-41.0000	4074.0000	4115.0000	0.1560	0.002000
16.2820	-41.0000	4074.0000	4115.0000	0.1743	0.002000
16.2840	-41.0000	4074.0000	4115.0000	0.1926	0.002000
16.2860	-41.0000	4074.0000	4115.0000	0.1745	0.002000
16.2880	-41.0000	4074.0000	4115.0000	0.1560	0.002000
16.2900	-41.0000	4074.0000	4115.0000	0.1743	0.002000
16.2920	-41.0000	4074.0000	4115.0000	0.1926	0.002000
16.2940	-41.0000	4074.0000	4115.0000	0.1745	0.002000
16.2960	-41.0000	4074.0000	4115.0000	0.1560	0.002000
16.2980	-41.0000	4074.0000	4115.0000	0.1743	0.002000
16.3000	-41.0000	4074.0000	4115.0000	0.1926	0.002000
16.3020	-41.0000	4074.0000	4115.0000	0.1745	0.002000
16.3040	-41.0000	4074.0000	4115.0000	0.1560	0.002000
16.3060	-41.0000	4074.0000	4115.0000	0.1743	0.002000
16.3080	-41.0000	4074.0000	4115.0000	0.1926	0.002000
16.3100	-41.0000	4074.0000	4115.0000	0.1745	0.002000
16.3120	-41.0000	4074.0000	4115.0000	0.1560	0.002000
16.3140	-41.0000	4074.0000	4115.0000	0.1743	0.002000
16.3160	-41.0000	4074.0000	4115.0000	0.1926	0.002000
16.3180	-41.0000	4074.0000	4115.0000	0.1745	0.002000
16.3200	-41.0000	4074.0000	4115.0000	0.1560	0.002000
16.3220	-41.0000	4074.0000	4115.0000	0.1743	0.002000
16.3240	-41.0000	4074.0000	4115.0000	0.1926	0.002000
16.3260	-41.0000	4074.0000	4115.0000	0.1745	0.002000
16.3280	-41.0000	4074.0000	4115.0000	0.1560	0.002000
16.3300	-41.0000	4074.0000	4115.0000	0.1743	0.002000
16.3320	-41.0000	4074.0000	4115.0000	0.1926	0.002000
16.3340	-41.0000	4074.0000	4115.0000	0.1745	0.002000
16.3360	-41.0000	4074.0000	4115.0000	0.1560	0.002000
16.3380	-41.0000	4074.0000	4115.0000	0.1743	0.002000
16.3400	-41.0000	4074.0000	4115.0000	0.1926	0.002000
16.3420	-41.0000	4074.0000	4115.0000	0.1745	0.002000
16.3440	-41.0000	4074.0000	4115.0000	0.1560	0.002000
16.3460	-41.0000	4074.0000	4115.0000	0.1743	0.002000
16.3480	-41.0000	4074.0000	4115.0000	0.1926	0.002000
16.3500	-41.0000	4074.0000	4115.0000	0.1745	0.002000
16.3520	-41.0000	4074.0000	4115.0000	0.1560	0.002000
16.3540	-41.0000	4074.0000	4115.0000	0.1743	0.002000
16.3560	-41.0000	4074.0000	4115.0000	0.1926	0.002000
16.3580	-41.0000	4074.0000	4115.0000	0.1745	0.002000
16.3600	-41.0000	4074.0000	4115.0000	0.1560	0.002000
16.3620	-41.0000	4074.0000	4115.0000	0.1743	0.002000
16.3640	-41.0000	4074.0000	4115.0000	0.1926	0.002000
16.3660	-41.0000	4074.0000	4115.0000	0.1745	0.002000
16.3680	-41.0000	4074.0000	4115.0000	0.1560	0.002000
16.3700	-41.0000	4074.0000	4115.0000	0.1743	0.002000
16.3720	-41.0000	4074.0000	4115.0000	0.1926	0.002000
16.3740	-41.0000	4074.0000	4115.0000	0.1745	0.002000
16.3760	-41.0000	4074.0000	4115.0000	0.1560	0.002000
16.3780	-41.0000	4074.0000	4115.0000	0.1743	0.002000
16.3800	-41.0000	4074.0000	4115.0000	0.1926	0.002000
16.3820	-41.0000	4074.0000	4115.0000	0.1745	0.002000
16.3840	-41.0000	4074.0000	4115.0000	0.1560	0.002000
16.3860	-41.0000	4074.0000	4115.0000	0.1743	0.002000
16.3880	-41.0000	4074.0000	4115.0000	0.1926	0.002000
16.3900	-41.0000	4074.0000	4115.0000	0.1745	0.002000
16.3920	-41.0000	4074.0000	4115.0000	0.1560	0.002000
16.3940	-41.0000	4074.0000	4115.0000	0.1743	0.002000
16.3960	-41.0000	4074.0000	4115.0000	0.1926	0.002000
16.3980	-41.0000	4074.0000	4115.0000	0.1745	0.002000
16.4000	-41.0000	4074.0000	4115.0000	0.1560	0.002000
16.4020	-41.0000	4074.0000	4115.0000	0.1743	0.002000
16.4040	-41.0000	4074.0000	4115.0000	0.1926	0.002000
16.4060	-41.0000	4074.0000	4115.0000	0.1745	0.002000
16.4080	-41.0000	4074.0000	4115.0000	0.1560	0.002000
16.4100	-41.0000	4074.0000	4115.0000	0.1743	0.002000
16.4120	-41.0000	4074.0000	4115.0000	0.1926	0.002000
16.4140	-41.0000	4074.0000	4115.0000	0.1745	0.002000
16.4160	-41.0000	4074.0000	4115.0000	0.1560	0.002000
16.4180	-41.0000	4074.0000	4115.0000	0.1743	0.002000
16.4200	-41.0000	4074.0000	4115.0000	0.1926	0.002000
16.4220	-41.0000	4074.0000	4115.0000	0.1745	0.002000
16.4240	-41.0000	4074.0000	4115.0000	0.1560	0.002000
16.4260	-41.0000	4074.0000	4115.0000	0.1743	0.002000
16.4280	-41.0000	4074.0000	4115.0000	0.1926	0.002000
16.4300	-41.0000	4074.0000	4115.0000	0.1745	0.002000
16.4320	-41.0000	4074.0000	4115.0000	0.1560	0.002000
16.4340	-41.0000	4074.0000	4115.0000	0.1743	0.002000
16.4360	-41.0000	4074.0000	4115.0000	0.1926	0.002000
16.4380	-41.0000	4074.0000	4115.0000	0.1745	0.002000
16.4400	-41.0000	4074.0000	4115.0000	0.1560	0.002000
16.4420	-41.0000	4074.0000	4115.0000	0.1743	0.002000
16.4440	-41.0000	4074.0000	4115.0000	0.1926	0.002000
16.4460	-41.0000	4074.0000	4115.0000	0.1745	0.002000
16.4480	-41.0000	4074.0000	4115.0000	0.1560	0.002000
16.4500	-41.0000	4074.0000	4115.0000	0.1743	0.002000
16.4520	-41.0000	4074.0000	4115.0000	0.1926	0.002000
16.4540	-41.0000	4074.0000	4115.0000	0.1745	0.002000
16.4560	-41.0000	4074.0000	4115.0000	0.1560	0.002000
16.4580	-41.0000	4074.0000	4115.0000	0.1743	0.002000
16.4600	-41.0000	4074.0000	4115.0000	0.1926	0.002000
16.4620	-41.0000	4074.0000	4115.0000	0.1745	0.002000
16.4640	-41.0000	4074.0000	4115.0000	0.1560	0.002000
16.4660	-41.0000	4074.0000	4115.0000	0.1743	0.002000
16.4680	-41.0000	4074.0000	4115.0000	0.1926	0.002000
16.4700	-41.0000	4074.0000	4115.0000	0.1745	0.002000
16.4720	-41.0000	4074.0000	4115.0000	0.1560	0.002000
16.4740	-41.0000	4074.0000	4115.0000	0.1743	0.002000
16.4760	-41.0000	4074.0000	4115.0000	0.1926	0.002000
16.4780	-41.0000	4074.0000	4115.0000	0.1745	0.002000
16.4800	-41.0000	4074.0000	4115.0000	0.1560	0.002000
16.4820	-41.0000	4074.0000	4115.0000	0.1743	0.002000
16.4840	-41.0000	4074.0000	4115.0000	0.1926	0.002000
16.4860	-41.0000	4074.0000	4115.0000	0.1745	0.002000
16.4880	-41.0000	4074.0000	4115.0000	0.1560	0.002000
16.4900	-41.0000	4074.0000	4115.0000	0.1743	0.002000
16.4920	-41.0000	4074.0000	4115.0000	0.1926	0.002000
16.4940	-41.0000	4074.0000	4115.0000	0.1745	0.002000
16.4960	-41.0000	4074.0000	4115.0000	0.1560	0.002000
16.4980	-41.0000	4074.0000	4115.0000	0.1743	0.002000
16.5000	-41.0000	4074.0000	4115.0000	0.1926	0.002000
16.5020	-41.0000	4074.0000	4115.0000	0.1745	0.002000
16.5040	-41.0000	4074.0000	4115.0000	0.1560	0.002000
16.5060	-41.0000	4074.0000	4115.0000	0.1743	0.002000
16.5080	-41.0000	4074.0000	4115.0000	0.1926	0.002000
16.5100	-41.0000	4074.0000	4115.0000	0.1745	0.002000
16.5120	-41.0000	4074.0000	4115.0000	0.1560	0.002000
16.5140	-41.0000	4074.0000	4115.0000	0.1743	0.002000
16.5160	-41.0000	4074.0000	4115.0000	0.1926	0.002000
16.5180	-41.0000	4074.0000	4115.0000	0.1745	0.002000
16.5200	-41.0000	4074.0000	4115.0000	0.1560	0.002000
16.5220	-41.0000	4074.0000	4115.0000	0.1743	0.002000
16.5240	-41.0000	4074.0000	4115.0000	0.1926	0.002000
16.5260	-41.0000	4074.0000	4115.0000	0.1745	0.002000
16.5280	-41.0000	4074.0000	4115.0000	0.1560	0.002000
16.5300	-41.0000	4074.0000	4115.0000	0.1743	0.002000
16.5320	-41.0000	4074.0000	4115.0000	0.1926	0.002000
16.5340	-41.0000	4074.0000	4115.0000	0.1745	0.002000
16.5360	-41.0000	4074.0000	4115.0000	0.1560	0.002000
16.5380	-41.0000	4074.0000	4115.0000	0.1743	0.002000
16.5400	-41.0000	4074.0000	4115.0000	0.1926	0.002000
16.5420	-41.0000	4074.0000	4115.0000	0.1745	0.002000
16.5440	-41.0000	4074.0000	4115.0000	0.1560	0.002000
16.5460	-41.0000	4074.0000	4115.0000	0.1743	0.002000
16.5480	-41.0000	4074.0000	4115.0000	0.1926	0.002000
16.5500	-41.0000	4074.0000	4115.0000	0.1745	0.002000
16.5520	-41.0000	4074.0000	4115.0000	0.1560	0.002000
16.5540	-41.0000	4074.0000	4115.0000	0.1743	0.002000
16.5560	-41.0000	4074.0000	4115.0000	0.1926	0.002000
16.5580	-41.0000	4074.0000	4115.0000	0.1745	0.002000
16.5600	-41.0000	4074.0000	4115.0000	0.1560	0.002000
16.5620	-41.0000	4074.0000	4115.0000	0.1743	0.002000
16.5640	-41.0000	4074.0000	4115.0000	0.1926	0.002000
16.5660	-41.0000	4074.0000	4115.0000	0.1745	0.002000
16.5680	-41.0000	4074.0000	4115.0000	0.1560	0.002000
16.5700	-41.0000	4074.0000	4115.0000	0.1743	0.002000
16.5720	-41.0000	4074.0000	4115.0000	0.1926	0.002000
16.5740	-41.0000	4074.0000	4115.0000	0.1745	0.002000
16.5760	-41.0000	4074.0000	4115.0000	0.1560	0.002000
16.5780	-41.0000	4074.0000	4115.0000	0.1743	0.002000
16.5800	-41.0000	4074.0000	4115.0000	0.1926	0.002000
16.5820	-41.0000	4074.0000	4115.0000	0.1745	0.002000
16.5840	-41.0000	4074.0000	4115.0000	0.1560	0.002000
16.5860	-41.0000	4074.0000	4115.0000	0.1743	0.002000
16.5880	-41.0000	4074.0000	4115.0000	0.1926	0.002000
16.5900	-41.0000	4074.0000	4115.0000	0.1745	0.002000
16.5920	-41.0000	4074.0000	4115.0000	0.1560	0.002000
16.5940	-41.0000	4074.0000	4115.0000	0.1743	0.002000
16.5960	-41.0000	4074.0000	4115.0000	0.1926	0.002000
16.5980	-41.0000	4074.0000	4115.0000	0.1745	0.002000
16.6000	-41.0000	4074.0000	4115.0000	0.1560	0.002000
16.6020	-41.0000	4074.0000	4115.0000	0.1743	0.002000
16.6040	-41.0000	4074.0000	4115.0000	0.1926	0.002000
16.6060	-41.0000	4074.0000	4115.0000	0.1745	0.002000
16.6080	-41.0000	4074.0000	4115.0000	0.1560	0.002000
16.6100	-41.0000	4074.0000	4115.0000	0.1743	0.002000
16.6120	-41.0000	4074.0000	4115.0000	0.1926	0.002000
16.6140	-41.0000	4074.0000	4115.0000	0.1745	0.002000
16.6160	-41.0000	4074.0000	4115.0000	0.1560	0.002000
16.6180	-41.0000	4074.0000	4115.0000	0.1743	0.002000
16.6200	-41.0000	4074.0000	4115.0000	0.1926	0.002000
16.6220	-41.0000	4074.0000	4115.0000	0.1745	0.002000
16.6240	-41.0000	4074.0000	4115.0000	0.1560	0.002000
16.6260	-41.0000	4074.0000	4115.0000	0.1743	0.002000
16.6280	-41.0000	4074.0000	4115.0000	0.1926	0.002000
16.6300	-41.0000	4074.0000	4115.0000	0.1745	0.002000
16.6320	-41.0000	4074.0000	4115.0000	0.1560	0.002000
16.6340	-41.0000	4074.0000	4115.0000	0.1743	0.002000
16.6360	-41.0000	4074.0000	4115.0000	0.1926	0.002000
16.6380	-41.0000	4074.0000	4115.0000	0.1745	0.002000
16.6400	-41.0000	4074.0000	4115.0000	0.1560	0.002000
16.6420	-41.0000	4074.0000	4115.0000	0.1743	0.002000
16.6440	-41.0000	4074.0000	4115.0000	0.1926	0.002000
16.6460	-41.0000	4074.0000	4115.0000	0.1745	0.002000
16.6480	-41.0000	4074.0000	4115.0000	0.1560	0.002000
16.6500	-41.0000	4074.0000	4115.0000	0.1743	0.002000
16.6520	-41.0000	4074.0000	4115.0000	0.1926	0.002000
16.6540	-41.0000	4074.0000	4115.0000	0.1745	0.002000
16.6560	-41.0000	4074.0000	4115.0000	0.1560	0.002000
16.6580	-41.0000	4074.0000	4115.0000	0.1743	0.002000
16.6600	-41.0000	4074.0000	4115.0000	0.1926	0.002000
16.6620	-41.0000	4074.0000	4115.0000	0.1745	0.002000
16.6640	-41.0000	4074.0000	4115.0000	0.1560	0.002000
16.6660	-41.0000	4074.0000	4115.0000	0.1743	0.002000
16.6680	-41.0000	4074.0000	4115.0000	0.1926	0.002000
16.6700	-41.0000	4074.0000	4115.0000	0.1745	0.002000
16.6720	-41.0000	4074.0000	4115.0000	0.1560	0.002000
16.6740	-41.0000	4074.0000	4115.0000	0.1743	0.002000
16.6760	-41.0000	4074.0000	4115.0000	0.1926	0.002000
16.6780	-41.0000	4074.0000	4115.0000	0.1745	0.002000
16.6800	-41.0000	4074.0000	4115.0000	0.1560	0.002000
16.6820	-41.0000	4074.0000	4115.0000	0.1743	0.002000
16.6840	-41.0000	4074.0000	4115.0000	0.1926	0.002000
16.6860	-41.0000	4074.0000	4115.0000	0.1745	0.002000
16.6880	-41.0000	4074.0000	4115.0000	0.1560	0.002000
16.6900	-41.0000	4074.0000	4115.0000	0.1743	0.002000
16.6920	-41.0000	4074.0000	4115.0000	0.1926	0.002000
16.6940	-41.0000	4074.0000	4115.0000	0.1745	0.002000
16.6960	-41.0000	4074.0000	4115.0000	0.1560	0.002000
16.6980	-41.0000	4074.0000	4115.0000	0.1743	0.002000
16.7000	-41.0000	4074.0000	4115.0000	0.1926	0.002000
16.7020	-41.0000	4074.0000	4115.0000	0.1745	0.002000
16.7040	-41.0000	4074.0000	4115.0000	0.1560	0.002000
16.7060	-41.0000	4074.0000	4115.0000	0.1743	0.002000
16.7080	-41.0000	4074.0000	4115.0000	0.1926	0.002000
16.7100	-41.0000	4074.0000	4115.0000	0.1745	0.002000
16.7120	-41.0000	4074.0000	4115.0000	0.1560	0.002000
16.7140	-41.0000	4074.0000	4115.0000	0.1743	0.002000
16.7160	-41.0000	4074.0000	4115.0000	0.1926	0.002000
16.7180	-41.0000	4074.0000	4115.0000	0.1745	0.002000
16.7200	-41.0000	4074.0000	4115.0000	0.1560	0.002000
16.7220	-41.0000	4074.0000	4115.0000	0.1743	0.002000
16.7240	-41.0000	4074.0000	4115.0000	0.1926	0.002000
16.7260	-41.0000	4074.0000	4115.0000	0.1745	0.002000
16.7280	-41.0000	4074.0000	4115.0000	0.1560	0.002000
16.7300	-41.0000	4074.0000	4115.0000	0.1743	0.002000
16.7320	-41.0000	4074.0000	4115.0000	0.1926	0.002000
16.7340	-41.0000	4074.0000	4115.0000	0.1745	0.002000
16.7360	-41.0000	4074.0000	4115.0000	0.1560	0.002000
16.7380	-41.0000	4074.0000	4115.0000	0.1743	0.002000
16.7400	-41.0000	4074.0000	4115.0000	0.1926	0.002000
16.7420	-41.0000	4074.0000	4115.0000	0.1745	0.002000
16.7440	-41.0000	4074.0000	4115.0000	0.1560	0.002000
16.7460	-41.0000	4074.0000	4115.0000	0.1743	0.002000
16.7480	-41.0000	4074.0000	4115.0000	0.1926	0.002000
16.7500	-41.0000	4074.0000	4115.0000	0.1745	0.002000
16.7520	-41.0000	4074.0000	4115.0000	0.1560	0.002000
16.7540	-41.0000	4074.0000	4115.0000	0.1743	0.002000
16.7560	-41.0000	4074.0000	4115.0000	0.1926	0.002000
16.7580	-41.0000	4074.0000	4115.0000	0.1745	0.002000
16.7600	-41.0000	4074.0000	4115.0000	0.1560	0.002000
16.7620	-41.0000	4074.0000	4115.0000	0.1743	0.002000
16.7640	-41.0000	4074.0000	4115.0000	0.1926	0.002000
16.7660	-41.0000	4074.0000	4115.0000	0.1745	0.002000
16.7680	-41.0000	4074.0000	4115.0000	0.1560	0.002000
16.7700	-41.0000	4074.0000	4115.0000	0.1743	0.002000
16.7720	-41.0000	4074.0000	4115.0000	0.1926	0.002000
16.7740	-41.0000	4074.0000	4115.0000	0.1745	0.002000
16.7760	-41.0000	4074.0000	4115.0000	0.1560	0.002000
16.7780	-41.0000	4074.0000	4115.0000	0.1743	0.002000
16.7800	-41.0000	4074.0000	4115.0000	0.1926	0.002000
16.7820	-41.0000	4074.0000	4115.0000	0.1745	0.002000
16.7840	-41.0000	4074.0000	4115.0000	0.1560	0.002000
16.7860	-41.0000	4074.0000	4115.0000	0.1743	0.002000
16.7880	-41.0000	4074.0000	4115.0000	0.1926	0.002000
16.7900	-41.0000	4074.0000	4115.0000	0.1745	0.002000
16.7920	-41.0000	4074.0000	4115.0000	0.1560	0.002000
16.7940	-41.0000	4074.0000	4115.0000	0.1743	0.002000
16.7960	-41.0000	4074.0000	4115.0000	0.1926	0.002000
16.7980	-41.0000	4074.0000	4115.0000	0.1745	0.002000
16.8000	-41.0000	4074.0000	4115.0000	0.1560	0.002000
16.8020	-41.0000	4074.0000	4115.0000	0.1743	0.002000
16.8040	-41.0000	4074.0000	4115.0000	0.1926	0.002000
16.8060	-41.0000	4074.0000	4115.0000	0.1745	0.002000
16.8080	-41.0000	4074.0000	4115.0000	0.1560	0.002000
16.8100	-41.0000	4074.0000	4115.0000	0.1743	0.002000
16.8120	-41.0000	4074.0000	4115.0000	0.1926	0.002000
16.8140	-41.0000	4074.0000	4115.0000	0.1745	0.002000
16.8160	-41.0000	4074.0000	4115.0000	0.1560	0.002000
16.8180	-41.0000	4074.0000	4115.0000	0.1743	0.002000
16.8200	-41.0000	4074.0000	4115.0000	0.1926	0.002000
16.8220	-41.0000	4074.0000	4115.0000	0.1745	0.002000
16.8240	-41.0000	4074.0000	4115.0000	0.1560	0.002000
16.8260	-41.0000	4074.0000	4115.0000	0.1743	0.002000
16.8280	-41.0000	4074.0000	4115.0000	0.1926	0.002000
16.8300	-41.0000	4074.0000	4115.0000	0.1745	0.002000
16.8320	-41.0000	4074.0000	4115.0000	0.1560	0.002000
16.8340	-41.0000	4074.0000	4115.0000	0.1743	0.002000
16.8360	-41.0000	4074.0000	4115.0000	0.1926	0.002000
16.8380	-41.0000	4074.0000	4115.0000	0.1745	0.002000
16.8400	-41.0000	4074.0000	4115.0000	0.1560	0.002000
16.8420	-41.0000	4074.0000	4115.0000	0.1743	0.002000
16.8440	-41.0000	4074.0000	4115.0000	0.1926	0.002000
16.8460	-41.0000	4074.0000	4115.0000	0.1745	0.002000
16.8480	-41.0000	4074.0000	4115.0000	0.1560	0.002000
16.8500	-41.0000	4074.0000	4115.0000	0.1743	0.002000
16.8520	-41.0000	4074.0000	4115.0000	0.1926	0.002000
16.8540	-41.0000	4074.0000	4115.0000	0.1745	0.002000
16.8560	-41.0000	4074.0000	4115.0000	0.1560	0.002000
16.8580	-41.0000	4074.0000	4115.0000	0.1743	0.002000
16.8600	-41.0000	4074.0000	4115.0000	0.1926	0.002000
16.8620	-41.0000	4074.0000	4115.0000	0.1745	0.002000
16.8640	-41.0000	4074.0000	4115.0000	0.1560	0.002000
16.8660	-41.0000	4074.0000	4115.0000	0.1743	0.002000
16.8680	-41.0000	4074.0000	4115.0000	0.1926	0.002000
16.8700	-41.0000	4074.0000	4115.0000	0.1745	0.002000
16.8720	-41.0000	4074.0000	4115.0000	0.1560	0.002000
16.8740	-41.0000	4074.0000	4115.0000	0.1743	0.002000
16.8760	-41.0000	4074.0000	4115.0000	0.1926	0.002000
16.8780	-41.0000	4074.0000	4115.0000	0.1745	0.002000
16.8800	-41.0000	4074.0000	4115.0000	0.1560	0.002000
16.8820	-41.0000	4074.0000	4115.0000	0.1743	0.002000
16.8840	-41.0000	4074.0000	4115.0000	0.1926	0.002000
16.8860	-41.0000	4074.0000	4115.0000	0.1745	0.002000
16.8880	-41.0000	4074.0000	4115.0000	0.1560	0.002000
16.8900	-41.0000	4074.0000	4115.0000	0.1743	0.002000
16.8920	-41.0000	4074.0000	4115.0000	0.1926	0.002000
16.8940	-41.0000	4074.0000	4115.0000	0.1745	0.002000
16.8960	-41.0000	4074.0000	4115.0000	0.1560	0.002000
16.8980	-41.0000	4074.0000	4115.0000	0.1743	0.002000
16.9000	-41.0000	4074.0000	4115.0000	0.1926	0.002000
16.9020	-41.0000	4074.0000	4115.0000	0.1745	0.002000
16.9040	-41.0000	4074.0000	4115.0000	0.1560	0.002000
16.9060	-41.0000	4074.0000	4115.0000	0.1743	0.002000
16.9080	-41.0000	4074.0000	4115.0000	0.1926	0.002000
16.9100	-41.0000	4074.0000	4115.0000	0.1745	0.002000
16.9120	-41.0000	4074.0000	4115.0000	0.1560	0.002000
16.9140	-41.0000	4074.0000	4115.0000	0.1743	0.002000
16.9160	-41.0000	4074.0000	4115.0000	0.1926	0.002000
16.9180	-41.0000	4074.0000	4115.0000	0.1745	0.002000
16.9200	-41.0000	4074.0000	4115.0000	0.1560	0.002000
16.9220	-41.0000	4074.0000	4115.0000	0.1743	0.002000
16.9240	-41.0000	4074.0000	4115.0000	0.1926	0.002000
16.9260	-41.0000	4074.0000	4115.0000	0.1745	0.002000
16.9280	-41.0000	4074.0000	4115.0000	0.1560	0.002000
16.9300	-41.0000	4074.0000	4115.0000	0.1743	0.002000
16.9320	-41.0000	4074.0000	4115.0000	0.1926	0.002000
16.9340	-41.0000	4074.0000	4115.0000	0.1745	0.002000
16.9360	-41.0000	4074.0000	4115.0000	0.1560	0.002000
16.9380	-41.0000	4074.0000	4115.0000	0.1743	0.002000
16.9400	-41.0000	4074.0000	4115.0000	0.1926	0.002000
16.9420	-41.0000	4074.0000	4115.0000	0.1745	0.002000
16.9440	-41.0000	4074.0000	4115.0000	0.1560	0.002000
16.9460	-41.0000	4074.0000	4115.0000	0.1743	0.002000
16.9480	-41.0000	4074.0000	4115.0000	0.1926	0.002000
16.9500	-41.0000	4074.0000	4115.0000	0.1745	0.002000
16.9520	-41.0000	4074.0000	4115.0000	0.1560	0.002000
16.9540	-41.0000	4074.0000	4115.0000	0.1743	0.002000
16.9560	-41.0000	4074.0000	4115.0000	0.1926	0.002000
16.9580	-41.0000	4074.0000	4115.0000	0.1745	0.002000
16.9600	-41.0000	4074.0000	4115.0000	0.1560	0.002000
16.9620	-41.0000	4074.0000	4115.0000	0.1743	0.002000
16.9640	-41.0000	4074.0000	4115.0000	0.1926	0.002000
16.9660	-41.0000	4074.0000	4115.0000	0.1745	0.002000
16.9680	-41.0000	4074.0000	4115.0000	0.1560	0.002000
16.9700	-41.0000	4074.0000	4115.0000	0.1743	0.002000
16.9720	-41.0000	4074.0000	4115.0000	0.1926	0.002000
16.9740	-41.0000	4074.0000	4115.0000	0.1745	0.002000
16.9760	-41.0000	4074.0000	4115.0000	0.1560	0.002000
16.9780	-41.0000	4074.0000	4115.0000	0.1743	0.002000
16.9800	-41.0000	4074.0000	4115.0000	0.1926	0.002000
16.9820	-41.0000	4074.0000	4115.0000	0.1745	0.002000
16.9840	-41.0000	4074.0000	4115.0000	0.1560	0.002000
16.9860	-41.0000	4074.0000	4115.0000	0.1743	0.002000
16.9880	-41.0000	4074.0000	4115.0000	0.1926	0.002000
16.9900	-41.0000	4074.0000	4115.0000	0.1745	0.002000
16.9920	-41.0000	4074.0000	4115.0000	0.1560	0.002000
16.9940	-41.0000	4074.0000	4115.0000	0.1743	0.002000
16.9960	-41.0000	4074.0000	4115.0000	0.1926	0.002000
16.9980	-41.0000	4074.0000	4115.0000	0.1745	0.002000
17.0000	-41.0000	4074.0000	4115.0000	0.1560	0.002000
17.0020	-41.0000	4074.0000	4115.0000	0.1743	0.002000
17.0040	-41.0000	4074.0000	4115.0000	0.1926	0.002000
17.0060	-41.0000	4074.0000	4115.0000	0.1745	0.002000
17.0080	-41.0000	4074.0000	4115.0000	0.1560	0.002000
17.0100	-41.0000	4074.0000	4115.0000	0.1743	0.002000
17.0120	-41.0000	4074.0000	4115.0000	0.1926	0.002000
17.0140	-41.0000	4074.0000	4115.0000	0.1745	0.002000
17.0160	-41.0000	4074.0000	4115.0000	0.1560	0.002000
17.0180	-41.0000	4074.0000	4115.0000	0.1743	0.002000
17.0200	-41.0000	4074.0000	4115.0000	0.1926	0.002000
17.0220	-41.0000	4074.0000	4115.0000	0.1745	0.002000
17.0240	-41.0000	4074.0000	4115.0000	0.1560	0.002000
17.0260	-41.0000	4074.0000	4115.0000	0.1743	0.002000
17.0280	-41.0000	4074.0000	4115.0000	0.1926	0.002000
17.0300	-41.0000	4074.0000	4115.0000	0.1745	0.002000
17.0320	-41.0000	4074.0000	4115.0000	0.1560	0.002000
17.0340	-41.0000	4074.0000	4115.0000	0.1743	0.002000
17.0360	-41.0000	4074.0000	4115.0000	0.1926	0.002000
17.0380	-41.0000	4074.0000	4115.0000	0.1745	0.002000
17.0400	-41.0000	4074.0000	4115.0000	0.1560	0.002000
17.0420	-41.0000	4074.0000	4115.0000	0.1743	0.002000
17.0440	-41.0000	4074.0000	4115.0000	0.1926	0.002000
17.0460	-41.0000	4074.0000	4115.0000	0.1745	0.002000
17.0480	-41.0000	4074.0000	4115.0000	0.1560	0.002000
17.0500	-41.0000	4074.0000	4115.0000	0.1743	0.002000
17.0520	-41.0000	4074.0000	4115.0000	0.1926	0.002000
17.0540	-41.0000	4074.0000	4115.0000	0.1745	0.002000
17.0560	-41.0000	4074.0000	4115.0000	0.1560	0.002000
17.0580	-41.0000	4074.0000	4115.0000	0.1743	0.002000
17.0600	-41.0000	4074.0000	4115.0000	0.1926	0.002000
17.0620	-41.0000	4074.0000	4115.0000	0.1745	0.002000
17.0640	-41.0000	4074.0000	4115.0000	0.1560	0.002000
17.0660	-41.0000	4074.0000	4115.0000	0.1743	0.002000
17.0680	-41.0000	4074.0000	4115.0000	0.1926	0.002000
17.0700	-41.0000	4074.0000	4115.0000	0.1745	0.002000
17.0720	-41.0000	4074.0000	4115.0000	0.1560	0.002000
17.0740	-41.0000	4074.0000	4115.0000	0.1743	0.002000
17.0760	-41.0000	4074.0000	4115.0000	0.1926	0.002000
17.0780	-41.0000	4074.0000	4115.0000	0.1745	0.002000
17.0800	-41.0000	4074.0000	4115.0000	0.1560	0.002000
17.0820	-41.0000	4074.0000	4115.0000	0.1743	0.002000
17.0840	-41.0000	4074.0000	4115.0000	0.1926	0.002000
17.0860	-41.0000	4074.0000	4115.0000	0.1745	0.002000
17.0880	-41.0000	4074.0000	4115.0000	0.1560	0.002000
17.0900	-41.0000	4074.0000	4115.0000	0.1743	0.002000
17.0920	-41.0000	4074.0000	4115.0000	0.1926	0.002000
17.0940	-41.0000	4074.0000	4115.0000	0.1745	0.002000
17.0960	-41.0000	4074.0000	4115.0000	0.1560	0.002000
17.0980	-41.0000	4074.0000	4115.0000	0.1743	0.002000
17.1000	-41.0000	4074.0000	4115.0000	0.1926	0.002000
17.1020	-41.0000	4074.0000	4115.0000	0.1745	0.002000
17.1040	-41.0000	4074.0000	4115.0000	0.1560	0.002000
17.1060	-41.0000	4074.0000	4115.0000	0.1743	0.002000
17.1080	-41.0000	4074.0000	4115.0000	0.1926	0.002000
17.1100	-41.0000	4074.0000	4115.0000	0.1745	0.002000
17.1120	-41.0000	4074.0000	4115.0000	0.1560	0.002000
17.1140	-41.0000	4074.0000	4115.0000	0.1743	0.002000
17.1160	-41.0000	4074.0000	4115.0000	0.1926	0.002000
17.1180	-41.0000	4074.0000	4115.0000	0.1745	0.002000
17.1200	-41.0000	4074.0000	4115.0000	0.1560	0.002000
17.1220	-41.0000	4074.0000	4115.0000	0.1743	0.002000
17.1240	-41.0000	4074.0000	4115.0000	0.1926	0.002000
17.1260	-41.0000	4074.0000	4115.0000	0.1745	0.002000
17.1280	-41.0000	4074.0000	4115.0000	0.1560	0.002000
17.1300	-41.0000	4074.0000	4115.0000	0.1743	0.002000
17.1320	-41.0000	4074.0000	4115.0000	0.1926	0.002000
17.1340	-41.0000	4074.0000	4115.0000	0.1745	0.002000
17.1360	-41.0000	4074.0000	4115.0000	0.1560	0.002000
17.1380	-41.0000	4074.0000	4115.0000	0.1743	0.002000
17.1400	-41.0000	4074.0000	4115.0000	0.1926	0.002000
17.1420	-41.0000	4074.0000	4115.0000	0.1745	0.002000
17.1440	-41.0000	4074.0000	4115.0000	0.1560	0.002000
17.1460	-41.0000	4074.0000	4115.0000	0.1743	0.002000
17.1480	-41.0000	4074.0000	4115.0000	0.1926	0.002000
17.1500	-41.0000	4074.0000	4115.0000	0.1745	0.002000
17.1520	-41.0000	4074.0000	4115.0000	0.1560	0.002000
17.1540	-41.0000	4074.0000	4115.0000	0.1743	0.002000
17.1560	-41.0000	4074.0000	4115.0000	0.1926	0.002000
17.1580	-41.0000	4074.0000	4115.0000	0.1745	0.002000
17.1600	-41.0000	4074.0000	4115.0000	0.1560	0.002000
17.1620	-41.0000	4074.0000	4115.0000	0.1743	0.002000
17.1640	-41.0000	4074.0000	4115.0000	0.1926	0.002000
17.1660	-41.0000	4074.0000	4115.0000	0.1745	0.002000
17.1680	-41.0000	4074.0000	4115.0000	0.1560	0.002000
17.1700	-41.0000	4074.0000	4115.0000	0.1743	0.002000
17.1720	-41.0000	4074.0000	4115.0000	0.1926	0.002000
17.1740	-41.0000	4074.0000	4115.0000	0.1745	0.002000
17.1760	-41.0000	4074.0000	4115.0000	0.1560	0.002000
17.1780	-41.0000	4074.0000	4115.0000	0.1743	0.002000
17.1800	-41.0000	4074.0000	4115.0000	0.1926	0.002000
17.1820	-41.0000	4074.0000	4115.0000	0.1745	0.002000
17.1840	-41.0000	4074.0000	4115.0000	0.1560	0.002000
17.1860	-41.0000	4074.0000	4115.0000	0.1743	0.002000
17.1880	-41.0000	4074.0000	4115.0000	0.1926	0.002000
17.1900	-41.0000	4074.0000	4115.0000	0.1745	0.002000
17.1920	-41.0000	4074.0000	4115.0000	0.1560	0.002000
17.1940	-41.0000	4074.0000	4115.0000	0.1743	0.002000
17.1960	-41.0000	4074.0000	4115.0000	0.1926	0.002000
17.1980	-41.0000	4074.0000	4115.0000	0.1745	0.002000
17.2000	-41.0000	4074.0000	4115.0000	0.1560	0.002000
17.2020	-41.0000	4074.0000	4115.0000	0.1743	0.002000
17.2040	-41.0000	4074.0000	4115.0000	0.1926	0.002000
17.2060	-41.0000	4074.0000	4115.0000	0.1745	0.002000
17.2080	-41.0000	4074.0000	4115.0000	0.1560	0.002000
17.2100	-41.0000	4074.0000	4115.0000	0.1743	0.002000
17.2120	-41.0000	4074.0000	4115.0000	0.1926	0.002000
17.2140	-41.0000	4074.0000	4115.0000	0.1745	0.002000
17.2160	-41.0000	4074.0000	4115.0000	0.1560	0.002000
17.2180	-41.0000	4074.0000	4115.0000	0.1743	0.002000
17.2200	-41.0000	4074.0000	4115.0000	0.1926	0.002000
17.2220	-41.0000	4074.0000	4115.0000	0.1745	0.002000
17.2240	-41.0000	4074.0000	4115.0000	0.1560	0.002000
17.2260	-41.0000	4074.0000	4115.0000	0.1743	0.002000
17.2280	-41.0000	4074.0000	4115.0000	0.1926	0.002000
17.2300	-41.0000	4074.0000	4115.0000	0.1745	0.002000
17.2320	-41.0000	4074.0000	4115.0000	0.1560	0.002000
17.2340	-41.0000	4074.0000	4115.0000	0.1743	0.002000
17.2360	-41.0000	4074.0000	4115.0000	0.1926	0.002000
17.2380	-41.0000	4074.0000	4115.0000	0.1745	0.002000
17.2400	-41.0000	4074.0000	4115.0000	0.1560	0.002000
17.2420	-41.0000	4074.0000	4115.0000	0.1743	0.002000
17.2440	-41.0000	4074.0000	4115.0000	0.1926	0.002000
17.2460	-41.0000	4074.0000	4115.0000	0.1745	0.002000
17.2480	-41.0000	4074.0000	4115.0000	0.1560	0.002000
17.2500	-41.0000	4074.0000	4115.0000	0.1743	0.002000
17.2520	-41.0000	4074.0000	4115.0000	0.1926	0.002000
17.2540	-41.0000	4074.0000	4115.0000	0.1745	0.002000
17.2560	-41.0000	4074.0000	4115.0000	0.1560	0.002000
17.2580	-41.0000	4074.0000	4115.0000	0.1743	0.002000
17.2600	-41.0000	4074.0000	4115.0000	0.1926	0.002000
17.2620	-41.0000	4074.0000	4115.0000	0.1745	0.002000
17.2640	-41.0000	4074.0000	4115.0000	0.1560	0.002000
17.2660	-41.0000	4074.0000	4115.0000	0.1743	0.002000
17.2680	-41.0000	4074.0000	4115.0000	0.1926	0.002000
17.2700	-41.0000	4074.0000	4115.0000	0.1745	0.002000
17.2720	-41.0000	4074.0000	4115.0000	0.1560	0.002000
17.2740	-41.0000	4074.0000	4115.0000	0.1743	0.002000
17.2760	-41.0000	4074.0000	4115.0000	0.1926	0.002000
17.2780	-41.0000	4074.0000	4115.0000	0.1745	0.002000
17.2800	-41.0000	4074.0000	4115.0000	0.1560	0.002000
17.2820	-41.0000	4074.0000	4115.0000	0.1743	0.002000
17.2840	-41.0000	4074.0000	4115.0000	0.1926	0.002000
17.2860	-41.0000	4074.0000	4115.0000	0.1745	0.002000
17.2880	-41.0000	4074.0000	4115.0000	0.1560	0.002000
17.2900	-41.0000	4074.0000	4115.0000	0.1743	0.002000
17.2920	-41.0000	4074.0000	4115.0000	0.1926	0.002000
17.2940	-41.0000	4074.0000	4115.0000	0.1745	0.002000
17.2960	-41.0000	4074.0000	4115.0000	0.1560	0.002000
17.2980	-41.0000	4074.0000	4115.0000	0.1743	0.002000
17.3000	-41.0000	4074.0000	4115.0000	0.1926	0.002000
17.3020	-41.0000	4074.0000	4115.0000	0.1745	0.002000
17.3040	-41.0000	4074.0000	4115.0000	0.1560	0.002000
17.3060	-41.0000	4074.0000	4115.0000	0.1743	0.002000
17.3080	-41.0000	4074.0000	4115.0000	0.1926	0.002000
17.3100	-41.0000	4074.0000	4115.0000	0.1745	0.002000
17.3120	-41.0000	4074.0000	4115.0000	0.1560	0.002000
17.3140	-41.0000	4074.0000	4115.0000	0.1743	0.002000
17.3160	-41.0000	4074.0000	4115.0000	0.1926	0.002000
17.3180	-41.0000	4074.0000	4115.0000	0.1745	0.002000
17.3200	-41.0000	4074.0000	4115.0000	0.1560	0.002000
17.3220	-41.0000	4074.0000	4115.0000	0.1743	0.002000
17.3240	-41.0000	4074.0000	4115.0000	0.1926	0.002000
17.3260	-41.0000	4074.0000	4115.0000	0.1745	0.002000
17.3280	-41.0000	4074.0000	4115.0000	0.1560	0.002000
17.3300	-41.0000	4074.0000	4115.0000	0.1743	0.002000
17.3320	-41.0000	4074.0000	4115.0000	0.1926	0.002000
17.3340	-41.0000	4074.0000	4115.0000	0.1745	0.002000
17.3360	-41.0000	4074.0000	4115.0000	0.1560	0.002000
17.3380	-41.0000	4074.0000	4115.0000	0.1743	0.002000
17.3400	-41.0000	4074.0000	4115.0000	0.1926	0.002000
17.3420	-41.0000	4074.0000	4115.0000	0.1745	0.002000
17.3440	-41.0000	4074.0000	4115.0000	0.1560	0.002000
17.3460	-41.0000	4074.0000	4115.0000	0.1743	0.002000
17.3480	-41.0000	4074.0000	4115.0000	0.1926	0.002000
17.3500	-41.0000	4074.0000	4115.0000	0.1745	0.002000
17.3520	-41.0000	4074.0000	4115.0000	0.1560	0.002000
17.3540	-41.0000	4074.0000	4115.0000	0.1743	0.002000
17.3560	-41.0000	4074.0000	4115.0000	0.1926	0.002000
17.3580	-41.0000	4074.0000	4115.0000	0.1745	0.002000
17.3600	-41.0000	4074.0000	4115.0000	0.1560	0.002000
17.3620	-41.0000	4074.0000	4115.0000	0.1743	0.002000
17.3640	-41.0000	4074.0000	4115.0000	0.1926	0.002000
17.3660	-41.0000	4074.0000	4115.0000	0.1745	0.002000
17.3680	-41.0000	4074.0000	4115.0000	0.1560	0.002000
17.3700	-41.0000	4074.0000	4115.0000	0.1743	0.002000
17.3720	-41.0000	4074.0000	4115.0000	0.1926	0.002000
17.3740	-41.0000	4074.0000	4115.0000	0.1745	0.002000
17.3760	-41.0000	4074.0000	4115.0000	0.1560	0.002000
17.3780	-41.0000	4074.0000	4115.0000	0.1743	0.002000
17.3800	-41.0000	4074.0000	4115.0000	0.1926	0.002000
17.3820	-41.0000	4074.0000	4115.0000	0.1745	0.002000
17.3840	-41.0000	4074.0000	4115.0000	0.1560	0.002000
17.3860	-41.0000	4074.0000	4115.0000	0.1743	0.002000
17.3880	-41.0000	4074.0000	4115.0000	0.1926	0.002000
17.3900	-41.0000	4074.0000	4115.0000	0.1745	0.002000
17.3920	-41.0000	4074.0000	4115.0000	0.1560	0.002000
17.3940	-41.0000	4074.0000	4115.0000	0.1743	0.002000
17.3960	-41.0000	4074.0000	4115.0000	0.1926	0.002000
17.3980	-41.0000	4074.0000	4115.0000	0.1745	0.002000
17.4000	-41.0000	4074.0000	4115.0000	0.1560	0.002000
17.4020	-41.0000	4074.0000	4115.0000	0.1743	0.002000
17.4040	-41.0000	4074.0000	4115.0000	0.1926	0.002000
17.4060	-41.0000	4074.0000	4115.0000	0.1745	0.002000
17.4080	-41.0000	4074.0000	4115.0000	0.1560	0.002000
17.4100	-41.0000	4074.0000	4115.0000	0.1743	0.002000
17.4120	-41.0000	4074.0000	4115.0000	0.1926	0.002000
17.4140	-41.0000	4074.0000	4115.0000	0.1745	0.002000
17.4160	-41.0000	4074.0000	4115.0000	0.1560	0.002000
17.4180	-41.0000	4074.0000	4115.0000	0.1743	0.002000
17.4200	-41.0000	4074.0000	4115.0000	0.1926	0.002000
17.4220	-41.0000	4074.0000	4115.0000	0.1745	0.002000
17.4240	-41.0000	4074.0000	4115.0000	0.1560	0.002000
17.4260	-41.0000	4074.0000	4115.0000	0.1743	0.002000
17.4280	-41.0000	4074.0000	4115.0000	0.1926	0.002000
17.4300	-41.0000	4074.0000	4115.0000	0.1745	0.002000
17.4320	-41.0000	4074.0000	4115.0000	0.1560	0.002000
17.4340	-41.0000	4074.0000	4115.0000	0.1743	0.002000
17.4360	-41.0000	4074.0000	4115.0000	0.1926	0.002000
17.4380	-41.0000	4074.0000	4115.0000	0.1745	0.002000
17.4400	-41.0000	4074.0000	4115.0000	0.1560	0.002000
17.4420	-41.0000	4074.0000	4115.0000	0.1743	0.002000
17.4440	-41.0000	4074.0000	4115.0000	0.1926	0.002000
17.4460	-41.0000	4074.0000	4115.0000	0.1745	0.002000
17.4480	-41.0000	4074.0000	4115.0000	0.1560	0.002000
17.4500	-41.0000	4074.0000	4115.0000	0.1743	0.002000
17.4520	-41.0000	4074.0000	4115.0000	0.1926	0.002000
17.4540	-41.0000	4074.0000	4115.0000	0.1745	0.002000
17.4560	-41.0000	4074.0000	4115.0000	0.1560	0.002000
17.4580	-41.0000	4074.0000	4115.0000	0.1743	0.002000
17.4600	-41.0000	4074.0000	4115.0000	0.1926	0.002000
17.4620	-41.0000	4074.0000	4115.0000	0.1745	0.002000
17.4640	-41.0000	4074.0000	4115.0000	0.1560	0.002000
17.4660	-41.0000	4074.0000	4115.0000	0.1743	0.002000
17.4680	-41.0000	4074.0000	4115.0000	0.1926	0.002000
17.4700	-41.0000	4074.0000	4115.0000	0.1745	0.002000
17.4720	-41.0000	4074.0000	4115.0000	0.1560	0.002000
17.4740	-41.0000	4074.0000	4115.0000	0.1743	0.002000
17.4760	-41.0000	4074.0000	4115.0000	0.1926	0.002000
17.4780	-41.0000	4074.0000	4115.0000	0.1745	0.002000
17.4800	-41.0000	4074.0000	4115.0000	0.1560	0.002000
17.4820	-41.0000	4074.0000	4115.0000	0.1743	0.002000
17.4840	-41.0000	4074.0000	4115.0000	0.1926	0.002000
17.4860	-41.0000	4074.0000	4115.0000	0.1745	0.002000
17.4880	-41.0000	4074.0000	4115.0000	0.1560	0.002000
17.4900	-41.0000	4074.0000	4115.0000	0.1743	0.002000
17.4920	-41.0000	4074.0000	4115.0000	0.1926	0.002000
17.4940	-41.0000	4074.0000	4115.0000	0.1745	0.002000
17.4960	-41.0000	4074.0000	4115.0000	0.1560	0.002000
17.4980	-41.0000	4074.0000	4115.0000	0.1743	0.002000
17.5000	-41.0000	4074.0000	4115.0000	0.1926	0.002000
17.5020	-41.0000	4074.0000	4115.0000	0.1745	0.002000
17.5040	-41.0000	4074.0000	4115.0000	0.1560	0.002000
17.5060	-41.0000	4074.0000	4115.0000	0.1743	0.002000
17.5080	-41.0000	4074.0000	4115.0000	0.1926	0.002000
17.5100	-41.0000	4074.0000	4115.0000	0.1745	0.002000
17.5120	-41.0000	4074.0000	4115.0000	0.1560	0.002000
17.5140	-41.0000	4074.0000	4115.0000	0.1743	0.002000
17.5160	-41.0000	4074.0000	4115.0000	0.1926	0.002000
17.5180	-41.0000	4074.0000	4115.0000	0.1745	0.002000
17.5200	-41.0000	4074.0000	4115.0000	0.1560	0.002000
17.5220	-41.0000	4074.0000	4115.0000	0.1743	0.002000
17.5240	-41.0000	4074.0000	4115.0000	0.1926	0.002000
17.5260	-41.0000	4074.0000	4115.0000	0.1745	0.002000
17.5280	-41.0000	4074.0000	4115.0000	0.1560	0.002000
17.5300	-41.0000	4074.0000	4115.0000	0.1743	0.002000
17.5320	-41.0000	4074.0000	4115.0000	0.1926	0.002000
17.5340	-41.0000	4074.0000	4115.0000	0.1745	0.002000
17.5360	-41.0000	4074.0000	4115.0000	0.1560	0.002000
17.5380	-41.0000	4074.0000	4115.0000	0.1743	0.002000
17.5400	-41.0000	4074.0000	4115.0000	0.1926	0.002000
17.5420	-41.0000	4074.0000	4115.0000	0.1745	0.002000
17.5440	-41.0000	4074.0000	4115.0000	0.1560	0.002000
17.5460	-41.0000	4074.0000	4115.0000	0.1743	0.002000
17.5480	-41.0000	4074.0000	4115.0000	0.1926	0.002000
17.5500	-41.0000	4074.0000	4115.0000	0.1745	0.002000
17.5520	-41.0000	4074.0000	4115.0000	0.1560	0.002000
17.5540	-41.0000	4074.0000	4115.0000	0.1743	0.002000
17.5560	-41.0000	4074.0000	4115.0000	0.1926	0.002000
17.5580	-41.0000	4074.0000	4115.0000	0.1745	0.002000
17.5600	-41.0000	4074.0000	4115.0000	0.1560	0.002000
17.5620	-41.0000	4074.0000	4115.0000	0.1743	0.002000
17.5640	-41.0000	4074.0000	4115.0000	0.1926	0.002000
17.5660	-41.0000	4074.0000	4115.0000	0.1745	0.002000
17.5680	-41.0000	4074.0000	4115.0000	0.1560	0.002000
17.5700	-41.0000	4074.0000	4115.0000	0.1743	0.002000
17.5720	-41.0000	4074.0000	4115.0000	0.1926	0.002000
17.5740	-41.0000	4074.0000	4115.0000	0.1745	0.002000
17.5760	-41.0000	4074.0000	4115.0000	0.1560	0.002000
17.5780	-41.0000	4074.0000	4115.0000	0.1743	0.002000
17.5800	-41.0000	4074.0000	4115.0000	0.1926	0.002000
17.5820	-41.0000	4074.0000	4115.0000	0.1745	0.002000
17.5840	-41.0000	4074.0000	4115.0000	0.1560	0.002000
17.5860	-41.0000	4074.0000	4115.0000	0.1743	0.002000
17.5880	-41.0000	4074.0000	4115.0000	0.1926	0.002000
17.5900	-41.0000	4074.0000	4115.0000	0.1745	0.002000
17.5920	-41.0000	4074.0000	4115.0000	0.1560	0.002000
17.5940	-41.0000	4074.0000	4115.0000	0.1743	0.002000
17.5960	-41.0000	4074.0000	4115.0000	0.1926	0.002000
17.5980	-41.0000	4074.0000	4115.0000	0.1745	0.002000
17.6000	-41.0000	4074.0000	4115.0000	0.1560	0.002000
17.6020	-41.0000	4074.0000	4115.0000	0.1743	0.002000
17.6040	-41.0000	4074.0000	4115.0000	0.1926	0.002000
17.6060	-41.0000	4074.0000	4115.0000	0.1745	0.002000
17.6080	-41.0000	4074.0000	4115.0000	0.1560	0.002000
17.6100	-41.0000	4074.0000	4115.0000	0.1743	0.002000
17.6120	-41.0000	4074.0000	4115.0000	0.1926	0.002000
17.6140	-41.0000	4074.0000	4115.0000	0.1745	0.002000
17.6160	-41.0000	4074.0000	4115.0000	0.1560	0.002000
17.6180	-41.0000	4074.0000	4115.0000	0.1743	0.002000
17.6200	-41.0000	4074.0000	4115.0000	0.1926	0.002000
17.6220	-41.0000	4074.0000	4115.0000	0.1745	0.002000
17.6240	-41.0000	4074.0000	4115.0000	0.1560	0.002000
17.6260	-41.0000	4074.0000	4115.0000	0.1743	0.002000
17.6280	-41.0000	4074.0000	4115.0000	0.1926	0.002000
17.6300	-41.0000	4074.0000	4115.0000	0.1745	0.002000
17.6320	-41.0000	4074.0000	4115.0000	0.1560	0.002000
17.6340	-41.0000	4074.0000	4115.0000	0.1743	0.002000
17.6360	-41.0000	4074.0000	4115.0000	0.1926	0.002000
17.6380	-41.0000	4074.0000	4115.0000	0.1745	0.002000
17.6400	-41.0000	4074.0000	4115.0000	0.1560	0.002000
17.6420	-41.0000	4074.0000	4115.0000	0.1743	0.002000
17.6440	-41.0000	4074.0000	4115.0000	0.1926	0.002000
17.6460	-41.0000	4074.0000	4115.0000	0.1745	0.002000
17.6480	-41.0000	4074.0000	4115.0000	0.1560	0.002000
17.6500	-41.0000	4074.0000	4115.0000	0.1743	0.002000
17.6520	-41.0000	4074.0000	4115.0000	0.1926	0.002000
17.6540	-41.0000	4074.0000	4115.0000	0.1745	0.002000
17.6560	-41.0000	4074.0000	4115.0000	0.1560	0.002000
17.6580	-41.0000	4074.0000	4115.0000	0.1743	0.002000
17.6600	-41.0000	4074.0000	4115.0000	0.1926	0.002000
17.6620	-41.0000	4074.0000	4115.0000	0.1745	0.002000
17.6640	-41.0000	4074.0000	4115.0000	0.1560	0.002000
17.6660	-41.0000	4074.0000	4115.0000	0.1743	0.002000
17.6680	-41.0000	4074.0000	4115.0000	0.1926	0.002000
17.6700	-41.0000	4074.0000	4115.0000	0.1745	0.002000
17.6720	-41.0000	4074.0000	4115.0000	0.1560	0.002000
17.6740	-41.0000	4074.0000	4115.0000	0.1743	0.002000
17.6760	-41.0000	4074.0000	4115.0000	0.1926	0.002000
17.6780	-41.0000	4074.0000	4115.0000	0.1745	0.002000
17.6800	-41.0000	4074.0000	4115.0000	0.1560	0.002000
17.6820	-41.0000	4074.0000	4115.0000	0.1743	0.002000
17.6840	-41.0000	4074.0000	4115.0000	0.1926	0.002000
17.6860	-41.0000	4074.0000	4115.0000	0.1745	0.002000
17.6880	-41.0000	4074.0000	4115.0000	0.1560	0.002000
17.6900	-41.0000	4074.0000	4115.0000	0.1743	0.002000
17.6920	-41.0000	4074.0000	4115.0000	0.1926	0.002000
17.6940	-41.0000	4074.0000	4115.0000	0.1745	0.002000
17.6960	-41.0000	4074.0000	4115.0000	0.1560	0.002000
17.6980	-41.0000	4074.0000	4115.0000	0.1743	0.002000
17.7000	-41.0000	4074.0000	4115.0000	0.1926	0.002000
17.7020	-41.0000	4074.0000	4115.0000	0.1745	0.002000
17.7040	-41.0000	4074.0000	4115.0000	0.1560	0.002000
17.7060	-41.0000	4074.0000	4115.0000	0.1743	0.002000
17.7080	-41.0000	4074.0000	4115.0000	0.1926	0.002000
17.7100	-41.0000	4074.0000	4115.0000	0.1745	0.002000
17.7120	-41.0000	4074.0000	4115.0000	0.1560	0.002000
17.7140	-41.0000	4074.0000	4115.0000	0.1743	0.002000
17.7160	-41.0000	4074.0000	4115.0000	0.1926	0.002000
17.7180	-41.0000	4074.0000	4115.0000	0.1745	0.002000
17.7200	-41.0000	4074.0000	4115.0000	0.1560	0.002000
17.7220	-41.0000	4074.0000	4115.0000	0.1743	0.002000
17.7240	-41.0000	4074.0000	4115.0000	0.1926	0.002000
17.7260	-41.0000	4074.0000	4115.0000	0.1745	0.002000
17.7280	-41.0000	4074.0000	4115.0000	0.1560	0.002000
17.7300	-41.0000	4074.0000	4115.0000	0.1743	0.002000
17.7320	-41.0000	4074.0000	4115.0000	0.1926	0.002000
17.7340	-41.0000	4074.0000	4115.0000	0.1745	0.002000
17.7360	-41.0000	4074.0000	4115.0000	0.1560	0.002000
17.7380	-41.0000	4074.0000	4115.0000	0.1743	0.002000
17.7400	-41.0000	4074.0000	4115.0000	0.1926	0.002000
17.7420	-41.0000	4074.0000	4115.0000	0.1745	0.002000
17.7440	-41.0000	4074.0000	4115.0000	0.1560	0.002000
17.7460	-41.0000	4074.0000	4115.0000	0.1743	0.002000
17.7480	-41.0000	4074.0000	4115.0000	0.1926	0.002000
17.7500	-41.0000	4074.0000	4115.0000	0.1745	0.002000
17.7520	-41.0000	4074.0000	4115.0000	0.1560	0.002000
17.7540	-41.0000	4074.0000	4115.0000	0.1743	0.002000
17.7560	-41.0000	4074.0000	4115.0000	0.1926	0.002000
17.7580	-41.0000	4074.0000	4115.0000	0.1745	0.002000
17.7600	-41.0000	4074.0000	4115.0000	0.1560	0.002000
17.7620	-41.0000	4074.0000	4115.0000	0.1743	0.002000
17.7640	-41.0000	4074.0000	4115.0000	0.1926	0.002000
17.7660	-41.0000	4074.0000	4115.0000	0.1745	0.002000
17.7680	-41.0000	4074.0000	4115.0000	0.1560	0.002000
17.7700	-41.0000	4074.0000	4115.0000	0.1743	0.002000
17.7720	-41.0000	4074.0000	4115.0000	0.1926	0.002000
17.7740	-41.0000	4074.0000	4115.0000	0.1745	0.002000
17.7760	-41.0000	4074.0000	4115.0000	0.1560	0.002000
17.7780	-41.0000	4074.0000	4115.0000	0.1743	0.002000
17.7800	-41.0000	4074.0000	4115.0000	0.1926	0.002000
17.7820	-41.0000	4074.0000	4115.0000	0.1745	0.002000
17.7840	-41.0000	4074.0000	4115.0000	0.1560	0.002000
17.7860	-41.0000	4074.0000	4115.0000	0.1743	0.002000
17.7880	-41.0000	4074.0000	4115.0000	0.1926	0.002000
17.7900	-41.0000	4074.0000	4115.0000	0.1745	0.002000
17.7920	-41.0000	4074.0000	4115.0000	0.1560	0.002000
17.7940	-41.0000	4074.0000	4115.0000	0.1743	0.002000
17.7960	-41.0000	4074.0000	4115.0000	0.1926	0.002000
17.7980	-41.0000	4074.0000	4115.0000	0.1745	0.002000
17.8000	-41.0000	4074.0000	4115.0000	0.1560	0.002000
17.8020	-41.0000	4074.0000	4115.0000	0.1743	0.002000
17.8040	-41.0000	4074.0000	4115.0000	0.1926	0.002000
17.8060	-41.0000	4074.0000	4115.0000	0.1745	0.002000
17.8080	-41.0000	4074.0000	4115.0000	0.1560	0.002000
17.8100	-41.0000	4074.0000	4115.0000	0.1743	0.002000
17.8120	-41.0000	4074.0000	4115.0000	0.1926	0.002000
17.8140	-41.0000	4074.0000	4115.0000	0.1745	0.002000
17.8160	-41.0000	4074.0000	4115.0000	0.1560	0.002000
17.8180	-41.0000	4074.0000	4115.0000	0.1743	0.002000
17.8200	-41.0000	4074.0000	4115.0000	0.1926	0.002000
17.8220	-41.0000	4074.0000	4115.0000	0.1745	0.002000
17.8240	-41.0000	4074.0000	4115.0000	0.1560	0.002000
17.8260	-41.0000	4074.0000	4115.0000	0.1743	0.002000
17.8280	-41.0000	4074.0000	4115.0000	0.1926	0.002000
17.8300	-41.0000	4074.0000	4115.0000	0.1745	0.002000
17.8320	-41.0000	4074.0000	4115.0000	0.1560	0.002000
17.8340	-41.0000	4074.0000	4115.0000	0.1743	0.002000
17.8360	-41.0000	4074.0000	4115.0000	0.1926	0.002000
17.8380	-41.0000	4074.0000	4115.0000	0.1745	0.002000
17.8400	-41.0000	4074.0000	4115.0000	0.1560	0.002000
17.8420	-41.0000	4074.0000	4115.0000	0.1743	0.002000
17.8440	-41.0000	4074.0000	4115.0000	0.1926	0.002000
17.8460	-41.0000	4074.0000	4115.0000	0.1745	0.002000
17.8480	-41.0000	4074.0000	4115.0000	0.1560	0.002000
17.8500	-41.0000	4074.0000	4115.0000	0.1743	0.002000
17.8520	-41.0000	4074.0000	4115.0000	0.1926	0.002000
17.8540	-41.0000	4074.0000	4115.0000	0.1745	0.002000
17.8560	-41.0000	4074.0000	4115.0000	0.1560	0.002000
17.8580	-41.0000	4074.0000	4115.0000	0.1743	0.002000
17.8600	-41.0000	4074.0000	4115.0000	0.1926	0.002000
17.8620	-41.0000	4074.0000	4115.0000	0.1745	0.002000
17.8640	-41.0000	4074.0000	4115.0000	0.1560	0.002000
17.8660	-41.0000	4074.0000	4115.0000	0.1743	0.002000
17.8680	-41.0000	4074.0000	4115.0000	0.1926	0.002000
17.8700	-41.0000	4074.0000	4115.0000	0.1745	0.002000
17.8720	-41.0000	4074.0000	4115.0000	0.1560	0.002000
17.8740	-41.0000	4074.0000	4115.0000	0.1743	0.002000
17.8760	-41.0000	4074.0000	4115.0000	0.1926	0.002000
17.8780	-41.0000	4074.0000	4115.0000	0.1745	0.002000
17.8800	-41.0000	4074.0000	4115.0000	0.1560	0.002000
17.8820	-41.0000	4074.0000	4115.0000	0.1743	0.002000
17.8840	-41.0000	4074.0000	4115.0000	0.1926	0.002000
17.8860	-41.0000	4074.0000	4115.0000	0.1745	0.002000
17.8880	-41.0000	4074.0000	4115.0000	0.1560	0.002000
17.8900	-41.0000	4074.0000	4115.0000	0.1743	0.002000
17.8920	-41.0000	4074.0000	4115.0000	0.1926	0.002000
17.8940	-41.0000	4074.0000	4115.0000	0.1745	0.002000
17.8960	-41.0000	4074.0000	4115.0000	0.1560	0.002000
17.8980	-41.0000	4074.0000	4115.0000	0.1743	0.002000
17.9000	-41.0000	4074.0000	4115.0000	0.1926	0.002000
17.9020	-41.0000	4074.0000	4115.0000	0.1745	0.002000
17.9040	-41.0000	4074.0000	4115.0000	0.1560	0.002000
17.9060	-41.0000	4074.0000	4115.0000	0.1743	0.002000
17.9080	-41.0000	4074.0000	4115.0000	0.1926	0.002000
17.9100	-41.0000	4074.0000	4115.0000	0.1745	0.002000
17.9120	-41.0000	4074.0000	4115.0000	0.1560	0.002000
17.9140	-41.0000	4074.0000	4115.0000	0.1743	0.002000
17.9160	-41.0000	4074.0000	4115.0000	0.1926	0.002000
17.9180	-41.0000	4074.0000	4115.0000	0.1745	0.002000
17.9200	-41.0000	4074.0000	4115.0000	0.1560	0.002000
17.9220	-41.0000	4074.0000	4115.0000	0.1743	0.002000
17.9240	-41.0000	4074.0000	4115.0000	0.1926	0.002000
17.9260	-41.0000	4074.0000	4115.0000	0.1745	0.002000
17.9280	-41.0000	4074.0000	4115.0000	0.1560	0.002000
17.9300	-41.0000	4074.0000	4115.0000	0.1743	0.002000
17.9320	-41.0000	4074.0000	4115.0000	0.1926	0.002000
17.9340	-41.0000	4074.0000	4115.0000	0.1745	0.002000
17.9360	-41.0000	4074.0000	4115.0000	0.1560	0.002000
17.9380	-41.0000	4074.0000	4115.0000	0.1743	0.002000
17.9400	-41.0000	4074.0000	4115.0000	0.1926	0.002000
17.9420	-41.0000	4074.0000	4115.0000	0.1745	0.002000
17.9440	-41.0000	4074.0000	4115.0000	0.1560	0.002000
17.9460	-41.0000	4074.0000	4115.0000	0.1743	0.002000
17.9480	-41.0000	4074.0000	4115.0000	0.1926	0.002000
17.9500	-41.0000	4074.0000	4115.0000	0.1745	0.002000
17.9520	-41.0000	4074.0000	4115.0000	0.1560	0.002000
17.9540	-41.0000	4074.0000	4115.0000	0.1743	0.002000
17.9560	-41.0000	4074.0000	4115.0000	0.1926	0.002000
17.9580	-41.0000	4074.0000	4115.0000	0.1745	0.002000
17.9600	-41.0000	4074.0000	4115.0000	0.1560	0.002000
17.9620	-41.0000	4074.0000	4115.0000	0.1743	0.002000
17.9640	-41.0000	4074.0000	4115.0000	0.1926	0.002000
17.9660	-41.0000	4074.0000	4115.0000	0.1745	0.002000
17.9680	-41.0000	4074.0000	4115.0000	0.1560	0.002000
17.9700	-41.0000	4074.0000	4115.0000	0.1743	0.002000
17.9720	-41.0000	4074.0000	4115.0000	0.1926	0.002000
17.9740	-41.0000	4074.0000	4115.0000	0.1745	0.002000
17.9760	-41.0000	4074.0000	4115.0000	0.1560	0.002000
17.9780	-41.0000	4074.0000	4115.0000	0.1743	0.002000
17.9800	-41.0000	4074.0000	4115.0000	0.1926	0.002000
17.9820	-41.0000	4074.0000	4115.0000	0.1745	0.002000
17.9840	-41.0000	4074.0000	4115.0000	0.1560	0.002000
17.9860	-41.0000	4074.0000	4115.0000	0.1743	0.002000
17.9880	-41.0000	4074.0000	4115.0000	0.1926	0.002000
17.9900	-41.0000	4074.0000	4115.0000	0.1745	0.002000
17.9920	-41.0000	4074.0000	4115.0000	0.1560	0.002000
17.9940	-41.0000	4074.0000	4115.0000	0.1743	0.002000
17.9960	-41.0000	4074.0000	4115.0000	0.1926	0.002000
17.9980	-41.0000	4074.0000	4115.0000	0.1745	0.002000
18.0000	-41.0000	4074.0000	4115.0000	0.1560	0.002000
18.0020	-41.0000	4074.0000	4115.0000	0.1743	0.002000
18.0040	-41.0000	4074.0000	4115.0000	0.1926	0.002000
18.0060	-41.0000	4074.0000	4115.0000	0.1745	0.002000
18.0080	-41.0000	4074.0000	4115.0000	0.1560	0.002000
18.0100	-41.0000	4074.0000	4115.0000	0.1743	0.002000
18.0120	-41.0000	4074.0000	4115.0000	0.1926	0.002000
18.0140	-41.0000	4074.0000	4115.0000	0.1745	0.002000
18.0160	-41.0000	4074.0000	4115.0000	0.1560	0.002000
18.0180	-41.0000	4074.0000	4115.0000	0.1743	0.002000
18.0200	-41.0000	4074.0000	4115.0000	0.1926	0.002000
18.0220	-41.0000	4074.0000	4115.0000	0.1745	0.002000
18.0240	-41.0000	4074.0000	4115.0000	0.1560	0.002000
18.0260	-41.0000	4074.0000	4115.0000	0.1743	0.002000
18.0280	-41.0000	4074.0000	4115.0000	0.1926	0.002000
18.0300	-41.0000	4074.0000	4115.0000	0.1745	0.002000
18.0320	-41.0000	4074.0000	4115.0000	0.1560	0.002000
18.0340	-41.0000	4074.0000	4115.0000	0.1743	0.002000
18.0360	-41.0000	4074.0000	4115.0000	0.1926	0.002000
18.0380	-41.0000	4074.0000	4115.0000	0.1745	0.002000
18.0400	-41.0000	4074.0000	4115.0000	0.1560	0.002000
18.0420	-41.0000	4074.0000	4115.0000	0.1743	0.002000
18.0440	-41.0000	4074.0000	4115.0000	0.1926	0.002000
18.0460	-41.0000	4074.0000	4115.0000	0.1745	0.002000
18.0480	-41.0000	4074.0000	4115.0000	0.1560	0.002000
18.0500	-41.0000	4074.0000	4115.0000	0.1743	0.002000
18.0520	-41.0000	4074.0000	4115.0000	0.1926	0.002000
18.0540	-41.0000	4074.0000	4115.0000	0.1745	0.002000
18.0560	-41.0000	4074.0000	4115.0000	0.1560	0.002000
18.0580	-41.0000	4074.0000	4115.0000	0.1743	0.002000
18.0600	-41.0000	4074.0000	4115.0000	0.1926	0.002000
18.0620	-41.0000	4074.0000	4115.0000	0.1745	0.002000
18.0640	-41.0000	4074.0000	4115.0000	0.1560	0.002000
18.0660	-41.0000	4074.0000	4115.0000	0.1743	0.002000
18.0680	-41.0000	4074.0000	4115.0000	0.1926	0.002000
18.0700	-41.0000	4074.0000	4115.0000	0.1745	0.002000
18.0720	-41.0000	4074.0000	4115.0000	0.1560	0.002000
18.0740	-41.0000	4074.0000	4115.0000	0.1743	0.002000
18.0760	-41.0000	4074.0000	4115.0000	0.1926	0.002000
18.0780	-41.0000	4074.0000	4115.0000	0.1745	0.002000
18.0800	-41.0000	4074.0000	4115.0000	0.1560	0.002000
18.0820	-41.0000	4074.0000	4115.0000	0.1743	0.002000
18.0840	-41.0000	4074.0000	4115.0000	0.1926	0.002000
18.0860	-41.0000	4074.0000	4115.0000	0.1745	0.002000
18.0880	-41.0000	4074.0000	4115.0000	0.1560	0.002000
18.0900	-41.0000	4074.0000	4115.0000	0.1743	0.002000
18.0920	-41.0000	4074.0000	4115.0000	0.1926	0.002000
18.0940	-41.0000	4074.0000	4115.0000	0.1745	0.002000
18.0960	-41.0000	4074.0000	4115.0000	0.1560	0.002000
18.0980	-41.0000	4074.0000	4115.0000	0.1743	0.002000
18.1000	-41.0000	4074.0000	4115.0000	0.1926	0.002000
18.1020	-41.0000	4074.0000	4115.0000	0.1745	0.002000
18.1040	-41.0000	4074.0000	4115.0000	0.1560	0.002000
18.1060	-41.0000	4074.0000	4115.0000	0.1743	0.002000
18.1080	-41.0000	4074.0000	4115.0000	0.1926	0.002000
18.1100	-41.0000	4074.0000	4115.0000	0.1745	0.002000
18.1120	-41.0000	4074.0000	4115.0000	0.1560	0.002000
18.1140	-41.0000	4074.0000	4115.0000	0.1743	0.002000
18.1160	-41.0000	4074.0000	4115.0000	0.1926	0.002000
18.1180	-41.0000	4074.0000	4115.0000	0.1745	0.002000
18.1200	-41.0000	4074.0000	4115.0000	0.1560	0.002000
18.1220	-41.0000	4074.0000	4115.0000	0.1743	0.002000
18.1240	-41.0000	4074.0000	4115.0000	0.1926	0.002000
18.1260	-41.0000	4074.0000	4115.0000	0.1745	0.002000
18.1280	-41.0000	4074.0000	4115.0000	0.1560	0.002000
18.1300	-41.0000	4074.0000	4115.0000	0.1743	0.002000
18.1320	-41.0000	4074.0000	4115.0000	0.1926	0.002000
18.1340	-41.0000	4074.0000	4115.0000	0.1745	0.002000
18.1360	-41.0000	4074.0000	4115.0000	0.1560	0.002000
18.1380	-41.0000	4074.0000	4115.0000	0.1743	0.002000
18.1400	-41.0000	4074.0000	4115.0000	0.1926	0.002000
18.1420	-41.0000	4074.0000	4115.0000	0.1745	0.002000
18.1440	-41.0000	4074.0000	4115.0000	0.1560	0.002000
18.1460	-41.0000	4074.0000	4115.0000	0.1743	0.002000
18.1480	-41.0000	4074.0000	4115.0000	0.1926	0.002000
18.1500	-41.0000	4074.0000	4115.0000	0.1745	0.002000
18.1520	-41.0000	4074.0000	4115.0000	0.1560	0.002000
18.1540	-41.0000	4074.0000	4115.0000	0.1743	0.002000
18.1560	-41.0000	4074.0000	4115.0000	0.1926	0.002000
18.1580	-41.0000	4074.0000	4115.0000	0.1745	0.002000
18.1600	-41.0000	4074.0000	4115.0000	0.1560	0.002000
18.1620	-41.0000	4074.0000	4115.0000	0.1743	0.002000
18.1640	-41.0000	4074.0000	4115.0000	0.1926	0.002000
18.1660	-41.0000	4074.0000	4115.0000	0.1745	0.002000
18.1680	-41.0000	4074.0000	4115.0000	0.1560	0.002000
18.1700	-41.0000	4074.0000	4115.0000	0.1743	0.002000
18.1720	-41.0000	4074.0000	4115.0000	0.1926	0.002000
18.1740	-41.0000	4074.0000	4115.0000	0.1745	0.002000
18.1760	-41.0000	4074.0000	4115.0000	0.1560	0.002000
18.1780	-41.0000	4074.0000	4115.0000	0.1743	0.002000
18.1800	-41.0000	4074.0000	4115.0000	0.1926	0.002000
18.1820	-41.0000	4074.0000	4115.0000	0.1745	0.002000
18.1840	-41.0000	4074.0000	4115.0000	0.1560	0.002000
18.1860	-41.0000	4074.0000	4115.0000	0.1743	0.002000
18.1880	-41.0000	4074.0000	4115.0000	0.1926	0.002000
18.1900	-41.0000	4074.0000	4115.0000	0.1745	0.002000
18.1920	-41.0000	4074.0000	4115.0000	0.1560	0.002000
18.1940	-41.0000	4074.0000	4115.0000	0.1743	0.002000
18.1960	-41.0000	4074.0000	4115.0000	0.1926	0.002000
18.1980	-41.0000	4074.0000	4115.0000	0.1745	0.002000
18.2000	-41.0000	4074.0000	4115.0000	0.1560	0.002000
18.2020	-41.0000	4074.0000	4115.0000	0.1743	0.002000
18.2040	-41.0000	4074.0000	4115.0000	0.1926	0.002000
18.2060	-41.0000	4074.0000	4115.0000	0.1745	0.002000
18.2080	-41.0000	4074.0000	4115.0000	0.1560	0.002000
18.2100	-41.0000	4074.0000	4115.0000	0.1743	0.002000
18.2120	-41.0000	4074.0000	4115.0000	0.1926	0.002000
18.2140	-41.0000	4074.0000	4115.0000	0.1745	0.002000
18.2160	-41.0000	4074.0000	4115.0000	0.1560	0.002000
18.2180	-41.0000	4074.0000	4115.0000	0.1743	0.002000
18.2200	-41.0000	4074.0000	4115.0000	0.1926	0.002000
18.2220	-41.0000	4074.0000	4115.0000	0.1745	0.002000
18.2240	-41.0000	4074.0000	4115.0000	0.1560	0.002000
18.2260	-41.0000	4074.0000	4115.0000	0.1743	0.002000
18.2280	-41.0000	4074.0000	4115.0000	0.1926	0.002000
18.2300	-41.0000	4074.0000	4115.0000	0.1745	0.002000
18.2320	-41.0000	4074.0000	4115.0000	0.1560	0.002000
18.2340	-41.0000	4074.0000	4115.0000	0.1743	0.002000
18.2360	-41.0000	4074.0000	4115.0000	0.1926	0.002000
18.2380	-41.0000	4074.0000	4115.0000	0.1745	0.002000
18.2400	-41.0000	4074.0000	4115.0000	0.1560	0.002000
18.2420	-41.0000	4074.0000	4115.0000	0.1743	0.002000
18.2440	-41.0000	4074.0000	4115.0000	0.1926	0.002000
18.2460	-41.0000	4074.0000	4115.0000	0.1745	0.002000
18.2480	-41.0000	4074.0000	4115.0000	0.1560	0.002000
18.2500	-41.0000	4074.0000	4115.0000	0.1743	0.002000
18.2520	-41.0000	4074.0000	4115.0000	0.1926	0.002000
18.2540	-41.0000	4074.0000	4115.0000	0.1745	0.002000
18.2560	-41.0000	4074.0000	4115.0000	0.1560	0.002000
18.2580	-41.0000	4074.0000	4115.0000	0.1743	0.002000
18.2600	-41.0000	4074.0000	4115.0000	0.1926	0.002000
18.2620	-41.0000	4074.0000	4115.0000	0.1745	0.002000
18.2640	-41.0000	4074.0000	4115.0000	0.1560	0.002000
18.2660	-41.0000	4074.0000	4115.0000	0.1743	0.002000
18.2680	-41.0000	4074.0000	4115.0000	0.1926	0.002000
18.2700	-41.0000	4074.0000	4115.0000	0.1745	0.002000
18.2720	-41.0000	4074.0000	4115.0000	0.1560	0.002000
18.2740	-41.0000	4074.0000	4115.0000	0.1743	0.002000
18.2760	-41.0000	4074.0000	4115.0000	0.1926	0.002000
18.2780	-41.0000	4074.0000	4115.0000	0.1745	0.002000
18.2800	-41.0000	4074.0000	4115.0000	0.1560	0.002000
18.2820	-41.0000	4074.0000	4115.0000	0.1743	0.002000
18.2840	-41.0000	4074.0000	4115.0000	0.1926	0.002000
18.2860	-41.0000	4074.0000	4115.0000	0.1745	0.002000
18.2880	-41.0000	4074.0000	4115.0000	0.1560	0.002000
18.2900	-41.0000	4074.0000	4115.0000	0.1743	0.002000
18.2920	-41.0000	4074.0000	4115.0000	0.1926	0.002000
18.2940	-41.0000	4074.0000	4115.0000	0.1745	0.002000
18.2960	-41.0000	4074.0000	4115.0000	0.1560	0.002000
18.2980	-41.0000	4074.0000	4115.0000	0.1743	0.002000
18.3000	-41.0000	4074.0000	4115.0000	0.1926	0.002000
18.3020	-41.0000	4074.0000	4115.0000	0.1745	0.002000
18.3040	-41.0000	4074.0000	4115.0000	0.1560	0.002000
18.3060	-41.0000	4074.0000	4115.0000	0.1743	0.002000
18.3080	-41.0000	4074.0000	4115.0000	0.1926	0.002000
18.3100	-41.0000	4074.0000	4115.0000	0.1745	0.002000
18.3120	-41.0000	4074.0000	4115.0000	0.1560	0.002000
18.3140	-41.0000	4074.0000	4115.0000	0.1743	0.002000
18.3160	-41.0000	4074.0000	4115.0000	0.1926	0.002000
18.3180	-41.0000	4074.0000	4115.0000	0.1745	0.002000
18.3200	-41.0000	4074.0000	4115.0000	0.1560	0.002000
18.3220	-41.0000	4074.0000	4115.0000	0.1743	0.002000
18.3240	-41.0000	4074.0000	4115.0000	0.1926	0.002000
18.3260	-41.0000	4074.0000	4115.0000	0.1745	0.002000
18.3280	-41.0000	4074.0000	4115.0000	0.1560	0.002000
18.3300	-41.0000	4074.0000	4115.0000	0.1743	0.002000
18.3320	-41.0000	4074.0000	4115.0000	0.1926	0.002000
18.3340	-41.0000	4074.0000	4115.0000	0.1745	0.002000
18.3360	-41.0000	4074.0000	4115.0000	0.1560	0.002000
18.3380	-41.0000	4074.0000	4115.0000	0.1743	0.002000
18.3400	-41.0000	4074.0000	4115.0000	0.1926	0.002000
18.3420	-41.0000	4074.0000	4115.0000	0.1745	0.002000
18.3440	-41.0000	4074.0000	4115.0000	0.1560	0.002000
18.3460	-41.0000	4074.0000	4115.0000	0.1743	0.002000
18.3480	-41.0000	4074.0000	4115.0000	0.1926	0.002000
18.3500	-41.0000	4074.0000	4115.0000	0.1745	0.002000
18.3520	-41.0000	4074.0000	4115.0000	0.1560	0.002000
18.3540	-41.0000	4074.0000	4115.0000	0.1743	0.002000
18.3560	-41.0000	4074.0000	4115.0000	0.1926	0.002000
18.3580	-41.0000	4074.0000	4115.0000	0.1745	0.002000
18.3600	-41.0000	4074.0000	4115.0000	0.1560	0.002000
18.3620	-41.0000	4074.0000	4115.0000	0.1743	0.002000
18.3640	-41.0000	4074.0000	4115.0000	0.1926	0.002000
18.3660	-41.0000	4074.0000	4115.0000	0.1745	0.002000
18.3680	-41.0000	4074.0000	4115.0000	0.1560	0.002000
18.3700	-41.0000	4074.0000	4115.0000	0.1743	0.002000
18.3720	-41.0000	4074.0000	4115.0000	0.1926	0.002000
18.3740	-41.0000	4074.0000	4115.0000	0.1745	0.002000
18.3760	-41.0000	4074.0000	4115.0000	0.1560	0.002000
18.3780	-41.0000	4074.0000	4115.0000	0.1743	0.002000
18.3800	-41.0000	4074.0000	4115.0000	0.1926	0.002000
18.3820	-41.0000	4074.0000	4115.0000	0.1745	0.002000
18.3840	-41.0000	4074.0000	4115.0000	0.1560	0.002000
18.3860	-41.0000	4074.0000	4115.0000	0.1743	0.002000
18.3880	-41.0000	4074.0000	4115.0000	0.1926	0.002000
18.3900	-41.0000	4074.0000	4115.0000	0.1745	0.002000
18.3920	-41.0000	4074.0000	4115.0000	0.1560	0.002000
18.3940	-41.0000	4074.0000	4115.0000	0.1743	0.002000
18.3960	-41.0000	4074.0000	4115.0000	0.1926	0.002000
18.3980	-41.0000	4074.0000	4115.0000	0.1745	0.002000
18.4000	-41.0000	4074.0000	4115.0000	0.1560	0.002000
18.4020	-41.0000	4074.0000	4115.0000	0.1743	0.002000
18.4040	-41.0000	4074.0000	4115.0000	0.1926	0.002000
18.4060	-41.0000	4074.0000	4115.0000	0.1745	0.002000
18.4080	-41.0000	4074.0000	4115.0000	0.1560	0.002000
18.4100	-41.0000	4074.0000	4115.0000	0.1743	0.002000
18.4120	-41.0000	4074.0000	4115.0000	0.1926	0.002000
18.4140	-41.0000	4074.0000	4115.0000	0.1745	0.002000
18.4160	-41.0000	4074.0000	4115.0000	0.1560	0.002000
18.4180	-41.0000	4074.0000	4115.0000	0.1743	0.002000
18.4200	-41.0000	4074.0000	4115.0000	0.1926	0.002000
18.4220	-41.0000	4074.0000	4115.0000	0.1745	0.002000
18.4240	-41.0000	4074.0000	4115.0000	0.1560	0.002000
18.4260	-41.0000	4074.0000	4115.0000	0.1743	0.002000
18.4280	-41.0000	4074.0000	4115.0000	0.1926	0.002000
18.4300	-41.0000	4074.0000	4115.0000	0.1745	0.002000
18.4320	-41.0000	4074.0000	4115.0000	0.1560	0.002000
18.4340	-41.0000	4074.0000	4115.0000	0.1743	0.002000
18.4360	-41.0000	4074.0000	4115.0000	0.1926	0.002000
18.4380	-41.0000	4074.0000	4115.0000	0.1745	0.002000
18.4400	-41.0000	4074.0000	4115.0000	0.1560	0.002000
18.4420	-41.0000	4074.0000	4115.0000	0.1743	0.002000
18.4440	-41.0000	4074.0000	4115.0000	0.1926	0.002000
18.4460	-41.0000	4074.0000	4115.0000	0.1745	0.002000
18.4480	-41.0000	4074.0000	4115.0000	0.1560	0.002000
18.4500	-41.0000	4074.0000	4115.0000	0.1743	0.002000
18.4520	-41.0000	4074.0000	4115.0000	0.1926	0.002000
18.4540	-41.0000	4074.0000	4115.0000	0.1745	0.002000
18.4560	-41.0000	4074.0000	4115.0000	0.1560	0.002000
18.4580	-41.0000	4074.0000	4115.0000	0.1743	0.002000
18.4600	-41.0000	4074.0000	4115.0000	0.1926	0.002000
18.4620	-41.0000	4074.0000	4115.0000	0.1745	0.002000
18.4640	-41.0000	4074.0000	4115.0000	0.1560	0.002000
18.4660	-41.0000	4074.0000	4115.0000	0.1743	0.002000
18.4680	-41.0000	4074.0000	4115.0000	0.1926	0.002000
18.4700	-41.0000	4074.0000	4115.0000	0.1745	0.002000
18.4720	-41.0000	4074.0000	4115.0000	0.1560	0.002000
18.4740	-41.0000	4074.0000	4115.0000	0.1743	0.002000
18.4760	-41.0000	4074.0000	4115.0000	0.1926	0.002000
18.4780	-41.0000	4074.0000	4115.0000	0.1745	0.002000
18.4800	-41.0000	4074.0000	4115.0000	0.1560	0.002000
18.4820	-41.0000	4074.0000	4115.0000	0.1743	0.002000
18.4840	-41.0000	4074.0000	4115.0000	0.1926	0.002000
18.4860	-41.0000	4074.0000	4115.0000	0.1745	0.002000
18.4880	-41.0000	4074.0000	4115.0000	0.1560	0.002000
18.4900	-41.0000	4074.0000	4115.0000	0.1743	0.002000
18.4920	-41.0000	4074.0000	4115.0000	0.1926	0.002000
18.4940	-41.0000	4074.0000	4115.0000	0.1745	0.002000
18.4960	-41.0000	4074.0000	4115.0000	0.1560	0.002000
18.4980	-41.0000	4074.0000	4115.0000	0.1743	0.002000
18.5000	-41.0000	4074.0000	4115.0000	0.1926	0.002000
18.5020	-41.0000	4074.0000	4115.0000	0.1745	0.002000
18.5040	-41.0000	4074.0000	4115.0000	0.1560	0.002000
18.5060	-41.0000	4074.0000	4115.0000	0.1743	0.002000
18.5080	-41.0000	4074.0000	4115.0000	0.1926	0.002000
18.5100	-41.0000	4074.0000	4115.0000	0.1745	0.002000
18.5120	-41.0000	4074.0000	4115.0000	0.1560	0.002000
18.5140	-41.0000	4074.0000	4115.0000	0.1743	0.002000
18.5160	-41.0000	4074.0000	4115.0000	0.1926	0.002000
18.5180	-41.0000	4074.0000	4115.0000	0.1745	0.002000
18.5200	-41.0000	4074.0000	4115.0000	0.1560	0.002000
18.5220	-41.0000	4074.0000	4115.0000	0.1743	0.002000
18.5240	-41.0000	4074.0000	4115.0000	0.1926	0.002000
18.5260	-41.0000	4074.0000	4115.0000	0.1745	0.002000
18.5280	-41.0000	4074.0000	4115.0000	0.1560	0.002000
18.5300	-41.0000	4074.0000	4115.0000	0.1743	0.002000
18.5320	-41.0000	4074.0000	4115.0000	0.1926	0.002000
18.5340	-41.0000	4074.0000	4115.0000	0.1745	0.002000
18.5360	-41.0000	4074.0000	4115.0000	0.1560	0.002000
18.5380	-41.0000	4074.0000	4115.0000	0.1743	0.002000
18.5400	-41.0000	4074.0000	4115.0000	0.1926	0.002000
18.5420	-41.0000	4074.0000	4115.0000	0.1745	0.002000
18.5440	-41.0000	4074.0000	4115.0000	0.1560	0.002000
18.5460	-41.0000	4074.0000	4115.0000	0.1743	0.002000
18.5480	-41.0000	4074.0000	4115.0000	0.1926	0.002000
18.5500	-41.0000	4074.0000	4115.0000	0.1745	0.002000
18.5520	-41.0000	4074.0000	4115.0000	0.1560	0.002000
18.5540	-41.0000	4074.0000	4115.0000	0.1743	0.002000
18.5560	-41.0000	4074.0000	4115.0000	0.1926	0.002000
18.5580	-41.0000	4074.0000	4115.0000	0.1745	0.002000
18.5600	-41.0000	4074.0000	4115.0000	0.1560	0.002000
18.5620	-41.0000	4074.0000	4115.0000	0.1743	0.002000
18.5640	-41.0000	4074.0000	4115.0000	0.1926	0.002000
18.5660	-41.0000	4074.0000	4115.0000	0.1745	0.002000
18.5680	-41.0000	4074.0000	4115.0000	0.1560	0.002000
18.5700	-41.0000	4074.0000	4115.0000	0.1743	0.002000
18.5720	-41.0000	4074.0000	4115.0000	0.1926	0.002000
18.5740	-41.0000	4074.0000	4115.0000	0.1745	0.002000
18.5760	-41.0000	4074.0000	4115.0000	0.1560	0.002000
18.5780	-41.0000	4074.0000	4115.0000	0.1743	0.002000
18.5800	-41.0000	4074.0000	4115.0000	0.1926	0.002000
18.5820	-41.0000	4074.0000	4115.0000	0.1745	0.002000
18.5840	-41.0000	4074.0000	4115.0000	0.1560	0.002000
18.5860	-41.0000	4074.0000	4115.0000	0.1743	0.002000
18.5880	-41.0000	4074.0000	4115.0000	0.1926	0.002000
18.5900	-41.0000	4074.0000	4115.0000	0.1745	0.002000
18.5920	-41.0000	4074.0000	4115.0000	0.1560	0.002000
18.5940	-41.0000	4074.0000	4115.0000	0.1743	0.002000
18.5960	-41.0000	4074.0000	4115.0000	0.1926	0.002000
18.5980	-41.0000	4074.0000	4115.0000	0.1745	0.002000
18.6000	-41.0000	4074.0000	4115.0000	0.1560	0.002000
18.6020	-41.0000	4074.0000	4115.0000	0.1743	0.002000
18.6040	-41.0000	4074.0000	4115.0000	0.1926	0.002000
18.6060	-41.0000	4074.0000	4115.0000	0.1745	0.002000
18.6080	-41.0000	4074.0000	4115.0000	0.1560	0.002000
18.6100	-41.0000	4074.0000	4115.0000	0.1743	0.002000
18.6120	-41.0000	4074.0000	4115.0000	0.1926	0.002000
18.6140	-41.0000	4074.0000	4115.0000	0.1745	0.002000
18.6160	-41.0000	4074.0000	4115.0000	0.1560	0.002000
18.6180	-41.0000	4074.0000	4115.0000	0.1743	0.002000
18.6200	-41.0000	4074.0000	4115.0000	0.1926	0.002000
18.6220	-41.0000	4074.0000	4115.0000	0.1745	0.002000
18.6240	-41.0000	4074.0000	4115.0000	0.1560	0.002000
18.6260	-41.0000	4074.0000	4115.0000	0.1743	0.002000
18.6280	-41.0000	4074.0000	4115.0000	0.1926	0.002000
18.6300	-41.0000	4074.0000	4115.0000	0.1745	0.002000
18.6320	-41.0000	4074.0000	4115.0000	0.1560	0.002000
18.6340	-41.0000	4074.0000	4115.0000	0.1743	0.002000
18.6360	-41.0000	4074.0000	4115.0000	0.1926	0.002000
18.6380	-41.0000	4074.0000	4115.0000	0.1745	0.002000
18.6400	-41.0000	4074.0000	4115.0000	0.1560	0.002000
18.6420	-41.0000	4074.0000	4115.0000	0.1743	0.002000
18.6440	-41.0000	4074.0000	4115.0000	0.1926	0.002000
18.6460	-41.0000	4074.0000	4115.0000	0.1745	0.002000
18.6480	-41.0000	4074.0000	4115.0000	0.1560	0.002000
18.6500	-41.0000	4074.0000	4115.0000	0.1743	0.002000
18.6520	-41.0000	4074.0000	4115.0000	0.1926	0.002000
18.6540	-41.0000	4074.0000	4115.0000	0.1745	0.002000
18.6560	-41.0000	4074.0000	4115.0000	0.1560	0.002000
18.6580	-41.0000	4074.0000	4115.0000	0.1743	0.002000
18.6600	-41.0000	4074.0000	4115.0000	0.1926	0.002000
18.6620	-41.0000	4074.0000	4115.0000	0.1745	0.002000
18.6640	-41.0000	4074.0000	4115.0000	0.1560	0.002000
18.6660	-41.0000	4074.0000	4115.0000	0.1743	0.002000
18.6680	-41.0000	4074.0000	4115.0000	0.1926	0.002000
18.6700	-41.0000	4074.0000	4115.0000	0.1745	0.002000
18.6720	-41.0000	4074.0000	4115.0000	0.1560	0.002000
18.6740	-41.0000	4074.0000	4115.0000	0.1743	0.002000
18.6760	-41.0000	4074.0000	4115.0000	0.1926	0.002000
18.6780	-41.0000	4074.0000	4115.0000	0.1745	0.002000
18.6800	-41.0000	4074.0000	4115.0000	0.1560	0.002000
18.6820	-41.0000	4074.0000	4115.0000	0.1743	0.002000
18.6840	-41.0000	4074.0000	4115.0000	0.1926	0.002000
18.6860	-41.0000	4074.0000	4115.0000	0.1745	0.002000
18.6880	-41.0000	4074.0000	4115.0000	0.1560	0.002000
18.6900	-41.0000	4074.0000	4115.0000	0.1743	0.002000
18.6920	-41.0000	4074.0000	4115.0000	0.1926	0.002000
18.6940	-41.0000	4074.0000	4115.0000	0.1745	0.002000
18.6960	-41.0000	4074.0000	4115.0000	0.1560	0.002000
18.6980	-41.0000	4074.0000	4115.0000	0.1743	0.002000
18.7000	-41.0000	4074.0000	4115.0000	0.1926	0.002000
18.7020	-41.0000	4074.0000	4115.0000	0.1745	0.002000
18.7040	-41.0000	4074.0000	4115.0000	0.1560	0.002000
18.7060	-41.0000	4074.0000	4115.0000	0.1743	0.002000
18.7080	-41.0000	4074.0000	4115.0000	0.1926	0.002000
18.7100	-41.0000	4074.0000	4115.0000	0.1745	0.002000
18.7120	-41.0000	4074.0000	4115.0000	0.1560	0.002000
18.7140	-41.0000	4074.0000	4115.0000	0.1743	0.002000
18.7160	-41.0000	4074.0000	4115.0000	0.1926	0.002000
18.7180	-41.0000	4074.0000	4115.0000	0.1745	0.002000
18.7200	-41.0000	4074.0000	4115.0000	0.1560	0.002000
18.7220	-41.0000	4074.0000	4115.0000	0.1743	0.002000
18.7240	-41.0000	4074.0000	4115.0000	0.1926	0.002000
18.7260	-41.0000	4074.0000	4115.0000	0.1745	0.002000
18.7280	-41.0000	4074.0000	4115.0000	0.1560	0.002000
18.7300	-41.0000	4074.0000	4115.0000	0.1743	0.002000
18.7320	-41.0000	4074.0000	4115.0000	0.1926	0.002000
18.7340	-41.0000	4074.0000	4115.0000	0.1745	0.002000
18.7360	-41.0000	4074.0000	4115.0000	0.1560	0.002000
18.7380	-41.0000	4074.0000	4115.0000	0.1743	0.002000
18.7400	-41.0000	4074.0000	4115.0000	0.1926	0.002000
18.7420	-41.0000	4074.0000	4115.0000	0.1745	0.002000
18.7440	-41.0000	4074.0000	4115.0000	0.1560	0.002000
18.7460	-41.0000	4074.0000	4115.0000	0.1743	0.002000
18.7480	-41.0000	4074.0000	4115.0000	0.1926	0.002000
18.7500	-41.0000	4074.0000	4115.0000	0.1745	0.002000
18.7520	-41.0000	4074.0000	4115.0000	0.1560	0.002000
18.7540	-41.0000	4074.0000	4115.0000	0.1743	0.002000
18.7560	-41.0000	4074.0000	4115.0000	0.1926	0.002000
18.7580	-41.0000	4074.0000	4115.0000	0.1745	0.002000
18.7600	-41.0000	4074.0000	4115.0000	0.1560	0.002000
18.7620	-41.0000	4074.0000	4115.0000	0.1743	0.002000
18.7640	-41.0000	4074.0000	4115.0000	0.1926	0.002000
18.7660	-41.0000	4074.0000	4115.0000	0.1745	0.002000
18.7680	-41.0000	4074.0000	4115.0000	0.1560	0.002000
18.7700	-41.0000	4074.0000	4115.0000	0.1743	0.002000
18.7720	-41.0000	4074.0000	4115.0000	0.1926	0.002000
18.7740	-41.0000	4074.0000	4115.0000	0.1745	0.002000
18.7760	-41.0000	4074.0000	4115.0000	0.1560	0.002000
18.7780	-41.0000	4074.0000	4115.0000	0.1743	0.002000
18.7800	-41.0000	4074.0000	4115.0000	0.1926	0.002000
18.7820	-41.0000	4074.0000	4115.0000	0.1745	0.002000
18.7840	-41.0000	4074.0000	4115.0000	0.1560	0.002000
18.7860	-41.0000	4074.0000	4115.0000	0.1743	0.002000
18.7880	-41.0000	4074.0000	4115.0000	0.1926	0.002000
18.7900	-41.0000	4074.0000	4115.0000	0.1745	0.002000
18.7920	-41.0000	4074.0000	4115.0000	0.1560	0.002000
18.7940	-41.0000	4074.0000	4115.0000	0.1743	0.002000
18.7960	-41.0000	4074.0000	4115.0000	0.1926	0.002000
18.7980	-41.0000	4074.0000	4115.0000	0.1745	0.002000
18.8000	-41.0000	4074.0000	4115.0000	0.1560	0.002000
18.8020	-41.0000	4074.0000	4115.0000	0.1743	0.002000
18.8040	-41.0000	4074.0000	4115.0000	0.1926	0.002000
18.8060	-41.0000	4074.0000	4115.0000	0.1745	0.002000
18.8080	-41.0000	4074.0000	4115.0000	0.1560	0.002000
18.8100	-41.0000	4074.0000	4115.0000	0.1743	0.002000
18.8120	-41.0000	4074.0000	4115.0000	0.1926	0.002000
18.8140	-41.0000	4074.0000	4115.0000	0.1745	0.002000
18.8160	-41.0000	4074.0000	4115.0000	0.1560	0.002000
18.8180	-41.0000	4074.0000	4115.0000	0.1743	0.002000
18.8200	-41.0000	4074.0000	4115.0000	0.1926	0.002000
18.8220	-41.0000	4074.0000	4115.0000	0.1745	0.002000
18.8240	-41.0000	4074.0000	4115.0000	0.1560	0.002000
18.8260	-41.0000	4074.0000	4115.0000	0.1743	0.002000
18.8280	-41.0000	4074.0000	4115.0000	0.1926	0.002000
18.8300	-41.0000	4074.0000	4115.0000	0.1745	0.002000
18.8320	-41.0000	4074.0000	4115.0000	0.1560	0.002000
18.8340	-41.0000	4074.0000	4115.0000	0.1743	0.002000
18.8360	-41.0000	4074.0000	4115.0000	0.1926	0.002000
18.8380	-41.0000	4074.0000	4115.0000	0.1745	0.002000
18.8400	-41.0000	4074.0000	4115.0000	0.1560	0.002000
18.8420	-41.0000	4074.0000	4115.0000	0.1743	0.002000
18.8440	-41.0000	4074.0000	4115.0000	0.1926	0.002000
18.8460	-41.0000	4074.0000	4115.0000	0.1745	0.002000
18.8480	-41.0000	4074.0000	4115.0000	0.1560	0.002000
18.8500	-41.0000	4074.0000	4115.0000	0.1743	0.002000
18.8520	-41.0000	4074.0000	4115.0000	0.1926	0.002000
18.8540	-41.0000	4074.0000	4115.0000	0.1745	0.002000
18.8560	-41.0000	4074.0000	4115.0000	0.1560	0.002000
18.8580	-41.0000	4074.0000	4115.0000	0.1743	0.002000
18.8600	-41.0000	4074.0000	4115.0000	0.1926	0.002000
18.8620	-41.0000	4074.0000	4115.0000	0.1745	0.002000
18.8640	-41.0000	4074.0000	4115.0000	0.1560	0.002000
18.8660	-41.0000	4074.0000	4115.0000	0.1743	0.002000
18.8680	-41.0000	4074.0000	4115.0000	0.1926	0.002000
18.8700	-41.0000	4074.0000	4115.0000	0.1745	0.002000
18.8720	-41.0000	4074.0000	4115.0000	0.1560	0.002000
18.8740	-41.0000	4074.0000	4115.0000	0.1743	0.002000
18.8760	-41.0000	4074.0000	4115.0000	0.1926	0.002000
18.8780	-41.0000	4074.0000	4115.0000	0.1745	0.002000
18.8800	-41.0000	4074.0000	4115.0000	0.1560	0.002000
18.8820	-41.0000	4074.0000	4115.0000	0.1743	0.002000
18.8840	-41.0000	4074.0000	4115.0000	0.1926	0.002000
18.8860	-41.0000	4074.0000	4115.0000	0.1745	0.002000
18.8880	-41.0000	4074.0000	4115.0000	0.1560	0.002000
18.8900	-41.0000	4074.0000	4115.0000	0.1743	0.002000
18.8920	-41.0000	4074.0000	4115.0000	0.1926	0.002000
18.8940	-41.0000	4074.0000	4115.0000	0.1745	0.002000
18.8960	-41.0000	4074.0000	4115.0000	0.1560	0.002000
18.8980	-41.0000	4074.0000	4115.0000	0.1743	0.002000
18.9000	-41.0000	4074.0000	4115.0000	0.1926	0.002000
18.9020	-41.0000	4074.0000	4115.0000	0.1745	0.002000
18.9040	-41.0000	4074.0000	4115.0000	0.1560	0.002000
18.9060	-41.0000	4074.0000	4115.0000	0.1743	0.002000
18.9080	-41.0000	4074.0000	4115.0000	0.1926	0.002000
18.9100	-41.0000	4074.0000	4115.0000	0.1745	0.002000
18.9120	-41.0000	4074.0000	4115.0000	0.1560	0.002000
18.9140	-41.0000	4074.0000	4115.0000	0.1743	0.002000
18.9160	-41.0000	4074.0000	4115.0000	0.1926	0.002000
18.9180	-41.0000	4074.0000	4115.0000	0.1745	0.002000
18.9200	-41.0000	4074.0000	4115.0000	0.1560	0.002000
18.9220	-41.0000	4074.0000	4115.0000	0.1743	0.002000
18.9240	-41.0000	4074.0000	4115.0000	0.1926	0.002000
18.9260	-41.0000	4074.0000	4115.0000	0.1745	0.002000
18.9280	-41.0000	4074.0000	4115.0000	0.1560	0.002000
18.9300	-41.0000	4074.0000	4115.0000	0.1743	0.002000
18.9320	-41.0000	4074.0000	4115.0000	0.1926	0.002000
18.9340	-41.0000	4074.0000	4115.0000	0.1745	0.002000
18.9360	-41.0000	4074.0000	4115.0000	0.1560	0.002000
18.9380	-41.0000	4074.0000	4115.0000	0.1743	0.002000
18.9400	-41.0000	4074.0000	4115.0000	0.1926	0.002000
18.9420	-41.0000	4074.0000	4115.0000	0.1745	0.002000
18.9440	-41.0000	4074.0000	4115.0000	0.1560	0.002000
18.9460	-41.0000	4074.0000	4115.0000	0.1743	0.002000
18.9480	-41.0000	4074.0000	4115.0000	0.1926	0.002000
18.9500	-41.0000	4074.0000	4115.0000	0.1745	0.002000
18.9520	-41.0000	4074.0000	4115.0000	0.1560	0.002000
18.9540	-41.0000	4074.0000	4115.0000	0.1743	0.002000
18.9560	-41.0000	4074.0000	4115.0000	0.1926	0.002000
18.9580	-41.0000	4074.0000	4115.0000	0.1745	0.002000
18.9600	-41.0000	4074.0000	4115.0000	0.1560	0.002000
18.9620	-41.0000	4074.0000	4115.0000	0.1743	0.002000
18.9640	-41.0000	4074.0000	4115.0000	0.1926	0.002000
18.9660	-41.0000	4074.0000	4115.0000	0.1745	0.002000
18.9680	-41.0000	4074.0000	4115.0000	0.1560	0.002000
18.9700	-41.0000	4074.0000	4115.0000	0.1743	0.002000
18.9720	-41.0000	4074.0000	4115.0000	0.1926	0.002000
18.9740	-41.0000	4074.0000	4115.0000	0.1745	0.002000
18.9760	-41.0000	4074.0000	4115.0000	0.1560	0.002000
18.9780	-41.0000	4074.0000	4115.0000	0.1743	0.002000
18.9800	-41.0000	4074.0000	4115.0000	0.1926	0.002000
18.9820	-41.0000	4074.0000	4115.0000	0.1745	0.002000
18.9840	-41.0000	4074.0000	4115.0000	0.1560	0.002000
18.9860	-41.0000	4074.0000	4115.0000	0.1743	0.002000
18.9880	-41.0000	4074.0000	4115.0000	0.1926	0.002000
18.9900	-41.0000	4074.0000	4115.0000	0.1745	0.002000
18.9920	-41.0000	4074.0000	4115.0000	0.1560	0.002000
18.9940	-41.0000	4074.0000	4115.0000	0.1743	0.002000
18.9960	-41.0000	4074.0000	4115.0000	0.1926	0.002000
18.9980	-41.0000	4074.0000	4115.0000	0.1745	0.002000
19.0000	-41.0000	4074.0000	4115.0000	0.1560	0.002000
19.0020	-41.0000	4074.0000	4115.0000	0.1743	0.002000
19.0040	-41.0000	4074.0000	4115.0000	0.1926	0.002000
19.0060	-41.0000	4074.0000	4115.0000	0.1745	0.002000
19.0080	-41.0000	4074.0000	4115.0000	0.1560	0.002000
19.0100	-41.0000	4074.0000	4115.0000	0.1743	0.002000
19.0120	-41.0000	4074.0000	4115.0000	0.1926	0.002000
19.0140	-41.0000	4074.0000	4115.0000	0.1745	0.002000
19.0160	-41.0000	4074.0000	4115.0000	0.1560	0.002000
19.0180	-41.0000	4074.0000	4115.0000	0.1743	0.002000
19.0200	-41.0000	4074.0000	4115.0000	0.1926	0.002000
19.0220	-41.0000	4074.0000	4115.0000	0.1745	0.002000
19.0240	-41.0000	4074.0000	4115.0000	0.1560	0.002000
19.0260	-41.0000	4074.0000	4115.0000	0.1743	0.002000
19.0280	-41.0000	4074.0000	4115.0000	0.1926	0.002000
19.0300	-41.0000	4074.0000	4115.0000	0.1745	0.002000
19.0320	-41.0000	4074.0000	4115.0000	0.1560	0.002000
19.0340	-41.0000	4074.0000	4115.0000	0.1743	0.002000
19.0360	-41.0000	4074.0000	4115.0000	0.1926	0.002000
19.0380	-41.0000	4074.0000	4115.0000	0.1745	0.002000
19.0400	-41.0000	4074.0000	4115.0000	0.1560	0.002000
19.0420	-41.0000	4074.0000	4115.0000	0.1743	0.002000
19.0440	-41.0000	4074.0000	4115.0000	0.1926	0.002000
19.0460	-41.0000	4074.0000	4115.0000	0.1745	0.002000
19.0480	-41.0000	4074.0000	4115.0000	0.1560	0.002000
19.0500	-41.0000	4074.0000	4115.0000	0.1743	0.002000
19.0520	-41.0000	4074.0000	4115.0000	0.1926	0.002000
19.0540	-41.0000	4074.0000	4115.0000	0.1745	0.002000
19.0560	-41.0000	4074.0000	4115.0000	0.1560	0.002000
19.0580	-41.0000	4074.0000	4115.0000	0.1743	0.002000
19.0600	-41.0000	4074.0000	4115.0000	0.1926	0.002000
19.0620	-41.0000	4074.0000	4115.0000	0.1745	0.002000
19.0640	-41.0000	4074.0000	4115.0000	0.1560	0.002000
19.0660	-41.0000	4074.0000	4115.0000	0.1743	0.002000
19.0680	-41.0000	4074.0000	4115.0000	0.1926	0.002000
19.0700	-41.0000	4074.0000	4115.0000	0.1745	0.002000
19.0720	-41.0000	4074.0000	4115.0000	0.1560	0.002000
19.0740	-41.0000	4074.0000	4115.0000	0.1743	0.002000
19.0760	-41.0000	4074.0000	4115.0000	0.1926	0.002000
19.0780	-41.0000	4074.0000	4115.0000	0.1745	0.002000
19.0800	-41.0000	4074.0000	4115.0000	0.1560	0.002000
19.0820	-41.0000	4074.0000	4115.0000	0.1743	0.002000
19.0840	-41.0000	4074.0000	4115.0000	0.1926	0.002000
19.0860	-41.0000	4074.0000	4115.0000	0.1745	0.002000
19.0880	-41.0000	4074.0000	4115.0000	0.1560	0.002000
19.0900	-41.0000	4074.0000	4115.0000	0.1743	0.002000
19.0920	-41.0000	4074.0000	4115.0000	0.1926	0.002000
19.0940	-41.0000	4074.0000	4115.0000	0.1745	0.002000
19.0960	-41.0000	4074.0000	4115.0000	0.1560	0.002000
19.0980	-41.0000	4074.0000	4115.0000	0.1743	0.002000
19.1000	-41.0000	4074.0000	4115.0000	0.1926	0.002000
19.1020	-41.0000	4074.0000	4115.0000	0.1745	0.002000
19.1040	-41.0000	4074.0000	4115.0000	0.1560	0.002000
19.1060	-41.0000	4074.0000	4115.0000	0.1743	0.002000
19.1080	-41.0000	4074.0000	4115.0000	0.1926	0.002000
19.1100	-41.0000	4074.0000	4115.0000	0.1745	0.002000
19.1120	-41.0000	4074.0000	4115.0000	0.1560	0.002000
19.1140	-41.0000	4074.0000	4115.0000	0.1743	0.002000
19.1160	-41.0000	4074.0000	4115.0000	0.1926	0.002000
19.1180	-41.0000	4074.0000	4115.0000	0.1745	0.002000
19.1200	-41.0000	4074.0000	4115.0000	0.1560	0.002000
19.1220	-41.0000	4074.0000	4115.0000	0.1743	0.002000
19.1240	-41.0000	4074.0000	4115.0000	0.1926	0.002000
19.1260	-41.0000	4074.0000	4115.0000	0.1745	0.002000
19.1280	-41.0000	4074.0000	4115.0000	0.1560	0.002000
19.1300	-41.0000	4074.0000	4115.0000	0.1743	0.002000
19.1320	-41.0000	4074.0000	4115.0000	0.1926	0.002000
19.1340	-41.0000	4074.0000	4115.0000	0.1745	0.002000
19.1360	-41.0000	4074.0000	4115.0000	0.1560	0.002000
19.1380	-41.0000	4074.0000	4115.0000	0.1743	0.002000
19.1400	-41.0000	4074.0000	4115.0000	0.1926	0.002000
19.1420	-41.0000	4074.0000	4115.0000	0.1745	0.002000
19.1440	-41.0000	4074.0000	4115.0000	0.1560	0.002000
19.1460	-41.0000	4074.0000	4115.0000	0.1743	0.002000
19.1480	-41.0000	4074.0000	4115.0000	0.1926	0.002000
19.1500	-41.0000	4074.0000	4115.0000	0.1745	0.002000
19.1520	-41.0000	4074.0000	4115.0000	0.1560	0.002000
19.1540	-41.0000	4074.0000	4115.0000	0.1743	0.002000
19.1560	-41.0000	4074.0000	4115.0000	0.1926	0.002000
19.1580	-41.0000	4074.0000	4115.0000	0.1745	0.002000
19.1600	-41.0000	4074.0000	4115.0000	0.1560	0.002000
19.1620	-41.0000	4074.0000	4115.0000	0.1743	0.002000
19.1640	-41.0000	4074.0000	4115.0000	0.1926	0.002000
19.1660	-41.0000	4074.0000	4115.0000	0.1745	0.002000
19.1680	-41.0000	4074.0000	4115.0000	0.1560	0.002000
19.1700	-41.0000	4074.0000	4115.0000	0.1743	0.002000
19.1720	-41.0000	4074.0000	4115.0000	0.1926	0.002000
19.1740	-41.0000	4074.0000	4115.0000	0.1745	0.002000
19.1760	-41.0000	4074.0000	4115.0000	0.1560	0.002000
19.1780	-41.0000	4074.0000	4115.0000	0.1743	0.002000
19.1800	-41.0000	4074.0000	4115.0000	0.1926	0.002000
19.1820	-41.0000	4074.0000	4115.0000	0.1745	0.002000
19.1840	-41.0000	4074.0000	4115.0000	0.1560	0.002000
19.1860	-41.0000	4074.0000	4115.0000	0.1743	0.002000
19.1880	-41.0000	4074.0000	4115.0000	0.1926	0.002000
19.1900	-41.0000	4074.0000	4115.0000	0.1745	0.002000
19.1920	-41.0000	4074.0000	4115.0000	0.1560	0.002000
19.1940	-41.0000	4074.0000	4115.0000	0.1743	0.002000
19.1960	-41.0000	4074.0000	4115.0000	0.1926	0.002000
19.1980	-41.0000	4074.0000	4115.0000	0.1745	0.002000
19.2000	-41.0000	4074.0000	4115.0000	0.1560	0.002000
19.2020	-41.0000	4074.0000	4115.0000	0.1743	0.002000
19.2040	-41.0000	4074.0000	4115.0000	0.1926	0.002000
19.2060	-41.0000	4074.0000	4115.0000	0.1745	0.002000
19.2080	-41.0000	4074.0000	4115.0000	0.1560	0.002000
19.2100	-41.0000	4074.0000	4115.0000	0.1743	0.002000
19.2120	-41.0000	4074.0000	4115.0000	0.1926	0.002000
19.2140	-41.0000	4074.0000	4115.0000	0.1745	0.002000
19.2160	-41.0000	4074.0000	4115.0000	0.1560	0.002000
19.2180	-41.0000	4074.0000	4115.0000	0.1743	0.002000
19.2200	-41.0000	4074.0000	4115.0000	0.1926	0.002000
19.2220	-41.0000	4074.0000	4115.0000	0.1745	0.002000
19.2240	-41.0000	4074.0000	4115.0000	0.1560	0.002000
19.2260	-41.0000	4074.0000	4115.0000	0.1743	0.002000
19.2280	-41.0000	4074.0000	4115.0000	0.1926	0.002000
19.2300	-41.0000	4074.0000	4115.0000	0.1745	0.002000
19.2320	-41.0000	4074.0000	4115.0000	0.1560	0.002000
19.2340	-41.0000	4074.0000	4115.0000	0.1743	0.002000
19.2360	-41.0000	4074.0000	4115.0000	0.1926	0.002000
19.2380	-41.0000	4074.0000	4115.0000	0.1745	0.002000
19.2400	-41.0000	4074.0000	4115.0000	0.1560	0.002000
19.2420	-41.0000	4074.0000	4115.0000	0.1743	0.002000
19.2440	-41.0000	4074.0000	4115.0000	0.1926	0.002000
19.2460	-41.0000	4074.0000	4115.0000	0.1745	0.002000
19.2480	-41.0000	4074.0000	4115.0000	0.1560	0.002000
19.2500	-41.0000	4074.0000	4115.0000	0.1743	0.002000
19.2520	-41.0000	4074.0000	4115.0000	0.1926	0.002000
19.2540	-41.0000	4074.0000	4115.0000	0.1745	0.002000
19.2560	-41.0000	4074.0000	4115.0000	0.1560	0.002000
19.2580	-41.0000	4074.0000	4115.0000	0.1743	0.002000
19.2600	-41.0000	4074.0000	4115.0000	0.1926	0.002000
19.2620	-41.0000	4074.0000	4115.0000	0.1745	0.002000
19.2640	-41.0000	4074.0000	4115.0000	0.1560	0.002000
19.2660	-41.0000	4074.0000	4115.0000	0.1743	0.002000
19.2680	-41.0000	4074.0000	4115.0000	0.1926	0.002000
19.2700	-41.0000	4074.0000	4115.0000	0.1745	0.002000
19.2720	-41.0000	4074.0000	4115.0000	0.1560	0.002000
19.2740	-41.0000	4074.0000	4115.0000	0.1743	0.002000
19.2760	-41.0000	4074.0000	4115.0000	0.1926	0.002000
19.2780	-41.0000	4074.0000	4115.0000	0.1745	0.002000
19.2800	-41.0000	4074.0000	4115.0000	0.1560	0.002000
19.2820	-41.0000	4074.0000	4115.0000	0.1743	0.002000
19.2840	-41.0000	4074.0000	4115.0000	0.1926	0.002000
19.2860	-41.0000	4074.0000	4115.0000	0.1745	0.002000
19.2880	-41.0000	4074.0000	4115.0000	0.1560	0.002000
19.2900	-41.0000	4074.0000	4115.0000	0.1743	0.002000
19.2920	-41.0000	4074.0000	4115.0000	0.1926	0.002000
19.2940	-41.0000	4074.0000	4115.0000	0.1745	0.002000
19.2960	-41.0000	4074.0000	4115.0000	0.1560	0.002000
19.2980	-41.0000	4074.0000	4115.0000	0.1743	0.002000
19.3000	-41.0000	4074.0000	4115.0000	0.1926	0.002000
19.3020	-41.0000	4074.0000	4115.0000	0.1745	0.002000
19.3040	-41.0000	4074.0000	4115.0000	0.1560	0.002000
19.3060	-41.0000	4074.0000	4115.0000	0.1743	0.002000
19.3080	-41.0000	4074.0000	4115.0000	0.1926	0.002000
19.3100	-41.0000	4074.0000	4115.0000	0.1745	0.002000
19.3120	-41.0000	4074.0000	4115.0000	0.1560	0.002000
19.3140	-41.0000	4074.0000	4115.0000	0.1743	0.002000
19.3160	-41.0000	4074.0000	4115.0000	0.1926	0.002000
19.3180	-41.0000	4074.0000	4115.0000	0.1745	0.002000
19.3200	-41.0000	4074.0000	4115.0000	0.1560	0.002000
19.3220	-41.0000	4074.0000	4115.0000	0.1743	0.002000
19.3240	-41.0000	4074.0000	4115.0000	0.1926	0.002000
19.3260	-41.0000	4074.0000	4115.0000	0.1745	0.002000
19.3280	-41.0000	4074.0000	4115.0000	0.1560	0.002000
19.3300	-41.0000	4074.0000	4115.0000	0.1743	0.002000
19.3320	-41.0000	4074.0000	4115.0000	0.1926	0.002000
19.3340	-41.0000	4074.0000	4115.0000	0.1745	0.002000
19.3360	-41.0000	4074.0000	4115.0000	0.1560	0.002000
19.3380	-41.0000	4074.0000	4115.0000	0.1743	0.002000
19.3400	-41.0000	4074.0000	4115.0000	0.1926	0.002000
19.3420	-41.0000	4074.0000	4115.0000	0.1745	0.002000
19.3440	-41.0000	4074.0000	4115.0000	0.1560	0.002000
19.3460	-41.0000	4074.0000	4115.0000	0.1743	0.002000
19.3480	-41.0000	4074.0000	4115.0000	0.1926	0.002000
19.3500	-41.0000	4074.0000	4115.0000	0.1745	0.002000
19.3520	-41.0000	4074.0000	4115.0000	0.1560	0.002000
19.3540	-41.0000	4074.0000	4115.0000	0.1743	0.002000
19.3560	-41.0000	4074.0000	4115.0000	0.1926	0.002000
19.3580	-41.0000	4074.0000	4115.0000	0.1745	0.002000
19.3600	-41.0000	4074.0000	4115.0000	0.1560	0.002000
19.3620	-41.0000	4074.0000	4115.0000	0.1743	0.002000
19.3640	-41.0000	4074.0000	4115.0000	0.1926	0.002000
19.3660	-41.0000	4074.0000	4115.0000	0.1745	0.002000
19.3680	-41.0000	4074.0000	4115.0000	0.1560	0.002000
19.3700	-41.0000	4074.0000	4115.0000	0.1743	0.002000
19.3720	-41.0000	4074.0000	4115.0000	0.1926	0.002000
19.3740	-41.0000	4074.0000	4115.0000	0.1745	0.002000
19.3760	-41.0000	4074.0000	4115.0000	0.1560	0.002000
19.3780	-41.0000	4074.0000	4115.0000	0.1743	0.002000
19.3800	-41.0000	4074.0000	4115.0000	0.1926	0.002000
19.3820	-41.0000	4074.0000	4115.0000	0.1745	0.002000
19.3840	-41.0000	4074.0000	4115.0000	0.1560	0.002000
19.3860	-41.0000	4074.0000	4115.0000	0.1743	0.002000
19.3880	-41.0000	4074.0000	4115.0000	0.1926	0.002000
19.3900	-41.0000	4074.0000	4115.0000	0.1745	0.002000
19.3920	-41.0000	4074.0000	4115.0000	0.1560	0.002000
19.3940	-41.0000	4074.0000	4115.0000	0.1743	0.002000
19.3960	-41.0000	4074.0000	4115.0000	0.1926	0.002000
19.3980	-41.0000	4074.0000	4115.0000	0.1745	0.002000
19.4000	-41.0000	4074.0000	4115.0000	0.1560	0.002000
19.4020	-41.0000	4074.0000	4115.0000	0.1743	0.002000
19.4040	-41.0000	4074.0000	4115.0000	0.1926	0.002000
19.4060	-41.0000	4074.0000	4115.0000	0.1745	0.002000
19.4080	-41.0000	4074.0000	4115.0000	0.1560	0.002000
19.4100	-41.0000	4074.0000	4115.0000	0.1743	0.002000
19.4120	-41.0000	4074.0000	4115.0000	0.1926	0.002000
19.4140	-41.0000	4074.0000	4115.0000	0.1745	0.002000
19.4160	-41.0000	4074.0000	4115.0000	0.1560	0.002000
19.4180	-41.0000	4074.0000	4115.0000	0.1743	0.002000
19.4200	-41.0000	4074.0000	4115.0000	0.1926	0.002000
19.4220	-41.0000	4074.0000	4115.0000	0.1745	0.002000
19.4240	-41.0000	4074.0000	4115.0000	0.1560	0.002000
19.4260	-41.0000	4074.0000	4115.0000	0.1743	0.002000
19.4280	-41.0000	4074.0000	4115.0000	0.1926	0.002000
19.4300	-41.0000	4074.0000	4115.0000	0.1745	0.002000
19.4320	-41.0000	4074.0000	4115.0000	0.1560	0.002000
19.4340	-41.0000	4074.0000	4115.0000	0.1743	0.002000
19.4360	-41.0000	4074.0000	4115.0000	0.1926	0.002000
19.4380	-41.0000	4074.0000	4115.0000	0.1745	0.002000
19.4400	-41.0000	4074.0000	4115.0000	0.1560	0.002000
19.4420	-41.0000	4074.0000	4115.0000	0.1743	0.002000
19.4440	-41.0000	4074.0000	4115.0000	0.1926	0.002000
19.4460	-41.0000	4074.0000	4115.0000	0.1745	0.002000
19.4480	-41.0000	4074.0000	4115.0000	0.1560	0.002000
19.4500	-41.0000	4074.0000	4115.0000	0.1743	0.002000
19.4520	-41.0000	4074.0000	4115.0000	0.1926	0.002000
19.4540	-41.0000	4074.0000	4115.0000	0.1745	0.002000
19.4560	-41.0000	4074.0000	4115.0000	0.1560	0.002000
19.4580	-41.0000	4074.0000	4115.0000	0.1743	0.002000
19.4600	-41.0000	4074.0000	4115.0000	0.1926	0.002000
19.4620	-41.0000	4074.0000	4115.0000	0.1745	0.002000
19.4640	-41.0000	4074.0000	4115.0000	0.1560	0.002000
19.4660	-41.0000	4074.0000	4115.0000	0.1743	0.002000
19.4680	-41.0000	4074.0000	4115.0000	0.1926	0.002000
19.4700	-41.0000	4074.0000	4115.0000	0.1745	0.002000
19.4720	-41.0000	4074.0000	4115.0000	0.1560	0.002000
19.4740	-41.0000	4074.0000	4115.0000	0.1743	0.002000
19.4760	-41.0000	4074.0000	4115.0000	0.1926	0.002000
19.4780	-41.0000	4074.0000	4115.0000	0.1745	0.002000
19.4800	-41.0000	4074.0000	4115.0000	0.1560	0.002000
19.4820	-41.0000	4074.0000	4115.0000	0.1743	0.002000
19.4840	-41.0000	4074.0000	4115.0000	0.1926	0.002000
19.4860	-41.0000	4074.0000	4115.0000	0.1745	0.002000
19.4880	-41.0000	4074.0000	4115.0000	0.1560	0.002000
19.4900	-41.0000	4074.0000	4115.0000	0.1743	0.002000
19.4920	-41.0000	4074.0000	4115.0000	0.1926	0.002000
19.4940	-41.0000	4074.0000	4115.0000	0.1745	0.002000
19.4960	-41.0000	4074.0000	4115.0000	0.1560	0.002000
19.4980	-41.0000	4074.0000	4115.0000	0.1743	0.002000
19.5000	-41.0000	4074.0000	4115.0000	0.1926	0.002000
19.5020	-41.0000	4074.0000	4115.0000	0.1745	0.002000
19.5040	-41.0000	4074.0000	4115.0000	0.1560	0.002000
19.5060	-41.0000	4074.0000	4115.0000	0.1743	0.002000
19.5080	-41.0000	4074.0000	4115.0000	0.1926	0.002000
19.5100	-41.0000	4074.0000	4115.0000	0.1745	0.002000
19.5120	-41.0000	4074.0000	4115.0000	0.1560	0.002000
19.5140	-41.0000	4074.0000	4115.0000	0.1743	0.002000
19.5160	-41.0000	4074.0000	4115.0000	0.1926	0.002000
19.5180	-41.0000	4074.0000	4115.0000	0.1745	0.002000
19.5200	-41.0000	4074.0000	4115.0000	0.1560	0.002000
19.5220	-41.0000	4074.0000	4115.0000	0.1743	0.002000
19.5240	-41.0000	4074.0000	4115.0000	0.1926	0.002000
19.5260	-41.0000	4074.0000	4115.0000	0.1745	0.002000
19.5280	-41.0000	4074.0000	4115.0000	0.1560	0.002000
19.5300	-41.0000	4074.0000	4115.0000	0.1743	0.002000
19.5320	-41.0000	4074.0000	4115.0000	0.1926	0.002000
19.5340	-41.0000	4074.0000	4115.0000	0.1745	0.002000
19.5360	-41.0000	4074.0000	4115.0000	0.1560	0.002000
19.5380	-41.0000	4074.0000	4115.0000	0.1743	0.002000
19.5400	-41.0000	4074.0000	4115.0000	0.1926	0.002000
19.5420	-41.0000	4074.0000	4115.0000	0.1745	0.002000
19.5440	-41.0000	4074.0000	4115.0000	0.1560	0.002000
19.5460	-41.0000	4074.0000	4115.0000	0.1743	0.002000
19.5480	-41.0000	4074.0000	4115.0000	0.1926	0.002000
19.5500	-41.0000	4074.0000	4115.0000	0.1745	0.002000
19.5520	-41.0000	4074.0000	4115.0000	0.1560	0.002000
19.5540	-41.0000	4074.0000	4115.0000	0.1743	0.002000
19.5560	-41.0000	4074.0000	4115.0000	0.1926	0.002000
19.5580	-41.0000	4074.0000	4115.0000	0.1745	0.002000
19.5600	-41.0000	4074.0000	4115.0000	0.1560	0.002000
19.5620	-41.0000	4074.0000	4115.0000	0.1743	0.002000
19.5640	-41.0000	4074.0000	4115.0000	0.1926	0.002000
19.5660	-41.0000	4074.0000	4115.0000	0.1745	0.002000
19.5680	-41.0000	4074.0000	4115.0000	0.1560	0.002000
19.5700	-41.0000	4074.0000	4115.0000	0.1743	0.002000
19.5720	-41.0000	4074.0000	4115.0000	0.1926	0.002000
19.5740	-41.0000	4074.0000	4115.0000	0.1745	0.002000
19.5760	-41.0000	4074.0000	4115.0000	0.1560	0.002000
19.5780	-41.0000	4074.0000	4115.0000	0.1743	0.002000
19.5800	-41.0000	4074.0000	4115.0000	0.1926	0.002000
19.5820	-41.0000	4074.0000	4115.0000	0.1745	0.002000
19.5840	-41.0000	4074.0000	4115.0000	0.1560	0.002000
19.5860	-41.0000	4074.0000	4115.0000	0.1743	0.002000
19.5880	-41.0000	4074.0000	4115.0000	0.1926	0.002000
19.5900	-41.0000	4074.0000	4115.0000	0.1745	0.002000
19.5920	-41.0000	4074.0000	4115.0000	0.1560	0.002000
19.5940	-41.0000	4074.0000	4115.0000	0.1743	0.002000
19.5960	-41.0000	4074.0000	4115.0000	0.1926	0.002000
19.5980	-41.0000	4074.0000	4115.0000	0.1745	0.002000
19.6000	-41.0000	4074.0000	4115.0000	0.1560	0.002000
19.6020	-41.0000	4074.0000	4115.0000	0.1743	0.002000
19.6040	-41.0000	4074.0000	4115.0000	0.1926	0.002000
19.6060	-41.0000	4074.0000	4115.0000	0.1745	0.002000
19.6080	-41.0000	4074.0000	4115.0000	0.1560	0.002000
19.6100	-41.0000	4074.0000	4115.0000	0.1743	0.002000
19.6120	-41.0000	4074.0000	4115.0000	0.1926	0.002000
19.6140	-41.0000	4074.0000	4115.0000	0.1745	0.002000
19.6160	-41.0000	4074.0000	4115.0000	0.1560	0.002000
19.6180	-41.0000	4074.0000	4115.0000	0.1743	0.002000
19.6200	-41.0000	4074.0000	4115.0000	0.1926	0.002000
19.6220	-41.0000	4074.0000	4115.0000	0.1745	0.002000
19.6240	-41.0000	4074.0000	4115.0000	0.1560	0.002000
19.6260	-41.0000	4074.0000	4115.0000	0.1743	0.002000
19.6280	-41.0000	4074.0000	4115.0000	0.1926	0.002000
19.6300	-41.0000	4074.0000	4115.0000	0.1745	0.002000
19.6320	-41.0000	4074.0000	4115.0000	0.1560	0.002000
19.6340	-41.0000	4074.0000	4115.0000	0.1743	0.002000
19.6360	-41.0000	4074.0000	4115.0000	0.1926	0.002000
19.6380	-41.0000	4074.0000	4115.0000	0.1745	0.002000
19.6400	-41.0000	4074.0000	4115.0000	0.1560	0.002000
19.6420	-41.0000	4074.0000	4115.0000	0.1743	0.002000
19.6440	-41.0000	4074.0000	4115.0000	0.1926	0.002000
19.6460	-41.0000	4074.0000	4115.0000	0.1745	0.002000
19.6480	-41.0000	4074.0000	4115.0000	0.1560	0.002000
19.6500	-41.0000	4074.0000	4115.0000	0.1743	0.002000
19.6520	-41.0000	4074.0000	4115.0000	0.1926	0.002000
19.6540	-41.0000	4074.0000	4115.0000	0.1745	0.002000
19.6560	-41.0000	4074.0000	4115.0000	0.1560	0.002000
19.6580	-41.0000	4074.0000	4115.0000	0.1743	0.002000
19.6600	-41.0000	4074.0000	4115.0000	0.1926	0.002000
19.6620	-41.0000	4074.0000	4115.0000	0.1745	0.002000
19.6640	-41.0000	4074.0000	4115.0000	0.1560	0.002000
19.6660	-41.0000	4074.0000	4115.0000	0.1743	0.002000
19.6680	-41.0000	4074.0000	4115.0000	0.1926	0.002000
19.6700	-41.0000	4074.0000	4115.0000	0.1745	0.002000
19.6720	-41.0000	4074.0000	4115.0000	0.1560	0.002000
19.6740	-41.0000	4074.0000	4115.0000	0.1743	0.002000
19.6760	-41.0000	4074.0000	4115.0000	0.1926	0.002000
19.6780	-41.0000	4074.0000	4115.0000	0.1745	0.002000
19.6800	-41.0000	4074.0000	4115.0000	0.1560	0.002000
19.6820	-41.0000	4074.0000	4115.0000	0.1743	0.002000
19.6840	-41.0000	4074.0000	4115.0000	0.1926	0.002000
19.6860	-41.0000	4074.0000	4115.0000	0.1745	0.002000
19.6880	-41.0000	4074.0000	4115.0000	0.1560	0.002000
19.6900	-41.0000	4074.0000	4115.0000	0.1743	0.002000
19.6920	-41.0000	4074.0000	4115.0000	0.1926	0.002000
19.6940	-41.0000	4074.0000	4115.0000	0.1745	0.002000
19.6960	-41.0000	4074.0000	4115.0000	0.1560	0.002000
19.6980	-41.0000	4074.0000	4115.0000	0.1743	0.002000
19.7000	-41.0000	4074.0000	4115.0000	0.1926	0.002000
19.7020	-41.0000	4074.0000	4115.0000	0.1745	0.002000
19.7040	-41.0000	4074.0000	4115.0000	0.1560	0.002000
19.7060	-41.0000	4074.0000	4115.0000	0.1743	0.002000
19.7080	-41.0000	4074.0000	4115.0000	0.1926	0.002000
19.7100	-41.0000	4074.0000	4115.0000	0.1745	0.002000
19.7120	-41.0000	4074.0000	4115.0000	0.1560	0.002000
19.7140	-41.0000	4074.0000	4115.0000	0.1743	0.002000
19.7160	-41.0000	4074.0000	4115.0000	0.1926	0.002000
19.7180	-41.0000	4074.0000	4115.0000	0.1745	0.002000
19.7200	-41.0000	4074.0000	4115.0000	0.1560	0.002000
19.7220	-41.0000	4074.0000	4115.0000	0.1743	0.002000
19.7240	-41.0000	4074.0000	4115.0000	0.1926	0.002000
19.7260	-41.0000	4074.0000	4115.0000	0.1745	0.002000
19.7280	-41.0000	4074.0000	4115.0000	0.1560	0.002000
19.7300	-41.0000	4074.0000	4115.0000	0.1743	0.002000
19.7320	-41.0000	4074.0000	4115.0000	0.1926	0.002000
19.7340	-41.0000	4074.0000	4115.0000	0.1745	0.002000
19.7360	-41.0000	4074.0000	4115.0000	0.1560	0.002000
19.7380	-41.0000	4074.0000	4115.0000	0.1743	0.002000
19.7400	-41.0000	4074.0000	4115.0000	0.1926	0.002000
19.7420	-41.0000	4074.0000	4115.0000	0.1745	0.002000
19.7440	-41.0000	4074.0000	4115.0000	0.1560	0.002000
19.7460	-41.0000	4074.0000	4115.0000	0.1743	0.002000
19.7480	-41.0000	4074.0000	4115.0000	0.1926	0.002000
19.7500	-41.0000	4074.0000	4115.0000	0.1745	0.002000
19.7520	-41.0000	4074.0000	4115.0000	0.1560	0.002000
19.7540	-41.0000	4074.0000	4115.0000	0.1743	0.002000
19.7560	-41.0000	4074.0000	4115.0000	0.1926	0.002000
19.7580	-41.0000	4074.0000	4115.0000	0.1745	0.002000
19.7600	-41.0000	4074.0000	4115.0000	0.1560	0.002000
19.7620	-41.0000	4074.0000	4115.0000	0.1743	0.002000
19.7640	-41.0000	4074.0000	4115.0000	0.1926	0.002000
19.7660	-41.0000	4074.0000	4115.0000	0.1745	0.002000
19.7680	-41.0000	4074.0000	4115.0000	0.1560	0.002000
19.7700	-41.0000	4074.0000	4115.0000	0.1743	0.002000
19.7720	-41.0000	4074.0000	4115.0000	0.1926	0.002000
19.7740	-41.0000	4074.0000	4115.0000	0.1745	0.002000
19.7760	-41.0000	4074.0000	4115.0000	0.1560	0.002000
19.7780	-41.0000	4074.0000	4115.0000	0.1743	0.002000
19.7800	-41.0000	4074.0000	4115.0000	0.1926	0.002000
19.7820	-41.0000	4074.0000	4115.0000	0.1745	0.002000
19.7840	-41.0000	4074.0000	4115.0000	0.1560	0.002000
19.7860	-41.0000	4074.0000	4115.0000	0.1743	0.002000
19.7880	-41.0000	4074.0000	4115.0000	0.1926	0.002000
19.7900	-41.0000	4074.0000	4115.0000	0.1745	0.002000
19.7920	-41.0000	4074.0000	4115.0000	0.1560	0.002000
19.7940	-41.0000	4074.0000	4115.0000	0.1743	0.002000
19.7960	-41.0000	4074.0000	4115.0000	0.1926	0.002000
19.7980	-41.0000	4074.0000	4115.0000	0.1745	0.002000
19.8000	-41.0000	4074.0000	4115.0000	0.1560	0.002000
19.8020	-41.0000	4074.0000	4115.0000	0.1743	0.002000
19.8040	-41.0000	4074.0000	4115.0000	0.1926	0.002000
19.8060	-41.0000	4074.0000	4115.0000	0.1745	0.002000
19.8080	-41.0000	4074.0000	4115.0000	0.1560	0.002000
19.8100	-41.0000	4074.0000	4115.0000	0.1743	0.002000
19.8120	-41.0000	4074.0000	4115.0000	0.1926	0.002000
19.8140	-41.0000	4074.0000	4115.0000	0.1745	0.002000
19.8160	-41.0000	4074.0000	4115.0000	0.1560	0.002000
19.8180	-41.0000	4074.0000	4115.0000	0.1743	0.002000
19.8200	-41.0000	4074.0000	4115.0000	0.1926	0.002000
19.8220	-41.0000	4074.0000	4115.0000	0.1745	0.002000
19.8240	-41.0000	4074.0000	4115.0000	0.1560	0.002000
19.8260	-41.0000	4074.0000	4115.0000	0.1743	0.002000
19.8280	-41.0000	4074.0000	4115.0000	0.1926	0.002000
19.8300	-41.0000	4074.0000	4115.0000	0.1745	0.002000
19.8320	-41.0000	4074.0000	4115.0000	0.1560	0.002000
19.8340	-41.0000	4074.0000	4115.0000	0.1743	0.002000
19.8360	-41.0000	4074.0000	4115.0000	0.1926	0.002000
19.8380	-41.0000	4074.0000	4115.0000	0.1745	0.002000
19.8400	-41.0000	4074.0000	4115.0000	0.1560	0.002000
19.8420	-41.0000	4074.0000	4115.0000	0.1743	0.002000
19.8440	-41.0000	4074.0000	4115.0000	0.1926	0.002000
19.8460	-41.0000	4074.0000	4115.0000	0.1745	0.002000
19.8480	-41.0000	4074.0000	4115.0000	0.1560	0.002000
19.8500	-41.0000	4074.0000	4115.0000	0.1743	0.002000
19.8520	-41.0000	4074.0000	4115.0000	0.1926	0.002000
19.8540	-41.0000	4074.0000	4115.0000	0.1745	0.002000
19.8560	-41.0000	4074.0000	4115.0000	0.1560	0.002000
19.8580	-41.0000	4074.0000	4115.0000	0.1743	0.002000
19.8600	-41.0000	4074.0000	4115.0000	0.1926	0.002000
19.8620	-41.0000	4074.0000	4115.0000	0.1745	0.002000
19.8640	-41.0000	4074.0000	4115.0000	0.1560	0.002000
19.8660	-41.0000	4074.0000	4115.0000	0.1743	0.002000
19.8680	-41.0000	4074.0000	4115.0000	0.1926	0.002000
19.8700	-41.0000	4074.0000	4115.0000	0.1745	0.002000
19.8720	-41.0000	4074.0000	4115.0000	0.1560	0.002000
19.8740	-41.0000	4074.0000	4115.0000	0.1743	0.002000
19.8760	-41.0000	4074.0000	4115.0000	0.1926	0.002000
19.8780	-41.0000	4074.0000	4115.0000	0.1745	0.002000
19.8800	-41.0000	4074.0000	4115.0000	0.1560	0.002000
19.8820	-41.0000	4074.0000	4115.0000	0.1743	0.002000
19.8840	-41.0000	4074.0000	4115.0000	0.1926	0.002000
19.8860	-41.0000	4074.0000	4115.0000	0.1745	0.002000
19.8880	-41.0000	4074.0000	4115.0000	0.1560	0.002000
19.8900	-41.0000	4074.0000	4115.0000	0.1743	0.002000
19.8920	-41.0000	4074.0000	4115.0000	0.1926	0.002000
19.8940	-41.0000	4074.0000	4115.0000	0.1745	0.002000
19.8960	-41.0000	4074.0000	4115.0000	0.1560	0.002000
19.8980	-41.0000	4074.0000	4115.0000	0.1743	0.002000
19.9000	-41.0000	4074.0000	4115.0000	0.1926	0.002000
19.9020	-41.0000	4074.0000	4115.0000	0.1745	0.002000
19.9040	-41.0000	4074.0000	4115.0000	0.1560	0.002000
19.9060	-41.0000	4074.0000	4115.0000	0.1743	0.002000
19.9080	-41.0000	4074.0000	4115.0000	0.1926	0.002000
19.9100	-41.0000	4074.0000	4115.0000	0.1745	0.002000
19.9120	-41.0000	4074.0000	4115.0000	0.1560	0.002000
19.9140	-41.0000	4074.0000	4115.0000	0.1743	0.002000
19.9160	-41.0000	4074.0000	4115.0000	0.1926	0.002000
19.9180	-41.0000	4074.0000	4115.0000	0.1745	0.002000
19.9200	-41.0000	4074.0000	4115.0000	0.1560	0.002000
19.9220	-41.0000	4074.0000	4115.0000	0.1743	0.002000
19.9240	-41.0000	4074.0000	4115.0000	0.1926	0.002000
19.9260	-41.0000	4074.0000	4115.0000	0.1745	0.002000
19.9280	-41.0000	4074.0000	4115.0000	0.1560	0.002000
19.9300	-41.0000	4074.0000	4115.0000	0.1743	0.002000
19.9320	-41.0000	4074.0000	4115.0000	0.1926	0.002000
19.9340	-41.0000	4074.0000	4115.0000	0.1745	0.002000
19.9360	-41.0000	4074.0000	4115.0000	0.1560	0.002000
19.9380	-41.0000	4074.0000	4115.0000	0.1743	0.002000
19.9400	-41.0000	4074.0000	4115.0000	0.1926	0.002000
19.9420	-41.0000	4074.0000	4115.0000	0.1745	0.002000
19.9440	-41.0000	4074.0000	4115.0000	0.1560	0.002000
19.9460	-41.0000	4074.0000	4115.0000	0.1743	0.002000
19.9480	-41.0000	4074.0000	4115.0000	0.1926	0.002000
19.9500	-41.0000	4074.0000	4115.0000	0.1745	0.002000
19.9520	-41.0000	4074.0000	4115.0000	0.1560	0.002000
19.9540	-41.0000	4074.0000	4115.0000	0.1743	0.002000
19.9560	-41.0000	4074.0000	4115.0000	0.1926	0.002000
19.9580	-41.0000	4074.0000	4115.0000	0.1745	0.002000
19.9600	-41.0000	4074.0000	4115.0000	0.1560	0.002000
19.9620	-41.0000	4074.0000	4115.0000	0.1743	0.002000
19.9640	-41.0000	4074.0000	4115.0000	0.1926	0.002000
19.9660	-41.0000	4074.0000	4115.0000	0.1745	0.002000
19.9680	-41.0000	4074.0000	4115.0000	0.1560	0.002000
19.9700	-41.0000	4074.0000	4115.0000	0.1743	0.002000
19.9720	-41.0000	4074.0000	4115.0000	0.1926	0.002000
19.9740	-41.0000	4074.0000	4115.0000	0.1745	0.002000
19.9760	-41.0000	4074.0000	4115.0000	0.1560	0.002000
19.9780	-41.0000	4074.0000	4115.0000	0.1743	0.002000
19.9800	-41.0000	4074.0000	4115.0000	0.1926	0.002000
19.9820	-41.0000	4074.0000	4115.0000	0.1745	0.002000
19.9840	-41.0000	4074.0000	4115.0000	0.1560	0.002000
19.9860	-41.0000	4074.0000	4115.0000	0.1743	0.002000
19.9880	-41.0000	4074.0000	4115.0000	0.1926	0.002000
19.9900	-41.0000	4074.0000	4115.0000	0.1745	0.002000
19.9920	-41.0000	4074.0000	4115.0000	0.1560	0.002000
19.9940	-41.0000	4074.0000	4115.0000	0.1743	0.002000
19.9960	-41.0000	4074.0000	4115.0000	0.1926	0.002000
19.9980	-41.0000	4074.0000	4115.0000	0.1745	0.002000
20.0000	-41.0000	4074.0000	4115.0000	0.1560	0.002000
