# URI 2026 Dual Actuator TVC Experiment
# Mode: Random
# Controller: PID
# Figure-eight: W0=10.0 deg, W1=0.2 rad/s
# Geometry[in]: H1=13.28 H2=9.51 R=6.2 ELL=0.6 measured=True
# TiltLimit: 45.0 deg   Ts: 0.002s   Duration: 60s
# t	e1	e2	x1	x2	xd1	xd2	u1	u2	phi	theta	tilt	dt
0.0020	-0.00	0.00	0.0	0.0	3.5	-0.6	0.0044	-0.0044	0.00000	0.00000	0.000	0.002000
0.0041	-0.00	0.00	0.0	0.0	7.2	-1.2	-0.0000	0.0000	0.00000	0.00000	0.000	0.002109
0.0060	-0.00	0.00	0.0	0.0	10.5	-1.8	-0.0045	0.0045	0.00000	0.00000	0.000	0.001891
0.0080	-0.00	0.00	0.0	0.0	13.9	-2.3	-0.0001	0.0001	0.00000	0.00000	0.000	0.002000
0.0100	-0.00	0.00	0.0	0.0	17.4	-2.9	0.0045	-0.0045	0.00000	0.00000	0.000	0.002000
0.0120	-0.00	0.00	0.0	0.0	20.9	-3.5	0.0001	-0.0001	0.00000	0.00000	0.000	0.002000
0.0140	-0.00	0.00	0.0	0.0	24.4	-4.1	-0.0045	0.0045	0.00000	0.00000	0.000	0.002000
0.0160	-0.00	0.00	0.0	0.0	27.9	-4.7	-0.0001	0.0001	0.00000	0.00000	0.000	0.002000
0.0180	-0.00	0.00	0.0	0.0	31.4	-5.3	0.0045	-0.0045	0.00000	0.00000	0.000	0.002000
0.0200	-0.00	0.00	0.0	0.0	34.9	-5.9	0.0001	-0.0001	0.00000	0.00000	0.000	0.002000
0.0220	-0.00	0.00	0.0	0.0	38.3	-6.5	-0.0045	0.0045	0.00000	0.00000	0.000	0.002000
0.0240	-0.01	0.00	0.0	0.0	41.8	-7.1	-0.0001	0.0001	0.00000	0.00000	0.000	0.002000
0.0260	-0.01	0.00	0.0	0.0	45.3	-7.7	0.0046	-0.0045	0.00000	0.00000	0.000	0.002000
0.0280	-0.01	0.00	0.0	0.0	48.8	-8.2	0.0002	-0.0001	0.00000	0.00000	0.000	0.002000
0.0300	-0.01	0.00	0.0	0.0	52.3	-8.8	-0.0045	0.0045	0.00000	0.00000	0.000	0.002000
0.0320	-0.01	0.00	0.0	0.0	55.8	-9.4	-0.0000	0.0001	0.00000	0.00000	0.000	0.002000
0.0340	-0.02	0.00	0.0	0.0	59.2	-10.0	0.0046	-0.0045	0.00000	0.00000	0.000	0.002000
0.0360	-0.02	0.00	0.0	0.0	62.7	-10.6	0.0002	-0.0001	0.00000	0.00000	0.000	0.002000
0.0380	-0.02	0.00	0.0	0.0	66.2	-11.2	-0.0044	0.0045	0.00000	0.00000	0.000	0.002000
0.0400	-0.03	0.00	0.0	0.0	69.7	-11.8	0.0000	0.0001	0.00000	0.00000	0.000	0.002000
0.0420	-0.03	0.01	0.0	0.0	73.1	-12.4	0.0047	-0.0045	0.00000	0.00000	0.000	0.002000
0.0440	-0.04	0.01	0.0	0.0	76.6	-13.0	0.0003	-0.0001	0.00000	0.00000	0.000	0.002000
0.0460	-0.04	0.01	0.0	0.0	80.1	-13.6	-0.0043	0.0045	0.00000	0.00000	0.000	0.002000
0.0480	-0.05	0.01	0.0	0.0	83.6	-14.2	0.0001	0.0001	0.00000	0.00000	0.000	0.002000
0.0500	-0.05	0.01	0.0	0.0	87.1	-14.8	0.0048	-0.0046	0.00000	0.00000	0.000	0.002000
0.0520	-0.06	0.01	0.0	0.0	90.5	-15.4	0.0004	-0.0002	0.00000	0.00000	0.000	0.002000
0.0540	-0.07	0.01	0.0	0.0	94.0	-16.0	-0.0042	0.0045	0.00000	0.00000	0.000	0.002000
0.0560	-0.08	0.01	0.0	0.0	97.5	-16.6	0.0003	0.0000	0.00000	0.00000	0.000	0.002000
0.0580	-0.08	0.01	0.0	0.0	101.0	-17.2	0.0049	-0.0046	0.00000	0.00000	0.000	0.002000
0.0600	-0.09	0.02	0.0	0.0	104.4	-17.8	0.0006	-0.0002	0.00000	0.00000	0.000	0.002000
0.0620	-0.10	0.02	0.0	0.0	107.9	-18.4	-0.0040	0.0044	0.00000	0.00000	0.000	0.002000
0.0640	-0.11	0.02	0.0	0.0	111.4	-19.0	0.0005	0.0000	0.00000	0.00000	0.000	0.002000
0.0660	-0.12	0.02	0.0	0.0	114.9	-19.6	0.0051	-0.0046	0.00000	0.00000	0.000	0.002000
0.0680	-0.14	0.02	0.0	0.0	118.3	-20.2	0.0008	-0.0002	0.00000	0.00000	0.000	0.002000
0.0700	-0.15	0.03	0.0	0.0	121.8	-20.8	-0.0038	0.0044	0.00000	0.00000	0.000	0.002000
0.0720	-0.16	0.03	0.0	0.0	125.3	-21.4	0.0007	-0.0000	0.00000	0.00000	0.000	0.002000
0.0740	-0.18	0.03	0.0	0.0	128.8	-22.0	0.0054	-0.0047	0.00000	0.00000	0.000	0.002000
0.0760	-0.19	0.03	0.0	0.0	132.2	-22.6	0.0011	-0.0003	0.00000	0.00000	0.000	0.002000
0.0780	-0.21	0.04	0.0	0.0	135.7	-23.2	-0.0035	0.0043	0.00000	0.00000	0.000	0.002000
0.0800	-0.22	0.04	0.0	0.0	139.2	-23.8	0.0010	-0.0001	0.00000	0.00000	0.000	0.002000
0.0820	-0.24	0.04	0.0	0.0	142.6	-24.4	0.0057	-0.0047	0.00000	0.00000	0.000	0.002000
0.0840	-0.26	0.04	0.0	0.0	146.1	-25.0	0.0015	-0.0003	0.00000	0.00000	0.000	0.002000
0.0860	-0.28	0.05	0.0	0.0	149.6	-25.6	-0.0031	0.0043	0.00000	0.00000	0.000	0.002000
0.0880	-0.30	0.05	0.0	0.0	153.0	-26.2	0.0014	-0.0001	0.00000	0.00000	0.000	0.002000
0.0900	-0.32	0.05	0.0	0.0	156.5	-26.8	0.0061	-0.0048	0.00000	0.00000	0.000	0.002000
0.0920	-0.34	0.06	0.0	0.0	160.0	-27.4	0.0108	-0.0004	0.00000	0.00000	0.000	0.002000
0.0940	-0.36	0.06	0.0	0.0	163.4	-28.0	0.0065	0.0042	0.00000	0.00000	0.000	0.002000
0.0960	-0.38	0.07	0.0	0.0	166.9	-28.6	0.0020	-0.0002	0.00000	0.00000	0.000	0.002000
0.0980	-0.41	0.07	0.0	0.0	170.4	-29.2	-0.0024	-0.0049	0.00000	0.00000	0.000	0.002000
0.1000	-0.43	0.07	0.0	0.0	173.8	-29.8	0.0021	-0.0005	0.00000	0.00000	0.000	0.002000
0.1020	-0.46	0.08	0.0	0.0	177.3	-30.4	0.0068	0.0041	0.00000	0.00000	0.000	0.002000
0.1040	-0.49	0.08	0.0	0.0	180.8	-31.1	0.0116	-0.0003	0.00000	0.00000	0.000	0.002000
0.1060	-0.52	0.09	0.0	0.0	184.2	-31.7	0.0073	-0.0050	0.00000	0.00000	0.000	0.002000
0.1080	-0.55	0.09	0.0	0.0	187.7	-32.3	0.0029	-0.0006	0.00000	0.00000	0.000	0.002000
0.1100	-0.58	0.10	0.0	0.0	191.2	-32.9	0.0074	0.0040	0.00000	0.00000	0.000	0.002000
0.1120	-0.61	0.10	0.0	0.0	194.6	-33.5	0.0122	-0.0004	0.00000	0.00000	0.000	0.002000
0.1140	-0.64	0.11	0.0	0.0	198.1	-34.1	0.0079	-0.0051	0.00000	0.00000	0.000	0.002000
0.1160	-0.68	0.12	0.0	0.0	201.6	-34.7	0.0035	-0.0007	0.00000	0.00000	0.000	0.002000
0.1180	-0.71	0.12	0.0	0.0	205.0	-35.3	0.0081	0.0039	0.00000	0.00000	0.000	0.002000
0.1200	-0.75	0.13	0.0	0.0	208.5	-35.9	0.0129	-0.0005	0.00000	0.00000	0.000	0.002000
0.1220	-0.79	0.14	0.0	0.0	211.9	-36.6	0.0087	-0.0052	0.00000	0.00000	0.000	0.002000
0.1240	-0.83	0.14	0.0	0.0	215.4	-37.2	0.0042	-0.0008	0.00000	0.00000	0.000	0.002000
0.1260	-0.87	0.15	0.0	0.0	218.9	-37.8	0.0089	0.0038	0.00000	0.00000	0.000	0.002000
0.1280	-0.91	0.16	0.0	0.0	222.3	-38.4	0.0137	-0.0007	0.00000	0.00000	0.000	0.002000
0.1300	-0.95	0.16	0.0	0.0	225.8	-39.0	0.0095	-0.0053	0.00000	0.00000	0.000	0.002000
0.1320	-1.00	0.17	0.0	0.0	229.2	-39.6	0.0051	-0.0010	0.00000	0.00000	0.000	0.002000
0.1340	-1.04	0.18	0.0	0.0	232.7	-40.2	0.0097	0.0036	0.00000	0.00000	0.000	0.002000
0.1360	-1.09	0.19	0.0	0.0	236.2	-40.9	0.0146	-0.0008	0.00000	0.00000	0.000	0.002000
0.1380	-1.14	0.20	0.0	0.0	239.6	-41.5	0.0104	-0.0055	0.00000	0.00000	0.000	0.002000
0.1400	-1.19	0.21	0.0	0.0	243.1	-42.1	0.0061	-0.0011	0.00000	0.00000	0.000	0.002000
0.1420	-1.24	0.21	0.0	0.0	246.5	-42.7	0.0107	0.0034	0.00000	0.00000	0.000	0.002000
0.1440	-1.29	0.22	0.0	0.0	250.0	-43.3	0.0156	-0.0010	0.00000	0.00000	0.000	0.002000
0.1460	-1.35	0.23	0.0	0.0	253.5	-43.9	0.0115	-0.0057	0.00000	0.00000	0.000	0.002000
0.1480	-1.40	0.24	0.0	0.0	256.9	-44.6	0.0071	-0.0013	0.00000	0.00000	0.000	0.002000
0.1500	-1.46	0.25	0.0	0.0	260.4	-45.2	0.0118	0.0032	0.00000	0.00000	0.000	0.002000
0.1520	-1.52	0.26	0.0	0.0	263.8	-45.8	0.0167	-0.0012	0.00000	0.00000	0.000	0.002000
0.1540	-1.58	0.27	0.0	0.0	267.3	-46.4	0.0127	-0.0059	0.00000	0.00000	0.000	0.002000
0.1560	-1.64	0.28	0.0	0.0	270.7	-47.0	0.0083	-0.0015	0.00000	0.00000	0.000	0.002000
0.1580	-1.70	0.30	0.0	0.0	274.2	-47.7	0.0130	0.0030	0.00000	0.00000	0.000	0.002000
0.1600	-1.77	0.31	0.0	0.0	277.6	-48.3	0.0180	-0.0014	0.00000	0.00000	0.000	0.002000
0.1620	-1.84	0.32	0.0	0.0	281.1	-48.9	0.0229	-0.0061	0.00000	0.00000	0.000	0.002000
0.1640	-1.90	0.33	0.0	0.0	284.5	-49.5	0.0189	-0.0018	0.00000	0.00000	0.000	0.002000
0.1660	-1.97	0.34	0.0	0.0	288.0	-50.1	0.0146	0.0028	0.00000	0.00000	0.000	0.002000
0.1680	-2.05	0.36	0.0	0.0	291.4	-50.8	0.0193	-0.0017	0.00000	0.00000	0.000	0.002000
0.1700	-2.12	0.37	0.0	0.0	294.9	-51.4	0.0244	-0.0064	0.00000	0.00000	0.000	0.002000
0.1720	-2.20	0.38	0.0	0.0	298.3	-52.0	0.0204	-0.0020	0.00000	0.00000	0.000	0.002000
0.1740	-2.27	0.40	0.0	0.0	301.8	-52.6	0.0161	0.0025	0.00000	0.00000	0.000	0.002000
0.1760	-2.35	0.41	0.0	0.0	305.2	-53.3	0.0209	-0.0019	0.00000	0.00000	0.000	0.002000
0.1780	-2.43	0.42	0.0	0.0	308.7	-53.9	0.0259	-0.0066	0.00000	0.00000	0.000	0.002000
0.1800	-2.51	0.44	0.0	0.0	312.1	-54.5	0.0219	-0.0023	0.00000	0.00000	0.000	0.002000
0.1820	-2.60	0.45	0.0	0.0	315.6	-55.1	0.0177	0.0022	0.00000	0.00000	0.000	0.002000
0.1840	-2.69	0.47	0.0	0.0	319.0	-55.8	0.0226	-0.0022	0.00000	0.00000	0.000	0.002000
0.1860	-2.77	0.48	0.0	0.0	322.5	-56.4	0.0276	-0.0069	0.00000	0.00000	0.000	0.002000
0.1880	-2.86	0.50	0.0	0.0	325.9	-57.0	0.0237	-0.0027	0.00000	0.00000	0.000	0.002000
0.1900	-2.95	0.52	0.0	0.0	329.4	-57.6	0.0195	0.0019	0.00000	0.00000	0.000	0.002000
0.1920	-3.05	0.53	0.0	0.0	332.8	-58.3	0.0244	-0.0026	0.00000	0.00000	0.000	0.002000
0.1940	-3.14	0.55	0.0	0.0	336.3	-58.9	0.0295	-0.0073	0.00000	0.00000	0.000	0.002000
0.1960	-3.24	0.57	0.0	0.0	339.7	-59.5	0.0256	-0.0030	0.00000	0.00000	0.000	0.002000
0.1980	-3.34	0.59	0.0	0.0	343.2	-60.1	0.0215	0.0016	0.00000	0.00000	0.000	0.002000
0.2000	-3.44	0.60	0.0	0.0	346.6	-60.8	0.0264	-0.0029	0.00000	0.00000	0.000	0.002000
0.2020	-3.55	0.62	0.0	0.0	350.0	-61.4	0.0315	-0.0076	0.00000	0.00000	0.000	0.002000
0.2040	-3.65	0.64	0.0	0.0	353.5	-62.0	0.0277	-0.0034	0.00000	0.00000	0.000	0.002000
0.2060	-3.76	0.66	0.0	0.0	356.9	-62.7	0.0236	0.0012	0.00000	0.00000	0.000	0.002000
0.2080	-3.87	0.68	0.0	0.0	360.4	-63.3	0.0285	-0.0033	0.00000	0.00000	0.000	0.002000
0.2100	-3.98	0.70	0.0	0.0	363.8	-63.9	0.0337	-0.0080	0.00000	0.00000	0.000	0.002000
0.2120	-4.10	0.72	0.0	0.0	367.3	-64.6	0.0389	-0.0127	0.00000	0.00000	0.000	0.002000
0.2140	-4.21	0.74	0.0	0.0	370.7	-65.2	0.0351	-0.0084	0.00000	0.00000	0.000	0.002000
0.2160	-4.33	0.76	0.0	0.0	374.1	-65.8	0.0311	-0.0039	0.00000	0.00000	0.000	0.002000
0.2180	-4.45	0.78	0.0	0.0	377.6	-66.5	0.0360	0.0005	0.00000	0.00000	0.000	0.002000
0.2200	-4.57	0.81	0.0	0.0	381.0	-67.1	0.0413	-0.0039	0.00000	0.00000	0.000	0.002000
0.2220	-4.70	0.83	0.0	0.0	384.5	-67.7	0.0375	-0.0086	0.00000	0.00000	0.000	0.002000
0.2240	-4.83	0.85	0.0	0.0	387.9	-68.4	0.0335	-0.0134	0.00000	0.00000	0.000	0.002000
0.2260	-4.95	0.87	0.0	0.0	391.3	-69.0	0.0386	-0.0091	0.00000	0.00000	0.000	0.002000
0.2280	-5.09	0.90	0.0	0.0	394.8	-69.6	0.0439	-0.0046	0.00000	0.00000	0.000	0.002000
0.2300	-5.22	0.92	0.0	0.0	398.2	-70.3	0.0401	-0.0002	0.00000	0.00000	0.000	0.002000
0.2320	-5.36	0.95	0.0	0.0	401.6	-70.9	0.0362	-0.0046	0.00000	0.00000	0.000	0.002000
0.2340	-5.49	0.97	0.0	0.0	405.1	-71.5	0.0413	-0.0094	0.00000	0.00000	0.000	0.002000
0.2360	-5.64	1.00	0.0	0.0	408.5	-72.2	0.0466	-0.0141	0.00000	0.00000	0.000	0.002000
0.2380	-5.78	1.02	0.0	0.0	412.0	-72.8	0.0429	-0.0099	0.00000	0.00000	0.000	0.002000
0.2400	-5.92	1.05	0.0	0.0	415.4	-73.5	0.0391	-0.0054	0.00000	0.00000	0.000	0.002000
0.2420	-6.07	1.07	0.0	0.0	418.8	-74.1	0.0442	-0.0098	0.00000	0.00000	0.000	0.002000
0.2440	-6.22	1.10	0.0	0.0	422.3	-74.7	0.0496	-0.0147	0.00000	0.00000	0.000	0.002000
0.2460	-6.38	1.13	0.0	0.0	425.7	-75.4	0.0549	-0.0104	0.00000	0.00000	0.000	0.002000
0.2480	-6.53	1.16	0.0	0.0	429.1	-76.0	0.0513	-0.0059	0.00000	0.00000	0.000	0.002000
0.2500	-6.69	1.19	0.0	0.0	432.6	-76.7	0.0475	-0.0104	0.00000	0.00000	0.000	0.002000
0.2520	-6.85	1.21	0.0	0.0	436.0	-77.3	0.0527	-0.0152	0.00000	0.00000	0.000	0.002000
0.2540	-7.01	1.24	0.0	0.0	439.4	-77.9	0.0581	-0.0110	0.00000	0.00000	0.000	0.002000
0.2560	-7.18	1.27	0.0	0.0	442.9	-78.6	0.0546	-0.0065	0.00000	0.00000	0.000	0.002000
0.2580	-7.35	1.30	0.0	0.0	446.3	-79.2	0.0508	-0.0110	0.00000	0.00000	0.000	0.002000
0.2600	-7.52	1.33	0.0	0.0	449.7	-79.9	0.0561	-0.0158	0.00000	0.00000	0.000	0.002000
0.2620	-7.69	1.37	0.0	0.0	453.2	-80.5	0.0615	-0.0116	0.00000	0.00000	0.000	0.002000
0.2640	-7.86	1.40	0.0	0.0	456.6	-81.1	0.0580	-0.0071	0.00000	0.00000	0.000	0.002000
0.2660	-8.04	1.43	0.0	0.0	460.0	-81.8	0.0543	-0.0117	0.00000	0.00000	0.000	0.002000
0.2680	-8.22	1.46	0.0	0.0	463.4	-82.4	0.0596	-0.0165	0.00000	0.00000	0.000	0.002000
0.2700	-8.41	1.50	0.0	0.0	466.9	-83.1	0.0651	-0.0122	0.00000	0.00000	0.000	0.002000
0.2720	-8.59	1.53	0.0	0.0	470.3	-83.7	0.0617	-0.0078	0.00000	0.00000	0.000	0.002000
0.2740	-8.78	1.56	0.0	0.0	473.7	-84.4	0.0580	-0.0123	0.00000	0.00000	0.000	0.002000
0.2760	-8.97	1.60	0.0	0.0	477.2	-85.0	0.0634	-0.0171	0.00000	0.00000	0.000	0.002000
0.2780	-9.17	1.63	0.0	0.0	480.6	-85.7	0.0689	-0.0129	0.00000	0.00000	0.000	0.002000
0.2800	-9.36	1.67	0.0	0.0	484.0	-86.3	0.0745	-0.0085	0.00000	0.00000	0.000	0.002000
0.2820	-9.56	1.71	0.0	0.0	487.4	-87.0	0.0712	-0.0131	0.00000	0.00000	0.000	0.002000
0.2840	-9.77	1.74	0.0	0.0	490.9	-87.6	0.0676	-0.0179	0.00000	0.00000	0.000	0.002000
0.2860	-9.97	1.78	0.0	0.0	494.3	-88.3	0.0730	-0.0137	0.00000	0.00000	0.000	0.002000
0.2880	-10.18	1.82	0.0	0.0	497.7	-88.9	0.0787	-0.0092	0.00000	0.00000	0.000	0.002000
0.2900	-10.39	1.86	0.0	0.0	501.1	-89.5	0.0753	-0.0138	0.00000	0.00000	0.000	0.002000
0.2920	-10.60	1.90	0.0	0.0	504.6	-90.2	0.0718	-0.0186	0.00000	0.00000	0.000	0.002000
0.2940	-10.82	1.94	0.0	0.0	508.0	-90.8	0.0773	-0.0144	0.00000	0.00000	0.000	0.002000
0.2960	-11.04	1.98	0.0	0.0	511.4	-91.5	0.0830	-0.0100	0.00000	0.00000	0.000	0.002000
0.2980	-11.26	2.02	0.0	0.0	514.8	-92.1	0.0797	-0.0146	0.00000	0.00000	0.000	0.002000
0.3000	-11.49	2.06	0.0	0.0	518.3	-92.8	0.0762	-0.0195	0.00000	0.00000	0.000	0.002000
0.3020	-11.72	2.10	0.0	0.0	521.7	-93.5	0.0818	-0.0153	0.00000	0.00000	0.000	0.002000
0.3040	-11.95	2.14	0.0	0.0	525.1	-94.1	0.0875	-0.0108	0.00000	0.00000	0.000	0.002000
0.3060	-12.18	2.18	0.0	0.0	528.5	-94.8	0.0843	-0.0155	0.00000	0.00000	0.000	0.002000
0.3080	-12.42	2.23	0.0	0.0	531.9	-95.4	0.0809	-0.0203	0.00000	0.00000	0.000	0.002000
0.3100	-12.66	2.27	0.0	0.0	535.4	-96.1	0.0865	-0.0161	0.00000	0.00000	0.000	0.002000
0.3120	-12.90	2.32	0.0	0.0	538.8	-96.7	0.0923	-0.0117	0.00000	0.00000	0.000	0.002000
0.3140	-13.15	2.36	0.0	0.0	542.2	-97.4	0.0982	-0.0164	0.00000	0.00000	0.000	0.002000
0.3160	-13.40	2.41	0.0	0.0	545.6	-98.0	0.0950	-0.0212	0.00000	0.00000	0.000	0.002000
0.3180	-13.65	2.45	0.0	0.0	549.0	-98.7	0.0917	-0.0170	0.00000	0.00000	0.000	0.002000
0.3200	-13.90	2.50	0.0	0.0	552.4	-99.3	0.0974	-0.0127	0.00000	0.00000	0.000	0.002000
0.3220	-14.16	2.55	0.0	0.0	555.9	-100.0	0.1033	-0.0173	0.00000	0.00000	0.000	0.002000
0.3240	-14.42	2.60	0.0	0.0	559.3	-100.6	0.1002	-0.0222	0.00000	0.00000	0.000	0.002000
0.3260	-14.69	2.64	0.0	0.0	562.7	-101.3	0.0969	-0.0180	0.00000	0.00000	0.000	0.002000
0.3280	-14.96	2.69	0.0	0.0	566.1	-102.0	0.1027	-0.0136	0.00000	0.00000	0.000	0.002000
0.3300	-15.23	2.74	0.0	0.0	569.5	-102.6	0.1086	-0.0183	0.00000	0.00000	0.000	0.002000
0.3320	-15.50	2.79	0.0	0.0	572.9	-103.3	0.1056	-0.0232	0.00000	0.00000	0.000	0.002000
0.3340	-15.78	2.85	0.0	0.0	576.4	-103.9	0.1024	-0.0190	0.00000	0.00000	0.000	0.002000
0.3360	-16.06	2.90	0.0	0.0	579.8	-104.6	0.1082	-0.0147	0.00000	0.00000	0.000	0.002000
0.3380	-16.34	2.95	0.0	0.0	583.2	-105.3	0.1142	-0.0193	0.00000	0.00000	0.000	0.002000
0.3400	-16.63	3.00	0.0	0.0	586.6	-105.9	0.1203	-0.0242	0.00000	0.00000	0.000	0.002000
0.3420	-16.92	3.06	0.0	0.0	590.0	-106.6	0.1174	-0.0201	0.00000	0.00000	0.000	0.002000
0.3440	-17.22	3.11	0.0	0.0	593.4	-107.2	0.1142	-0.0157	0.00000	0.00000	0.000	0.002000
0.3460	-17.51	3.17	0.0	0.0	596.8	-107.9	0.1201	-0.0204	0.00000	0.00000	0.000	0.002000
0.3480	-17.81	3.22	0.0	0.0	600.3	-108.6	0.1262	-0.0253	0.00000	0.00000	0.000	0.002000
0.3500	-18.12	3.28	0.0	0.0	603.7	-109.2	0.1234	-0.0212	0.00000	0.00000	0.000	0.002000
0.3520	-18.42	3.33	0.0	0.0	607.1	-109.9	0.1203	-0.0169	0.00000	0.00000	0.000	0.002000
0.3540	-18.73	3.39	0.0	0.0	610.5	-110.5	0.1262	-0.0215	0.00000	0.00000	0.000	0.002000
0.3560	-19.05	3.45	0.0	0.0	613.9	-111.2	0.1324	-0.0264	0.00000	0.00000	0.000	0.002000
0.3580	-19.36	3.51	0.0	0.0	617.3	-111.9	0.1296	-0.0224	0.00000	0.00000	0.000	0.002000
0.3600	-19.68	3.57	0.0	0.0	620.7	-112.5	0.1266	-0.0180	0.00000	0.00000	0.000	0.002000
0.3620	-20.01	3.63	0.0	0.0	624.1	-113.2	0.1326	-0.0227	0.00000	0.00000	0.000	0.002000
0.3640	-20.34	3.69	0.0	0.0	627.5	-113.9	0.1389	-0.0276	0.00000	0.00000	0.000	0.002000
0.3660	-20.67	3.75	0.0	0.0	630.9	-114.5	0.1452	-0.0236	0.00000	0.00000	0.000	0.002000
0.3680	-21.00	3.81	0.0	0.0	634.3	-115.2	0.1425	-0.0193	0.00000	0.00000	0.000	0.002000
0.3700	-21.34	3.88	0.0	0.0	637.8	-115.9	0.1396	-0.0240	0.00000	0.00000	0.000	0.002000
0.3720	-21.68	3.94	0.0	0.0	641.2	-116.5	0.1457	-0.0289	0.00000	0.00000	0.000	0.002000
0.3740	-22.02	4.00	0.0	0.0	644.6	-117.2	0.1520	-0.0338	0.00000	0.00000	0.000	0.002000
0.3760	-22.37	4.07	0.0	0.0	648.0	-117.9	0.1494	-0.0298	0.00000	0.00000	0.000	0.002000
0.3780	-22.72	4.14	0.0	0.0	651.4	-118.5	0.1465	-0.0255	0.00000	0.00000	0.000	0.002000
0.3800	-23.08	4.20	0.0	0.0	654.8	-119.2	0.1527	-0.0212	0.00000	0.00000	0.000	0.002000
0.3820	-23.44	4.27	0.0	0.0	658.2	-119.9	0.1591	-0.0259	0.00000	0.00000	0.000	0.002000
0.3840	-23.80	4.34	0.0	0.0	661.6	-120.5	0.1566	-0.0309	0.00000	0.00000	0.000	0.002000
0.3860	-24.17	4.41	0.0	0.0	665.0	-121.2	0.1538	-0.0358	0.00000	0.00000	0.000	0.002000
0.3880	-24.54	4.47	0.0	0.0	668.4	-121.9	0.1600	-0.0318	0.00000	0.00000	0.000	0.002000
0.3900	-24.91	4.54	0.0	0.0	671.8	-122.6	0.1665	-0.0276	0.00000	0.00000	0.000	0.002000
0.3920	-25.29	4.62	0.0	0.0	675.2	-123.2	0.1730	-0.0323	0.00000	0.00000	0.000	0.002000
0.3940	-25.67	4.69	0.0	0.0	678.6	-123.9	0.1706	-0.0373	0.00000	0.00000	0.000	0.002000
0.3960	-26.05	4.76	0.0	0.0	682.0	-124.6	0.1679	-0.0332	0.00000	0.00000	0.000	0.002000
0.3980	-26.44	4.83	0.0	0.0	685.4	-125.2	0.1742	-0.0290	0.00000	0.00000	0.000	0.002000
0.4000	-26.83	4.91	0.0	0.0	688.8	-125.9	0.1808	-0.0337	0.00000	0.00000	0.000	0.002000
0.4020	-27.23	4.98	0.0	0.0	692.2	-126.6	0.1784	-0.0387	0.00000	0.00000	0.000	0.002000
0.4040	-27.63	5.05	0.0	0.0	695.6	-127.3	0.1758	-0.0347	0.00000	0.00000	0.000	0.002000
0.4060	-28.03	5.13	0.0	0.0	699.0	-127.9	0.1822	-0.0305	0.00000	0.00000	0.000	0.002000
0.4080	-28.44	5.21	0.0	0.0	702.4	-128.6	0.1889	-0.0353	0.00000	0.00000	0.000	0.002000
0.4100	-28.85	5.28	0.0	0.0	705.8	-129.3	0.1866	-0.0403	0.00000	0.00000	0.000	0.002000
0.4120	-29.26	5.36	0.0	0.0	709.2	-130.0	0.1840	-0.0363	0.00000	0.00000	0.000	0.002000
0.4140	-29.68	5.44	0.0	0.0	712.6	-130.6	0.1905	-0.0321	0.00000	0.00000	0.000	0.002000
0.4160	-30.10	5.52	0.0	0.0	716.0	-131.3	0.1972	-0.0369	0.00000	0.00000	0.000	0.002000
0.4180	-30.53	5.60	0.0	0.0	719.4	-132.0	0.2040	-0.0419	0.00000	0.00000	0.000	0.002000
0.4200	-30.92	5.68	1.0	0.0	722.8	-132.7	0.2016	-0.0379	0.00000	-0.00004	0.002	0.002000
0.4220	-31.35	5.76	1.0	0.0	726.2	-133.3	0.1992	-0.0337	0.00000	-0.00004	0.002	0.002000
0.4240	-31.79	5.85	1.0	0.0	729.6	-134.0	0.2057	-0.0385	0.00000	-0.00004	0.002	0.002000
0.4260	-32.23	5.93	1.0	0.0	733.0	-134.7	0.2126	-0.0435	0.00000	-0.00004	0.002	0.002000
0.4280	-32.67	6.02	1.0	0.0	736.4	-135.4	0.2104	-0.0396	0.00000	-0.00004	0.002	0.002000
0.4300	-33.12	6.10	1.0	0.0	739.8	-136.1	0.2081	-0.0354	0.00000	-0.00004	0.002	0.002000
0.4320	-33.58	6.19	1.0	0.0	743.1	-136.7	0.2147	-0.0402	0.00000	-0.00004	0.002	0.002000
0.4340	-34.03	6.27	1.0	0.0	746.5	-137.4	0.2216	-0.0453	0.00000	-0.00004	0.002	0.002000
0.4360	-34.49	6.36	1.0	0.0	749.9	-138.1	0.2285	-0.0413	0.00000	-0.00004	0.002	0.002000
0.4380	-34.96	6.45	1.0	0.0	753.3	-138.8	0.2265	-0.0371	0.00000	-0.00004	0.002	0.002000
0.4400	-35.43	6.54	1.0	0.0	756.7	-139.5	0.2243	-0.0420	0.00000	-0.00004	0.002	0.002000
0.4420	-35.90	6.63	1.0	0.0	760.1	-140.1	0.2310	-0.0470	0.00000	-0.00004	0.002	0.002000
0.4440	-36.33	6.72	2.0	0.0	763.5	-140.8	0.2288	-0.0431	0.00000	-0.00008	0.004	0.002000
0.4460	-36.81	6.81	2.0	0.0	766.9	-141.5	0.2356	-0.0389	0.00000	-0.00008	0.004	0.002000
0.4480	-37.30	6.90	2.0	0.0	770.3	-142.2	0.2427	-0.0438	0.00000	-0.00008	0.004	0.002000
0.4500	-37.78	7.00	2.0	0.0	773.7	-142.9	0.2407	-0.0489	0.00000	-0.00008	0.004	0.002000
0.4520	-38.28	7.09	2.0	0.0	777.1	-143.6	0.2386	-0.0450	0.00000	-0.00008	0.004	0.002000
0.4540	-38.72	7.18	3.0	0.0	780.4	-144.2	0.2362	-0.0408	0.00000	-0.00012	0.007	0.002000
0.4560	-39.22	7.28	3.0	0.0	783.8	-144.9	0.2431	-0.0457	0.00000	-0.00012	0.007	0.002000
0.4580	-39.73	7.38	3.0	0.0	787.2	-145.6	0.2502	-0.0508	0.00000	-0.00012	0.007	0.002000
0.4600	-40.24	7.47	3.0	0.0	790.6	-146.3	0.2574	-0.0469	0.00000	-0.00012	0.007	0.002000
0.4620	-40.75	7.57	3.0	0.0	794.0	-147.0	0.2647	-0.0428	0.00000	-0.00012	0.007	0.002000
0.4640	-41.27	7.67	3.0	0.0	797.4	-147.7	0.2629	-0.0477	0.00000	-0.00012	0.007	0.002000
0.4660	-41.74	7.77	4.0	0.0	800.8	-148.4	0.2607	-0.0528	0.00000	-0.00016	0.009	0.002000
0.4680	-42.26	7.87	4.0	0.0	804.1	-149.0	0.2676	-0.0489	0.00000	-0.00016	0.009	0.002000
0.4700	-42.79	7.97	4.0	0.0	807.5	-149.7	0.2750	-0.0448	0.00000	-0.00016	0.009	0.002000
0.4720	-43.32	8.08	4.0	0.0	810.9	-150.4	0.2732	-0.0497	0.00000	-0.00016	0.009	0.002000
0.4740	-43.86	8.18	4.0	0.0	814.3	-151.1	0.2713	-0.0548	0.00000	-0.00016	0.009	0.002000
0.4760	-44.35	8.28	5.0	0.0	817.7	-151.8	0.2692	-0.0510	0.00000	-0.00020	0.011	0.002000
0.4780	-44.90	8.39	5.0	0.0	821.1	-152.5	0.2762	-0.0469	0.00000	-0.00020	0.011	0.002000
0.4800	-45.45	8.50	5.0	0.0	824.4	-153.2	0.2835	-0.0518	0.00000	-0.00020	0.011	0.002000
0.4820	-45.94	8.60	6.0	0.0	827.8	-153.9	0.2908	-0.0570	0.00000	-0.00024	0.013	0.002000
0.4840	-46.50	8.71	6.0	0.0	831.2	-154.6	0.2982	-0.0621	0.00000	-0.00024	0.013	0.002000
0.4860	-47.06	8.82	6.0	0.0	834.6	-155.3	0.2967	-0.0583	0.00000	-0.00024	0.013	0.002000
0.4880	-47.57	8.93	7.0	0.0	838.0	-155.9	0.2947	-0.0542	0.00000	-0.00027	0.016	0.002000
0.4900	-48.14	9.04	7.0	0.0	841.4	-156.6	0.3018	-0.0502	0.00000	-0.00027	0.016	0.002000
0.4920	-48.72	9.15	7.0	0.0	844.7	-157.3	0.3094	-0.0551	0.00000	-0.00027	0.016	0.002000
0.4940	-49.30	9.26	7.0	0.0	848.1	-158.0	0.3079	-0.0603	0.00000	-0.00027	0.016	0.002000
0.4960	-49.82	9.38	8.0	0.0	851.5	-158.7	0.3060	-0.0655	0.00000	-0.00031	0.018	0.002000
0.4980	-50.41	9.49	8.0	0.0	854.9	-159.4	0.3133	-0.0617	0.00000	-0.00031	0.018	0.002000
0.5000	-51.00	9.60	8.0	0.0	858.2	-160.1	0.3209	-0.0576	0.00000	-0.00031	0.018	0.002000
0.5020	-51.54	9.72	9.0	0.0	861.6	-160.8	0.3193	-0.0626	0.00000	-0.00035	0.020	0.002000
0.5040	-52.14	9.84	9.0	0.0	865.0	-161.5	0.3177	-0.0678	0.00000	-0.00035	0.020	0.002000
0.5060	-52.74	9.95	9.0	0.0	868.4	-162.2	0.3251	-0.0640	0.00000	-0.00035	0.020	0.002000
0.5080	-53.29	10.07	10.0	0.0	871.8	-162.9	0.3235	-0.0600	0.00000	-0.00039	0.022	0.002000
0.5100	-53.90	10.19	10.0	0.0	875.1	-163.6	0.3309	-0.0650	0.00000	-0.00039	0.022	0.002000
0.5120	-54.46	10.31	11.0	0.0	878.5	-164.3	0.3383	-0.0702	0.00000	-0.00043	0.025	0.002000
0.5140	-55.08	10.43	11.0	0.0	881.9	-165.0	0.3461	-0.0664	0.00000	-0.00043	0.025	0.002000
0.5160	-55.71	10.56	11.0	0.0	885.3	-165.7	0.3448	-0.0624	0.00000	-0.00043	0.025	0.002000
0.5180	-56.27	10.68	12.0	0.0	888.6	-166.4	0.3431	-0.0674	0.00000	-0.00047	0.027	0.002000
0.5200	-56.91	10.80	12.0	0.0	892.0	-167.1	0.3507	-0.0727	0.00000	-0.00047	0.027	0.002000
0.5220	-57.48	10.93	13.0	0.0	895.4	-167.8	0.3492	-0.0689	0.00000	-0.00051	0.029	0.002000
0.5240	-58.12	11.06	13.0	0.0	898.8	-168.5	0.3568	-0.0649	0.00000	-0.00051	0.029	0.002000
0.5260	-58.77	11.18	13.0	0.0	902.1	-169.2	0.3646	-0.0700	0.00000	-0.00051	0.029	0.002000
0.5280	-59.36	11.31	14.0	0.0	905.5	-169.9	0.3632	-0.0752	0.00000	-0.00055	0.031	0.002000
0.5300	-59.95	11.44	15.0	0.0	908.9	-170.6	0.3616	-0.0715	0.00000	-0.00059	0.034	0.002000
0.5320	-60.61	11.57	15.0	0.0	912.2	-171.3	0.3693	-0.0675	0.00000	-0.00059	0.034	0.002000
0.5340	-61.27	11.70	15.0	0.0	915.6	-172.0	0.3772	-0.0726	0.00000	-0.00059	0.034	0.002000
0.5360	-61.87	11.83	16.0	0.0	919.0	-172.7	0.3759	-0.0779	0.00000	-0.00063	0.036	0.002000
0.5380	-62.55	11.96	16.0	0.0	922.3	-173.4	0.3837	-0.0741	0.00000	-0.00063	0.036	0.002000
0.5400	-63.15	12.10	17.0	0.0	925.7	-174.1	0.3824	-0.0702	0.00000	-0.00067	0.038	0.002000
0.5420	-63.84	12.23	17.0	0.0	929.1	-174.8	0.3902	-0.0753	0.00000	-0.00067	0.038	0.002000
0.5440	-64.45	12.37	18.0	0.0	932.5	-175.5	0.3889	-0.0806	0.00000	-0.00071	0.040	0.002000
0.5460	-65.14	12.51	18.0	0.0	935.8	-176.2	0.3968	-0.0768	0.00000	-0.00071	0.040	0.002000
0.5480	-65.77	12.64	19.0	0.0	939.2	-176.9	0.3956	-0.0729	0.00000	-0.00074	0.043	0.002000
0.5500	-66.47	12.78	19.0	0.0	942.6	-177.6	0.4034	-0.0780	0.00000	-0.00074	0.043	0.002000
0.5520	-67.10	12.92	20.0	0.0	945.9	-178.3	0.4112	-0.0833	0.00000	-0.00078	0.045	0.002000
0.5540	-67.81	13.06	20.0	0.0	949.3	-179.0	0.4195	-0.0797	0.00000	-0.00078	0.045	0.002000
0.5560	-68.45	13.20	21.0	0.0	952.7	-179.7	0.4184	-0.0758	0.00000	-0.00082	0.047	0.002000
0.5580	-69.09	13.35	22.0	0.0	956.0	-180.4	0.4171	-0.0809	0.00000	-0.00086	0.049	0.002000
0.5600	-69.81	13.49	22.0	0.0	959.4	-181.1	0.4249	-0.0862	0.00000	-0.00086	0.049	0.002000
0.5620	-70.47	13.64	23.0	0.0	962.8	-181.9	0.4238	-0.0826	0.00000	-0.00090	0.052	0.002000
0.5640	-71.20	13.78	23.0	0.0	966.1	-182.6	0.4319	-0.0787	0.00000	-0.00090	0.052	0.002000
0.5660	-71.86	13.93	24.0	0.0	969.5	-183.3	0.4308	-0.0838	0.00000	-0.00094	0.054	0.002000
0.5680	-72.52	14.08	25.0	0.0	972.8	-184.0	0.4296	-0.0892	0.00000	-0.00098	0.056	0.002000
0.5700	-73.26	14.22	25.0	0.0	976.2	-184.7	0.4376	-0.0855	0.00000	-0.00098	0.056	0.002000
0.5720	-73.93	14.37	26.0	0.0	979.6	-185.4	0.4457	-0.0817	0.00000	-0.00102	0.058	0.002000
0.5740	-74.61	14.53	27.0	0.0	982.9	-186.1	0.4537	-0.0868	0.00000	-0.00106	0.061	0.002000
0.5760	-75.37	14.68	27.0	0.0	986.3	-186.8	0.4622	-0.0922	0.00000	-0.00106	0.061	0.002000
0.5780	-76.05	14.83	28.0	0.0	989.7	-187.5	0.4613	-0.0975	0.00000	-0.00110	0.063	0.002000
0.5800	-76.81	14.98	28.0	0.0	993.0	-188.2	0.4605	-0.0940	0.00000	-0.00110	0.063	0.002000
0.5820	-77.51	15.14	29.0	0.0	996.4	-189.0	0.4593	-0.0901	0.00000	-0.00114	0.065	0.002000
0.5840	-78.20	15.30	30.0	0.0	999.7	-189.7	0.4672	-0.0864	0.00000	-0.00118	0.067	0.002000
0.5860	-78.98	15.45	30.0	0.0	1003.1	-190.4	0.4757	-0.0915	0.00000	-0.00118	0.067	0.002000
0.5880	-79.68	15.61	31.0	0.0	1006.4	-191.1	0.4839	-0.0969	0.00000	-0.00122	0.070	0.002000
0.5900	-80.39	15.77	32.0	0.0	1009.8	-191.8	0.4832	-0.1023	0.00000	-0.00125	0.072	0.002000
0.5920	-81.18	15.93	32.0	0.0	1013.2	-192.5	0.4915	-0.0987	0.00000	-0.00125	0.072	0.002000
0.5940	-81.90	16.09	33.0	0.0	1016.5	-193.2	0.4908	-0.0949	0.00000	-0.00129	0.074	0.002000
0.5960	-82.62	16.25	34.0	0.0	1019.9	-194.0	0.4898	-0.1001	0.00000	-0.00133	0.076	0.002000
0.5980	-83.34	16.42	35.0	0.0	1023.2	-194.7	0.4888	-0.1056	0.00000	-0.00137	0.079	0.002000
0.6000	-84.15	16.58	35.0	0.0	1026.6	-195.4	0.4970	-0.1020	0.00000	-0.00137	0.079	0.002000
0.6020	-84.88	16.75	36.0	0.0	1029.9	-196.1	0.5054	-0.0982	0.00000	-0.00141	0.081	0.002000
0.6040	-85.61	16.91	37.0	0.0	1033.3	-196.8	0.5139	-0.1035	0.00000	-0.00145	0.083	0.002000
0.6060	-86.35	17.08	38.0	0.0	1036.7	-197.5	0.5132	-0.1089	0.00000	-0.00149	0.085	0.002000
0.6080	-87.09	17.25	39.0	0.0	1040.0	-198.3	0.5123	-0.1054	0.00000	-0.00153	0.088	0.002000
0.6100	-87.93	17.42	39.0	0.0	1043.4	-199.0	0.5208	-0.1016	0.00000	-0.00153	0.088	0.002000
0.6120	-88.68	17.59	40.0	0.0	1046.7	-199.7	0.5293	-0.1069	0.00000	-0.00157	0.090	0.002000
0.6140	-89.43	17.76	41.0	0.0	1050.1	-200.4	0.5288	-0.1124	0.00000	-0.00161	0.092	0.002000
0.6160	-90.28	17.94	41.0	0.0	1053.4	-201.1	0.5374	-0.1088	0.00000	-0.00161	0.092	0.002000
0.6180	-90.95	18.11	43.0	0.0	1056.8	-201.8	0.5365	-0.1051	0.00000	-0.00169	0.097	0.002000
0.6200	-91.81	18.28	43.0	0.0	1060.1	-202.6	0.5451	-0.1104	0.00000	-0.00169	0.097	0.002000
0.6220	-92.58	18.46	44.0	0.0	1063.5	-203.3	0.5536	-0.1159	0.00000	-0.00173	0.099	0.002000
0.6240	-93.35	18.64	45.0	0.0	1066.8	-204.0	0.5532	-0.1124	0.00000	-0.00177	0.101	0.002000
0.6260	-94.22	18.82	45.0	0.0	1070.2	-204.7	0.5619	-0.1087	0.00000	-0.00177	0.101	0.002000
0.6280	-94.91	19.00	47.0	0.0	1073.5	-205.5	0.5612	-0.1140	0.00000	-0.00184	0.106	0.002000
0.6300	-95.79	19.18	47.0	0.0	1076.9	-206.2	0.5699	-0.1195	0.00000	-0.00184	0.106	0.002000
0.6320	-96.58	19.36	48.0	0.0	1080.2	-206.9	0.5695	-0.1160	0.00000	-0.00188	0.108	0.002000
0.6340	-97.38	19.54	49.0	0.0	1083.6	-207.6	0.5688	-0.1123	0.00000	-0.00192	0.110	0.002000
0.6360	-98.17	19.73	50.0	0.0	1086.9	-208.3	0.5773	-0.1176	0.00000	-0.00196	0.112	0.002000
0.6380	-98.98	19.91	51.0	0.0	1090.3	-209.1	0.5859	-0.1232	0.00000	-0.00200	0.115	0.002000
0.6400	-99.78	20.10	52.0	0.0	1093.6	-209.8	0.5856	-0.1197	0.00000	-0.00204	0.117	0.002000
0.6420	-100.69	20.28	52.0	0.0	1097.0	-210.5	0.5945	-0.1161	0.00000	-0.00204	0.117	0.002000
0.6440	-101.40	20.47	54.0	0.0	1100.3	-211.2	0.5939	-0.1214	0.00000	-0.00212	0.121	0.002000
0.6460	-102.22	20.66	55.0	0.0	1103.7	-212.0	0.5933	-0.1270	0.00000	-0.00216	0.124	0.002000
0.6480	-103.04	20.85	56.0	0.0	1107.0	-212.7	0.6018	-0.1236	0.00000	-0.00220	0.126	0.002000
0.6500	-103.97	21.05	56.0	0.0	1110.3	-213.4	0.6108	-0.1199	0.00000	-0.00220	0.126	0.002000
0.6520	-104.80	21.24	57.0	0.0	1113.7	-214.2	0.6199	-0.1253	0.00000	-0.00224	0.128	0.002000
0.6540	-105.53	21.43	59.0	0.0	1117.0	-214.9	0.6194	-0.1309	0.00000	-0.00231	0.133	0.002000
0.6560	-106.47	21.63	59.0	0.0	1120.4	-215.6	0.6284	-0.1275	0.00000	-0.00231	0.133	0.002000
0.6580	-107.31	21.83	60.0	0.0	1123.7	-216.3	0.6283	-0.1238	0.00000	-0.00235	0.135	0.002000
0.6600	-108.16	22.02	61.0	0.0	1127.1	-217.1	0.6279	-0.1292	0.00000	-0.00239	0.137	0.002000
0.6620	-109.01	22.22	62.0	0.0	1130.4	-217.8	0.6366	-0.1348	0.00000	-0.00243	0.139	0.002000
0.6640	-109.86	22.42	63.0	0.0	1133.7	-218.5	0.6455	-0.1405	0.00000	-0.00247	0.142	0.002000
0.6660	-110.72	22.62	64.0	0.0	1137.1	-219.3	0.6544	-0.1371	0.00000	-0.00251	0.144	0.002000
0.6680	-111.58	22.82	65.0	0.0	1140.4	-220.0	0.6545	-0.1335	0.00000	-0.00255	0.146	0.002000
0.6700	-112.34	23.03	67.0	0.0	1143.8	-220.7	0.6539	-0.1389	0.00000	-0.00263	0.151	0.002000
0.6720	-113.21	23.23	68.0	0.0	1147.1	-221.5	0.6535	-0.1446	0.00000	-0.00267	0.153	0.002000
0.6740	-114.19	23.44	68.0	0.0	1150.5	-222.2	0.6625	-0.1412	0.00000	-0.00267	0.153	0.002000
0.6760	-114.96	23.65	70.0	0.0	1153.8	-222.9	0.6713	-0.1376	0.00000	-0.00275	0.157	0.002000
0.6780	-115.84	23.85	71.0	0.0	1157.1	-223.6	0.6804	-0.1431	0.00000	-0.00279	0.160	0.002000
0.6800	-116.73	24.06	72.0	0.0	1160.5	-224.4	0.6805	-0.1488	0.00000	-0.00283	0.162	0.002000
0.6820	-117.62	24.27	73.0	0.0	1163.8	-225.1	0.6803	-0.1454	0.00000	-0.00286	0.164	0.002000
0.6840	-118.51	24.49	74.0	0.0	1167.1	-225.9	0.6893	-0.1419	0.00000	-0.00290	0.166	0.002000
0.6860	-119.41	24.70	75.0	0.0	1170.5	-226.6	0.6984	-0.1473	0.00000	-0.00294	0.169	0.002000
0.6880	-120.31	24.91	76.0	0.0	1173.8	-227.3	0.7075	-0.1530	0.00000	-0.00298	0.171	0.002000
0.6900	-121.22	25.13	77.0	0.0	1177.2	-228.1	0.7078	-0.1497	0.00000	-0.00302	0.173	0.002000
0.6920	-122.01	25.34	79.0	0.0	1180.5	-228.8	0.7075	-0.1462	0.00000	-0.00310	0.178	0.002000
0.6940	-122.93	25.56	80.0	0.0	1183.8	-229.5	0.7072	-0.1517	0.00000	-0.00314	0.180	0.002000
0.6960	-123.84	25.78	81.0	0.0	1187.2	-230.3	0.7162	-0.1574	0.00000	-0.00318	0.182	0.002000
0.6980	-124.76	26.00	82.0	0.0	1190.5	-231.0	0.7254	-0.1541	0.00000	-0.00322	0.184	0.002000
0.7000	-125.69	26.22	83.0	0.0	1193.8	-231.7	0.7348	-0.1506	0.00000	-0.00326	0.187	0.002000
0.7020	-126.62	26.44	84.0	0.0	1197.2	-232.5	0.7351	-0.1562	0.00000	-0.00330	0.189	0.002000
0.7040	-127.44	26.67	86.0	0.0	1200.5	-233.2	0.7348	-0.1619	0.00001	-0.00338	0.193	0.002000
0.7060	-128.37	26.89	87.0	0.0	1203.8	-234.0	0.7347	-0.1586	0.00001	-0.00342	0.196	0.002000
0.7080	-129.31	27.12	88.0	0.0	1207.2	-234.7	0.7438	-0.1552	0.00001	-0.00345	0.198	0.002000
0.7100	-130.26	27.34	89.0	0.0	1210.5	-235.4	0.7531	-0.1607	0.00001	-0.00349	0.200	0.002000
0.7120	-131.09	27.57	91.0	0.0	1213.8	-236.2	0.7531	-0.1665	0.00001	-0.00357	0.205	0.002000
0.7140	-132.04	27.80	92.0	0.0	1217.2	-236.9	0.7623	-0.1632	0.00001	-0.00361	0.207	0.002000
0.7160	-133.00	28.03	93.0	0.0	1220.5	-237.7	0.7717	-0.1598	0.00001	-0.00365	0.209	0.002000
0.7180	-133.84	28.27	95.0	0.0	1223.8	-238.4	0.7717	-0.1654	0.00001	-0.00373	0.214	0.002000
0.7200	-134.80	28.50	96.0	0.0	1227.1	-239.1	0.7719	-0.1712	0.00001	-0.00377	0.216	0.002000
0.7220	-135.77	28.73	97.0	0.0	1230.5	-239.9	0.7811	-0.1680	0.00001	-0.00381	0.218	0.002000
0.7240	-136.62	28.97	99.0	0.0	1233.8	-240.6	0.7811	-0.1645	0.00001	-0.00389	0.223	0.002000
0.7260	-137.60	29.21	100.0	0.0	1237.1	-241.4	0.7903	-0.1701	0.00001	-0.00393	0.225	0.002000
0.7280	-138.57	29.44	101.0	0.0	1240.5	-242.1	0.7998	-0.1759	0.00001	-0.00397	0.227	0.002000
0.7300	-139.44	29.68	103.0	0.0	1243.8	-242.9	0.8000	-0.1728	0.00001	-0.00404	0.232	0.002000
0.7320	-140.42	29.92	104.0	0.0	1247.1	-243.6	0.8093	-0.1693	0.00001	-0.00408	0.234	0.002000
0.7340	-141.41	30.17	105.0	0.0	1250.4	-244.3	0.8189	-0.1749	0.00001	-0.00412	0.236	0.002000
0.7360	-142.28	30.41	107.0	0.0	1253.8	-245.1	0.8191	-0.1808	0.00001	-0.00420	0.241	0.002000
0.7380	-143.28	30.65	108.0	0.0	1257.1	-245.8	0.8194	-0.1866	0.00001	-0.00424	0.243	0.002000
0.7400	-144.28	30.90	109.0	0.0	1260.4	-246.6	0.8288	-0.1835	0.00001	-0.00428	0.245	0.002000
0.7420	-145.16	31.15	111.0	0.0	1263.7	-247.3	0.8289	-0.1801	0.00001	-0.00436	0.250	0.002000
0.7440	-146.17	31.39	112.0	0.0	1267.1	-248.1	0.8384	-0.1857	0.00001	-0.00440	0.252	0.002000
0.7460	-147.06	31.64	114.0	0.0	1270.4	-248.8	0.8385	-0.1917	0.00001	-0.00448	0.257	0.002000
0.7480	-148.08	31.89	115.0	0.0	1273.7	-249.6	0.8480	-0.1885	0.00001	-0.00452	0.259	0.002000
0.7500	-148.97	32.15	117.0	0.0	1277.0	-250.3	0.8482	-0.1852	0.00001	-0.00460	0.263	0.002000
0.7520	-149.87	32.27	119.0	-1.0	1280.4	-251.1	0.8481	-0.1814	-0.00003	-0.00467	0.268	0.002000
0.7540	-150.90	32.52	120.0	-1.0	1283.7	-251.8	0.8575	-0.1869	-0.00003	-0.00471	0.270	0.002000
0.7560	-151.93	32.78	121.0	-1.0	1287.0	-252.6	0.8672	-0.1927	-0.00003	-0.00475	0.272	0.002000
0.7580	-152.83	33.04	123.0	-1.0	1290.3	-253.3	0.8768	-0.1987	-0.00003	-0.00483	0.277	0.002000
0.7600	-153.87	33.29	124.0	-1.0	1293.6	-254.1	0.8866	-0.1956	-0.00003	-0.00487	0.279	0.002000
0.7620	-154.79	33.55	126.0	-1.0	1297.0	-254.8	0.8870	-0.1923	-0.00003	-0.00495	0.284	0.002000
0.7640	-155.70	33.81	128.0	-1.0	1300.3	-255.6	0.8872	-0.1980	-0.00003	-0.00503	0.288	0.002000
0.7660	-156.75	34.07	129.0	-1.0	1303.6	-256.3	0.8965	-0.2039	-0.00003	-0.00507	0.290	0.002000
0.7680	-157.67	34.34	131.0	-1.0	1306.9	-257.1	0.8969	-0.2009	-0.00003	-0.00515	0.295	0.002000
0.7700	-158.60	34.47	133.0	-2.0	1310.2	-257.8	0.8970	-0.1972	-0.00007	-0.00523	0.299	0.002000
0.7720	-159.52	34.73	135.0	-2.0	1313.6	-258.6	0.8970	-0.1936	-0.00007	-0.00530	0.304	0.002000
0.7740	-160.59	35.00	136.0	-2.0	1316.9	-259.3	0.9065	-0.1993	-0.00007	-0.00534	0.306	0.002000
0.7760	-161.52	35.26	138.0	-2.0	1320.2	-260.1	0.9160	-0.2052	-0.00007	-0.00542	0.311	0.002000
0.7780	-162.46	35.53	140.0	-2.0	1323.5	-260.8	0.9255	-0.2113	-0.00006	-0.00550	0.315	0.002000
0.7800	-163.53	35.66	141.0	-3.0	1326.8	-261.6	0.9355	-0.2079	-0.00010	-0.00554	0.317	0.002000
0.7820	-164.48	35.93	143.0	-3.0	1330.1	-262.4	0.9360	-0.2044	-0.00010	-0.00562	0.322	0.002000
0.7840	-165.42	36.21	145.0	-3.0	1333.4	-263.1	0.9363	-0.2101	-0.00010	-0.00570	0.327	0.002000
0.7860	-166.37	36.48	147.0	-3.0	1336.8	-263.9	0.9364	-0.2161	-0.00010	-0.00578	0.331	0.002000
0.7880	-167.32	36.75	149.0	-3.0	1340.1	-264.6	0.9365	-0.2131	-0.00010	-0.00586	0.336	0.002000
0.7900	-168.27	37.03	151.0	-3.0	1343.4	-265.4	0.9457	-0.2099	-0.00010	-0.00593	0.340	0.002000
0.7920	-169.23	37.16	153.0	-4.0	1346.7	-266.1	0.9552	-0.2061	-0.00014	-0.00601	0.345	0.002000
0.7940	-170.19	37.44	155.0	-4.0	1350.0	-266.9	0.9647	-0.2117	-0.00014	-0.00609	0.349	0.002000
0.7960	-171.29	37.72	156.0	-4.0	1353.3	-267.7	0.9747	-0.2177	-0.00014	-0.00613	0.351	0.002000
0.7980	-172.26	38.00	158.0	-4.0	1356.6	-268.4	0.9754	-0.2238	-0.00014	-0.00621	0.356	0.002000
0.8000	-173.23	38.28	160.0	-4.0	1360.0	-269.2	0.9758	-0.2298	-0.00014	-0.00629	0.360	0.002000
0.8020	-174.20	38.42	162.0	-5.0	1363.3	-269.9	0.9760	-0.2265	-0.00018	-0.00637	0.365	0.002000
0.8040	-175.17	38.70	164.0	-5.0	1366.6	-270.7	0.9853	-0.2232	-0.00018	-0.00645	0.370	0.002000
0.8060	-176.15	38.99	166.0	-5.0	1369.9	-271.5	0.9949	-0.2198	-0.00018	-0.00653	0.374	0.002000
0.8080	-177.13	39.27	168.0	-5.0	1373.2	-272.2	0.9955	-0.2256	-0.00018	-0.00660	0.379	0.002000
0.8100	-178.11	39.56	170.0	-5.0	1376.5	-273.0	0.9959	-0.2317	-0.00018	-0.00668	0.383	0.002000
0.8120	-179.09	39.70	172.0	-6.0	1379.8	-273.7	1.0000	-0.2283	-0.00021	-0.00676	0.388	0.002000
0.8140	-180.08	39.99	174.0	-6.0	1383.1	-274.5	1.0000	-0.2249	-0.00021	-0.00684	0.392	0.002000
0.8160	-181.07	40.28	176.0	-6.0	1386.4	-275.3	1.0000	-0.2307	-0.00021	-0.00692	0.397	0.002000
0.8180	-182.07	40.42	178.0	-7.0	1389.7	-276.0	1.0000	-0.2272	-0.00025	-0.00700	0.401	0.002000
0.8200	-183.06	40.71	180.0	-7.0	1393.0	-276.8	1.0000	-0.2329	-0.00025	-0.00708	0.406	0.002000
0.8220	-184.06	41.01	182.0	-7.0	1396.4	-277.6	1.0000	-0.2390	-0.00025	-0.00716	0.410	0.002000
0.8240	-185.06	41.30	184.0	-7.0	1399.7	-278.3	1.0000	-0.2451	-0.00025	-0.00724	0.415	0.002000
0.8260	-186.07	41.45	186.0	-8.0	1403.0	-279.1	1.0000	-0.2419	-0.00029	-0.00731	0.419	0.002000
0.8280	-187.07	41.74	188.0	-8.0	1406.3	-279.8	1.0000	-0.2385	-0.00029	-0.00739	0.424	0.002000
0.8300	-188.08	42.04	190.0	-8.0	1409.6	-280.6	1.0000	-0.2353	-0.00029	-0.00747	0.428	0.002000
0.8320	-189.10	42.34	192.0	-8.0	1412.9	-281.4	1.0000	-0.2411	-0.00029	-0.00755	0.433	0.002000
0.8340	-190.11	42.49	194.0	-9.0	1416.2	-282.1	1.0000	-0.2376	-0.00033	-0.00763	0.438	0.002000
0.8360	-191.13	42.79	196.0	-9.0	1419.5	-282.9	1.0000	-0.2434	-0.00033	-0.00771	0.442	0.002000
0.8380	-192.00	43.09	199.0	-9.0	1422.8	-283.7	1.0000	-0.2495	-0.00033	-0.00783	0.449	0.002000
0.8400	-193.18	43.40	200.0	-9.0	1426.1	-284.4	1.0000	-0.2558	-0.00033	-0.00787	0.451	0.002000
0.8420	-194.04	43.55	203.0	-10.0	1429.4	-285.2	1.0000	-0.2525	-0.00036	-0.00799	0.458	0.002000
0.8440	-195.23	43.85	204.0	-10.0	1432.7	-286.0	1.0000	-0.2492	-0.00036	-0.00802	0.460	0.002000
0.8460	-196.10	44.16	207.0	-10.0	1436.0	-286.8	1.0000	-0.2460	-0.00036	-0.00814	0.467	0.002000
0.8480	-197.14	44.31	209.0	-11.0	1439.3	-287.5	1.0000	-0.2423	-0.00040	-0.00822	0.472	0.002000
0.8500	-198.18	44.62	211.0	-11.0	1442.6	-288.3	1.0000	-0.2480	-0.00040	-0.00830	0.476	0.002000
0.8520	-199.22	44.93	213.0	-11.0	1445.9	-289.1	1.0000	-0.2541	-0.00040	-0.00838	0.481	0.002000
0.8540	-200.26	45.08	215.0	-12.0	1449.2	-289.8	1.0000	-0.2507	-0.00044	-0.00846	0.485	0.002000
0.8560	-201.30	45.39	217.0	-12.0	1452.5	-290.6	1.0000	-0.2566	-0.00044	-0.00854	0.490	0.002000
0.8580	-202.35	45.71	219.0	-12.0	1455.8	-291.4	1.0000	-0.2628	-0.00044	-0.00862	0.494	0.002000
0.8600	-203.40	46.02	221.0	-12.0	1459.1	-292.1	1.0000	-0.2690	-0.00044	-0.00870	0.499	0.002000
0.8620	-204.46	46.18	223.0	-13.0	1462.4	-292.9	1.0000	-0.2658	-0.00048	-0.00878	0.504	0.002000
0.8640	-205.51	46.49	225.0	-13.0	1465.7	-293.7	1.0000	-0.2625	-0.00047	-0.00885	0.508	0.002000
0.8660	-206.57	46.81	227.0	-13.0	1469.0	-294.5	1.0000	-0.2685	-0.00047	-0.00893	0.513	0.002000
0.8680	-207.46	46.97	230.0	-14.0	1472.3	-295.2	1.0000	-0.2651	-0.00051	-0.00905	0.519	0.002000
0.8700	-208.53	47.29	232.0	-14.0	1475.6	-296.0	1.0000	-0.2619	-0.00051	-0.00913	0.524	0.002000
0.8720	-209.59	47.44	234.0	-15.0	1478.9	-296.8	1.0000	-0.2581	-0.00055	-0.00921	0.529	0.002000
0.8740	-210.66	47.77	236.0	-15.0	1482.2	-297.6	1.0000	-0.2639	-0.00055	-0.00929	0.533	0.002000
0.8760	-211.74	48.09	238.0	-15.0	1485.5	-298.3	1.0000	-0.2700	-0.00055	-0.00937	0.538	0.002000
0.8780	-212.81	48.25	240.0	-16.0	1488.8	-299.1	1.0000	-0.2667	-0.00059	-0.00945	0.542	0.002000
0.8800	-213.89	48.57	242.0	-16.0	1492.1	-299.9	1.0000	-0.2727	-0.00059	-0.00953	0.547	0.002000
0.8820	-214.97	48.90	244.0	-16.0	1495.4	-300.7	1.0000	-0.2789	-0.00059	-0.00961	0.551	0.002000
0.8840	-216.05	49.06	246.0	-17.0	1498.6	-301.4	1.0000	-0.2756	-0.00062	-0.00968	0.556	0.002000
0.8860	-217.14	49.39	248.0	-17.0	1501.9	-302.2	1.0000	-0.2815	-0.00062	-0.00976	0.561	0.002000
0.8880	-218.05	49.72	251.0	-17.0	1505.2	-303.0	1.0000	-0.2878	-0.00062	-0.00988	0.567	0.002000
0.8900	-219.31	49.88	252.0	-18.0	1508.5	-303.8	1.0000	-0.2846	-0.00066	-0.00992	0.570	0.002000
0.8920	-220.23	50.21	255.0	-18.0	1511.8	-304.6	1.0000	-0.2814	-0.00066	-0.01004	0.577	0.002000
0.8940	-221.50	50.37	256.0	-19.0	1515.1	-305.3	1.0000	-0.2777	-0.00070	-0.01008	0.579	0.002000
0.8960	-222.43	50.71	259.0	-19.0	1518.4	-306.1	1.0000	-0.2836	-0.00070	-0.01020	0.586	0.002000
0.8980	-223.53	51.05	261.0	-19.0	1521.7	-306.9	1.0000	-0.2898	-0.00070	-0.01028	0.590	0.002000
0.9000	-224.63	51.21	263.0	-20.0	1525.0	-307.7	1.0000	-0.2865	-0.00074	-0.01036	0.595	0.002000
0.9020	-225.74	51.55	265.0	-20.0	1528.3	-308.5	1.0000	-0.2925	-0.00074	-0.01044	0.599	0.002000
0.9040	-226.84	51.71	267.0	-21.0	1531.6	-309.2	1.0000	-0.2891	-0.00077	-0.01051	0.604	0.002000
0.9060	-227.96	52.05	269.0	-21.0	1534.8	-310.0	1.0000	-0.2950	-0.00077	-0.01059	0.609	0.002000
0.9080	-229.07	52.39	271.0	-21.0	1538.1	-310.8	1.0000	-0.3013	-0.00077	-0.01067	0.613	0.002000
0.9100	-230.19	52.73	273.0	-21.0	1541.4	-311.6	1.0000	-0.3077	-0.00077	-0.01075	0.618	0.002000
0.9120	-231.12	52.90	276.0	-22.0	1544.7	-312.4	1.0000	-0.3047	-0.00081	-0.01087	0.625	0.002000
0.9140	-232.25	53.06	278.0	-23.0	1548.0	-313.2	1.0000	-0.3012	-0.00085	-0.01095	0.629	0.002000
0.9160	-233.37	53.41	280.0	-23.0	1551.3	-313.9	1.0000	-0.2978	-0.00085	-0.01103	0.634	0.002000
0.9180	-234.50	53.76	282.0	-23.0	1554.6	-314.7	1.0000	-0.3037	-0.00085	-0.01111	0.638	0.002000
0.9200	-235.63	53.92	284.0	-24.0	1557.8	-315.5	1.0000	-0.3003	-0.00088	-0.01119	0.643	0.002000
0.9220	-236.76	54.27	286.0	-24.0	1561.1	-316.3	1.0000	-0.3063	-0.00088	-0.01127	0.648	0.002000
0.9240	-237.89	54.44	288.0	-25.0	1564.4	-317.1	1.0000	-0.3030	-0.00092	-0.01135	0.652	0.002000
0.9260	-239.03	54.79	290.0	-25.0	1567.7	-317.9	1.0000	-0.3089	-0.00092	-0.01143	0.657	0.002000
0.9280	-240.17	55.14	292.0	-25.0	1571.0	-318.6	1.0000	-0.3153	-0.00092	-0.01150	0.661	0.002000
0.9300	-241.12	55.31	295.0	-26.0	1574.3	-319.4	1.0000	-0.3121	-0.00096	-0.01162	0.668	0.002000
0.9320	-242.27	55.66	297.0	-26.0	1577.5	-320.2	1.0000	-0.3090	-0.00096	-0.01170	0.673	0.002000
0.9340	-243.42	55.83	299.0	-27.0	1580.8	-321.0	1.0000	-0.3054	-0.00100	-0.01178	0.677	0.002000
0.9360	-244.57	56.19	301.0	-27.0	1584.1	-321.8	1.0000	-0.3114	-0.00099	-0.01186	0.682	0.002000
0.9380	-245.72	56.36	303.0	-28.0	1587.4	-322.6	1.0000	-0.3079	-0.00103	-0.01194	0.687	0.002000
0.9400	-246.87	56.72	305.0	-28.0	1590.7	-323.4	1.0000	-0.3140	-0.00103	-0.01202	0.691	0.002000
0.9420	-248.03	56.89	307.0	-29.0	1593.9	-324.2	1.0000	-0.3106	-0.00107	-0.01210	0.696	0.002000
0.9440	-249.19	57.25	309.0	-29.0	1597.2	-325.0	1.0000	-0.3166	-0.00107	-0.01218	0.700	0.002000
0.9460	-250.35	57.42	311.0	-30.0	1600.5	-325.7	1.0000	-0.3133	-0.00111	-0.01226	0.705	0.002000
0.9480	-251.52	57.78	313.0	-30.0	1603.8	-326.5	1.0000	-0.3193	-0.00111	-0.01234	0.710	0.002000
0.9500	-252.69	57.95	315.0	-31.0	1607.1	-327.3	1.0000	-0.3160	-0.00115	-0.01242	0.714	0.002000
0.9520	-253.86	58.32	317.0	-31.0	1610.3	-328.1	1.0000	-0.3221	-0.00114	-0.01250	0.719	0.002000
0.9540	-255.03	58.49	319.0	-32.0	1613.6	-328.9	1.0000	-0.3187	-0.00118	-0.01257	0.724	0.002000
0.9560	-256.01	58.86	322.0	-32.0	1616.9	-329.7	1.0000	-0.3248	-0.00118	-0.01269	0.730	0.002000
0.9580	-257.19	59.03	324.0	-33.0	1620.2	-330.5	1.0000	-0.3215	-0.00122	-0.01277	0.735	0.002000
0.9600	-258.37	59.40	326.0	-33.0	1623.5	-331.3	1.0000	-0.3276	-0.00122	-0.01285	0.740	0.002000
0.9620	-259.55	59.57	328.0	-34.0	1626.7	-332.1	1.0000	-0.3243	-0.00126	-0.01293	0.744	0.002000
0.9640	-260.73	59.94	330.0	-34.0	1630.0	-332.9	1.0000	-0.3303	-0.00126	-0.01301	0.749	0.002000
0.9660	-261.92	60.12	332.0	-35.0	1633.3	-333.7	1.0000	-0.3270	-0.00129	-0.01309	0.754	0.002000
0.9680	-263.11	60.49	334.0	-35.0	1636.6	-334.5	1.0000	-0.3331	-0.00129	-0.01317	0.758	0.002000
0.9700	-264.31	60.67	336.0	-36.0	1639.8	-335.3	1.0000	-0.3298	-0.00133	-0.01325	0.763	0.002000
0.9720	-265.30	61.04	339.0	-36.0	1643.1	-336.1	1.0000	-0.3359	-0.00133	-0.01337	0.770	0.002000
0.9740	-266.70	61.22	340.0	-37.0	1646.4	-336.9	1.0000	-0.3326	-0.00137	-0.01341	0.772	0.002000
0.9760	-267.69	61.60	343.0	-37.0	1649.6	-337.7	1.0000	-0.3387	-0.00137	-0.01353	0.779	0.002000
0.9780	-268.90	61.98	345.0	-37.0	1652.9	-338.5	1.0000	-0.3451	-0.00137	-0.01361	0.784	0.002000
0.9800	-270.10	62.15	347.0	-38.0	1656.2	-339.3	1.0000	-0.3420	-0.00140	-0.01369	0.788	0.002000
0.9820	-271.31	62.33	349.0	-39.0	1659.5	-340.0	1.0000	-0.3384	-0.00144	-0.01377	0.793	0.002000
0.9840	-272.52	62.71	351.0	-39.0	1662.7	-340.8	1.0000	-0.3445	-0.00144	-0.01384	0.798	0.002000
0.9860	-273.73	62.89	353.0	-40.0	1666.0	-341.6	1.0000	-0.3411	-0.00148	-0.01392	0.802	0.002000
0.9880	-274.95	63.27	355.0	-40.0	1669.3	-342.4	1.0000	-0.3472	-0.00148	-0.01400	0.807	0.002000
0.9900	-275.95	63.45	358.0	-41.0	1672.5	-343.2	1.0000	-0.3440	-0.00152	-0.01412	0.814	0.002000
0.9920	-277.17	63.84	360.0	-41.0	1675.8	-344.0	1.0000	-0.3501	-0.00152	-0.01420	0.818	0.002000
0.9940	-278.40	64.01	362.0	-42.0	1679.1	-344.8	1.0000	-0.3469	-0.00155	-0.01428	0.823	0.002000
0.9960	-279.62	64.40	364.0	-42.0	1682.3	-345.6	1.0000	-0.3530	-0.00155	-0.01436	0.828	0.002000
0.9980	-280.85	64.58	366.0	-43.0	1685.6	-346.4	1.0000	-0.3498	-0.00159	-0.01444	0.832	0.002000
1.0000	-282.08	64.76	368.0	-44.0	1688.9	-347.3	1.0000	-0.3461	-0.00163	-0.01452	0.837	0.002000
1.0020	-283.31	65.15	370.0	-44.0	1692.1	-348.1	1.0000	-0.3521	-0.00163	-0.01460	0.842	0.002000
1.0040	-284.54	65.33	372.0	-45.0	1695.4	-348.9	1.0000	-0.3579	-0.00167	-0.01468	0.846	0.002000
1.0060	-285.78	65.73	374.0	-45.0	1698.7	-349.7	1.0000	-0.3643	-0.00167	-0.01476	0.851	0.002000
1.0080	-287.02	65.91	376.0	-46.0	1701.9	-350.5	1.0000	-0.3611	-0.00170	-0.01484	0.856	0.002000
1.0100	-288.04	66.30	379.0	-46.0	1705.2	-351.3	1.0000	-0.3674	-0.00170	-0.01496	0.862	0.002000
1.0120	-289.51	66.48	380.0	-47.0	1708.5	-352.1	1.0000	-0.3641	-0.00174	-0.01500	0.865	0.002000
1.0140	-290.53	66.66	383.0	-48.0	1711.7	-352.9	1.0000	-0.3606	-0.00178	-0.01512	0.872	0.002000
1.0160	-291.78	67.06	385.0	-48.0	1715.0	-353.7	1.0000	-0.3666	-0.00178	-0.01520	0.877	0.002000
1.0180	-293.03	67.24	387.0	-49.0	1718.3	-354.5	1.0000	-0.3633	-0.00181	-0.01527	0.881	0.002000
1.0200	-294.29	67.64	389.0	-49.0	1721.5	-355.3	1.0000	-0.3694	-0.00181	-0.01535	0.886	0.002000
1.0220	-295.54	67.83	391.0	-50.0	1724.8	-356.1	1.0000	-0.3753	-0.00185	-0.01543	0.891	0.002000
1.0240	-296.80	68.23	393.0	-50.0	1728.1	-356.9	1.0000	-0.3818	-0.00185	-0.01551	0.895	0.002000
1.0260	-298.06	68.41	395.0	-51.0	1731.3	-357.7	1.0000	-0.3787	-0.00189	-0.01559	0.900	0.002000
1.0280	-299.32	68.59	397.0	-52.0	1734.6	-358.5	1.0000	-0.3752	-0.00193	-0.01567	0.905	0.002000
1.0300	-300.59	69.00	399.0	-52.0	1737.8	-359.3	1.0000	-0.3813	-0.00193	-0.01575	0.909	0.002000
1.0320	-301.86	69.18	401.0	-53.0	1741.1	-360.1	1.0000	-0.3780	-0.00196	-0.01583	0.914	0.002000
1.0340	-302.90	69.59	404.0	-53.0	1744.4	-360.9	1.0000	-0.3842	-0.00196	-0.01595	0.921	0.002000
1.0360	-304.18	69.78	406.0	-54.0	1747.6	-361.8	1.0000	-0.3809	-0.00200	-0.01603	0.926	0.002000
1.0380	-305.45	70.19	408.0	-54.0	1750.9	-362.6	1.0000	-0.3872	-0.00200	-0.01611	0.930	0.002000
1.0400	-306.73	70.37	410.0	-55.0	1754.1	-363.4	1.0000	-0.3840	-0.00204	-0.01619	0.935	0.002000
1.0420	-308.01	70.78	412.0	-55.0	1757.4	-364.2	1.0000	-0.3902	-0.00204	-0.01627	0.939	0.002000
1.0440	-309.29	70.97	414.0	-56.0	1760.6	-365.0	1.0000	-0.3870	-0.00207	-0.01635	0.944	0.002000
1.0460	-310.57	71.15	416.0	-57.0	1763.9	-365.8	1.0000	-0.3834	-0.00211	-0.01643	0.949	0.002000
1.0480	-311.86	71.57	418.0	-57.0	1767.2	-366.6	1.0000	-0.3895	-0.00211	-0.01651	0.954	0.002000
1.0500	-313.15	71.76	420.0	-58.0	1770.4	-367.4	1.0000	-0.3864	-0.00215	-0.01659	0.958	0.002000
1.0520	-314.21	71.94	423.0	-59.0	1773.7	-368.3	1.0000	-0.3827	-0.00219	-0.01671	0.965	0.002000
1.0540	-315.50	72.36	425.0	-59.0	1776.9	-369.1	1.0000	-0.3887	-0.00218	-0.01679	0.970	0.002000
1.0560	-316.80	72.55	427.0	-60.0	1780.2	-369.9	1.0000	-0.3947	-0.00222	-0.01687	0.975	0.002000
1.0580	-318.09	72.97	429.0	-60.0	1783.4	-370.7	1.0000	-0.4011	-0.00222	-0.01695	0.979	0.002000
1.0600	-319.39	73.15	431.0	-61.0	1786.7	-371.5	1.0000	-0.3981	-0.00226	-0.01703	0.984	0.002000
1.0620	-320.70	73.34	433.0	-62.0	1789.9	-372.3	1.0000	-0.3946	-0.00230	-0.01711	0.989	0.002000
1.0640	-322.00	73.76	435.0	-62.0	1793.2	-373.1	1.0000	-0.4007	-0.00230	-0.01718	0.993	0.002000
1.0660	-323.31	73.95	437.0	-63.0	1796.4	-374.0	1.0000	-0.4065	-0.00233	-0.01726	0.998	0.002000
1.0680	-324.38	74.14	440.0	-64.0	1799.7	-374.8	1.0000	-0.4033	-0.00237	-0.01738	1.005	0.002000
1.0700	-325.93	74.57	441.0	-64.0	1803.0	-375.6	1.0000	-0.4095	-0.00237	-0.01742	1.008	0.002000
1.0720	-327.24	74.75	443.0	-65.0	1806.2	-376.4	1.0000	-0.4063	-0.00241	-0.01750	1.012	0.002000
1.0740	-328.32	75.18	446.0	-65.0	1809.5	-377.2	1.0000	-0.4126	-0.00241	-0.01762	1.019	0.002000
1.0760	-329.64	75.37	448.0	-66.0	1812.7	-378.0	1.0000	-0.4094	-0.00244	-0.01770	1.024	0.002000
1.0780	-330.96	75.56	450.0	-67.0	1816.0	-378.9	1.0000	-0.4059	-0.00248	-0.01778	1.029	0.002000
1.0800	-332.28	75.75	452.0	-68.0	1819.2	-379.7	1.0000	-0.4022	-0.00252	-0.01786	1.034	0.002000
1.0820	-333.61	76.18	454.0	-68.0	1822.5	-380.5	1.0000	-0.4082	-0.00252	-0.01794	1.038	0.002000
1.0840	-334.93	76.37	456.0	-69.0	1825.7	-381.3	1.0000	-0.4142	-0.00256	-0.01802	1.043	0.002000
1.0860	-336.02	76.81	459.0	-69.0	1828.9	-382.1	1.0000	-0.4207	-0.00255	-0.01814	1.050	0.002000
1.0880	-337.60	77.00	460.0	-70.0	1832.2	-383.0	1.0000	-0.4267	-0.00259	-0.01818	1.052	0.002000
1.0900	-338.68	77.19	463.0	-71.0	1835.4	-383.8	1.0000	-0.4235	-0.00263	-0.01830	1.059	0.002000
1.0920	-340.27	77.62	464.0	-71.0	1838.7	-384.6	1.0000	-0.4299	-0.00263	-0.01834	1.062	0.002000
1.0940	-341.36	77.81	467.0	-72.0	1841.9	-385.4	1.0000	-0.4267	-0.00267	-0.01846	1.069	0.002000
1.0960	-342.70	78.00	469.0	-73.0	1845.2	-386.2	1.0000	-0.4233	-0.00270	-0.01854	1.074	0.002000
1.0980	-344.04	78.45	471.0	-73.0	1848.4	-387.1	1.0000	-0.4294	-0.00270	-0.01862	1.078	0.002000
1.1000	-345.39	78.64	473.0	-74.0	1851.7	-387.9	1.0000	-0.4262	-0.00274	-0.01870	1.083	0.002000
1.1020	-346.73	78.83	475.0	-75.0	1854.9	-388.7	1.0000	-0.4226	-0.00278	-0.01878	1.088	0.002000
1.1040	-348.08	79.02	477.0	-76.0	1858.2	-389.5	1.0000	-0.4189	-0.00282	-0.01886	1.093	0.002000
1.1060	-349.43	79.46	479.0	-76.0	1861.4	-390.4	1.0000	-0.4250	-0.00282	-0.01894	1.097	0.002000
1.1080	-350.79	79.65	481.0	-77.0	1864.6	-391.2	1.0000	-0.4310	-0.00285	-0.01902	1.102	0.002000
1.1100	-351.89	79.85	484.0	-78.0	1867.9	-392.0	1.0000	-0.4277	-0.00289	-0.01914	1.109	0.002000
1.1120	-353.25	80.29	486.0	-78.0	1871.1	-392.8	1.0000	-0.4339	-0.00289	-0.01922	1.113	0.002000
1.1140	-354.61	80.49	488.0	-79.0	1874.4	-393.7	1.0000	-0.4400	-0.00293	-0.01930	1.118	0.002000
1.1160	-355.97	80.68	490.0	-80.0	1877.6	-394.5	1.0000	-0.4367	-0.00296	-0.01938	1.123	0.002000
1.1180	-357.34	81.13	492.0	-80.0	1880.9	-395.3	1.0000	-0.4430	-0.00296	-0.01946	1.128	0.002000
1.1200	-358.70	81.32	494.0	-81.0	1884.1	-396.1	1.0000	-0.4399	-0.00300	-0.01954	1.133	0.002000
1.1220	-360.07	81.51	496.0	-82.0	1887.3	-397.0	1.0000	-0.4364	-0.00304	-0.01962	1.137	0.002000
1.1240	-361.44	81.71	498.0	-83.0	1890.6	-397.8	1.0000	-0.4327	-0.00308	-0.01970	1.142	0.002000
1.1260	-362.82	82.16	500.0	-83.0	1893.8	-398.6	1.0000	-0.4387	-0.00307	-0.01978	1.147	0.002000
1.1280	-363.93	82.35	503.0	-84.0	1897.1	-399.5	1.0000	-0.4448	-0.00311	-0.01990	1.154	0.002000
1.1300	-365.31	82.55	505.0	-85.0	1900.3	-400.3	1.0000	-0.4415	-0.00315	-0.01998	1.159	0.002000
1.1320	-366.69	83.00	507.0	-85.0	1903.5	-401.1	1.0000	-0.4478	-0.00315	-0.02006	1.163	0.002000
1.1340	-368.07	83.20	509.0	-86.0	1906.8	-402.0	1.0000	-0.4539	-0.00319	-0.02014	1.168	0.002000
1.1360	-369.45	83.39	511.0	-87.0	1910.0	-402.8	1.0000	-0.4506	-0.00322	-0.02022	1.173	0.002000
1.1380	-370.84	83.59	513.0	-88.0	1913.2	-403.6	1.0000	-0.4470	-0.00326	-0.02030	1.178	0.002000
1.1400	-372.23	84.05	515.0	-88.0	1916.5	-404.4	1.0000	-0.4532	-0.00326	-0.02038	1.182	0.002000
1.1420	-373.62	84.24	517.0	-89.0	1919.7	-405.3	1.0000	-0.4592	-0.00330	-0.02046	1.187	0.002000
1.1440	-375.01	84.44	519.0	-90.0	1922.9	-406.1	1.0000	-0.4559	-0.00333	-0.02054	1.192	0.002000
1.1460	-376.40	84.63	521.0	-91.0	1926.2	-406.9	1.0000	-0.4524	-0.00337	-0.02062	1.197	0.002000
1.1480	-377.80	85.09	523.0	-91.0	1929.4	-407.8	1.0000	-0.4586	-0.00337	-0.02070	1.201	0.002000
1.1500	-378.93	85.29	526.0	-92.0	1932.7	-408.6	1.0000	-0.4646	-0.00341	-0.02082	1.209	0.002000
1.1520	-380.33	85.49	528.0	-93.0	1935.9	-409.4	1.0000	-0.4613	-0.00345	-0.02090	1.213	0.002000
1.1540	-381.73	85.68	530.0	-94.0	1939.1	-410.3	1.0000	-0.4578	-0.00348	-0.02098	1.218	0.002000
1.1560	-383.14	86.15	532.0	-94.0	1942.3	-411.1	1.0000	-0.4640	-0.00348	-0.02106	1.223	0.002000
1.1580	-384.54	86.34	534.0	-95.0	1945.6	-412.0	1.0000	-0.4700	-0.00352	-0.02114	1.228	0.002000
1.1600	-385.95	86.54	536.0	-96.0	1948.8	-412.8	1.0000	-0.4667	-0.00356	-0.02122	1.233	0.002000
1.1620	-387.09	86.74	539.0	-97.0	1952.0	-413.6	1.0000	-0.4632	-0.00359	-0.02134	1.240	0.002000
1.1640	-388.78	87.21	540.0	-97.0	1955.3	-414.5	1.0000	-0.4694	-0.00359	-0.02138	1.242	0.002000
1.1660	-389.91	87.40	543.0	-98.0	1958.5	-415.3	1.0000	-0.4754	-0.00363	-0.02150	1.249	0.002000
1.1680	-391.61	87.60	544.0	-99.0	1961.7	-416.1	1.0000	-0.4722	-0.00367	-0.02154	1.252	0.002000
1.1700	-392.75	87.80	547.0	-100.0	1965.0	-417.0	1.0000	-0.4686	-0.00370	-0.02166	1.259	0.002000
1.1720	-394.17	87.99	549.0	-101.0	1968.2	-417.8	1.0000	-0.4649	-0.00374	-0.02174	1.264	0.002000
1.1740	-395.59	88.47	551.0	-101.0	1971.4	-418.7	1.0000	-0.4710	-0.00374	-0.02182	1.268	0.002000
1.1760	-397.02	88.66	553.0	-102.0	1974.6	-419.5	1.0000	-0.4771	-0.00378	-0.02190	1.273	0.002000
1.1780	-398.44	88.86	555.0	-103.0	1977.9	-420.3	1.0000	-0.4740	-0.00382	-0.02198	1.278	0.002000
1.1800	-399.87	89.06	557.0	-104.0	1981.1	-421.2	1.0000	-0.4704	-0.00385	-0.02206	1.283	0.002000
1.1820	-401.30	89.54	559.0	-104.0	1984.3	-422.0	1.0000	-0.4765	-0.00385	-0.02214	1.287	0.002000
1.1840	-402.74	89.73	561.0	-105.0	1987.6	-422.9	1.0000	-0.4826	-0.00389	-0.02222	1.292	0.002000
1.1860	-403.89	89.93	564.0	-106.0	1990.8	-423.7	1.0000	-0.4884	-0.00393	-0.02234	1.299	0.002000
1.1880	-405.33	90.13	566.0	-107.0	1994.0	-424.5	1.0000	-0.4852	-0.00396	-0.02242	1.304	0.002000
1.1900	-406.76	90.33	568.0	-108.0	1997.2	-425.4	1.0000	-0.4816	-0.00400	-0.02250	1.309	0.002000
1.1920	-408.20	90.81	570.0	-108.0	2000.5	-426.2	1.0000	-0.4879	-0.00400	-0.02258	1.314	0.002000
1.1940	-409.65	91.01	572.0	-109.0	2003.7	-427.1	1.0000	-0.4939	-0.00404	-0.02266	1.319	0.002000
1.1960	-411.09	91.21	574.0	-110.0	2006.9	-427.9	1.0000	-0.4907	-0.00407	-0.02274	1.323	0.002000
1.1980	-412.54	91.40	576.0	-111.0	2010.1	-428.8	1.0000	-0.4872	-0.00411	-0.02282	1.328	0.002000
1.2000	-413.99	91.60	578.0	-112.0	2013.4	-429.6	1.0000	-0.4835	-0.00415	-0.02290	1.333	0.002000
1.2020	-415.44	91.80	580.0	-113.0	2016.6	-430.4	1.0000	-0.4798	-0.00419	-0.02298	1.338	0.002000
1.2040	-416.60	92.00	583.0	-114.0	2019.8	-431.3	1.0000	-0.4852	-0.00422	-0.02310	1.345	0.002000
1.2060	-418.05	92.20	585.0	-115.0	2023.0	-432.1	1.0000	-0.4909	-0.00426	-0.02318	1.350	0.002000
1.2080	-419.51	92.69	587.0	-115.0	2026.2	-433.0	1.0000	-0.4972	-0.00426	-0.02326	1.355	0.002000
1.2100	-420.97	92.88	589.0	-116.0	2029.5	-433.8	1.0000	-0.5035	-0.00430	-0.02334	1.360	0.002000
1.2120	-422.43	93.08	591.0	-117.0	2032.7	-434.7	1.0000	-0.5003	-0.00433	-0.02342	1.365	0.002000
1.2140	-423.89	93.28	593.0	-118.0	2035.9	-435.5	1.0000	-0.4968	-0.00437	-0.02350	1.369	0.002000
1.2160	-425.35	93.48	595.0	-119.0	2039.1	-436.4	1.0000	-0.4932	-0.00441	-0.02358	1.374	0.002000
1.2180	-426.82	93.97	597.0	-119.0	2042.3	-437.2	1.0000	-0.4993	-0.00441	-0.02366	1.379	0.002000
1.2200	-427.99	94.17	600.0	-120.0	2045.6	-438.1	1.0000	-0.5054	-0.00444	-0.02378	1.386	0.002000
1.2220	-429.76	94.37	601.0	-121.0	2048.8	-438.9	1.0000	-0.5113	-0.00448	-0.02382	1.389	0.002000
1.2240	-430.93	94.57	604.0	-122.0	2052.0	-439.8	1.0000	-0.5080	-0.00452	-0.02394	1.396	0.002000
1.2260	-432.40	94.77	606.0	-123.0	2055.2	-440.6	1.0000	-0.5045	-0.00455	-0.02402	1.401	0.002000
1.2280	-433.88	94.97	608.0	-124.0	2058.4	-441.5	1.0000	-0.5008	-0.00459	-0.02410	1.406	0.002000
1.2300	-435.36	95.47	610.0	-124.0	2061.6	-442.3	1.0000	-0.5070	-0.00459	-0.02418	1.410	0.002000
1.2320	-436.83	95.66	612.0	-125.0	2064.9	-443.2	1.0000	-0.5131	-0.00463	-0.02426	1.415	0.002000
1.2340	-438.31	95.86	614.0	-126.0	2068.1	-444.0	1.0000	-0.5190	-0.00466	-0.02434	1.420	0.002000
1.2360	-439.80	96.06	616.0	-127.0	2071.3	-444.9	1.0000	-0.5157	-0.00470	-0.02442	1.425	0.002000
1.2380	-440.98	96.26	619.0	-128.0	2074.5	-445.7	1.0000	-0.5122	-0.00474	-0.02454	1.432	0.002000
1.2400	-442.77	96.46	620.0	-129.0	2077.7	-446.6	1.0000	-0.5085	-0.00478	-0.02458	1.435	0.002000
1.2420	-443.95	96.66	623.0	-130.0	2080.9	-447.4	1.0000	-0.5049	-0.00481	-0.02470	1.442	0.002000
1.2440	-445.44	96.86	625.0	-131.0	2084.1	-448.3	1.0000	-0.5103	-0.00485	-0.02478	1.447	0.002000
1.2460	-446.93	97.06	627.0	-132.0	2087.3	-449.1	1.0000	-0.5159	-0.00489	-0.02486	1.452	0.002000
1.2480	-448.43	97.26	629.0	-133.0	2090.6	-450.0	1.0000	-0.5216	-0.00492	-0.02494	1.457	0.002000
1.2500	-449.92	97.76	631.0	-133.0	2093.8	-450.8	1.0000	-0.5281	-0.00492	-0.02502	1.461	0.002000
1.2520	-451.42	97.96	633.0	-134.0	2097.0	-451.7	1.0000	-0.5344	-0.00496	-0.02510	1.466	0.002000
1.2540	-452.92	98.16	635.0	-135.0	2100.2	-452.6	1.0000	-0.5313	-0.00500	-0.02518	1.471	0.002000
1.2560	-454.42	98.36	637.0	-136.0	2103.4	-453.4	1.0000	-0.5279	-0.00503	-0.02527	1.476	0.002000
1.2580	-455.92	98.56	639.0	-137.0	2106.6	-454.3	1.0000	-0.5242	-0.00507	-0.02535	1.481	0.002000
1.2600	-457.11	98.76	642.0	-138.0	2109.8	-455.1	1.0000	-0.5205	-0.00511	-0.02547	1.488	0.002000
1.2620	-458.62	98.96	644.0	-139.0	2113.0	-456.0	1.0000	-0.5168	-0.00515	-0.02555	1.493	0.002000
1.2640	-460.13	99.16	646.0	-140.0	2116.2	-456.8	1.0000	-0.5222	-0.00518	-0.02563	1.498	0.002000
1.2660	-461.63	99.67	648.0	-140.0	2119.4	-457.7	1.0000	-0.5284	-0.00518	-0.02571	1.503	0.002000
1.2680	-463.15	99.87	650.0	-141.0	2122.7	-458.6	1.0000	-0.5346	-0.00522	-0.02579	1.507	0.002000
1.2700	-464.66	100.07	652.0	-142.0	2125.9	-459.4	1.0000	-0.5407	-0.00526	-0.02587	1.512	0.002000
1.2720	-466.17	99.96	654.0	-144.0	2129.1	-460.3	1.0000	-0.5370	-0.00533	-0.02595	1.518	0.002000
1.2740	-467.69	100.47	656.0	-144.0	2132.3	-461.1	1.0000	-0.5339	-0.00533	-0.02603	1.522	0.002000
1.2760	-468.89	100.67	659.0	-145.0	2135.5	-462.0	1.0000	-0.5303	-0.00537	-0.02615	1.529	0.002000
1.2780	-470.73	100.87	660.0	-146.0	2138.7	-462.9	1.0000	-0.5267	-0.00540	-0.02619	1.532	0.002000
1.2800	-471.93	101.07	663.0	-147.0	2141.9	-463.7	1.0000	-0.5321	-0.00544	-0.02631	1.539	0.002000
1.2820	-473.45	101.27	665.0	-148.0	2145.1	-464.6	1.0000	-0.5377	-0.00548	-0.02639	1.544	0.002000
1.2840	-474.98	101.47	667.0	-149.0	2148.3	-465.5	1.0000	-0.5434	-0.00551	-0.02647	1.549	0.002000
1.2860	-476.50	101.67	669.0	-150.0	2151.5	-466.3	1.0000	-0.5400	-0.00555	-0.02655	1.554	0.002000
1.2880	-478.03	101.87	671.0	-151.0	2154.7	-467.2	1.0000	-0.5365	-0.00559	-0.02663	1.559	0.002000
1.2900	-479.56	102.07	673.0	-152.0	2157.9	-468.0	1.0000	-0.5329	-0.00563	-0.02671	1.564	0.002000
1.2920	-481.09	102.27	675.0	-153.0	2161.1	-468.9	1.0000	-0.5383	-0.00566	-0.02679	1.569	0.002000
1.2940	-482.63	102.79	677.0	-153.0	2164.3	-469.8	1.0000	-0.5445	-0.00566	-0.02687	1.574	0.002000
1.2960	-483.84	102.67	680.0	-155.0	2167.5	-470.6	1.0000	-0.5408	-0.00574	-0.02699	1.581	0.002000
1.2980	-485.37	102.86	682.0	-156.0	2170.7	-471.5	1.0000	-0.5370	-0.00577	-0.02707	1.586	0.002000
1.3000	-486.91	103.39	684.0	-156.0	2173.9	-472.4	1.0000	-0.5430	-0.00577	-0.02716	1.591	0.002000
1.3020	-488.45	103.59	686.0	-157.0	2177.1	-473.2	1.0000	-0.5491	-0.00581	-0.02724	1.596	0.002000
1.3040	-489.99	103.79	688.0	-158.0	2180.3	-474.1	1.0000	-0.5552	-0.00584	-0.02732	1.601	0.002000
1.3060	-491.54	103.66	690.0	-160.0	2183.5	-475.0	1.0000	-0.5513	-0.00592	-0.02740	1.606	0.002000
1.3080	-493.08	104.19	692.0	-160.0	2186.7	-475.8	1.0000	-0.5573	-0.00592	-0.02748	1.610	0.002000
1.3100	-494.63	104.39	694.0	-161.0	2189.9	-476.7	1.0000	-0.5541	-0.00596	-0.02756	1.615	0.002000
1.3120	-496.18	104.59	696.0	-162.0	2193.1	-477.6	1.0000	-0.5506	-0.00599	-0.02764	1.620	0.002000
1.3140	-497.40	104.79	699.0	-163.0	2196.3	-478.4	1.0000	-0.5470	-0.00603	-0.02776	1.628	0.002000
1.3160	-499.28	104.99	700.0	-164.0	2199.5	-479.3	1.0000	-0.5524	-0.00607	-0.02780	1.630	0.002000
1.3180	-500.50	105.18	703.0	-165.0	2202.7	-480.2	1.0000	-0.5580	-0.00610	-0.02792	1.637	0.002000
1.3200	-502.05	105.38	705.0	-166.0	2205.9	-481.0	1.0000	-0.5637	-0.00614	-0.02800	1.642	0.002000
1.3220	-503.61	105.58	707.0	-167.0	2209.1	-481.9	1.0000	-0.5604	-0.00618	-0.02808	1.647	0.002000
1.3240	-505.17	105.78	709.0	-168.0	2212.3	-482.8	1.0000	-0.5568	-0.00621	-0.02816	1.652	0.002000
1.3260	-506.73	105.98	711.0	-169.0	2215.5	-483.7	1.0000	-0.5532	-0.00625	-0.02824	1.657	0.002000
1.3280	-508.29	106.18	713.0	-170.0	2218.7	-484.5	1.0000	-0.5586	-0.00629	-0.02832	1.662	0.002000
1.3300	-509.85	106.38	715.0	-171.0	2221.9	-485.4	1.0000	-0.5643	-0.00632	-0.02840	1.667	0.002000
1.3320	-511.42	106.58	717.0	-172.0	2225.1	-486.3	1.0000	-0.5699	-0.00636	-0.02849	1.672	0.002000
1.3340	-512.98	106.78	719.0	-173.0	2228.2	-487.1	1.0000	-0.5666	-0.00640	-0.02857	1.677	0.002000
1.3360	-514.55	106.97	721.0	-174.0	2231.4	-488.0	1.0000	-0.5630	-0.00644	-0.02865	1.682	0.002000
1.3380	-515.78	107.17	724.0	-175.0	2234.6	-488.9	1.0000	-0.5595	-0.00647	-0.02877	1.689	0.002000
1.3400	-517.35	107.37	726.0	-176.0	2237.8	-489.8	1.0000	-0.5648	-0.00651	-0.02885	1.694	0.002000
1.3420	-518.92	107.57	728.0	-177.0	2241.0	-490.6	1.0000	-0.5705	-0.00655	-0.02893	1.699	0.002000
1.3440	-520.49	107.77	730.0	-178.0	2244.2	-491.5	1.0000	-0.5761	-0.00658	-0.02901	1.704	0.002000
1.3460	-522.07	107.97	732.0	-179.0	2247.4	-492.4	1.0000	-0.5728	-0.00662	-0.02909	1.709	0.002000
1.3480	-523.65	108.17	734.0	-180.0	2250.6	-493.3	1.0000	-0.5692	-0.00666	-0.02917	1.714	0.002000
1.3500	-525.22	108.36	736.0	-181.0	2253.8	-494.1	1.0000	-0.5657	-0.00669	-0.02925	1.719	0.002000
1.3520	-526.80	108.56	738.0	-182.0	2257.0	-495.0	1.0000	-0.5710	-0.00673	-0.02933	1.724	0.002000
1.3540	-528.39	108.76	740.0	-183.0	2260.1	-495.9	1.0000	-0.5767	-0.00677	-0.02941	1.729	0.002000
1.3560	-529.62	108.96	743.0	-184.0	2263.3	-496.8	1.0000	-0.5823	-0.00680	-0.02953	1.736	0.002000
1.3580	-531.20	109.16	745.0	-185.0	2266.5	-497.7	1.0000	-0.5790	-0.00684	-0.02961	1.741	0.002000
1.3600	-532.79	109.35	747.0	-186.0	2269.7	-498.5	1.0000	-0.5754	-0.00688	-0.02970	1.746	0.002000
1.3620	-534.38	109.55	749.0	-187.0	2272.9	-499.4	1.0000	-0.5719	-0.00691	-0.02978	1.751	0.002000
1.3640	-535.97	109.75	751.0	-188.0	2276.1	-500.3	1.0000	-0.5772	-0.00695	-0.02986	1.756	0.002000
1.3660	-537.56	109.95	753.0	-189.0	2279.3	-501.2	1.0000	-0.5829	-0.00699	-0.02994	1.761	0.002000
1.3680	-539.15	110.14	755.0	-190.0	2282.5	-502.1	1.0000	-0.5885	-0.00702	-0.03002	1.766	0.002000
1.3700	-540.74	110.34	757.0	-191.0	2285.6	-502.9	1.0000	-0.5852	-0.00706	-0.03010	1.771	0.002000
1.3720	-541.98	110.54	760.0	-192.0	2288.8	-503.8	1.0000	-0.5816	-0.00710	-0.03022	1.779	0.002000
1.3740	-543.58	110.74	762.0	-193.0	2292.0	-504.7	1.0000	-0.5781	-0.00713	-0.03030	1.784	0.002000
1.3760	-545.17	110.94	764.0	-194.0	2295.2	-505.6	1.0000	-0.5834	-0.00717	-0.03038	1.789	0.002000
1.3780	-546.77	111.13	766.0	-195.0	2298.4	-506.5	1.0000	-0.5891	-0.00721	-0.03046	1.794	0.002000
1.3800	-548.37	111.33	768.0	-196.0	2301.6	-507.3	1.0000	-0.5947	-0.00724	-0.03054	1.799	0.002000
1.3820	-549.97	111.53	770.0	-197.0	2304.7	-508.2	1.0000	-0.5914	-0.00728	-0.03062	1.804	0.002000
1.3840	-551.58	111.37	772.0	-199.0	2307.9	-509.1	1.0000	-0.5872	-0.00736	-0.03071	1.809	0.002000
1.3860	-553.18	111.92	774.0	-199.0	2311.1	-510.0	1.0000	-0.5930	-0.00735	-0.03079	1.814	0.002000
1.3880	-554.79	112.12	776.0	-200.0	2314.3	-510.9	1.0000	-0.5989	-0.00739	-0.03087	1.819	0.002000
1.3900	-556.03	112.32	779.0	-201.0	2317.5	-511.8	1.0000	-0.5955	-0.00743	-0.03099	1.826	0.002000
1.3920	-558.01	112.15	780.0	-203.0	2320.6	-512.6	1.0000	-0.5913	-0.00750	-0.03103	1.829	0.002000
1.3940	-559.25	112.35	783.0	-204.0	2323.8	-513.5	1.0000	-0.5871	-0.00754	-0.03115	1.836	0.002000
1.3960	-561.23	112.54	784.0	-205.0	2327.0	-514.4	1.0000	-0.5830	-0.00758	-0.03119	1.839	0.002000
1.3980	-562.48	112.74	787.0	-206.0	2330.2	-515.3	1.0000	-0.5883	-0.00761	-0.03131	1.846	0.002000
1.4000	-564.09	112.93	789.0	-207.0	2333.4	-516.2	1.0000	-0.5939	-0.00765	-0.03139	1.851	0.002000
1.4020	-565.71	113.13	791.0	-208.0	2336.5	-517.1	1.0000	-0.5996	-0.00768	-0.03147	1.856	0.002000
1.4040	-567.32	113.33	793.0	-209.0	2339.7	-518.0	1.0000	-0.6053	-0.00772	-0.03156	1.861	0.002000
1.4060	-568.94	113.52	795.0	-210.0	2342.9	-518.9	1.0000	-0.6019	-0.00776	-0.03164	1.866	0.002000
1.4080	-570.56	113.72	797.0	-211.0	2346.1	-519.7	1.0000	-0.5983	-0.00779	-0.03172	1.871	0.002000
1.4100	-572.18	113.91	799.0	-212.0	2349.2	-520.6	1.0000	-0.5947	-0.00783	-0.03180	1.876	0.002000
1.4120	-573.81	114.11	801.0	-213.0	2352.4	-521.5	1.0000	-0.6001	-0.00787	-0.03188	1.881	0.002000
1.4140	-575.06	114.31	804.0	-214.0	2355.6	-522.4	1.0000	-0.6058	-0.00790	-0.03200	1.889	0.002000
1.4160	-576.69	114.50	806.0	-215.0	2358.8	-523.3	1.0000	-0.6113	-0.00794	-0.03208	1.894	0.002000
1.4180	-578.31	114.70	808.0	-216.0	2361.9	-524.2	1.0000	-0.6080	-0.00798	-0.03216	1.899	0.002000
1.4200	-579.94	114.89	810.0	-217.0	2365.1	-525.1	1.0000	-0.6045	-0.00801	-0.03224	1.904	0.002000
1.4220	-581.57	114.71	812.0	-219.0	2368.3	-526.0	1.0000	-0.6001	-0.00809	-0.03232	1.909	0.002000
1.4240	-583.20	114.91	814.0	-220.0	2371.5	-526.9	1.0000	-0.5957	-0.00813	-0.03241	1.914	0.002000
1.4260	-584.83	115.10	816.0	-221.0	2374.6	-527.8	1.0000	-0.6008	-0.00816	-0.03249	1.919	0.002000
1.4280	-586.47	115.30	818.0	-222.0	2377.8	-528.7	1.0000	-0.6063	-0.00820	-0.03257	1.924	0.002000
1.4300	-588.10	115.49	820.0	-223.0	2381.0	-529.5	1.0000	-0.6120	-0.00824	-0.03265	1.929	0.002000
1.4320	-589.36	115.69	823.0	-224.0	2384.1	-530.4	1.0000	-0.6177	-0.00827	-0.03277	1.936	0.002000
1.4340	-591.00	115.88	825.0	-225.0	2387.3	-531.3	1.0000	-0.6143	-0.00831	-0.03285	1.941	0.002000
1.4360	-592.63	116.07	827.0	-226.0	2390.5	-532.2	1.0000	-0.6108	-0.00834	-0.03293	1.946	0.002000
1.4380	-594.27	116.27	829.0	-227.0	2393.6	-533.1	1.0000	-0.6071	-0.00838	-0.03301	1.952	0.002000
1.4400	-595.91	116.46	831.0	-228.0	2396.8	-534.0	1.0000	-0.6125	-0.00842	-0.03309	1.957	0.002000
1.4420	-597.56	116.66	833.0	-229.0	2400.0	-534.9	1.0000	-0.6182	-0.00845	-0.03318	1.962	0.002000
1.4440	-599.20	116.47	835.0	-231.0	2403.2	-535.8	1.0000	-0.6140	-0.00853	-0.03326	1.967	0.002000
1.4460	-600.84	116.66	837.0	-232.0	2406.3	-536.7	1.0000	-0.6098	-0.00857	-0.03334	1.972	0.002000
1.4480	-602.49	116.85	839.0	-233.0	2409.5	-537.6	1.0000	-0.6057	-0.00860	-0.03342	1.977	0.002000
1.4500	-604.14	117.05	841.0	-234.0	2412.7	-538.5	1.0000	-0.6110	-0.00864	-0.03350	1.982	0.002000
1.4520	-605.79	117.24	843.0	-235.0	2415.8	-539.4	1.0000	-0.6166	-0.00868	-0.03358	1.987	0.002000
1.4540	-607.44	117.43	845.0	-236.0	2419.0	-540.3	1.0000	-0.6223	-0.00871	-0.03366	1.992	0.002000
1.4560	-608.70	117.63	848.0	-237.0	2422.2	-541.2	1.0000	-0.6280	-0.00875	-0.03378	1.999	0.002000
1.4580	-610.35	117.82	850.0	-238.0	2425.3	-542.1	1.0000	-0.6246	-0.00878	-0.03387	2.005	0.002000
1.4600	-612.01	117.62	852.0	-240.0	2428.5	-543.0	1.0000	-0.6204	-0.00886	-0.03395	2.010	0.002000
1.4620	-613.66	117.82	854.0	-241.0	2431.6	-543.9	1.0000	-0.6161	-0.00890	-0.03403	2.015	0.002000
1.4640	-615.32	118.01	856.0	-242.0	2434.8	-544.8	1.0000	-0.6119	-0.00893	-0.03411	2.020	0.002000
1.4660	-616.58	118.20	859.0	-243.0	2438.0	-545.7	1.0000	-0.6172	-0.00897	-0.03423	2.027	0.002000
1.4680	-618.63	118.39	860.0	-244.0	2441.1	-546.6	1.0000	-0.6227	-0.00900	-0.03427	2.030	0.002000
1.4700	-619.90	118.58	863.0	-245.0	2444.3	-547.5	1.0000	-0.6284	-0.00904	-0.03439	2.037	0.002000
1.4720	-621.95	118.78	864.0	-246.0	2447.5	-548.4	1.0000	-0.6341	-0.00908	-0.03443	2.040	0.002000
1.4740	-623.22	118.97	867.0	-247.0	2450.6	-549.3	1.0000	-0.6307	-0.00911	-0.03456	2.048	0.002000
1.4760	-624.88	119.16	869.0	-248.0	2453.8	-550.2	1.0000	-0.6271	-0.00915	-0.03464	2.053	0.002000
1.4780	-626.55	119.35	871.0	-249.0	2456.9	-551.1	1.0000	-0.6235	-0.00919	-0.03472	2.058	0.002000
1.4800	-628.21	119.15	873.0	-251.0	2460.1	-552.0	1.0000	-0.6189	-0.00926	-0.03480	2.063	0.002000
1.4820	-629.88	119.34	875.0	-252.0	2463.3	-552.9	1.0000	-0.6145	-0.00930	-0.03488	2.068	0.002000
1.4840	-631.55	119.53	877.0	-253.0	2466.4	-553.8	1.0000	-0.6196	-0.00933	-0.03496	2.073	0.002000
1.4860	-633.21	119.72	879.0	-254.0	2469.6	-554.7	1.0000	-0.6250	-0.00937	-0.03504	2.078	0.002000
1.4880	-634.88	119.91	881.0	-255.0	2472.7	-555.6	1.0000	-0.6307	-0.00941	-0.03512	2.083	0.002000
1.4900	-636.56	120.10	883.0	-256.0	2475.9	-556.5	1.0000	-0.6364	-0.00944	-0.03521	2.088	0.002000
1.4920	-637.83	120.29	886.0	-257.0	2479.1	-557.4	1.0000	-0.6422	-0.00948	-0.03533	2.096	0.002000
1.4940	-639.50	120.08	888.0	-259.0	2482.2	-558.3	1.0000	-0.6381	-0.00955	-0.03541	2.101	0.002000
1.4960	-641.17	120.27	890.0	-260.0	2485.4	-559.3	1.0000	-0.6340	-0.00959	-0.03549	2.106	0.002000
1.4980	-642.85	120.46	892.0	-261.0	2488.5	-560.2	1.0000	-0.6299	-0.00963	-0.03557	2.111	0.002000
1.5000	-644.53	120.65	894.0	-262.0	2491.7	-561.1	1.0000	-0.6259	-0.00966	-0.03565	2.116	0.002000
1.5020	-646.20	120.84	896.0	-263.0	2494.8	-562.0	1.0000	-0.6312	-0.00970	-0.03573	2.121	0.002000
1.5040	-647.88	121.03	898.0	-264.0	2498.0	-562.9	1.0000	-0.6368	-0.00973	-0.03582	2.126	0.002000
1.5060	-649.56	121.22	900.0	-265.0	2501.1	-563.8	1.0000	-0.6425	-0.00977	-0.03590	2.132	0.002000
1.5080	-650.84	121.00	903.0	-267.0	2504.3	-564.7	1.0000	-0.6383	-0.00984	-0.03602	2.139	0.002000
1.5100	-652.52	121.19	905.0	-268.0	2507.4	-565.6	1.0000	-0.6340	-0.00988	-0.03610	2.144	0.002000
1.5120	-654.20	121.38	907.0	-269.0	2510.6	-566.5	1.0000	-0.6299	-0.00992	-0.03618	2.149	0.002000
1.5140	-655.88	121.57	909.0	-270.0	2513.8	-567.4	1.0000	-0.6352	-0.00995	-0.03626	2.155	0.002000
1.5160	-657.57	121.76	911.0	-271.0	2516.9	-568.3	1.0000	-0.6407	-0.00999	-0.03634	2.160	0.002000
1.5180	-659.25	121.94	913.0	-272.0	2520.1	-569.3	1.0000	-0.6464	-0.01003	-0.03643	2.165	0.002000
1.5200	-660.94	121.72	915.0	-274.0	2523.2	-570.2	1.0000	-0.6422	-0.01010	-0.03651	2.170	0.002000
1.5220	-662.63	121.91	917.0	-275.0	2526.4	-571.1	1.0000	-0.6380	-0.01014	-0.03659	2.175	0.002000
1.5240	-664.32	122.10	919.0	-276.0	2529.5	-572.0	1.0000	-0.6338	-0.01017	-0.03667	2.180	0.002000
1.5260	-666.01	122.28	921.0	-277.0	2532.7	-572.9	1.0000	-0.6391	-0.01021	-0.03675	2.185	0.002000
1.5280	-667.70	122.47	923.0	-278.0	2535.8	-573.8	1.0000	-0.6446	-0.01025	-0.03683	2.190	0.002000
1.5300	-669.39	122.66	925.0	-279.0	2539.0	-574.7	1.0000	-0.6503	-0.01028	-0.03691	2.196	0.002000
1.5320	-670.67	122.43	928.0	-281.0	2542.1	-575.7	1.0000	-0.6461	-0.01036	-0.03704	2.203	0.002000
1.5340	-672.36	122.62	930.0	-282.0	2545.3	-576.6	1.0000	-0.6418	-0.01039	-0.03712	2.208	0.002000
1.5360	-674.06	122.80	932.0	-283.0	2548.4	-577.5	1.0000	-0.6377	-0.01043	-0.03720	2.214	0.002000
1.5380	-675.75	122.99	934.0	-284.0	2551.5	-578.4	1.0000	-0.6429	-0.01046	-0.03728	2.219	0.002000
1.5400	-677.45	123.18	936.0	-285.0	2554.7	-579.3	1.0000	-0.6484	-0.01050	-0.03736	2.224	0.002000
1.5420	-679.15	122.94	938.0	-287.0	2557.8	-580.2	1.0000	-0.6440	-0.01058	-0.03744	2.229	0.002000
1.5440	-680.85	123.13	940.0	-288.0	2561.0	-581.2	1.0000	-0.6397	-0.01061	-0.03753	2.234	0.002000
1.5460	-682.13	123.32	943.0	-289.0	2564.1	-582.1	1.0000	-0.6447	-0.01065	-0.03765	2.242	0.002000
1.5480	-684.25	123.50	944.0	-290.0	2567.3	-583.0	1.0000	-0.6502	-0.01068	-0.03769	2.244	0.002000
1.5500	-685.53	123.69	947.0	-291.0	2570.4	-583.9	1.0000	-0.6559	-0.01072	-0.03781	2.252	0.002000
1.5520	-687.23	123.87	949.0	-292.0	2573.6	-584.8	1.0000	-0.6525	-0.01075	-0.03789	2.257	0.002000
1.5540	-688.94	124.06	951.0	-293.0	2576.7	-585.7	1.0000	-0.6489	-0.01079	-0.03797	2.262	0.002000
1.5560	-690.64	123.82	953.0	-295.0	2579.8	-586.7	1.0000	-0.6442	-0.01087	-0.03806	2.268	0.002000
1.5580	-692.35	124.00	955.0	-296.0	2583.0	-587.6	1.0000	-0.6397	-0.01090	-0.03814	2.273	0.002000
1.5600	-694.05	124.19	957.0	-297.0	2586.1	-588.5	1.0000	-0.6448	-0.01094	-0.03822	2.278	0.002000
1.5620	-695.76	124.37	959.0	-298.0	2589.3	-589.4	1.0000	-0.6502	-0.01097	-0.03830	2.283	0.002000
1.5640	-697.47	124.13	961.0	-300.0	2592.4	-590.3	1.0000	-0.6457	-0.01105	-0.03838	2.288	0.002000
1.5660	-699.18	124.31	963.0	-301.0	2595.6	-591.3	1.0000	-0.6413	-0.01108	-0.03846	2.293	0.002000
1.5680	-700.46	124.50	966.0	-302.0	2598.7	-592.2	1.0000	-0.6465	-0.01112	-0.03859	2.301	0.002000
1.5700	-702.17	124.68	968.0	-303.0	2601.8	-593.1	1.0000	-0.6519	-0.01116	-0.03867	2.306	0.002000
1.5720	-703.88	124.87	970.0	-304.0	2605.0	-594.0	1.0000	-0.6576	-0.01119	-0.03875	2.311	0.002000
1.5740	-705.60	125.05	972.0	-305.0	2608.1	-595.0	1.0000	-0.6633	-0.01123	-0.03883	2.316	0.002000
1.5760	-707.31	124.80	974.0	-307.0	2611.3	-595.9	1.0000	-0.6590	-0.01130	-0.03891	2.322	0.002000
1.5780	-709.02	124.98	976.0	-308.0	2614.4	-596.8	1.0000	-0.6548	-0.01134	-0.03900	2.327	0.002000
1.5800	-710.74	125.17	978.0	-309.0	2617.5	-597.7	1.0000	-0.6506	-0.01137	-0.03908	2.332	0.002000
1.5820	-712.46	125.35	980.0	-310.0	2620.7	-598.7	1.0000	-0.6558	-0.01141	-0.03916	2.337	0.002000
1.5840	-713.74	125.53	983.0	-311.0	2623.8	-599.6	1.0000	-0.6613	-0.01144	-0.03928	2.344	0.002000
1.5860	-715.89	125.28	984.0	-313.0	2626.9	-600.5	1.0000	-0.6569	-0.01152	-0.03932	2.348	0.002000
1.5880	-717.17	125.46	987.0	-314.0	2630.1	-601.4	1.0000	-0.6525	-0.01156	-0.03944	2.355	0.002000
1.5900	-718.89	125.64	989.0	-315.0	2633.2	-602.4	1.0000	-0.6485	-0.01159	-0.03953	2.360	0.002000
1.5920	-720.61	125.82	991.0	-316.0	2636.3	-603.3	1.0000	-0.6536	-0.01163	-0.03961	2.365	0.002000
1.5940	-722.34	125.57	993.0	-318.0	2639.5	-604.2	1.0000	-0.6489	-0.01170	-0.03969	2.371	0.002000
1.5960	-724.06	125.75	995.0	-319.0	2642.6	-605.1	1.0000	-0.6445	-0.01174	-0.03977	2.376	0.002000
1.5980	-725.78	125.93	997.0	-320.0	2645.7	-606.1	1.0000	-0.6496	-0.01177	-0.03985	2.381	0.002000
1.6000	-727.50	126.11	999.0	-321.0	2648.9	-607.0	1.0000	-0.6549	-0.01181	-0.03993	2.386	0.002000
1.6020	-729.23	125.85	1001.0	-323.0	2652.0	-607.9	1.0000	-0.6503	-0.01188	-0.04002	2.392	0.002000
1.6040	-730.96	126.03	1003.0	-324.0	2655.1	-608.9	1.0000	-0.6551	-0.01192	-0.04010	2.397	0.002000
1.6060	-732.68	126.21	1005.0	-325.0	2658.3	-609.8	1.0000	-0.6605	-0.01196	-0.04018	2.402	0.002000
1.6080	-734.41	126.39	1007.0	-326.0	2661.4	-610.7	1.0000	-0.6661	-0.01199	-0.04026	2.407	0.002000
1.6100	-735.69	126.57	1010.0	-327.0	2664.5	-611.7	1.0000	-0.6718	-0.01203	-0.04038	2.414	0.002000
1.6120	-737.42	126.75	1012.0	-328.0	2667.7	-612.6	1.0000	-0.6684	-0.01206	-0.04047	2.419	0.002000
1.6140	-739.15	126.93	1014.0	-329.0	2670.8	-613.5	1.0000	-0.6647	-0.01210	-0.04055	2.424	0.002000
1.6160	-740.88	126.67	1016.0	-331.0	2673.9	-614.4	1.0000	-0.6601	-0.01217	-0.04063	2.430	0.002000
1.6180	-742.61	126.85	1018.0	-332.0	2677.1	-615.4	1.0000	-0.6555	-0.01221	-0.04071	2.435	0.002000
1.6200	-744.34	127.02	1020.0	-333.0	2680.2	-616.3	1.0000	-0.6605	-0.01225	-0.04079	2.440	0.002000
1.6220	-746.08	126.76	1022.0	-335.0	2683.3	-617.2	1.0000	-0.6557	-0.01232	-0.04088	2.446	0.002000
1.6240	-747.81	126.93	1024.0	-336.0	2686.4	-618.2	1.0000	-0.6512	-0.01236	-0.04096	2.451	0.002000
1.6260	-749.09	127.11	1027.0	-337.0	2689.6	-619.1	1.0000	-0.6562	-0.01239	-0.04108	2.458	0.002000
1.6280	-751.28	127.29	1028.0	-338.0	2692.7	-620.1	1.0000	-0.6616	-0.01243	-0.04112	2.461	0.002000
1.6300	-752.56	127.02	1031.0	-340.0	2695.8	-621.0	1.0000	-0.6569	-0.01250	-0.04124	2.469	0.002000
1.6320	-754.30	127.20	1033.0	-341.0	2698.9	-621.9	1.0000	-0.6527	-0.01254	-0.04133	2.474	0.002000
1.6340	-756.04	127.37	1035.0	-342.0	2702.1	-622.9	1.0000	-0.6577	-0.01257	-0.04141	2.479	0.002000
1.6360	-757.78	127.55	1037.0	-343.0	2705.2	-623.8	1.0000	-0.6631	-0.01261	-0.04149	2.484	0.002000
1.6380	-759.51	127.73	1039.0	-344.0	2708.3	-624.7	1.0000	-0.6687	-0.01264	-0.04157	2.490	0.002000
1.6400	-761.25	127.91	1041.0	-345.0	2711.4	-625.7	1.0000	-0.6744	-0.01268	-0.04165	2.495	0.002000
1.6420	-762.99	127.63	1043.0	-347.0	2714.6	-626.6	1.0000	-0.6700	-0.01275	-0.04174	2.500	0.002000
1.6440	-764.28	127.81	1046.0	-348.0	2717.7	-627.5	1.0000	-0.6657	-0.01279	-0.04186	2.508	0.002000
1.6460	-766.02	127.98	1048.0	-349.0	2720.8	-628.5	1.0000	-0.6616	-0.01282	-0.04194	2.513	0.002000
1.6480	-767.76	127.70	1050.0	-351.0	2723.9	-629.4	1.0000	-0.6566	-0.01290	-0.04202	2.519	0.002000
1.6500	-769.50	127.88	1052.0	-352.0	2727.1	-630.4	1.0000	-0.6519	-0.01293	-0.04210	2.524	0.002000
1.6520	-771.24	128.05	1054.0	-353.0	2730.2	-631.3	1.0000	-0.6568	-0.01297	-0.04219	2.529	0.002000
1.6540	-772.99	128.23	1056.0	-354.0	2733.3	-632.2	1.0000	-0.6621	-0.01301	-0.04227	2.534	0.002000
1.6560	-774.73	127.94	1058.0	-356.0	2736.4	-633.2	1.0000	-0.6573	-0.01308	-0.04235	2.540	0.002000
1.6580	-776.48	128.12	1060.0	-357.0	2739.5	-634.1	1.0000	-0.6622	-0.01312	-0.04243	2.545	0.002000
1.6600	-777.76	128.30	1063.0	-358.0	2742.7	-635.1	1.0000	-0.6675	-0.01315	-0.04256	2.552	0.002000
1.6620	-779.97	128.47	1064.0	-359.0	2745.8	-636.0	1.0000	-0.6731	-0.01319	-0.04260	2.555	0.002000
1.6640	-781.25	128.65	1067.0	-360.0	2748.9	-637.0	1.0000	-0.6787	-0.01322	-0.04272	2.562	0.002000
1.6660	-783.00	128.82	1069.0	-361.0	2752.0	-637.9	1.0000	-0.6845	-0.01326	-0.04280	2.567	0.002000
1.6680	-784.75	128.53	1071.0	-363.0	2755.1	-638.8	1.0000	-0.6802	-0.01333	-0.04288	2.573	0.002000
1.6700	-786.50	128.71	1073.0	-364.0	2758.2	-639.8	1.0000	-0.6759	-0.01337	-0.04297	2.578	0.002000
1.6720	-788.25	128.88	1075.0	-365.0	2761.4	-640.7	1.0000	-0.6716	-0.01340	-0.04305	2.583	0.002000
1.6740	-790.00	128.59	1077.0	-367.0	2764.5	-641.7	1.0000	-0.6667	-0.01348	-0.04313	2.589	0.002000
1.6760	-791.75	128.76	1079.0	-368.0	2767.6	-642.6	1.0000	-0.6620	-0.01351	-0.04321	2.594	0.002000
1.6780	-793.50	128.94	1081.0	-369.0	2770.7	-643.6	1.0000	-0.6668	-0.01355	-0.04329	2.599	0.002000
1.6800	-795.25	128.64	1083.0	-371.0	2773.8	-644.5	1.0000	-0.6619	-0.01362	-0.04338	2.605	0.002000
1.6820	-797.01	128.81	1085.0	-372.0	2776.9	-645.5	1.0000	-0.6574	-0.01366	-0.04346	2.610	0.002000
1.6840	-798.76	128.99	1087.0	-373.0	2780.1	-646.4	1.0000	-0.6623	-0.01369	-0.04354	2.615	0.002000
1.6860	-800.04	129.16	1090.0	-374.0	2783.2	-647.3	1.0000	-0.6676	-0.01373	-0.04366	2.622	0.002000
1.6880	-801.80	129.33	1092.0	-375.0	2786.3	-648.3	1.0000	-0.6730	-0.01376	-0.04375	2.628	0.002000
1.6900	-803.55	129.03	1094.0	-377.0	2789.4	-649.2	1.0000	-0.6684	-0.01384	-0.04383	2.633	0.002000
1.6920	-805.31	129.20	1096.0	-378.0	2792.5	-650.2	1.0000	-0.6733	-0.01387	-0.04391	2.638	0.002000
1.6940	-807.06	129.38	1098.0	-379.0	2795.6	-651.1	1.0000	-0.6786	-0.01391	-0.04399	2.643	0.002000
1.6960	-808.82	129.55	1100.0	-380.0	2798.7	-652.1	1.0000	-0.6842	-0.01394	-0.04407	2.649	0.002000
1.6980	-810.58	129.24	1102.0	-382.0	2801.8	-653.0	1.0000	-0.6798	-0.01402	-0.04416	2.654	0.002000
1.7000	-812.34	129.42	1104.0	-383.0	2805.0	-654.0	1.0000	-0.6753	-0.01405	-0.04424	2.659	0.002000
1.7020	-813.62	129.59	1107.0	-384.0	2808.1	-654.9	1.0000	-0.6711	-0.01409	-0.04436	2.667	0.002000
1.7040	-815.85	129.76	1108.0	-385.0	2811.2	-655.9	1.0000	-0.6762	-0.01413	-0.04440	2.670	0.002000
1.7060	-817.14	129.45	1111.0	-387.0	2814.3	-656.8	1.0000	-0.6714	-0.01420	-0.04453	2.678	0.002000
1.7080	-818.89	129.62	1113.0	-388.0	2817.4	-657.8	1.0000	-0.6669	-0.01423	-0.04461	2.683	0.002000
1.7100	-820.66	129.79	1115.0	-389.0	2820.5	-658.7	1.0000	-0.6718	-0.01427	-0.04469	2.688	0.002000
1.7120	-822.42	129.48	1117.0	-391.0	2823.6	-659.7	1.0000	-0.6669	-0.01434	-0.04477	2.694	0.002000
1.7140	-824.18	129.65	1119.0	-392.0	2826.7	-660.6	1.0000	-0.6625	-0.01438	-0.04486	2.699	0.002000
1.7160	-825.94	129.82	1121.0	-393.0	2829.8	-661.6	1.0000	-0.6674	-0.01441	-0.04494	2.704	0.002000
1.7180	-827.70	130.00	1123.0	-394.0	2832.9	-662.6	1.0000	-0.6726	-0.01445	-0.04502	2.709	0.002000
1.7200	-828.98	129.68	1126.0	-396.0	2836.0	-663.5	1.0000	-0.6678	-0.01452	-0.04514	2.717	0.002000
1.7220	-830.74	129.85	1128.0	-397.0	2839.1	-664.5	1.0000	-0.6726	-0.01456	-0.04523	2.722	0.002000
1.7240	-832.51	130.02	1130.0	-398.0	2842.2	-665.4	1.0000	-0.6779	-0.01459	-0.04531	2.727	0.002000
1.7260	-834.27	129.70	1132.0	-400.0	2845.4	-666.4	1.0000	-0.6731	-0.01467	-0.04539	2.733	0.002000
1.7280	-836.04	129.87	1134.0	-401.0	2848.5	-667.3	1.0000	-0.6686	-0.01470	-0.04547	2.738	0.002000
1.7300	-837.80	130.04	1136.0	-402.0	2851.6	-668.3	1.0000	-0.6736	-0.01474	-0.04556	2.743	0.002000
1.7320	-839.57	130.21	1138.0	-403.0	2854.7	-669.2	1.0000	-0.6789	-0.01477	-0.04564	2.748	0.002000
1.7340	-841.34	130.38	1140.0	-404.0	2857.8	-670.2	1.0000	-0.6845	-0.01481	-0.04572	2.753	0.002000
1.7360	-842.61	130.55	1143.0	-405.0	2860.9	-671.2	1.0000	-0.6901	-0.01484	-0.04584	2.761	0.002000
1.7380	-844.87	130.23	1144.0	-407.0	2864.0	-672.1	1.0000	-0.6857	-0.01492	-0.04589	2.764	0.002000
1.7400	-846.15	130.40	1147.0	-408.0	2867.1	-673.1	1.0000	-0.6813	-0.01495	-0.04601	2.772	0.002000
1.7420	-847.91	130.56	1149.0	-409.0	2870.2	-674.0	1.0000	-0.6770	-0.01499	-0.04609	2.777	0.002000
1.7440	-849.68	130.24	1151.0	-411.0	2873.3	-675.0	1.0000	-0.6719	-0.01506	-0.04617	2.783	0.002000
1.7460	-851.45	130.41	1153.0	-412.0	2876.4	-675.9	1.0000	-0.6671	-0.01510	-0.04626	2.788	0.002000
1.7480	-853.22	130.57	1155.0	-413.0	2879.5	-676.9	1.0000	-0.6720	-0.01513	-0.04634	2.793	0.002000
1.7500	-854.99	130.25	1157.0	-415.0	2882.6	-677.9	1.0000	-0.6669	-0.01521	-0.04642	2.799	0.002000
1.7520	-856.76	130.41	1159.0	-416.0	2885.7	-678.8	1.0000	-0.6716	-0.01524	-0.04650	2.804	0.002000
1.7540	-858.53	130.58	1161.0	-417.0	2888.8	-679.8	1.0000	-0.6767	-0.01528	-0.04659	2.809	0.002000
1.7560	-860.30	130.25	1163.0	-419.0	2891.9	-680.8	1.0000	-0.6718	-0.01535	-0.04667	2.815	0.002000
1.7580	-862.08	130.42	1165.0	-420.0	2895.0	-681.7	1.0000	-0.6764	-0.01539	-0.04675	2.820	0.002000
1.7600	-863.85	130.58	1167.0	-421.0	2898.1	-682.7	1.0000	-0.6817	-0.01542	-0.04683	2.825	0.002000
1.7620	-865.12	130.75	1170.0	-422.0	2901.2	-683.6	1.0000	-0.6872	-0.01545	-0.04696	2.832	0.002000
1.7640	-866.89	130.92	1172.0	-423.0	2904.3	-684.6	1.0000	-0.6928	-0.01549	-0.04704	2.837	0.002000
1.7660	-868.67	130.58	1174.0	-425.0	2907.3	-685.6	1.0000	-0.6883	-0.01556	-0.04712	2.843	0.002000
1.7680	-870.44	130.75	1176.0	-426.0	2910.4	-686.5	1.0000	-0.6838	-0.01560	-0.04720	2.848	0.002000
1.7700	-872.21	130.91	1178.0	-427.0	2913.5	-687.5	1.0000	-0.6795	-0.01563	-0.04729	2.853	0.002000
1.7720	-873.99	131.08	1180.0	-428.0	2916.6	-688.5	1.0000	-0.6846	-0.01567	-0.04737	2.859	0.002000
1.7740	-875.76	130.74	1182.0	-430.0	2919.7	-689.4	1.0000	-0.6798	-0.01574	-0.04745	2.864	0.002000
1.7760	-877.54	130.91	1184.0	-431.0	2922.8	-690.4	1.0000	-0.6751	-0.01578	-0.04753	2.870	0.002000
1.7780	-878.81	131.07	1187.0	-432.0	2925.9	-691.4	1.0000	-0.6801	-0.01581	-0.04766	2.877	0.002000
1.7800	-881.09	130.73	1188.0	-434.0	2929.0	-692.3	1.0000	-0.6751	-0.01589	-0.04770	2.881	0.002000
1.7820	-882.36	130.90	1191.0	-435.0	2932.1	-693.3	1.0000	-0.6704	-0.01592	-0.04782	2.888	0.002000
1.7840	-884.14	131.06	1193.0	-436.0	2935.2	-694.3	1.0000	-0.6753	-0.01596	-0.04791	2.893	0.002000
1.7860	-885.91	131.23	1195.0	-437.0	2938.3	-695.2	1.0000	-0.6806	-0.01599	-0.04799	2.898	0.002000
1.7880	-887.69	130.88	1197.0	-439.0	2941.4	-696.2	1.0000	-0.6757	-0.01607	-0.04807	2.904	0.002000
1.7900	-889.47	131.05	1199.0	-440.0	2944.5	-697.2	1.0000	-0.6804	-0.01610	-0.04815	2.909	0.002000
1.7920	-891.24	131.21	1201.0	-441.0	2947.6	-698.1	1.0000	-0.6857	-0.01614	-0.04824	2.914	0.002000
1.7940	-893.02	130.87	1203.0	-443.0	2950.6	-699.1	1.0000	-0.6808	-0.01621	-0.04832	2.920	0.002000
1.7960	-894.29	131.03	1206.0	-444.0	2953.7	-700.1	1.0000	-0.6762	-0.01624	-0.04844	2.927	0.002000
1.7980	-896.07	131.19	1208.0	-445.0	2956.8	-701.0	1.0000	-0.6812	-0.01628	-0.04853	2.932	0.002000
1.8000	-897.85	130.84	1210.0	-447.0	2959.9	-702.0	1.0000	-0.6762	-0.01635	-0.04861	2.938	0.002000
1.8020	-899.63	131.01	1212.0	-448.0	2963.0	-703.0	1.0000	-0.6715	-0.01639	-0.04869	2.943	0.002000
1.8040	-901.40	131.17	1214.0	-449.0	2966.1	-704.0	1.0000	-0.6764	-0.01642	-0.04877	2.949	0.002000
1.8060	-903.18	131.33	1216.0	-450.0	2969.2	-704.9	1.0000	-0.6816	-0.01646	-0.04886	2.954	0.002000
1.8080	-904.96	130.98	1218.0	-452.0	2972.3	-705.9	1.0000	-0.6767	-0.01653	-0.04894	2.960	0.002000
1.8100	-906.75	131.14	1220.0	-453.0	2975.3	-706.9	1.0000	-0.6814	-0.01657	-0.04902	2.965	0.002000
1.8120	-908.01	131.30	1223.0	-454.0	2978.4	-707.8	1.0000	-0.6867	-0.01660	-0.04915	2.972	0.002000
1.8140	-909.79	131.47	1225.0	-455.0	2981.5	-708.8	1.0000	-0.6921	-0.01663	-0.04923	2.977	0.002000
1.8160	-911.57	131.11	1227.0	-457.0	2984.6	-709.8	1.0000	-0.6875	-0.01671	-0.04931	2.983	0.002000
1.8180	-913.35	131.27	1229.0	-458.0	2987.7	-710.8	1.0000	-0.6829	-0.01674	-0.04939	2.988	0.002000
1.8200	-915.13	131.44	1231.0	-459.0	2990.8	-711.7	1.0000	-0.6878	-0.01678	-0.04948	2.993	0.002000
1.8220	-916.91	131.60	1233.0	-460.0	2993.8	-712.7	1.0000	-0.6931	-0.01681	-0.04956	2.998	0.002000
1.8240	-918.70	131.24	1235.0	-462.0	2996.9	-713.7	1.0000	-0.6884	-0.01689	-0.04964	3.004	0.002000
1.8260	-920.48	131.40	1237.0	-463.0	3000.0	-714.7	1.0000	-0.6838	-0.01692	-0.04972	3.009	0.002000
1.8280	-922.26	131.04	1239.0	-465.0	3003.1	-715.6	1.0000	-0.6786	-0.01700	-0.04981	3.015	0.002000
1.8300	-924.04	131.20	1241.0	-466.0	3006.2	-716.6	1.0000	-0.6736	-0.01703	-0.04989	3.020	0.002000
1.8320	-925.83	131.36	1243.0	-467.0	3009.3	-717.6	1.0000	-0.6783	-0.01707	-0.04997	3.025	0.002000
1.8340	-927.61	131.52	1245.0	-468.0	3012.3	-718.6	1.0000	-0.6835	-0.01710	-0.05006	3.031	0.002000
1.8360	-928.87	131.68	1248.0	-469.0	3015.4	-719.6	1.0000	-0.6889	-0.01713	-0.05018	3.038	0.002000
1.8380	-930.65	131.32	1250.0	-471.0	3018.5	-720.5	1.0000	-0.6841	-0.01721	-0.05026	3.044	0.002000
1.8400	-932.44	131.48	1252.0	-472.0	3021.6	-721.5	1.0000	-0.6796	-0.01724	-0.05035	3.049	0.002000
1.8420	-934.22	131.64	1254.0	-473.0	3024.7	-722.5	1.0000	-0.6845	-0.01728	-0.05043	3.054	0.002000
1.8440	-936.00	131.27	1256.0	-475.0	3027.7	-723.5	1.0000	-0.6795	-0.01735	-0.05051	3.060	0.002000
1.8460	-937.26	131.43	1259.0	-476.0	3030.8	-724.5	1.0000	-0.6748	-0.01738	-0.05064	3.067	0.002000
1.8480	-939.57	131.59	1260.0	-477.0	3033.9	-725.4	1.0000	-0.6797	-0.01742	-0.05068	3.070	0.002000
1.8500	-940.83	131.22	1263.0	-479.0	3037.0	-726.4	1.0000	-0.6745	-0.01749	-0.05080	3.078	0.002000
1.8520	-943.14	131.38	1264.0	-480.0	3040.0	-727.4	1.0000	-0.6791	-0.01753	-0.05084	3.081	0.002000
1.8540	-944.40	131.54	1267.0	-481.0	3043.1	-728.4	1.0000	-0.6842	-0.01756	-0.05097	3.089	0.002000
1.8560	-946.18	131.17	1269.0	-483.0	3046.2	-729.4	1.0000	-0.6792	-0.01764	-0.05105	3.094	0.002000
1.8580	-947.97	131.32	1271.0	-484.0	3049.3	-730.3	1.0000	-0.6746	-0.01767	-0.05113	3.100	0.002000
1.8600	-949.75	131.48	1273.0	-485.0	3052.3	-731.3	1.0000	-0.6794	-0.01771	-0.05122	3.105	0.002000
1.8620	-951.54	131.11	1275.0	-487.0	3055.4	-732.3	1.0000	-0.6743	-0.01778	-0.05130	3.111	0.002000
1.8640	-953.32	131.27	1277.0	-488.0	3058.5	-733.3	1.0000	-0.6788	-0.01781	-0.05138	3.116	0.002000
1.8660	-955.11	131.43	1279.0	-489.0	3061.6	-734.3	1.0000	-0.6839	-0.01785	-0.05146	3.121	0.002000
1.8680	-956.90	131.58	1281.0	-490.0	3064.6	-735.3	1.0000	-0.6893	-0.01788	-0.05155	3.126	0.002000
1.8700	-958.68	131.21	1283.0	-492.0	3067.7	-736.3	1.0000	-0.6845	-0.01796	-0.05163	3.132	0.002000
1.8720	-959.93	131.36	1286.0	-493.0	3070.8	-737.2	1.0000	-0.6799	-0.01799	-0.05175	3.139	0.002000
1.8740	-961.72	131.52	1288.0	-494.0	3073.8	-738.2	1.0000	-0.6848	-0.01803	-0.05184	3.144	0.002000
1.8760	-963.50	131.14	1290.0	-496.0	3076.9	-739.2	1.0000	-0.6798	-0.01810	-0.05192	3.150	0.002000
1.8785	-966.06	131.48	1292.0	-497.0	3080.8	-740.5	1.0000	-0.6861	-0.01813	-0.05200	3.155	0.002534
1.8800	-967.08	131.46	1294.0	-498.0	3083.1	-741.2	1.0000	-0.6829	-0.01817	-0.05209	3.161	0.001466
1.8820	-968.87	131.61	1296.0	-499.0	3086.1	-742.2	1.0000	-0.6879	-0.01820	-0.05217	3.166	0.002000
1.8840	-970.65	131.23	1298.0	-501.0	3089.2	-743.2	1.0000	-0.6830	-0.01828	-0.05225	3.172	0.002000
1.8860	-972.44	131.39	1300.0	-502.0	3092.3	-744.2	1.0000	-0.6783	-0.01831	-0.05234	3.177	0.002000
1.8880	-973.68	131.54	1303.0	-503.0	3095.3	-745.1	1.0000	-0.6831	-0.01834	-0.05246	3.184	0.002000
1.8900	-975.47	131.70	1305.0	-504.0	3098.4	-746.1	1.0000	-0.6884	-0.01838	-0.05254	3.189	0.002000
1.8920	-977.26	131.31	1307.0	-506.0	3101.5	-747.1	1.0000	-0.6835	-0.01845	-0.05263	3.195	0.002000
1.8940	-979.05	131.47	1309.0	-507.0	3104.5	-748.1	1.0000	-0.6788	-0.01849	-0.05271	3.200	0.002000
1.8960	-980.83	131.63	1311.0	-508.0	3107.6	-749.1	1.0000	-0.6837	-0.01852	-0.05279	3.205	0.002000
1.8980	-982.62	131.24	1313.0	-510.0	3110.7	-750.1	1.0000	-0.6786	-0.01860	-0.05288	3.211	0.002000
1.9000	-984.41	131.39	1315.0	-511.0	3113.7	-751.1	1.0000	-0.6739	-0.01863	-0.05296	3.216	0.002000
1.9020	-986.20	131.55	1317.0	-512.0	3116.8	-752.1	1.0000	-0.6787	-0.01866	-0.05304	3.222	0.002000
1.9040	-987.98	131.16	1319.0	-514.0	3119.9	-753.1	1.0000	-0.6735	-0.01874	-0.05313	3.227	0.002000
1.9060	-989.77	131.31	1321.0	-515.0	3122.9	-754.1	1.0000	-0.6780	-0.01877	-0.05321	3.233	0.002000
1.9080	-991.56	131.47	1323.0	-516.0	3126.0	-755.1	1.0000	-0.6830	-0.01881	-0.05329	3.238	0.002000
1.9100	-993.35	131.63	1325.0	-517.0	3129.1	-756.0	1.0000	-0.6883	-0.01884	-0.05337	3.243	0.002000
1.9120	-994.59	131.23	1328.0	-519.0	3132.1	-757.0	1.0000	-0.6835	-0.01891	-0.05350	3.251	0.002000
1.9140	-996.37	131.39	1330.0	-520.0	3135.2	-758.0	1.0000	-0.6789	-0.01895	-0.05358	3.256	0.002000
1.9160	-998.16	131.54	1332.0	-521.0	3138.2	-759.0	1.0000	-0.6838	-0.01898	-0.05367	3.261	0.002000
1.9180	-999.95	131.14	1334.0	-523.0	3141.3	-760.0	1.0000	-0.6787	-0.01906	-0.05375	3.267	0.002000
1.9200	-1001.74	131.30	1336.0	-524.0	3144.4	-761.0	1.0000	-0.6739	-0.01909	-0.05383	3.272	0.002000
1.9220	-1002.97	131.45	1339.0	-525.0	3147.4	-762.0	1.0000	-0.6787	-0.01912	-0.05396	3.280	0.002000
1.9240	-1005.32	131.05	1340.0	-527.0	3150.5	-763.0	1.0000	-0.6735	-0.01920	-0.05400	3.283	0.002000
1.9260	-1006.55	131.21	1343.0	-528.0	3153.5	-764.0	1.0000	-0.6780	-0.01923	-0.05412	3.291	0.002000
1.9280	-1008.89	131.36	1344.0	-529.0	3156.6	-765.0	1.0000	-0.6830	-0.01927	-0.05416	3.294	0.002000
1.9300	-1010.12	130.96	1347.0	-531.0	3159.7	-766.0	1.0000	-0.6780	-0.01934	-0.05429	3.302	0.002000
1.9320	-1011.91	131.12	1349.0	-532.0	3162.7	-767.0	1.0000	-0.6733	-0.01937	-0.05437	3.307	0.002000
1.9340	-1013.70	131.27	1351.0	-533.0	3165.8	-768.0	1.0000	-0.6781	-0.01941	-0.05446	3.312	0.002000
1.9360	-1015.49	131.42	1353.0	-534.0	3168.8	-769.0	1.0000	-0.6833	-0.01944	-0.05454	3.317	0.002000
1.9380	-1017.28	131.58	1355.0	-535.0	3171.9	-770.0	1.0000	-0.6887	-0.01948	-0.05462	3.322	0.002000
1.9400	-1019.06	131.17	1357.0	-537.0	3174.9	-771.0	1.0000	-0.6838	-0.01955	-0.05471	3.328	0.002000
1.9420	-1020.85	131.33	1359.0	-538.0	3178.0	-772.0	1.0000	-0.6793	-0.01959	-0.05479	3.334	0.002000
1.9440	-1022.64	131.48	1361.0	-539.0	3181.1	-773.0	1.0000	-0.6842	-0.01962	-0.05487	3.339	0.002000
1.9460	-1024.43	131.07	1363.0	-541.0	3184.1	-774.0	1.0000	-0.6791	-0.01969	-0.05496	3.345	0.002000
1.9480	-1025.66	131.23	1366.0	-542.0	3187.2	-775.0	1.0000	-0.6743	-0.01973	-0.05508	3.352	0.002000
1.9500	-1027.44	131.38	1368.0	-543.0	3190.2	-776.0	1.0000	-0.6791	-0.01976	-0.05516	3.357	0.002000
1.9520	-1029.23	130.97	1370.0	-545.0	3193.3	-777.0	1.0000	-0.6739	-0.01983	-0.05525	3.363	0.002000
1.9540	-1031.02	131.12	1372.0	-546.0	3196.3	-778.0	1.0000	-0.6783	-0.01987	-0.05533	3.368	0.002000
1.9560	-1032.81	131.28	1374.0	-547.0	3199.4	-779.0	1.0000	-0.6833	-0.01990	-0.05541	3.373	0.002000
1.9580	-1034.59	130.86	1376.0	-549.0	3202.4	-780.0	1.0000	-0.6783	-0.01997	-0.05550	3.379	0.002000
1.9600	-1036.38	131.02	1378.0	-550.0	3205.5	-781.0	1.0000	-0.6736	-0.02001	-0.05558	3.384	0.002000
1.9620	-1038.17	131.17	1380.0	-551.0	3208.5	-782.0	1.0000	-0.6784	-0.02004	-0.05566	3.390	0.002000
1.9640	-1039.39	131.32	1383.0	-552.0	3211.6	-783.0	1.0000	-0.6835	-0.02008	-0.05579	3.397	0.002000
1.9660	-1041.18	131.48	1385.0	-553.0	3214.6	-784.0	1.0000	-0.6889	-0.02011	-0.05587	3.402	0.002000
1.9680	-1042.96	131.06	1387.0	-555.0	3217.7	-785.0	1.0000	-0.6840	-0.02018	-0.05596	3.408	0.002000
1.9700	-1044.75	131.21	1389.0	-556.0	3220.7	-786.1	1.0000	-0.6795	-0.02022	-0.05604	3.413	0.002000
1.9720	-1046.54	131.37	1391.0	-557.0	3223.8	-787.1	1.0000	-0.6844	-0.02025	-0.05612	3.418	0.002000
1.9740	-1048.33	130.95	1393.0	-559.0	3226.8	-788.1	1.0000	-0.6792	-0.02033	-0.05621	3.424	0.002000
1.9760	-1050.11	131.10	1395.0	-560.0	3229.9	-789.1	1.0000	-0.6744	-0.02036	-0.05629	3.429	0.002000
1.9780	-1051.90	131.25	1397.0	-561.0	3232.9	-790.1	1.0000	-0.6792	-0.02039	-0.05637	3.435	0.002000
1.9800	-1053.69	130.83	1399.0	-563.0	3236.0	-791.1	1.0000	-0.6739	-0.02047	-0.05646	3.441	0.002000
1.9820	-1055.47	130.99	1401.0	-564.0	3239.0	-792.1	1.0000	-0.6784	-0.02050	-0.05654	3.446	0.002000
1.9840	-1057.26	131.14	1403.0	-565.0	3242.1	-793.1	1.0000	-0.6834	-0.02054	-0.05662	3.451	0.002000
1.9860	-1059.05	130.71	1405.0	-567.0	3245.1	-794.1	1.0000	-0.6783	-0.02061	-0.05671	3.457	0.002000
1.9880	-1060.26	130.87	1408.0	-568.0	3248.2	-795.1	1.0000	-0.6735	-0.02064	-0.05683	3.464	0.002000
1.9900	-1062.05	131.02	1410.0	-569.0	3251.2	-796.1	1.0000	-0.6783	-0.02068	-0.05691	3.469	0.002000
1.9920	-1063.83	131.17	1412.0	-570.0	3254.3	-797.2	1.0000	-0.6835	-0.02071	-0.05700	3.474	0.002000
1.9940	-1065.62	130.74	1414.0	-572.0	3257.3	-798.2	1.0000	-0.6784	-0.02078	-0.05708	3.480	0.002000
1.9960	-1067.40	130.90	1416.0	-573.0	3260.3	-799.2	1.0000	-0.6829	-0.02082	-0.05717	3.486	0.002000
1.9980	-1069.19	131.05	1418.0	-574.0	3263.4	-800.2	1.0000	-0.6880	-0.02085	-0.05725	3.491	0.002000
2.0000	-1070.98	130.62	1420.0	-576.0	3266.4	-801.2	1.0000	-0.6831	-0.02092	-0.05733	3.497	0.002000
2.0020	-1072.76	130.77	1422.0	-577.0	3269.5	-802.2	1.0000	-0.6783	-0.02096	-0.05742	3.502	0.002000
2.0040	-1074.55	130.92	1424.0	-578.0	3272.5	-803.2	1.0000	-0.6831	-0.02099	-0.05750	3.507	0.002000
2.0060	-1075.75	131.07	1427.0	-579.0	3275.6	-804.2	1.0000	-0.6883	-0.02103	-0.05762	3.514	0.002000
2.0080	-1078.12	130.64	1428.0	-581.0	3278.6	-805.3	1.0000	-0.6834	-0.02110	-0.05767	3.518	0.002000
2.0100	-1079.32	130.80	1431.0	-582.0	3281.6	-806.3	1.0000	-0.6786	-0.02113	-0.05779	3.525	0.002000
2.0120	-1081.11	130.95	1433.0	-583.0	3284.7	-807.3	1.0000	-0.6834	-0.02117	-0.05788	3.531	0.002000
2.0140	-1082.89	131.10	1435.0	-584.0	3287.7	-808.3	1.0000	-0.6886	-0.02120	-0.05796	3.536	0.002000
2.0160	-1084.68	130.66	1437.0	-586.0	3290.8	-809.3	1.0000	-0.6837	-0.02127	-0.05804	3.542	0.002000
2.0180	-1086.46	130.82	1439.0	-587.0	3293.8	-810.3	1.0000	-0.6789	-0.02131	-0.05813	3.547	0.002000
2.0200	-1088.24	130.97	1441.0	-588.0	3296.8	-811.3	1.0000	-0.6838	-0.02134	-0.05821	3.552	0.002000
2.0220	-1090.03	130.53	1443.0	-590.0	3299.9	-812.4	1.0000	-0.6786	-0.02142	-0.05829	3.558	0.002000
2.0240	-1091.23	130.68	1446.0	-591.0	3302.9	-813.4	1.0000	-0.6737	-0.02145	-0.05842	3.565	0.002000
2.0260	-1093.01	130.83	1448.0	-592.0	3305.9	-814.4	1.0000	-0.6784	-0.02148	-0.05850	3.571	0.002000
2.0280	-1094.79	130.40	1450.0	-594.0	3309.0	-815.4	1.0000	-0.6731	-0.02155	-0.05859	3.576	0.002000
2.0300	-1096.58	130.55	1452.0	-595.0	3312.0	-816.4	1.0000	-0.6774	-0.02159	-0.05867	3.582	0.002000
2.0320	-1098.36	130.70	1454.0	-596.0	3315.1	-817.5	1.0000	-0.6824	-0.02162	-0.05875	3.587	0.002000
2.0340	-1100.14	130.85	1456.0	-597.0	3318.1	-818.5	1.0000	-0.6877	-0.02166	-0.05884	3.592	0.002000
2.0360	-1101.92	130.41	1458.0	-599.0	3321.1	-819.5	1.0000	-0.6828	-0.02173	-0.05892	3.598	0.002000
2.0380	-1103.71	130.56	1460.0	-600.0	3324.2	-820.5	1.0000	-0.6781	-0.02176	-0.05900	3.603	0.002000
2.0400	-1104.90	130.71	1463.0	-601.0	3327.2	-821.5	1.0000	-0.6830	-0.02180	-0.05913	3.610	0.002000
2.0420	-1107.27	130.27	1464.0	-603.0	3330.2	-822.6	1.0000	-0.6778	-0.02187	-0.05917	3.614	0.002000
2.0440	-1108.46	130.42	1467.0	-604.0	3333.3	-823.6	1.0000	-0.6729	-0.02190	-0.05930	3.622	0.002000
2.0460	-1110.84	130.57	1468.0	-605.0	3336.3	-824.6	1.0000	-0.6776	-0.02194	-0.05934	3.625	0.002000
2.0480	-1112.02	130.72	1471.0	-606.0	3339.3	-825.6	1.0000	-0.6827	-0.02197	-0.05946	3.632	0.002000
2.0500	-1113.80	130.27	1473.0	-608.0	3342.4	-826.6	1.0000	-0.6777	-0.02204	-0.05955	3.638	0.002000
2.0520	-1115.58	130.42	1475.0	-609.0	3345.4	-827.7	1.0000	-0.6730	-0.02208	-0.05963	3.643	0.002000
2.0540	-1117.36	130.57	1477.0	-610.0	3348.4	-828.7	1.0000	-0.6778	-0.02211	-0.05972	3.648	0.002000
2.0560	-1119.15	130.13	1479.0	-612.0	3351.4	-829.7	1.0000	-0.6725	-0.02218	-0.05980	3.654	0.002000
2.0580	-1120.93	130.28	1481.0	-613.0	3354.5	-830.7	1.0000	-0.6768	-0.02222	-0.05988	3.659	0.002000
2.0600	-1122.71	130.43	1483.0	-614.0	3357.5	-831.8	1.0000	-0.6818	-0.02225	-0.05997	3.665	0.002000
2.0620	-1124.49	130.58	1485.0	-615.0	3360.5	-832.8	1.0000	-0.6871	-0.02229	-0.06005	3.670	0.002000
2.0640	-1126.27	130.13	1487.0	-617.0	3363.6	-833.8	1.0000	-0.6822	-0.02236	-0.06014	3.676	0.002000
2.0660	-1128.04	130.28	1489.0	-618.0	3366.6	-834.8	1.0000	-0.6774	-0.02239	-0.06022	3.681	0.002000
2.0680	-1129.22	130.43	1492.0	-619.0	3369.6	-835.9	1.0000	-0.6823	-0.02242	-0.06034	3.688	0.002000
2.0700	-1131.00	130.58	1494.0	-620.0	3372.6	-836.9	1.0000	-0.6875	-0.02246	-0.06043	3.693	0.002000
2.0720	-1132.78	130.12	1496.0	-622.0	3375.7	-837.9	1.0000	-0.6825	-0.02253	-0.06051	3.699	0.002000
2.0740	-1134.56	130.27	1498.0	-623.0	3378.7	-838.9	1.0000	-0.6777	-0.02257	-0.06060	3.705	0.002000
2.0760	-1136.34	129.82	1500.0	-625.0	3381.7	-840.0	1.0000	-0.6722	-0.02264	-0.06068	3.711	0.002000
2.0780	-1138.11	129.97	1502.0	-626.0	3384.7	-841.0	1.0000	-0.6670	-0.02267	-0.06076	3.716	0.002000
2.0800	-1139.89	130.12	1504.0	-627.0	3387.8	-842.0	1.0000	-0.6716	-0.02271	-0.06085	3.721	0.002000
2.0820	-1141.06	130.27	1507.0	-628.0	3390.8	-843.1	1.0000	-0.6765	-0.02274	-0.06097	3.728	0.002000
2.0840	-1143.44	130.42	1508.0	-629.0	3393.8	-844.1	1.0000	-0.6818	-0.02277	-0.06102	3.731	0.002000
2.0860	-1144.61	129.96	1511.0	-631.0	3396.8	-845.1	1.0000	-0.6768	-0.02284	-0.06114	3.739	0.002000
2.0880	-1146.39	130.11	1513.0	-632.0	3399.9	-846.2	1.0000	-0.6814	-0.02288	-0.06122	3.745	0.002000
2.0900	-1148.17	130.26	1515.0	-633.0	3402.9	-847.2	1.0000	-0.6865	-0.02291	-0.06131	3.750	0.002000
2.0920	-1149.94	129.80	1517.0	-635.0	3405.9	-848.2	1.0000	-0.6815	-0.02298	-0.06139	3.756	0.002000
2.0940	-1151.72	129.95	1519.0	-636.0	3408.9	-849.2	1.0000	-0.6767	-0.02302	-0.06148	3.761	0.002000
2.0960	-1153.49	130.10	1521.0	-637.0	3412.0	-850.3	1.0000	-0.6815	-0.02305	-0.06156	3.766	0.002000
2.0980	-1155.27	129.64	1523.0	-639.0	3415.0	-851.3	1.0000	-0.6762	-0.02312	-0.06165	3.772	0.002000
2.1000	-1157.04	129.79	1525.0	-640.0	3418.0	-852.3	1.0000	-0.6713	-0.02316	-0.06173	3.777	0.002000
2.1020	-1158.20	129.94	1528.0	-641.0	3421.0	-853.4	1.0000	-0.6760	-0.02319	-0.06185	3.785	0.002000
2.1040	-1159.98	129.48	1530.0	-643.0	3424.0	-854.4	1.0000	-0.6706	-0.02326	-0.06194	3.791	0.002000
2.1060	-1161.75	129.63	1532.0	-644.0	3427.1	-855.4	1.0000	-0.6658	-0.02330	-0.06202	3.796	0.002000
2.1080	-1163.52	129.78	1534.0	-645.0	3430.1	-856.5	1.0000	-0.6704	-0.02333	-0.06211	3.801	0.002000
2.1100	-1165.29	129.93	1536.0	-646.0	3433.1	-857.5	1.0000	-0.6755	-0.02336	-0.06219	3.806	0.002000
2.1120	-1167.07	129.46	1538.0	-648.0	3436.1	-858.6	1.0000	-0.6703	-0.02344	-0.06227	3.812	0.002000
2.1140	-1168.84	129.61	1540.0	-649.0	3439.1	-859.6	1.0000	-0.6749	-0.02347	-0.06236	3.817	0.002000
2.1160	-1170.61	129.76	1542.0	-650.0	3442.1	-860.6	1.0000	-0.6799	-0.02350	-0.06244	3.822	0.002000
2.1180	-1172.38	129.91	1544.0	-651.0	3445.2	-861.7	1.0000	-0.6852	-0.02354	-0.06253	3.828	0.002000
2.1200	-1173.53	129.44	1547.0	-653.0	3448.2	-862.7	1.0000	-0.6802	-0.02361	-0.06265	3.836	0.002000
2.1220	-1175.92	129.59	1548.0	-654.0	3451.2	-863.7	1.0000	-0.6755	-0.02364	-0.06269	3.839	0.002000
2.1240	-1177.07	129.74	1551.0	-655.0	3454.2	-864.8	1.0000	-0.6803	-0.02368	-0.06282	3.846	0.002000
2.1260	-1179.46	129.27	1552.0	-657.0	3457.2	-865.8	1.0000	-0.6751	-0.02375	-0.06286	3.850	0.002000
2.1280	-1180.61	129.42	1555.0	-658.0	3460.2	-866.9	1.0000	-0.6701	-0.02378	-0.06299	3.857	0.002000
2.1300	-1182.38	129.57	1557.0	-659.0	3463.2	-867.9	1.0000	-0.6749	-0.02382	-0.06307	3.863	0.002000
2.1320	-1184.15	129.72	1559.0	-660.0	3466.3	-868.9	1.0000	-0.6800	-0.02385	-0.06316	3.868	0.002000
2.1340	-1185.92	129.25	1561.0	-662.0	3469.3	-870.0	1.0000	-0.6748	-0.02392	-0.06324	3.874	0.002000
2.1360	-1187.69	129.40	1563.0	-663.0	3472.3	-871.0	1.0000	-0.6701	-0.02396	-0.06333	3.879	0.002000
2.1380	-1189.45	129.55	1565.0	-664.0	3475.3	-872.1	1.0000	-0.6748	-0.02399	-0.06341	3.884	0.002000
2.1400	-1191.22	129.70	1567.0	-665.0	3478.3	-873.1	1.0000	-0.6800	-0.02402	-0.06349	3.889	0.002000
2.1420	-1192.99	129.22	1569.0	-667.0	3481.3	-874.1	1.0000	-0.6749	-0.02410	-0.06358	3.895	0.002000
2.1440	-1194.13	129.37	1572.0	-668.0	3484.3	-875.2	1.0000	-0.6701	-0.02413	-0.06370	3.903	0.002000
2.1460	-1195.90	129.52	1574.0	-669.0	3487.3	-876.2	1.0000	-0.6749	-0.02416	-0.06379	3.908	0.002000
2.1480	-1197.66	129.04	1576.0	-671.0	3490.3	-877.3	1.0000	-0.6696	-0.02423	-0.06387	3.914	0.002000
2.1500	-1199.43	129.19	1578.0	-672.0	3493.4	-878.3	1.0000	-0.6648	-0.02427	-0.06396	3.919	0.002000
2.1520	-1201.19	129.34	1580.0	-673.0	3496.4	-879.4	1.0000	-0.6694	-0.02430	-0.06404	3.924	0.002000
2.1540	-1202.95	128.87	1582.0	-675.0	3499.4	-880.4	1.0000	-0.6640	-0.02437	-0.06413	3.930	0.002000
2.1560	-1204.72	129.01	1584.0	-676.0	3502.4	-881.4	1.0000	-0.6683	-0.02441	-0.06421	3.935	0.002000
2.1580	-1206.48	129.16	1586.0	-677.0	3505.4	-882.5	1.0000	-0.6732	-0.02444	-0.06429	3.941	0.002000
2.1600	-1208.24	129.31	1588.0	-678.0	3508.4	-883.5	1.0000	-0.6784	-0.02447	-0.06438	3.946	0.002000
2.1620	-1209.38	128.83	1591.0	-680.0	3511.4	-884.6	1.0000	-0.6734	-0.02454	-0.06450	3.954	0.002000
2.1640	-1211.14	128.98	1593.0	-681.0	3514.4	-885.6	1.0000	-0.6687	-0.02458	-0.06459	3.959	0.002000
2.1660	-1212.90	129.13	1595.0	-682.0	3517.4	-886.7	1.0000	-0.6735	-0.02461	-0.06467	3.964	0.002000
2.1680	-1214.66	129.28	1597.0	-683.0	3520.4	-887.7	1.0000	-0.6786	-0.02464	-0.06476	3.969	0.002000
2.1700	-1216.42	128.80	1599.0	-685.0	3523.4	-888.8	1.0000	-0.6735	-0.02472	-0.06484	3.976	0.002000
2.1720	-1218.18	128.95	1601.0	-686.0	3526.4	-889.8	1.0000	-0.6688	-0.02475	-0.06492	3.981	0.002000
2.1740	-1219.94	129.10	1603.0	-687.0	3529.4	-890.9	1.0000	-0.6735	-0.02478	-0.06501	3.986	0.002000
2.1760	-1221.70	128.62	1605.0	-689.0	3532.4	-891.9	1.0000	-0.6682	-0.02486	-0.06509	3.992	0.002000
2.1780	-1223.46	128.76	1607.0	-690.0	3535.4	-893.0	1.0000	-0.6634	-0.02489	-0.06518	3.997	0.002000
2.1800	-1225.22	128.91	1609.0	-691.0	3538.4	-894.0	1.0000	-0.6680	-0.02492	-0.06526	4.002	0.002000
2.1820	-1226.98	129.06	1611.0	-692.0	3541.4	-895.1	1.0000	-0.6730	-0.02496	-0.06535	4.007	0.002000
2.1840	-1228.10	129.21	1614.0	-693.0	3544.4	-896.1	1.0000	-0.6783	-0.02499	-0.06547	4.015	0.002000
2.1860	-1229.86	128.73	1616.0	-695.0	3547.4	-897.2	1.0000	-0.6733	-0.02506	-0.06556	4.021	0.002000
2.1880	-1231.61	128.88	1618.0	-696.0	3550.4	-898.2	1.0000	-0.6778	-0.02509	-0.06564	4.026	0.002000
2.1900	-1233.37	129.03	1620.0	-697.0	3553.4	-899.3	1.0000	-0.6830	-0.02513	-0.06573	4.031	0.002000
2.1920	-1235.13	128.54	1622.0	-699.0	3556.4	-900.3	1.0000	-0.6779	-0.02520	-0.06581	4.037	0.002000
2.1940	-1236.88	128.69	1624.0	-700.0	3559.4	-901.4	1.0000	-0.6730	-0.02523	-0.06589	4.042	0.002000
2.1960	-1238.00	128.84	1627.0	-701.0	3562.4	-902.4	1.0000	-0.6778	-0.02526	-0.06602	4.050	0.002000
2.1980	-1240.39	128.99	1628.0	-702.0	3565.4	-903.5	1.0000	-0.6829	-0.02530	-0.06606	4.053	0.002000
2.2000	-1241.50	128.50	1631.0	-704.0	3568.4	-904.5	1.0000	-0.6779	-0.02537	-0.06619	4.061	0.002000
2.2020	-1243.90	128.65	1632.0	-705.0	3571.4	-905.6	1.0000	-0.6730	-0.02540	-0.06623	4.064	0.002000
2.2040	-1245.01	128.80	1635.0	-706.0	3574.4	-906.6	1.0000	-0.6778	-0.02544	-0.06636	4.071	0.002000
2.2060	-1246.76	128.31	1637.0	-708.0	3577.4	-907.7	1.0000	-0.6725	-0.02551	-0.06644	4.077	0.002000
2.2080	-1248.51	128.46	1639.0	-709.0	3580.4	-908.7	1.0000	-0.6675	-0.02554	-0.06653	4.083	0.002000
2.2100	-1250.27	128.61	1641.0	-710.0	3583.4	-909.8	1.0000	-0.6722	-0.02557	-0.06661	4.088	0.002000
2.2120	-1252.02	128.76	1643.0	-711.0	3586.4	-910.9	1.0000	-0.6773	-0.02561	-0.06670	4.093	0.002000
2.2140	-1253.77	128.26	1645.0	-713.0	3589.4	-911.9	1.0000	-0.6721	-0.02568	-0.06678	4.099	0.002000
2.2160	-1255.52	128.41	1647.0	-714.0	3592.4	-913.0	1.0000	-0.6673	-0.02571	-0.06687	4.104	0.002000
2.2180	-1257.27	128.56	1649.0	-715.0	3595.4	-914.0	1.0000	-0.6720	-0.02575	-0.06695	4.109	0.002000
2.2200	-1258.37	128.72	1652.0	-716.0	3598.4	-915.1	1.0000	-0.6772	-0.02578	-0.06708	4.117	0.002000
2.2220	-1260.12	128.22	1654.0	-718.0	3601.4	-916.1	1.0000	-0.6720	-0.02585	-0.06716	4.123	0.002000
2.2240	-1261.87	128.37	1656.0	-719.0	3604.4	-917.2	1.0000	-0.6672	-0.02588	-0.06725	4.128	0.002000
2.2260	-1263.61	128.52	1658.0	-720.0	3607.4	-918.3	1.0000	-0.6720	-0.02592	-0.06733	4.133	0.002000
2.2280	-1265.36	128.02	1660.0	-722.0	3610.4	-919.3	1.0000	-0.6666	-0.02599	-0.06741	4.139	0.002000
2.2300	-1267.11	128.17	1662.0	-723.0	3613.3	-920.4	1.0000	-0.6617	-0.02602	-0.06750	4.144	0.002000
2.2320	-1268.85	128.32	1664.0	-724.0	3616.3	-921.4	1.0000	-0.6664	-0.02605	-0.06758	4.150	0.002000
2.2340	-1270.60	128.47	1666.0	-725.0	3619.3	-922.5	1.0000	-0.6714	-0.02609	-0.06767	4.155	0.002000
2.2360	-1272.34	127.97	1668.0	-727.0	3622.3	-923.6	1.0000	-0.6662	-0.02616	-0.06775	4.161	0.002000
2.2380	-1273.43	128.13	1671.0	-728.0	3625.3	-924.6	1.0000	-0.6707	-0.02619	-0.06788	4.168	0.002000
2.2400	-1275.18	128.28	1673.0	-729.0	3628.3	-925.7	1.0000	-0.6757	-0.02622	-0.06796	4.173	0.002000
2.2420	-1276.92	128.43	1675.0	-730.0	3631.3	-926.8	1.0000	-0.6810	-0.02626	-0.06805	4.179	0.002000
2.2440	-1278.66	127.93	1677.0	-732.0	3634.3	-927.8	1.0000	-0.6760	-0.02633	-0.06813	4.185	0.002000
2.2460	-1280.40	128.08	1679.0	-733.0	3637.3	-928.9	1.0000	-0.6712	-0.02636	-0.06822	4.190	0.002000
2.2480	-1282.15	128.23	1681.0	-734.0	3640.2	-929.9	1.0000	-0.6760	-0.02640	-0.06830	4.195	0.002000
2.2500	-1283.89	127.72	1683.0	-736.0	3643.2	-931.0	1.0000	-0.6707	-0.02647	-0.06839	4.201	0.002000
2.2520	-1285.63	127.88	1685.0	-737.0	3646.2	-932.1	1.0000	-0.6657	-0.02650	-0.06847	4.206	0.002000
2.2540	-1287.37	128.03	1687.0	-738.0	3649.2	-933.1	1.0000	-0.6704	-0.02653	-0.06856	4.211	0.002000
2.2560	-1289.11	128.18	1689.0	-739.0	3652.2	-934.2	1.0000	-0.6755	-0.02657	-0.06864	4.217	0.002000
2.2580	-1290.84	127.67	1691.0	-741.0	3655.2	-935.3	1.0000	-0.6703	-0.02664	-0.06873	4.223	0.002000
2.2600	-1292.58	127.82	1693.0	-742.0	3658.2	-936.3	1.0000	-0.6655	-0.02667	-0.06881	4.228	0.002000
2.2620	-1293.66	127.98	1696.0	-743.0	3661.1	-937.4	1.0000	-0.6702	-0.02670	-0.06894	4.235	0.002000
2.2640	-1295.40	128.13	1698.0	-744.0	3664.1	-938.5	1.0000	-0.6753	-0.02674	-0.06902	4.241	0.002000
2.2660	-1297.14	128.28	1700.0	-745.0	3667.1	-939.5	1.0000	-0.6807	-0.02677	-0.06911	4.246	0.002000
2.2680	-1298.87	127.77	1702.0	-747.0	3670.1	-940.6	1.0000	-0.6757	-0.02684	-0.06919	4.252	0.002000
2.2700	-1300.61	127.92	1704.0	-748.0	3673.1	-941.7	1.0000	-0.6710	-0.02687	-0.06928	4.257	0.002000
2.2720	-1301.68	128.08	1707.0	-749.0	3676.0	-942.7	1.0000	-0.6758	-0.02691	-0.06940	4.264	0.002000
2.2740	-1304.07	127.57	1708.0	-751.0	3679.0	-943.8	1.0000	-0.6705	-0.02698	-0.06945	4.268	0.002000
2.2760	-1305.15	127.72	1711.0	-752.0	3682.0	-944.9	1.0000	-0.6655	-0.02701	-0.06957	4.276	0.002000
2.2780	-1307.54	127.87	1712.0	-753.0	3685.0	-945.9	1.0000	-0.6702	-0.02705	-0.06961	4.279	0.002000
2.2800	-1308.61	127.36	1715.0	-755.0	3688.0	-947.0	1.0000	-0.6648	-0.02711	-0.06974	4.287	0.002000
2.2820	-1310.34	127.51	1717.0	-756.0	3690.9	-948.1	1.0000	-0.6598	-0.02715	-0.06983	4.292	0.002000
2.2840	-1312.07	127.67	1719.0	-757.0	3693.9	-949.2	1.0000	-0.6644	-0.02718	-0.06991	4.297	0.002000
2.2860	-1313.80	127.82	1721.0	-758.0	3696.9	-950.2	1.0000	-0.6694	-0.02721	-0.07000	4.302	0.002000
2.2880	-1315.53	127.31	1723.0	-760.0	3699.9	-951.3	1.0000	-0.6642	-0.02729	-0.07008	4.308	0.002000
2.2900	-1317.26	127.46	1725.0	-761.0	3702.9	-952.4	1.0000	-0.6687	-0.02732	-0.07017	4.314	0.002000
2.2920	-1318.99	127.61	1727.0	-762.0	3705.8	-953.4	1.0000	-0.6737	-0.02735	-0.07025	4.319	0.002000
2.2940	-1320.72	127.76	1729.0	-763.0	3708.8	-954.5	1.0000	-0.6790	-0.02739	-0.07033	4.324	0.002000
2.2960	-1321.78	127.92	1732.0	-764.0	3711.8	-955.6	1.0000	-0.6845	-0.02742	-0.07046	4.331	0.002000
2.2980	-1323.50	127.40	1734.0	-766.0	3714.8	-956.7	1.0000	-0.6797	-0.02749	-0.07055	4.338	0.002000
2.3000	-1325.23	127.55	1736.0	-767.0	3717.7	-957.7	1.0000	-0.6749	-0.02752	-0.07063	4.343	0.002000
2.3020	-1326.96	127.04	1738.0	-769.0	3720.7	-958.8	1.0000	-0.6694	-0.02759	-0.07072	4.349	0.002000
2.3040	-1328.68	127.19	1740.0	-770.0	3723.7	-959.9	1.0000	-0.6641	-0.02762	-0.07080	4.354	0.002000
2.3060	-1330.40	127.35	1742.0	-771.0	3726.7	-961.0	1.0000	-0.6686	-0.02766	-0.07089	4.359	0.002000
2.3080	-1332.13	127.50	1744.0	-772.0	3729.6	-962.0	1.0000	-0.6736	-0.02769	-0.07097	4.364	0.002000
2.3100	-1333.85	127.65	1746.0	-773.0	3732.6	-963.1	1.0000	-0.6789	-0.02772	-0.07106	4.370	0.002000
2.3120	-1335.57	127.13	1748.0	-775.0	3735.6	-964.2	1.0000	-0.6739	-0.02780	-0.07114	4.376	0.002000
2.3140	-1336.62	127.29	1751.0	-776.0	3738.5	-965.3	1.0000	-0.6690	-0.02783	-0.07127	4.383	0.002000
2.3160	-1338.34	127.44	1753.0	-777.0	3741.5	-966.4	1.0000	-0.6738	-0.02786	-0.07135	4.388	0.002000
2.3180	-1340.06	127.60	1755.0	-778.0	3744.5	-967.4	1.0000	-0.6790	-0.02789	-0.07144	4.393	0.002000
2.3200	-1341.78	127.08	1757.0	-780.0	3747.5	-968.5	1.0000	-0.6739	-0.02796	-0.07152	4.400	0.002000
2.3220	-1343.50	127.23	1759.0	-781.0	3750.4	-969.6	1.0000	-0.6690	-0.02800	-0.07161	4.405	0.002000
2.3240	-1345.22	127.38	1761.0	-782.0	3753.4	-970.7	1.0000	-0.6738	-0.02803	-0.07169	4.410	0.002000
2.3260	-1346.94	126.86	1763.0	-784.0	3756.4	-971.7	1.0000	-0.6685	-0.02810	-0.07178	4.416	0.002000
2.3318	-1351.85	127.26	1769.0	-787.0	3765.0	-974.9	1.0000	-0.6824	-0.02820	-0.07203	4.432	0.005848
2.3330	-1352.22	127.05	1771.0	-788.0	3766.7	-975.5	1.0000	-0.6798	-0.02823	-0.07212	4.437	0.001124
2.3341	-1353.26	126.84	1772.0	-789.0	3768.4	-976.1	1.0000	-0.6770	-0.02827	-0.07216	4.440	0.001117
2.3352	-1354.31	127.31	1773.0	-789.0	3770.0	-976.7	1.0000	-0.6799	-0.02827	-0.07220	4.442	0.001124
2.3363	-1355.34	127.09	1774.0	-790.0	3771.7	-977.3	1.0000	-0.6773	-0.02830	-0.07224	4.445	0.001114
2.3380	-1356.55	127.11	1776.0	-791.0	3774.2	-978.2	1.0000	-0.6733	-0.02833	-0.07233	4.450	0.001673
2.3400	-1358.27	127.27	1778.0	-792.0	3777.1	-979.3	1.0000	-0.6781	-0.02837	-0.07241	4.456	0.002000
2.3420	-1359.98	126.74	1780.0	-794.0	3780.1	-980.4	1.0000	-0.6730	-0.02844	-0.07250	4.462	0.002000
2.3440	-1361.69	126.90	1782.0	-795.0	3783.1	-981.5	1.0000	-0.6680	-0.02847	-0.07258	4.467	0.002000
2.3460	-1363.40	127.05	1784.0	-796.0	3786.0	-982.6	1.0000	-0.6726	-0.02850	-0.07267	4.472	0.002000
2.3480	-1364.43	126.53	1787.0	-798.0	3789.0	-983.7	1.0000	-0.6673	-0.02857	-0.07280	4.480	0.002000
2.3500	-1366.82	126.68	1788.0	-799.0	3792.0	-984.7	1.0000	-0.6622	-0.02861	-0.07284	4.483	0.002000
2.3520	-1367.85	126.84	1791.0	-800.0	3794.9	-985.8	1.0000	-0.6669	-0.02864	-0.07297	4.491	0.002000
2.3540	-1370.24	126.99	1792.0	-801.0	3797.9	-986.9	1.0000	-0.6719	-0.02867	-0.07301	4.494	0.002000
2.3560	-1371.26	126.47	1795.0	-803.0	3800.9	-988.0	1.0000	-0.6667	-0.02874	-0.07314	4.502	0.002000
2.3580	-1372.97	126.62	1797.0	-804.0	3803.8	-989.1	1.0000	-0.6618	-0.02878	-0.07322	4.507	0.002000
2.3600	-1374.68	126.78	1799.0	-805.0	3806.8	-990.2	1.0000	-0.6666	-0.02881	-0.07331	4.512	0.002000
2.3620	-1376.38	126.25	1801.0	-807.0	3809.7	-991.3	1.0000	-0.6612	-0.02888	-0.07339	4.518	0.002000
2.3640	-1378.09	126.41	1803.0	-808.0	3812.7	-992.3	1.0000	-0.6562	-0.02891	-0.07348	4.524	0.002000
2.3660	-1379.79	126.56	1805.0	-809.0	3815.7	-993.4	1.0000	-0.6608	-0.02895	-0.07356	4.529	0.002000
2.3680	-1381.49	126.72	1807.0	-810.0	3818.6	-994.5	1.0000	-0.6659	-0.02898	-0.07365	4.534	0.002000
2.3700	-1383.20	126.19	1809.0	-812.0	3821.6	-995.6	1.0000	-0.6606	-0.02905	-0.07373	4.540	0.002000
2.3720	-1384.21	126.34	1812.0	-813.0	3824.5	-996.7	1.0000	-0.6651	-0.02908	-0.07386	4.548	0.002000
2.3740	-1385.91	126.50	1814.0	-814.0	3827.5	-997.8	1.0000	-0.6701	-0.02911	-0.07395	4.553	0.002000
2.3760	-1387.61	125.97	1816.0	-816.0	3830.4	-998.9	1.0000	-0.6649	-0.02918	-0.07403	4.559	0.002000
2.3780	-1389.31	126.13	1818.0	-817.0	3833.4	-1000.0	1.0000	-0.6599	-0.02922	-0.07412	4.564	0.002000
2.3800	-1391.01	126.28	1820.0	-818.0	3836.4	-1001.1	1.0000	-0.6647	-0.02925	-0.07420	4.569	0.002000
2.3820	-1392.71	126.44	1822.0	-819.0	3839.3	-1002.1	1.0000	-0.6698	-0.02928	-0.07429	4.574	0.002000
2.3840	-1394.41	126.60	1824.0	-820.0	3842.3	-1003.2	1.0000	-0.6751	-0.02931	-0.07437	4.580	0.002000
2.3860	-1396.10	126.76	1826.0	-821.0	3845.2	-1004.3	1.0000	-0.6807	-0.02935	-0.07446	4.585	0.002000
2.3880	-1397.80	126.22	1828.0	-823.0	3848.2	-1005.4	1.0000	-0.6759	-0.02942	-0.07454	4.591	0.002000
2.3900	-1398.80	126.38	1831.0	-824.0	3851.1	-1006.5	1.0000	-0.6711	-0.02945	-0.07467	4.598	0.002000
2.3920	-1400.50	126.54	1833.0	-825.0	3854.1	-1007.6	1.0000	-0.6758	-0.02948	-0.07475	4.604	0.002000
2.3940	-1402.19	126.00	1835.0	-827.0	3857.0	-1008.7	1.0000	-0.6706	-0.02955	-0.07484	4.610	0.002000
2.3960	-1403.88	126.16	1837.0	-828.0	3860.0	-1009.8	1.0000	-0.6656	-0.02958	-0.07493	4.615	0.002000
2.3980	-1405.58	126.32	1839.0	-829.0	3863.0	-1010.9	1.0000	-0.6702	-0.02962	-0.07501	4.620	0.002000
2.4000	-1407.27	125.78	1841.0	-831.0	3865.9	-1012.0	1.0000	-0.6649	-0.02969	-0.07510	4.626	0.002000
2.4020	-1408.96	125.94	1843.0	-832.0	3868.9	-1013.1	1.0000	-0.6598	-0.02972	-0.07518	4.631	0.002000
2.4040	-1410.65	126.10	1845.0	-833.0	3871.8	-1014.2	1.0000	-0.6645	-0.02975	-0.07527	4.637	0.002000
2.4060	-1412.34	126.26	1847.0	-834.0	3874.8	-1015.3	1.0000	-0.6696	-0.02979	-0.07535	4.642	0.002000
2.4080	-1414.03	125.72	1849.0	-836.0	3877.7	-1016.4	1.0000	-0.6643	-0.02986	-0.07544	4.648	0.002000
2.4100	-1415.72	125.88	1851.0	-837.0	3880.7	-1017.5	1.0000	-0.6594	-0.02989	-0.07552	4.653	0.002000
2.4120	-1416.71	126.04	1854.0	-838.0	3883.6	-1018.6	1.0000	-0.6642	-0.02992	-0.07565	4.661	0.002000
2.4140	-1418.39	126.20	1856.0	-839.0	3886.6	-1019.7	1.0000	-0.6693	-0.02995	-0.07574	4.666	0.002000
2.4160	-1420.08	126.36	1858.0	-840.0	3889.5	-1020.8	1.0000	-0.6747	-0.02999	-0.07582	4.671	0.002000
2.4180	-1421.76	125.82	1860.0	-842.0	3892.5	-1021.9	1.0000	-0.6697	-0.03006	-0.07591	4.677	0.002000
2.4200	-1423.45	125.98	1862.0	-843.0	3895.4	-1023.0	1.0000	-0.6649	-0.03009	-0.07599	4.682	0.002000
2.4220	-1425.13	126.14	1864.0	-844.0	3898.4	-1024.1	1.0000	-0.6698	-0.03012	-0.07608	4.688	0.002000
2.4240	-1426.11	125.60	1867.0	-846.0	3901.3	-1025.2	1.0000	-0.6645	-0.03019	-0.07621	4.696	0.002000
2.4260	-1428.50	125.76	1868.0	-847.0	3904.2	-1026.3	1.0000	-0.6594	-0.03022	-0.07625	4.699	0.002000
2.4280	-1429.48	125.92	1871.0	-848.0	3907.2	-1027.4	1.0000	-0.6641	-0.03025	-0.07638	4.706	0.002000
2.4300	-1431.86	126.08	1872.0	-849.0	3910.1	-1028.5	1.0000	-0.6692	-0.03029	-0.07642	4.709	0.002000
2.4320	-1432.84	125.53	1875.0	-851.0	3913.1	-1029.6	1.0000	-0.6640	-0.03036	-0.07655	4.718	0.002000
2.4340	-1434.51	125.69	1877.0	-852.0	3916.0	-1030.7	1.0000	-0.6591	-0.03039	-0.07663	4.723	0.002000
2.4360	-1436.19	125.86	1879.0	-853.0	3919.0	-1031.8	1.0000	-0.6639	-0.03042	-0.07672	4.728	0.002000
2.4380	-1437.87	125.31	1881.0	-855.0	3921.9	-1032.9	1.0000	-0.6584	-0.03049	-0.07680	4.734	0.002000
2.4400	-1439.55	125.47	1883.0	-856.0	3924.9	-1034.0	1.0000	-0.6535	-0.03053	-0.07689	4.739	0.002000
2.4420	-1441.22	125.63	1885.0	-857.0	3927.8	-1035.1	1.0000	-0.6581	-0.03056	-0.07697	4.745	0.002000
2.4440	-1442.90	125.80	1887.0	-858.0	3930.7	-1036.2	1.0000	-0.6631	-0.03059	-0.07706	4.750	0.002000
2.4460	-1444.57	125.96	1889.0	-859.0	3933.7	-1037.3	1.0000	-0.6684	-0.03062	-0.07715	4.755	0.002000
2.4480	-1445.54	125.41	1892.0	-861.0	3936.6	-1038.4	1.0000	-0.6634	-0.03069	-0.07727	4.763	0.002000
2.4500	-1447.21	125.57	1894.0	-862.0	3939.6	-1039.5	1.0000	-0.6678	-0.03072	-0.07736	4.768	0.002000
2.4520	-1448.88	125.74	1896.0	-863.0	3942.5	-1040.6	1.0000	-0.6730	-0.03076	-0.07744	4.774	0.002000
2.4540	-1450.55	125.19	1898.0	-865.0	3945.4	-1041.7	1.0000	-0.6679	-0.03083	-0.07753	4.780	0.002000
2.4560	-1452.22	125.35	1900.0	-866.0	3948.4	-1042.8	1.0000	-0.6629	-0.03086	-0.07762	4.785	0.002000
2.4580	-1453.89	125.51	1902.0	-867.0	3951.3	-1043.9	1.0000	-0.6677	-0.03089	-0.07770	4.790	0.002000
2.4600	-1455.56	125.68	1904.0	-868.0	3954.3	-1045.0	1.0000	-0.6729	-0.03093	-0.07779	4.795	0.002000
2.4620	-1457.23	125.84	1906.0	-869.0	3957.2	-1046.1	1.0000	-0.6783	-0.03096	-0.07787	4.801	0.002000
2.4640	-1458.90	125.29	1908.0	-871.0	3960.1	-1047.2	1.0000	-0.6734	-0.03103	-0.07796	4.807	0.002000
2.4660	-1459.85	125.45	1911.0	-872.0	3963.1	-1048.3	1.0000	-0.6686	-0.03106	-0.07809	4.814	0.002000
2.4680	-1461.52	125.62	1913.0	-873.0	3966.0	-1049.5	1.0000	-0.6641	-0.03109	-0.07817	4.819	0.002000
2.4700	-1463.18	125.78	1915.0	-874.0	3968.9	-1050.6	1.0000	-0.6691	-0.03112	-0.07826	4.825	0.002000
2.4720	-1464.85	125.23	1917.0	-876.0	3971.9	-1051.7	1.0000	-0.6638	-0.03119	-0.07834	4.831	0.002000
2.4740	-1466.51	125.40	1919.0	-877.0	3974.8	-1052.8	1.0000	-0.6588	-0.03123	-0.07843	4.836	0.002000
2.4760	-1468.17	125.56	1921.0	-878.0	3977.8	-1053.9	1.0000	-0.6635	-0.03126	-0.07851	4.841	0.002000
2.4780	-1469.83	125.01	1923.0	-880.0	3980.7	-1055.0	1.0000	-0.6580	-0.03133	-0.07860	4.847	0.002000
2.4800	-1471.49	125.17	1925.0	-881.0	3983.6	-1056.1	1.0000	-0.6530	-0.03136	-0.07869	4.853	0.002000
2.4820	-1473.15	125.34	1927.0	-882.0	3986.6	-1057.2	1.0000	-0.6576	-0.03139	-0.07877	4.858	0.002000
2.4840	-1474.81	125.50	1929.0	-883.0	3989.5	-1058.3	1.0000	-0.6627	-0.03143	-0.07886	4.863	0.002000
2.4860	-1476.47	124.95	1931.0	-885.0	3992.4	-1059.5	1.0000	-0.6574	-0.03150	-0.07894	4.869	0.002000
2.4880	-1477.41	125.12	1934.0	-886.0	3995.4	-1060.6	1.0000	-0.6618	-0.03153	-0.07907	4.877	0.002000
2.4900	-1479.07	125.28	1936.0	-887.0	3998.3	-1061.7	1.0000	-0.6669	-0.03156	-0.07916	4.882	0.002000
2.4920	-1480.72	125.45	1938.0	-888.0	4001.2	-1062.8	1.0000	-0.6722	-0.03159	-0.07924	4.887	0.002000
2.4940	-1482.38	125.61	1940.0	-889.0	4004.1	-1063.9	1.0000	-0.6778	-0.03162	-0.07933	4.892	0.002000
2.4960	-1484.03	125.06	1942.0	-891.0	4007.1	-1065.0	1.0000	-0.6729	-0.03169	-0.07941	4.898	0.002000
2.4980	-1485.69	125.22	1944.0	-892.0	4010.0	-1066.1	1.0000	-0.6681	-0.03173	-0.07950	4.904	0.002000
2.5000	-1486.62	125.39	1947.0	-893.0	4012.9	-1067.3	1.0000	-0.6727	-0.03176	-0.07963	4.911	0.002000
2.5020	-1488.99	124.84	1948.0	-895.0	4015.9	-1068.4	1.0000	-0.6676	-0.03183	-0.07967	4.915	0.002000
2.5040	-1489.92	125.00	1951.0	-896.0	4018.8	-1069.5	1.0000	-0.6626	-0.03186	-0.07980	4.922	0.002000
2.5060	-1492.29	125.17	1952.0	-897.0	4021.7	-1070.6	1.0000	-0.6672	-0.03189	-0.07984	4.925	0.002000
2.5080	-1493.22	125.34	1955.0	-898.0	4024.7	-1071.7	1.0000	-0.6724	-0.03192	-0.07997	4.933	0.002000
2.5100	-1494.87	124.78	1957.0	-900.0	4027.6	-1072.8	1.0000	-0.6673	-0.03199	-0.08006	4.939	0.002000
2.5120	-1496.51	124.95	1959.0	-901.0	4030.5	-1074.0	1.0000	-0.6623	-0.03202	-0.08014	4.944	0.002000
2.5140	-1498.16	125.11	1961.0	-902.0	4033.4	-1075.1	1.0000	-0.6671	-0.03206	-0.08023	4.949	0.002000
2.5160	-1499.81	125.28	1963.0	-903.0	4036.4	-1076.2	1.0000	-0.6723	-0.03209	-0.08031	4.955	0.002000
2.5180	-1501.45	124.73	1965.0	-905.0	4039.3	-1077.3	1.0000	-0.6672	-0.03216	-0.08040	4.961	0.002000
2.5200	-1503.09	124.89	1967.0	-906.0	4042.2	-1078.4	1.0000	-0.6622	-0.03219	-0.08049	4.966	0.002000
2.5220	-1504.74	125.06	1969.0	-907.0	4045.1	-1079.6	1.0000	-0.6670	-0.03222	-0.08057	4.971	0.002000
2.5240	-1505.65	125.23	1972.0	-908.0	4048.1	-1080.7	1.0000	-0.6722	-0.03225	-0.08070	4.979	0.002000
2.5260	-1507.30	124.67	1974.0	-910.0	4051.0	-1081.8	1.0000	-0.6671	-0.03232	-0.08079	4.985	0.002000
2.5280	-1508.94	124.84	1976.0	-911.0	4053.9	-1082.9	1.0000	-0.6622	-0.03236	-0.08087	4.990	0.002000
2.5300	-1510.58	125.01	1978.0	-912.0	4056.8	-1084.0	1.0000	-0.6669	-0.03239	-0.08096	4.995	0.002000
2.5320	-1512.21	125.18	1980.0	-913.0	4059.7	-1085.2	1.0000	-0.6721	-0.03242	-0.08104	5.000	0.002000
2.5340	-1513.85	124.62	1982.0	-915.0	4062.7	-1086.3	1.0000	-0.6670	-0.03249	-0.08113	5.006	0.002000
2.5360	-1515.49	124.79	1984.0	-916.0	4065.6	-1087.4	1.0000	-0.6621	-0.03252	-0.08121	5.012	0.002000
2.5380	-1517.13	124.96	1986.0	-917.0	4068.5	-1088.5	1.0000	-0.6669	-0.03255	-0.08130	5.017	0.002000
2.5400	-1518.76	124.40	1988.0	-919.0	4071.4	-1089.6	1.0000	-0.6615	-0.03263	-0.08139	5.023	0.002000
2.5420	-1519.67	124.57	1991.0	-920.0	4074.4	-1090.8	1.0000	-0.6564	-0.03265	-0.08151	5.030	0.002000
2.5440	-1521.30	124.74	1993.0	-921.0	4077.3	-1091.9	1.0000	-0.6611	-0.03269	-0.08160	5.036	0.002000
2.5460	-1522.93	124.91	1995.0	-922.0	4080.2	-1093.0	1.0000	-0.6662	-0.03272	-0.08169	5.041	0.002000
2.5480	-1524.56	125.08	1997.0	-923.0	4083.1	-1094.1	1.0000	-0.6716	-0.03275	-0.08177	5.046	0.002000
2.5500	-1526.19	124.52	1999.0	-925.0	4086.0	-1095.3	1.0000	-0.6666	-0.03282	-0.08186	5.052	0.002000
2.5520	-1527.82	124.69	2001.0	-926.0	4088.9	-1096.4	1.0000	-0.6618	-0.03285	-0.08194	5.058	0.002000
2.5540	-1529.45	124.86	2003.0	-927.0	4091.9	-1097.5	1.0000	-0.6667	-0.03289	-0.08203	5.063	0.002000
2.5560	-1531.08	124.29	2005.0	-929.0	4094.8	-1098.7	1.0000	-0.6613	-0.03296	-0.08212	5.069	0.002000
2.5580	-1531.98	124.47	2008.0	-930.0	4097.7	-1099.8	1.0000	-0.6563	-0.03298	-0.08225	5.076	0.002000
2.5600	-1534.34	124.64	2009.0	-931.0	4100.6	-1100.9	1.0000	-0.6610	-0.03302	-0.08229	5.079	0.002000
2.5620	-1535.23	124.81	2012.0	-932.0	4103.5	-1102.0	1.0000	-0.6661	-0.03305	-0.08242	5.087	0.002000
2.5640	-1536.85	124.98	2014.0	-933.0	4106.4	-1103.2	1.0000	-0.6715	-0.03308	-0.08250	5.092	0.002000
2.5660	-1538.48	124.42	2016.0	-935.0	4109.4	-1104.3	1.0000	-0.6665	-0.03315	-0.08259	5.098	0.002000
2.5680	-1540.10	124.59	2018.0	-936.0	4112.3	-1105.4	1.0000	-0.6617	-0.03318	-0.08268	5.103	0.002000
2.5700	-1541.72	124.76	2020.0	-937.0	4115.2	-1106.5	1.0000	-0.6666	-0.03321	-0.08276	5.109	0.002000
2.5720	-1543.34	124.93	2022.0	-938.0	4118.1	-1107.7	1.0000	-0.6718	-0.03325	-0.08285	5.114	0.002000
2.5740	-1544.96	124.37	2024.0	-940.0	4121.0	-1108.8	1.0000	-0.6667	-0.03332	-0.08293	5.120	0.002000
2.5760	-1545.85	124.54	2027.0	-941.0	4123.9	-1109.9	1.0000	-0.6618	-0.03335	-0.08306	5.127	0.002000
2.5780	-1548.20	124.72	2028.0	-942.0	4126.8	-1111.1	1.0000	-0.6666	-0.03338	-0.08311	5.131	0.002000
2.5800	-1549.08	124.15	2031.0	-944.0	4129.7	-1112.2	1.0000	-0.6613	-0.03345	-0.08323	5.139	0.002000
2.5820	-1551.44	124.32	2032.0	-945.0	4132.7	-1113.3	1.0000	-0.6562	-0.03348	-0.08328	5.142	0.002000
2.5840	-1552.31	124.50	2035.0	-946.0	4135.6	-1114.5	1.0000	-0.6609	-0.03351	-0.08341	5.149	0.002000
2.5860	-1553.93	124.67	2037.0	-947.0	4138.5	-1115.6	1.0000	-0.6660	-0.03354	-0.08349	5.155	0.002000
2.5880	-1555.54	124.11	2039.0	-949.0	4141.4	-1116.7	1.0000	-0.6608	-0.03361	-0.08358	5.161	0.002000
2.5900	-1557.16	124.28	2041.0	-950.0	4144.3	-1117.9	1.0000	-0.6559	-0.03365	-0.08367	5.166	0.002000
2.5920	-1558.77	124.45	2043.0	-951.0	4147.2	-1119.0	1.0000	-0.6607	-0.03368	-0.08375	5.171	0.002000
2.5940	-1560.38	124.63	2045.0	-952.0	4150.1	-1120.1	1.0000	-0.6659	-0.03371	-0.08384	5.176	0.002000
2.5960	-1561.99	124.80	2047.0	-953.0	4153.0	-1121.3	1.0000	-0.6713	-0.03374	-0.08392	5.182	0.002000
2.5980	-1563.60	124.24	2049.0	-955.0	4155.9	-1122.4	1.0000	-0.6663	-0.03381	-0.08401	5.188	0.002000
2.6000	-1564.47	124.41	2052.0	-956.0	4158.8	-1123.5	1.0000	-0.6616	-0.03384	-0.08414	5.195	0.002000
2.6020	-1566.07	124.59	2054.0	-957.0	4161.7	-1124.7	1.0000	-0.6665	-0.03387	-0.08422	5.200	0.002000
2.6040	-1567.68	124.02	2056.0	-959.0	4164.6	-1125.8	1.0000	-0.6611	-0.03394	-0.08431	5.207	0.002000
2.6060	-1569.28	124.20	2058.0	-960.0	4167.6	-1127.0	1.0000	-0.6561	-0.03397	-0.08440	5.212	0.002000
2.6080	-1570.89	124.37	2060.0	-961.0	4170.5	-1128.1	1.0000	-0.6608	-0.03401	-0.08448	5.217	0.002000
2.6100	-1572.49	124.55	2062.0	-962.0	4173.4	-1129.2	1.0000	-0.6660	-0.03404	-0.08457	5.222	0.002000
2.6120	-1574.10	123.98	2064.0	-964.0	4176.3	-1130.4	1.0000	-0.6608	-0.03411	-0.08466	5.228	0.002000
2.6140	-1575.70	124.16	2066.0	-965.0	4179.2	-1131.5	1.0000	-0.6559	-0.03414	-0.08474	5.234	0.002000
2.6160	-1577.30	124.33	2068.0	-966.0	4182.1	-1132.6	1.0000	-0.6607	-0.03417	-0.08483	5.239	0.002000
2.6180	-1578.15	124.51	2071.0	-967.0	4185.0	-1133.8	1.0000	-0.6659	-0.03420	-0.08496	5.246	0.002000
2.6200	-1579.75	124.69	2073.0	-968.0	4187.9	-1134.9	1.0000	-0.6713	-0.03423	-0.08504	5.252	0.002000
2.6220	-1581.35	124.87	2075.0	-969.0	4190.8	-1136.1	1.0000	-0.6770	-0.03426	-0.08513	5.257	0.002000
2.6240	-1582.95	124.30	2077.0	-971.0	4193.7	-1137.2	1.0000	-0.6721	-0.03433	-0.08522	5.263	0.002000
2.6260	-1584.55	124.47	2079.0	-972.0	4196.6	-1138.3	1.0000	-0.6674	-0.03437	-0.08530	5.268	0.002000
2.6280	-1586.14	124.65	2081.0	-973.0	4199.5	-1139.5	1.0000	-0.6723	-0.03440	-0.08539	5.274	0.002000
2.6300	-1587.74	124.08	2083.0	-975.0	4202.4	-1140.6	1.0000	-0.6671	-0.03447	-0.08548	5.280	0.002000
2.6320	-1589.33	124.26	2085.0	-976.0	4205.3	-1141.8	1.0000	-0.6621	-0.03450	-0.08556	5.285	0.002000
2.6340	-1590.92	124.44	2087.0	-977.0	4208.2	-1142.9	1.0000	-0.6667	-0.03453	-0.08565	5.290	0.002000
2.6360	-1592.52	123.87	2089.0	-979.0	4211.1	-1144.1	1.0000	-0.6614	-0.03460	-0.08573	5.296	0.002000
2.6380	-1594.11	124.05	2091.0	-980.0	4214.0	-1145.2	1.0000	-0.6563	-0.03463	-0.08582	5.302	0.002000
2.6400	-1594.95	124.23	2094.0	-981.0	4216.9	-1146.3	1.0000	-0.6610	-0.03466	-0.08595	5.309	0.002000
2.6420	-1596.53	124.41	2096.0	-982.0	4219.8	-1147.5	1.0000	-0.6661	-0.03469	-0.08604	5.314	0.002000
2.6440	-1598.12	124.59	2098.0	-983.0	4222.7	-1148.6	1.0000	-0.6715	-0.03472	-0.08612	5.319	0.002000
2.6460	-1599.71	124.01	2100.0	-985.0	4225.6	-1149.8	1.0000	-0.6665	-0.03479	-0.08621	5.326	0.002000
2.6480	-1601.30	124.19	2102.0	-986.0	4228.5	-1150.9	1.0000	-0.6617	-0.03483	-0.08630	5.331	0.002000
2.6500	-1602.88	124.37	2104.0	-987.0	4231.4	-1152.1	1.0000	-0.6666	-0.03486	-0.08638	5.336	0.002000
2.6520	-1603.71	124.56	2107.0	-988.0	4234.2	-1153.2	1.0000	-0.6719	-0.03489	-0.08651	5.344	0.002000
2.6540	-1606.05	123.98	2108.0	-990.0	4237.1	-1154.4	1.0000	-0.6668	-0.03496	-0.08655	5.348	0.002000
2.6560	-1606.88	124.16	2111.0	-991.0	4240.0	-1155.5	1.0000	-0.6619	-0.03499	-0.08668	5.355	0.002000
2.6580	-1609.21	124.35	2112.0	-992.0	4242.9	-1156.7	1.0000	-0.6667	-0.03502	-0.08673	5.358	0.002000
2.6600	-1610.04	123.77	2115.0	-994.0	4245.8	-1157.8	1.0000	-0.6614	-0.03509	-0.08686	5.366	0.002000
2.6620	-1611.62	123.95	2117.0	-995.0	4248.7	-1159.0	1.0000	-0.6563	-0.03512	-0.08694	5.372	0.002000
2.6640	-1613.20	124.14	2119.0	-996.0	4251.6	-1160.1	1.0000	-0.6610	-0.03515	-0.08703	5.377	0.002000
2.6660	-1614.78	124.32	2121.0	-997.0	4254.5	-1161.3	1.0000	-0.6662	-0.03518	-0.08712	5.382	0.002000
2.6680	-1616.35	123.74	2123.0	-999.0	4257.4	-1162.4	1.0000	-0.6610	-0.03525	-0.08720	5.388	0.002000
2.6700	-1617.93	123.93	2125.0	-1000.0	4260.3	-1163.6	1.0000	-0.6561	-0.03528	-0.08729	5.393	0.002000
2.6720	-1619.50	124.11	2127.0	-1001.0	4263.2	-1164.7	1.0000	-0.6609	-0.03532	-0.08738	5.399	0.002000
2.6740	-1621.08	124.29	2129.0	-1002.0	4266.1	-1165.9	1.0000	-0.6661	-0.03535	-0.08746	5.404	0.002000
2.6760	-1621.89	123.72	2132.0	-1004.0	4269.0	-1167.0	1.0000	-0.6609	-0.03541	-0.08759	5.412	0.002000
2.6780	-1623.46	123.90	2134.0	-1005.0	4271.8	-1168.2	1.0000	-0.6562	-0.03545	-0.08768	5.418	0.002000
2.6800	-1625.03	124.08	2136.0	-1006.0	4274.7	-1169.3	1.0000	-0.6610	-0.03548	-0.08776	5.423	0.002000
2.6820	-1626.60	124.27	2138.0	-1007.0	4277.6	-1170.5	1.0000	-0.6662	-0.03551	-0.08785	5.428	0.002000
2.6840	-1628.17	123.69	2140.0	-1009.0	4280.5	-1171.6	1.0000	-0.6610	-0.03558	-0.08794	5.434	0.002000
2.6860	-1629.74	123.88	2142.0	-1010.0	4283.4	-1172.8	1.0000	-0.6562	-0.03561	-0.08802	5.440	0.002000
2.6880	-1631.31	124.06	2144.0	-1011.0	4286.3	-1173.9	1.0000	-0.6611	-0.03564	-0.08811	5.445	0.002000
2.6900	-1632.88	124.25	2146.0	-1012.0	4289.2	-1175.1	1.0000	-0.6663	-0.03567	-0.08820	5.450	0.002000
2.6920	-1634.44	124.43	2148.0	-1013.0	4292.1	-1176.2	1.0000	-0.6717	-0.03570	-0.08828	5.455	0.002000
2.6940	-1635.24	123.86	2151.0	-1015.0	4294.9	-1177.4	1.0000	-0.6668	-0.03577	-0.08841	5.464	0.002000
2.6960	-1636.81	124.04	2153.0	-1016.0	4297.8	-1178.5	1.0000	-0.6620	-0.03580	-0.08850	5.469	0.002000
2.6980	-1638.37	124.23	2155.0	-1017.0	4300.7	-1179.7	1.0000	-0.6670	-0.03583	-0.08859	5.474	0.002000
2.7000	-1639.93	124.41	2157.0	-1018.0	4303.6	-1180.9	1.0000	-0.6723	-0.03587	-0.08867	5.479	0.002000
2.7020	-1641.49	123.84	2159.0	-1020.0	4306.5	-1182.0	1.0000	-0.6672	-0.03593	-0.08876	5.486	0.002000
2.7040	-1643.05	124.02	2161.0	-1021.0	4309.4	-1183.2	1.0000	-0.6623	-0.03597	-0.08885	5.491	0.002000
2.7060	-1644.61	124.21	2163.0	-1022.0	4312.2	-1184.3	1.0000	-0.6672	-0.03600	-0.08893	5.496	0.002000
2.7080	-1646.16	123.63	2165.0	-1024.0	4315.1	-1185.5	1.0000	-0.6619	-0.03607	-0.08902	5.502	0.002000
2.7100	-1647.72	123.82	2167.0	-1025.0	4318.0	-1186.6	1.0000	-0.6568	-0.03610	-0.08911	5.507	0.002000
2.7120	-1649.28	124.01	2169.0	-1026.0	4320.9	-1187.8	1.0000	-0.6616	-0.03613	-0.08919	5.513	0.002000
2.7140	-1650.83	124.19	2171.0	-1027.0	4323.8	-1189.0	1.0000	-0.6667	-0.03616	-0.08928	5.518	0.002000
2.7160	-1652.39	123.62	2173.0	-1029.0	4326.6	-1190.1	1.0000	-0.6615	-0.03623	-0.08937	5.524	0.002000
2.7180	-1653.17	123.80	2176.0	-1030.0	4329.5	-1191.3	1.0000	-0.6567	-0.03626	-0.08950	5.532	0.002000
2.7200	-1654.72	123.99	2178.0	-1031.0	4332.4	-1192.4	1.0000	-0.6615	-0.03629	-0.08958	5.537	0.002000
2.7220	-1656.27	124.18	2180.0	-1032.0	4335.3	-1193.6	1.0000	-0.6667	-0.03632	-0.08967	5.542	0.002000
2.7240	-1657.82	124.37	2182.0	-1033.0	4338.2	-1194.8	1.0000	-0.6722	-0.03635	-0.08976	5.547	0.002000
2.7260	-1659.37	123.79	2184.0	-1035.0	4341.0	-1195.9	1.0000	-0.6672	-0.03642	-0.08984	5.554	0.002000
2.7280	-1660.92	123.98	2186.0	-1036.0	4343.9	-1197.1	1.0000	-0.6625	-0.03645	-0.08993	5.559	0.002000
2.7300	-1662.47	124.17	2188.0	-1037.0	4346.8	-1198.2	1.0000	-0.6675	-0.03649	-0.09002	5.564	0.002000
2.7320	-1663.24	123.59	2191.0	-1039.0	4349.7	-1199.4	1.0000	-0.6622	-0.03655	-0.09015	5.572	0.002000
2.7340	-1665.56	123.78	2192.0	-1040.0	4352.5	-1200.6	1.0000	-0.6572	-0.03659	-0.09019	5.575	0.002000
2.7360	-1666.33	123.97	2195.0	-1041.0	4355.4	-1201.7	1.0000	-0.6619	-0.03661	-0.09032	5.583	0.002000
2.7380	-1667.87	123.39	2197.0	-1043.0	4358.3	-1202.9	1.0000	-0.6565	-0.03668	-0.09041	5.589	0.002000
2.7400	-1669.41	123.58	2199.0	-1044.0	4361.2	-1204.1	1.0000	-0.6515	-0.03671	-0.09049	5.594	0.002000
2.7420	-1670.96	123.77	2201.0	-1045.0	4364.0	-1205.2	1.0000	-0.6562	-0.03675	-0.09058	5.600	0.002000
2.7440	-1672.50	123.96	2203.0	-1046.0	4366.9	-1206.4	1.0000	-0.6613	-0.03678	-0.09067	5.605	0.002000
2.7460	-1674.03	124.16	2205.0	-1047.0	4369.8	-1207.6	1.0000	-0.6666	-0.03681	-0.09075	5.610	0.002000
2.7480	-1675.57	123.58	2207.0	-1049.0	4372.7	-1208.7	1.0000	-0.6616	-0.03688	-0.09084	5.616	0.002000
2.7500	-1677.11	123.77	2209.0	-1050.0	4375.5	-1209.9	1.0000	-0.6663	-0.03691	-0.09093	5.622	0.002000
2.7520	-1678.64	123.96	2211.0	-1051.0	4378.4	-1211.1	1.0000	-0.6715	-0.03694	-0.09102	5.627	0.002000
2.7540	-1679.40	124.15	2214.0	-1052.0	4381.3	-1212.2	1.0000	-0.6770	-0.03697	-0.09114	5.634	0.002000
2.7560	-1680.94	123.57	2216.0	-1054.0	4384.2	-1213.4	1.0000	-0.6721	-0.03704	-0.09123	5.640	0.002000
2.7580	-1682.47	123.76	2218.0	-1055.0	4387.0	-1214.6	1.0000	-0.6673	-0.03707	-0.09132	5.646	0.002000
2.7600	-1684.00	123.96	2220.0	-1056.0	4389.9	-1215.7	1.0000	-0.6721	-0.03710	-0.09141	5.651	0.002000
2.7620	-1685.53	124.15	2222.0	-1057.0	4392.8	-1216.9	1.0000	-0.6775	-0.03713	-0.09149	5.656	0.002000
2.7640	-1687.06	123.57	2224.0	-1059.0	4395.6	-1218.1	1.0000	-0.6725	-0.03720	-0.09158	5.662	0.002000
2.7660	-1688.59	123.76	2226.0	-1060.0	4398.5	-1219.2	1.0000	-0.6676	-0.03723	-0.09167	5.668	0.002000
2.7680	-1690.12	123.96	2228.0	-1061.0	4401.4	-1220.4	1.0000	-0.6633	-0.03726	-0.09175	5.673	0.002000
2.7700	-1690.87	123.38	2231.0	-1063.0	4404.2	-1221.6	1.0000	-0.6577	-0.03733	-0.09188	5.681	0.002000
2.7720	-1693.17	123.57	2232.0	-1064.0	4407.1	-1222.7	1.0000	-0.6524	-0.03736	-0.09193	5.684	0.002000
2.7740	-1693.92	123.77	2235.0	-1065.0	4410.0	-1223.9	1.0000	-0.6571	-0.03739	-0.09206	5.692	0.002000
2.7760	-1695.44	123.96	2237.0	-1066.0	4412.8	-1225.1	1.0000	-0.6621	-0.03742	-0.09214	5.697	0.002000
2.7780	-1696.97	124.16	2239.0	-1067.0	4415.7	-1226.3	1.0000	-0.6675	-0.03745	-0.09223	5.702	0.002000
2.7800	-1698.49	123.57	2241.0	-1069.0	4418.6	-1227.4	1.0000	-0.6624	-0.03752	-0.09232	5.709	0.002000
2.7820	-1700.01	123.77	2243.0	-1070.0	4421.4	-1228.6	1.0000	-0.6671	-0.03755	-0.09241	5.714	0.002000
2.7840	-1701.53	123.97	2245.0	-1071.0	4424.3	-1229.8	1.0000	-0.6723	-0.03758	-0.09249	5.719	0.002000
2.7860	-1703.05	123.38	2247.0	-1073.0	4427.2	-1230.9	1.0000	-0.6672	-0.03765	-0.09258	5.725	0.002000
2.7880	-1704.57	123.58	2249.0	-1074.0	4430.0	-1232.1	1.0000	-0.6623	-0.03768	-0.09267	5.731	0.002000
2.7900	-1706.08	123.78	2251.0	-1075.0	4432.9	-1233.3	1.0000	-0.6671	-0.03772	-0.09275	5.736	0.002000
2.7920	-1707.60	123.97	2253.0	-1076.0	4435.8	-1234.5	1.0000	-0.6724	-0.03775	-0.09284	5.741	0.002000
2.7940	-1708.33	124.17	2256.0	-1077.0	4438.6	-1235.6	1.0000	-0.6780	-0.03777	-0.09297	5.749	0.002000
2.7960	-1709.84	123.59	2258.0	-1079.0	4441.5	-1236.8	1.0000	-0.6731	-0.03784	-0.09306	5.755	0.002000
2.7980	-1711.36	123.79	2260.0	-1080.0	4444.3	-1238.0	1.0000	-0.6683	-0.03787	-0.09315	5.760	0.002000
2.8000	-1712.87	123.99	2262.0	-1081.0	4447.2	-1239.2	1.0000	-0.6732	-0.03791	-0.09323	5.765	0.002000
2.8020	-1714.38	124.18	2264.0	-1082.0	4450.1	-1240.4	1.0000	-0.6786	-0.03794	-0.09332	5.771	0.002000
2.8040	-1715.89	123.60	2266.0	-1084.0	4452.9	-1241.5	1.0000	-0.6736	-0.03801	-0.09341	5.777	0.002000
2.8060	-1717.40	123.80	2268.0	-1085.0	4455.8	-1242.7	1.0000	-0.6688	-0.03804	-0.09349	5.782	0.002000
2.8080	-1718.91	124.00	2270.0	-1086.0	4458.6	-1243.9	1.0000	-0.6735	-0.03807	-0.09358	5.787	0.002000
2.8100	-1720.41	123.41	2272.0	-1088.0	4461.5	-1245.1	1.0000	-0.6683	-0.03814	-0.09367	5.793	0.002000
2.8120	-1721.13	123.61	2275.0	-1089.0	4464.4	-1246.2	1.0000	-0.6633	-0.03816	-0.09380	5.801	0.002000
2.8140	-1723.42	123.81	2276.0	-1090.0	4467.2	-1247.4	1.0000	-0.6680	-0.03820	-0.09384	5.804	0.002000
2.8160	-1724.14	124.02	2279.0	-1091.0	4470.1	-1248.6	1.0000	-0.6733	-0.03823	-0.09397	5.811	0.002000
2.8180	-1725.64	123.43	2281.0	-1093.0	4472.9	-1249.8	1.0000	-0.6682	-0.03830	-0.09406	5.818	0.002000
2.8200	-1727.14	123.63	2283.0	-1094.0	4475.8	-1251.0	1.0000	-0.6633	-0.03833	-0.09415	5.823	0.002000
2.8220	-1728.64	123.83	2285.0	-1095.0	4478.6	-1252.1	1.0000	-0.6682	-0.03836	-0.09423	5.828	0.002000
2.8240	-1730.14	124.03	2287.0	-1096.0	4481.5	-1253.3	1.0000	-0.6735	-0.03839	-0.09432	5.833	0.002000
2.8260	-1731.64	124.24	2289.0	-1097.0	4484.4	-1254.5	1.0000	-0.6790	-0.03842	-0.09441	5.839	0.002000
2.8280	-1733.14	123.65	2291.0	-1099.0	4487.2	-1255.7	1.0000	-0.6741	-0.03849	-0.09450	5.845	0.002000
2.8300	-1733.85	123.85	2294.0	-1100.0	4490.1	-1256.9	1.0000	-0.6694	-0.03852	-0.09463	5.852	0.002000
2.8320	-1735.34	124.06	2296.0	-1101.0	4492.9	-1258.1	1.0000	-0.6743	-0.03855	-0.09471	5.858	0.002000
2.8340	-1736.84	123.47	2298.0	-1103.0	4495.8	-1259.2	1.0000	-0.6691	-0.03862	-0.09480	5.864	0.002000
2.8360	-1738.33	123.67	2300.0	-1104.0	4498.6	-1260.4	1.0000	-0.6641	-0.03865	-0.09489	5.869	0.002000
2.8380	-1739.82	123.88	2302.0	-1105.0	4501.5	-1261.6	1.0000	-0.6689	-0.03868	-0.09498	5.874	0.002000
2.8400	-1741.31	123.29	2304.0	-1107.0	4504.3	-1262.8	1.0000	-0.6635	-0.03875	-0.09506	5.881	0.002000
2.8420	-1742.80	123.49	2306.0	-1108.0	4507.2	-1264.0	1.0000	-0.6585	-0.03878	-0.09515	5.886	0.002000
2.8440	-1744.29	123.70	2308.0	-1109.0	4510.0	-1265.2	1.0000	-0.6632	-0.03881	-0.09524	5.891	0.002000
2.8460	-1744.99	123.90	2311.0	-1110.0	4512.9	-1266.3	1.0000	-0.6684	-0.03884	-0.09537	5.899	0.002000
2.8480	-1747.27	124.11	2312.0	-1111.0	4515.7	-1267.5	1.0000	-0.6739	-0.03887	-0.09541	5.902	0.002000
2.8500	-1747.96	123.52	2315.0	-1113.0	4518.6	-1268.7	1.0000	-0.6689	-0.03893	-0.09554	5.910	0.002000
2.8520	-1749.45	123.73	2317.0	-1114.0	4521.4	-1269.9	1.0000	-0.6643	-0.03897	-0.09563	5.915	0.002000
2.8540	-1750.93	123.93	2319.0	-1115.0	4524.3	-1271.1	1.0000	-0.6693	-0.03900	-0.09572	5.921	0.002000
2.8560	-1752.41	124.14	2321.0	-1116.0	4527.1	-1272.3	1.0000	-0.6746	-0.03903	-0.09580	5.926	0.002000
2.8580	-1753.90	123.55	2323.0	-1118.0	4530.0	-1273.5	1.0000	-0.6696	-0.03910	-0.09589	5.932	0.002000
2.8600	-1755.38	123.76	2325.0	-1119.0	4532.8	-1274.7	1.0000	-0.6648	-0.03913	-0.09598	5.937	0.002000
2.8620	-1756.86	123.96	2327.0	-1120.0	4535.7	-1275.8	1.0000	-0.6697	-0.03916	-0.09607	5.943	0.002000
2.8640	-1758.34	123.38	2329.0	-1122.0	4538.5	-1277.0	1.0000	-0.6644	-0.03923	-0.09616	5.949	0.002000
2.8660	-1759.81	123.58	2331.0	-1123.0	4541.4	-1278.2	1.0000	-0.6594	-0.03926	-0.09624	5.954	0.002000
2.8680	-1761.29	123.79	2333.0	-1124.0	4544.2	-1279.4	1.0000	-0.6642	-0.03929	-0.09633	5.959	0.002000
2.8700	-1762.77	124.00	2335.0	-1125.0	4547.1	-1280.6	1.0000	-0.6694	-0.03932	-0.09642	5.965	0.002000
2.8720	-1763.44	123.41	2338.0	-1127.0	4549.9	-1281.8	1.0000	-0.6643	-0.03938	-0.09655	5.973	0.002000
2.8740	-1764.92	123.62	2340.0	-1128.0	4552.7	-1283.0	1.0000	-0.6596	-0.03941	-0.09664	5.978	0.002000
2.8760	-1766.39	123.83	2342.0	-1129.0	4555.6	-1284.2	1.0000	-0.6645	-0.03945	-0.09672	5.984	0.002000
2.8780	-1767.86	124.04	2344.0	-1130.0	4558.4	-1285.4	1.0000	-0.6697	-0.03948	-0.09681	5.989	0.002000
2.8800	-1769.33	123.45	2346.0	-1132.0	4561.3	-1286.6	1.0000	-0.6646	-0.03954	-0.09690	5.995	0.002000
2.8820	-1770.80	123.66	2348.0	-1133.0	4564.1	-1287.8	1.0000	-0.6600	-0.03958	-0.09699	6.000	0.002000
2.8840	-1772.27	123.87	2350.0	-1134.0	4567.0	-1289.0	1.0000	-0.6649	-0.03961	-0.09707	6.006	0.002000
2.8860	-1773.74	123.28	2352.0	-1136.0	4569.8	-1290.1	1.0000	-0.6594	-0.03967	-0.09716	6.012	0.002000
2.8880	-1774.40	123.49	2355.0	-1137.0	4572.6	-1291.3	1.0000	-0.6636	-0.03970	-0.09729	6.019	0.002000
2.8900	-1776.67	123.70	2356.0	-1138.0	4575.5	-1292.5	1.0000	-0.6687	-0.03974	-0.09734	6.022	0.002000
2.8920	-1777.33	123.91	2359.0	-1139.0	4578.3	-1293.7	1.0000	-0.6742	-0.03976	-0.09747	6.030	0.002000
2.8940	-1778.80	123.32	2361.0	-1141.0	4581.2	-1294.9	1.0000	-0.6692	-0.03983	-0.09755	6.036	0.002000
2.8960	-1780.26	123.54	2363.0	-1142.0	4584.0	-1296.1	1.0000	-0.6645	-0.03986	-0.09764	6.041	0.002000
2.8980	-1781.72	123.75	2365.0	-1143.0	4586.8	-1297.3	1.0000	-0.6694	-0.03989	-0.09773	6.047	0.002000
2.9000	-1783.18	123.96	2367.0	-1144.0	4589.7	-1298.5	1.0000	-0.6748	-0.03992	-0.09782	6.052	0.002000
2.9020	-1784.64	124.17	2369.0	-1145.0	4592.5	-1299.7	1.0000	-0.6804	-0.03995	-0.09790	6.057	0.002000
2.9040	-1786.10	123.58	2371.0	-1147.0	4595.4	-1300.9	1.0000	-0.6756	-0.04002	-0.09799	6.063	0.002000
2.9060	-1786.75	123.80	2374.0	-1148.0	4598.2	-1302.1	1.0000	-0.6709	-0.04005	-0.09812	6.071	0.002000
2.9080	-1788.21	124.01	2376.0	-1149.0	4601.0	-1303.3	1.0000	-0.6759	-0.04008	-0.09821	6.076	0.002000
2.9100	-1789.66	123.42	2378.0	-1151.0	4603.9	-1304.5	1.0000	-0.6707	-0.04015	-0.09830	6.082	0.002000
2.9120	-1791.12	123.63	2380.0	-1152.0	4606.7	-1305.7	1.0000	-0.6658	-0.04018	-0.09839	6.088	0.002000
2.9140	-1792.57	123.85	2382.0	-1153.0	4609.5	-1306.9	1.0000	-0.6706	-0.04021	-0.09847	6.093	0.002000
2.9160	-1794.02	123.26	2384.0	-1155.0	4612.4	-1308.1	1.0000	-0.6652	-0.04028	-0.09856	6.099	0.002000
2.9180	-1795.47	123.47	2386.0	-1156.0	4615.2	-1309.3	1.0000	-0.6602	-0.04031	-0.09865	6.104	0.002000
2.9200	-1796.92	123.69	2388.0	-1157.0	4618.0	-1310.5	1.0000	-0.6650	-0.04034	-0.09874	6.110	0.002000
2.9220	-1797.56	123.90	2391.0	-1158.0	4620.9	-1311.7	1.0000	-0.6702	-0.04037	-0.09887	6.117	0.002000
2.9240	-1799.82	124.12	2392.0	-1159.0	4623.7	-1312.9	1.0000	-0.6758	-0.04040	-0.09891	6.120	0.002000
2.9260	-1800.46	123.53	2395.0	-1161.0	4626.5	-1314.1	1.0000	-0.6708	-0.04047	-0.09904	6.129	0.002000
2.9280	-1801.90	123.75	2397.0	-1162.0	4629.4	-1315.3	1.0000	-0.6662	-0.04050	-0.09913	6.134	0.002000
2.9300	-1803.35	123.96	2399.0	-1163.0	4632.2	-1316.5	1.0000	-0.6712	-0.04053	-0.09922	6.139	0.002000
2.9320	-1804.79	124.18	2401.0	-1164.0	4635.0	-1317.7	1.0000	-0.6766	-0.04056	-0.09931	6.145	0.002000
2.9340	-1806.23	123.59	2403.0	-1166.0	4637.9	-1318.9	1.0000	-0.6716	-0.04063	-0.09939	6.151	0.002000
2.9360	-1807.67	123.81	2405.0	-1167.0	4640.7	-1320.1	1.0000	-0.6668	-0.04066	-0.09948	6.156	0.002000
2.9380	-1809.11	124.02	2407.0	-1168.0	4643.5	-1321.3	1.0000	-0.6718	-0.04069	-0.09957	6.161	0.002000
2.9400	-1810.55	123.43	2409.0	-1170.0	4646.4	-1322.5	1.0000	-0.6665	-0.04075	-0.09966	6.168	0.002000
2.9420	-1811.99	123.65	2411.0	-1171.0	4649.2	-1323.7	1.0000	-0.6616	-0.04079	-0.09975	6.173	0.002000
2.9440	-1813.43	123.87	2413.0	-1172.0	4652.0	-1324.9	1.0000	-0.6664	-0.04082	-0.09983	6.178	0.002000
2.9460	-1814.86	124.09	2415.0	-1173.0	4654.8	-1326.1	1.0000	-0.6717	-0.04085	-0.09992	6.183	0.002000
2.9480	-1815.49	123.50	2418.0	-1175.0	4657.7	-1327.4	1.0000	-0.6665	-0.04091	-0.10005	6.192	0.002000
2.9500	-1816.92	123.72	2420.0	-1176.0	4660.5	-1328.6	1.0000	-0.6709	-0.04094	-0.10014	6.197	0.002000
2.9520	-1818.36	123.94	2422.0	-1177.0	4663.3	-1329.8	1.0000	-0.6762	-0.04097	-0.10023	6.202	0.002000
2.9540	-1819.79	124.16	2424.0	-1178.0	4666.1	-1331.0	1.0000	-0.6818	-0.04100	-0.10031	6.208	0.002000
2.9560	-1821.22	123.57	2426.0	-1180.0	4669.0	-1332.2	1.0000	-0.6769	-0.04107	-0.10040	6.214	0.002000
2.9580	-1822.65	123.79	2428.0	-1181.0	4671.8	-1333.4	1.0000	-0.6722	-0.04110	-0.10049	6.219	0.002000
2.9600	-1824.08	124.01	2430.0	-1182.0	4674.6	-1334.6	1.0000	-0.6772	-0.04113	-0.10058	6.224	0.002000
2.9620	-1825.50	123.42	2432.0	-1184.0	4677.4	-1335.8	1.0000	-0.6720	-0.04120	-0.10067	6.231	0.002000
2.9640	-1826.12	123.64	2435.0	-1185.0	4680.3	-1337.0	1.0000	-0.6671	-0.04123	-0.10080	6.238	0.002000
2.9660	-1828.36	123.86	2436.0	-1186.0	4683.1	-1338.2	1.0000	-0.6719	-0.04126	-0.10084	6.241	0.002000
2.9680	-1828.97	124.08	2439.0	-1187.0	4685.9	-1339.4	1.0000	-0.6772	-0.04129	-0.10097	6.249	0.002000
2.9700	-1830.39	123.49	2441.0	-1189.0	4688.7	-1340.6	1.0000	-0.6721	-0.04135	-0.10106	6.255	0.002000
2.9720	-1831.81	123.71	2443.0	-1190.0	4691.6	-1341.9	1.0000	-0.6673	-0.04139	-0.10115	6.260	0.002000
2.9740	-1833.23	123.94	2445.0	-1191.0	4694.4	-1343.1	1.0000	-0.6723	-0.04142	-0.10124	6.266	0.002000
2.9760	-1834.65	124.16	2447.0	-1192.0	4697.2	-1344.3	1.0000	-0.6777	-0.04145	-0.10133	6.271	0.002000
2.9780	-1836.07	124.38	2449.0	-1193.0	4700.0	-1345.5	1.0000	-0.6833	-0.04148	-0.10141	6.276	0.002000
2.9800	-1837.49	123.79	2451.0	-1195.0	4702.8	-1346.7	1.0000	-0.6785	-0.04154	-0.10150	6.282	0.002000
2.9820	-1838.09	124.02	2454.0	-1196.0	4705.7	-1347.9	1.0000	-0.6738	-0.04157	-0.10163	6.290	0.002000
2.9840	-1839.51	124.24	2456.0	-1197.0	4708.5	-1349.1	1.0000	-0.6789	-0.04160	-0.10172	6.295	0.002000
2.9860	-1840.92	123.65	2458.0	-1199.0	4711.3	-1350.3	1.0000	-0.6737	-0.04167	-0.10181	6.301	0.002000
2.9880	-1842.33	123.88	2460.0	-1200.0	4714.1	-1351.6	1.0000	-0.6688	-0.04170	-0.10190	6.307	0.002000
2.9900	-1843.75	124.10	2462.0	-1201.0	4716.9	-1352.8	1.0000	-0.6737	-0.04173	-0.10198	6.312	0.002000
2.9920	-1845.16	123.51	2464.0	-1203.0	4719.7	-1354.0	1.0000	-0.6683	-0.04180	-0.10207	6.318	0.002000
2.9940	-1846.57	123.74	2466.0	-1204.0	4722.6	-1355.2	1.0000	-0.6633	-0.04183	-0.10216	6.323	0.002000
2.9960	-1847.98	123.96	2468.0	-1205.0	4725.4	-1356.4	1.0000	-0.6682	-0.04186	-0.10225	6.329	0.002000
2.9980	-1848.57	123.37	2471.0	-1207.0	4728.2	-1357.6	1.0000	-0.6627	-0.04192	-0.10238	6.337	0.002000
3.0000	-1850.79	123.60	2472.0	-1208.0	4731.0	-1358.9	1.0000	-0.6670	-0.04196	-0.10243	6.340	0.002000
3.0020	-1851.38	123.82	2475.0	-1209.0	4733.8	-1360.1	1.0000	-0.6721	-0.04198	-0.10256	6.348	0.002000
3.0040	-1852.79	124.05	2477.0	-1210.0	4736.6	-1361.3	1.0000	-0.6776	-0.04201	-0.10264	6.353	0.002000
3.0060	-1854.19	123.46	2479.0	-1212.0	4739.5	-1362.5	1.0000	-0.6726	-0.04208	-0.10273	6.359	0.002000
3.0080	-1855.59	123.69	2481.0	-1213.0	4742.3	-1363.7	1.0000	-0.6679	-0.04211	-0.10282	6.365	0.002000
3.0100	-1856.99	123.92	2483.0	-1214.0	4745.1	-1364.9	1.0000	-0.6730	-0.04214	-0.10291	6.370	0.002000
3.0120	-1858.39	124.15	2485.0	-1215.0	4747.9	-1366.2	1.0000	-0.6784	-0.04217	-0.10300	6.375	0.002000
3.0140	-1859.79	123.55	2487.0	-1217.0	4750.7	-1367.4	1.0000	-0.6733	-0.04224	-0.10309	6.381	0.002000
3.0160	-1861.19	123.78	2489.0	-1218.0	4753.5	-1368.6	1.0000	-0.6687	-0.04227	-0.10317	6.387	0.002000
3.0180	-1862.59	124.01	2491.0	-1219.0	4756.3	-1369.8	1.0000	-0.6737	-0.04230	-0.10326	6.392	0.002000
3.0200	-1863.99	124.24	2493.0	-1220.0	4759.1	-1371.0	1.0000	-0.6791	-0.04233	-0.10335	6.397	0.002000
3.0220	-1864.56	124.47	2496.0	-1221.0	4762.0	-1372.3	1.0000	-0.6848	-0.04236	-0.10348	6.405	0.002000
3.0240	-1865.96	123.88	2498.0	-1223.0	4764.8	-1373.5	1.0000	-0.6799	-0.04242	-0.10357	6.411	0.002000
3.0260	-1867.35	124.11	2500.0	-1224.0	4767.6	-1374.7	1.0000	-0.6753	-0.04245	-0.10366	6.416	0.002000
3.0280	-1868.74	124.34	2502.0	-1225.0	4770.4	-1375.9	1.0000	-0.6804	-0.04248	-0.10375	6.422	0.002000
3.0300	-1870.13	123.75	2504.0	-1227.0	4773.2	-1377.2	1.0000	-0.6753	-0.04255	-0.10384	6.428	0.002000
3.0320	-1870.70	123.98	2507.0	-1228.0	4776.0	-1378.4	1.0000	-0.6704	-0.04258	-0.10397	6.435	0.002000
3.0340	-1872.91	124.22	2508.0	-1229.0	4778.8	-1379.6	1.0000	-0.6753	-0.04261	-0.10401	6.438	0.002000
3.0360	-1873.47	123.62	2511.0	-1231.0	4781.6	-1380.8	1.0000	-0.6699	-0.04268	-0.10414	6.447	0.002000
3.0380	-1875.69	123.86	2512.0	-1232.0	4784.4	-1382.1	1.0000	-0.6650	-0.04271	-0.10419	6.450	0.002000
3.0400	-1876.25	124.09	2515.0	-1233.0	4787.2	-1383.3	1.0000	-0.6699	-0.04274	-0.10432	6.458	0.002000
3.0420	-1877.63	123.50	2517.0	-1235.0	4790.0	-1384.5	1.0000	-0.6644	-0.04280	-0.10441	6.464	0.002000
3.0440	-1879.01	123.73	2519.0	-1236.0	4792.8	-1385.7	1.0000	-0.6688	-0.04283	-0.10450	6.469	0.002000
3.0460	-1880.40	123.96	2521.0	-1237.0	4795.6	-1387.0	1.0000	-0.6739	-0.04286	-0.10458	6.474	0.002000
3.0480	-1881.78	124.20	2523.0	-1238.0	4798.4	-1388.2	1.0000	-0.6794	-0.04289	-0.10467	6.480	0.002000
3.0500	-1883.16	124.43	2525.0	-1239.0	4801.2	-1389.4	1.0000	-0.6851	-0.04292	-0.10476	6.485	0.002000
3.0520	-1884.54	123.84	2527.0	-1241.0	4804.1	-1390.6	1.0000	-0.6803	-0.04299	-0.10485	6.491	0.002000
3.0540	-1885.92	124.08	2529.0	-1242.0	4806.9	-1391.9	1.0000	-0.6758	-0.04302	-0.10494	6.496	0.002000
3.0560	-1886.47	124.31	2532.0	-1243.0	4809.7	-1393.1	1.0000	-0.6809	-0.04305	-0.10507	6.504	0.002000
3.0580	-1887.84	124.55	2534.0	-1244.0	4812.5	-1394.3	1.0000	-0.6864	-0.04308	-0.10516	6.509	0.002000
3.0600	-1889.22	123.96	2536.0	-1246.0	4815.3	-1395.5	1.0000	-0.6815	-0.04315	-0.10525	6.516	0.002000
3.0620	-1890.59	124.19	2538.0	-1247.0	4818.1	-1396.8	1.0000	-0.6768	-0.04318	-0.10533	6.521	0.002000
3.0640	-1891.96	124.43	2540.0	-1248.0	4820.9	-1398.0	1.0000	-0.6819	-0.04321	-0.10542	6.526	0.002000
3.0660	-1893.34	123.84	2542.0	-1250.0	4823.7	-1399.2	1.0000	-0.6767	-0.04327	-0.10551	6.532	0.002000
3.0680	-1894.71	124.08	2544.0	-1251.0	4826.5	-1400.5	1.0000	-0.6717	-0.04330	-0.10560	6.538	0.002000
3.0700	-1896.08	124.31	2546.0	-1252.0	4829.3	-1401.7	1.0000	-0.6767	-0.04333	-0.10569	6.543	0.002000
3.0720	-1897.45	124.55	2548.0	-1253.0	4832.1	-1402.9	1.0000	-0.6820	-0.04336	-0.10578	6.548	0.002000
3.0740	-1897.98	123.96	2551.0	-1255.0	4834.9	-1404.2	1.0000	-0.6770	-0.04343	-0.10591	6.557	0.002000
3.0760	-1899.35	124.20	2553.0	-1256.0	4837.7	-1405.4	1.0000	-0.6722	-0.04346	-0.10600	6.562	0.002000
3.0780	-1900.71	124.44	2555.0	-1257.0	4840.5	-1406.6	1.0000	-0.6773	-0.04349	-0.10609	6.567	0.002000
3.0800	-1902.08	123.85	2557.0	-1259.0	4843.3	-1407.9	1.0000	-0.6720	-0.04355	-0.10618	6.574	0.002000
3.0820	-1903.44	124.09	2559.0	-1260.0	4846.0	-1409.1	1.0000	-0.6671	-0.04358	-0.10626	6.579	0.002000
3.0840	-1904.80	124.33	2561.0	-1261.0	4848.8	-1410.3	1.0000	-0.6720	-0.04361	-0.10635	6.584	0.002000
3.0860	-1906.17	124.57	2563.0	-1262.0	4851.6	-1411.6	1.0000	-0.6773	-0.04364	-0.10644	6.590	0.002000
3.0880	-1907.53	123.97	2565.0	-1264.0	4854.4	-1412.8	1.0000	-0.6722	-0.04371	-0.10653	6.596	0.002000
3.0900	-1908.88	124.21	2567.0	-1265.0	4857.2	-1414.0	1.0000	-0.6769	-0.04374	-0.10662	6.601	0.002000
3.0920	-1910.24	124.46	2569.0	-1266.0	4860.0	-1415.3	1.0000	-0.6822	-0.04377	-0.10671	6.606	0.002000
3.0940	-1911.60	123.86	2571.0	-1268.0	4862.8	-1416.5	1.0000	-0.6771	-0.04384	-0.10680	6.613	0.002000
3.0960	-1912.96	124.11	2573.0	-1269.0	4865.6	-1417.7	1.0000	-0.6723	-0.04387	-0.10688	6.618	0.002000
3.0980	-1913.48	124.35	2576.0	-1270.0	4868.4	-1419.0	1.0000	-0.6774	-0.04389	-0.10701	6.625	0.002000
3.1000	-1914.83	124.59	2578.0	-1271.0	4871.2	-1420.2	1.0000	-0.6828	-0.04392	-0.10710	6.631	0.002000
3.1020	-1916.18	124.00	2580.0	-1273.0	4874.0	-1421.4	1.0000	-0.6778	-0.04399	-0.10719	6.637	0.002000
3.1040	-1917.53	124.24	2582.0	-1274.0	4876.8	-1422.7	1.0000	-0.6731	-0.04402	-0.10728	6.642	0.002000
3.1060	-1918.88	124.49	2584.0	-1275.0	4879.6	-1423.9	1.0000	-0.6782	-0.04405	-0.10737	6.648	0.002000
3.1080	-1919.40	124.73	2587.0	-1276.0	4882.4	-1425.2	1.0000	-0.6836	-0.04408	-0.10750	6.655	0.002000
3.1100	-1921.58	124.14	2588.0	-1278.0	4885.2	-1426.4	1.0000	-0.6786	-0.04415	-0.10755	6.659	0.002000
3.1120	-1922.09	124.38	2591.0	-1279.0	4887.9	-1427.6	1.0000	-0.6740	-0.04417	-0.10768	6.667	0.002000
3.1140	-1924.27	124.63	2592.0	-1280.0	4890.7	-1428.9	1.0000	-0.6790	-0.04421	-0.10772	6.670	0.002000
3.1160	-1924.78	124.04	2595.0	-1282.0	4893.5	-1430.1	1.0000	-0.6738	-0.04427	-0.10786	6.678	0.002000
3.1180	-1926.13	124.28	2597.0	-1283.0	4896.3	-1431.4	1.0000	-0.6690	-0.04430	-0.10794	6.684	0.002000
3.1200	-1927.47	124.53	2599.0	-1284.0	4899.1	-1432.6	1.0000	-0.6739	-0.04433	-0.10803	6.689	0.002000
3.1220	-1928.81	124.77	2601.0	-1285.0	4901.9	-1433.8	1.0000	-0.6792	-0.04436	-0.10812	6.694	0.002000
3.1240	-1930.15	124.18	2603.0	-1287.0	4904.7	-1435.1	1.0000	-0.6741	-0.04443	-0.10821	6.700	0.002000
3.1260	-1931.49	124.43	2605.0	-1288.0	4907.5	-1436.3	1.0000	-0.6788	-0.04446	-0.10830	6.706	0.002000
3.1280	-1932.83	124.68	2607.0	-1289.0	4910.2	-1437.6	1.0000	-0.6842	-0.04449	-0.10839	6.711	0.002000
3.1300	-1934.17	124.08	2609.0	-1291.0	4913.0	-1438.8	1.0000	-0.6791	-0.04456	-0.10848	6.717	0.002000
3.1320	-1934.66	124.33	2612.0	-1292.0	4915.8	-1440.1	1.0000	-0.6743	-0.04458	-0.10861	6.725	0.002000
3.1340	-1936.00	124.58	2614.0	-1293.0	4918.6	-1441.3	1.0000	-0.6794	-0.04461	-0.10870	6.730	0.002000
3.1360	-1937.33	124.83	2616.0	-1294.0	4921.4	-1442.5	1.0000	-0.6848	-0.04464	-0.10879	6.735	0.002000
3.1380	-1938.67	124.24	2618.0	-1296.0	4924.2	-1443.8	1.0000	-0.6798	-0.04471	-0.10888	6.742	0.002000
3.1400	-1940.00	124.49	2620.0	-1297.0	4927.0	-1445.0	1.0000	-0.6752	-0.04474	-0.10896	6.747	0.002000
3.1420	-1941.33	124.74	2622.0	-1298.0	4929.7	-1446.3	1.0000	-0.6803	-0.04477	-0.10905	6.752	0.002000
3.1440	-1942.66	124.14	2624.0	-1300.0	4932.5	-1447.5	1.0000	-0.6750	-0.04483	-0.10914	6.759	0.002000
3.1460	-1943.99	124.39	2626.0	-1301.0	4935.3	-1448.8	1.0000	-0.6702	-0.04486	-0.10923	6.764	0.002000
3.1480	-1945.32	124.64	2628.0	-1302.0	4938.1	-1450.0	1.0000	-0.6751	-0.04489	-0.10932	6.769	0.002000
3.1500	-1945.80	124.89	2631.0	-1303.0	4940.9	-1451.3	1.0000	-0.6805	-0.04492	-0.10945	6.777	0.002000
3.1520	-1947.13	124.30	2633.0	-1305.0	4943.6	-1452.5	1.0000	-0.6754	-0.04499	-0.10954	6.783	0.002000
3.1540	-1948.45	124.55	2635.0	-1306.0	4946.4	-1453.8	1.0000	-0.6801	-0.04502	-0.10963	6.788	0.002000
3.1560	-1949.77	124.81	2637.0	-1307.0	4949.2	-1455.0	1.0000	-0.6855	-0.04505	-0.10972	6.794	0.002000
3.1580	-1951.10	125.06	2639.0	-1308.0	4952.0	-1456.3	1.0000	-0.6911	-0.04507	-0.10981	6.799	0.002000
3.1600	-1952.42	124.47	2641.0	-1310.0	4954.8	-1457.5	1.0000	-0.6863	-0.04514	-0.10990	6.805	0.002000
3.1620	-1953.74	124.72	2643.0	-1311.0	4957.5	-1458.8	1.0000	-0.6817	-0.04517	-0.10999	6.810	0.002000
3.1640	-1955.06	124.97	2645.0	-1312.0	4960.3	-1460.0	1.0000	-0.6869	-0.04520	-0.11007	6.816	0.002000
3.1660	-1956.38	124.38	2647.0	-1314.0	4963.1	-1461.3	1.0000	-0.6817	-0.04527	-0.11016	6.822	0.002000
3.1680	-1957.69	124.64	2649.0	-1315.0	4965.9	-1462.5	1.0000	-0.6769	-0.04530	-0.11025	6.827	0.002000
3.1700	-1959.01	124.89	2651.0	-1316.0	4968.6	-1463.8	1.0000	-0.6819	-0.04533	-0.11034	6.833	0.002000
3.1720	-1960.32	125.14	2653.0	-1317.0	4971.4	-1465.0	1.0000	-0.6873	-0.04536	-0.11043	6.838	0.002000
3.1740	-1960.79	124.55	2656.0	-1319.0	4974.2	-1466.3	1.0000	-0.6823	-0.04542	-0.11056	6.846	0.002000
3.1760	-1962.10	124.81	2658.0	-1320.0	4977.0	-1467.5	1.0000	-0.6777	-0.04545	-0.11065	6.852	0.002000
3.1780	-1963.42	125.06	2660.0	-1321.0	4979.7	-1468.8	1.0000	-0.6828	-0.04548	-0.11074	6.857	0.002000
3.1800	-1964.73	124.47	2662.0	-1323.0	4982.5	-1470.0	1.0000	-0.6775	-0.04555	-0.11083	6.863	0.002000
3.1820	-1966.04	124.73	2664.0	-1324.0	4985.3	-1471.3	1.0000	-0.6728	-0.04558	-0.11092	6.869	0.002000
3.1840	-1966.50	124.99	2667.0	-1325.0	4988.1	-1472.5	1.0000	-0.6777	-0.04560	-0.11105	6.876	0.002000
3.1860	-1968.65	124.40	2668.0	-1327.0	4990.8	-1473.8	1.0000	-0.6723	-0.04567	-0.11110	6.880	0.002000
3.1880	-1969.11	124.65	2671.0	-1328.0	4993.6	-1475.0	1.0000	-0.6769	-0.04570	-0.11123	6.888	0.002000
3.1900	-1971.26	124.91	2672.0	-1329.0	4996.4	-1476.3	1.0000	-0.6820	-0.04573	-0.11127	6.891	0.002000
3.1920	-1971.72	125.17	2675.0	-1330.0	4999.2	-1477.5	1.0000	-0.6876	-0.04576	-0.11141	6.898	0.002000
3.1940	-1973.02	124.58	2677.0	-1332.0	5001.9	-1478.8	1.0000	-0.6826	-0.04582	-0.11150	6.905	0.002000
3.1960	-1974.32	124.84	2679.0	-1333.0	5004.7	-1480.1	1.0000	-0.6783	-0.04585	-0.11159	6.910	0.002000
3.1980	-1975.63	125.09	2681.0	-1334.0	5007.5	-1481.3	1.0000	-0.6834	-0.04588	-0.11167	6.915	0.002000
3.2000	-1976.93	125.35	2683.0	-1335.0	5010.2	-1482.6	1.0000	-0.6889	-0.04591	-0.11176	6.921	0.002000
3.2020	-1978.22	124.76	2685.0	-1337.0	5013.0	-1483.8	1.0000	-0.6839	-0.04598	-0.11185	6.927	0.002000
3.2040	-1979.52	125.02	2687.0	-1338.0	5015.8	-1485.1	1.0000	-0.6794	-0.04601	-0.11194	6.932	0.002000
3.2060	-1980.82	125.28	2689.0	-1339.0	5018.5	-1486.3	1.0000	-0.6845	-0.04604	-0.11203	6.938	0.002000
3.2080	-1981.26	125.54	2692.0	-1340.0	5021.3	-1487.6	1.0000	-0.6900	-0.04606	-0.11216	6.945	0.002000
3.2100	-1982.56	124.95	2694.0	-1342.0	5024.1	-1488.9	1.0000	-0.6850	-0.04613	-0.11225	6.951	0.002000
3.2120	-1983.85	125.21	2696.0	-1343.0	5026.8	-1490.1	1.0000	-0.6806	-0.04616	-0.11234	6.957	0.002000
3.2140	-1985.14	125.48	2698.0	-1344.0	5029.6	-1491.4	1.0000	-0.6857	-0.04619	-0.11243	6.962	0.002000
3.2160	-1986.43	124.89	2700.0	-1346.0	5032.4	-1492.6	1.0000	-0.6804	-0.04625	-0.11252	6.968	0.002000
3.2180	-1987.72	125.15	2702.0	-1347.0	5035.1	-1493.9	1.0000	-0.6758	-0.04628	-0.11261	6.974	0.002000
3.2200	-1989.01	125.41	2704.0	-1348.0	5037.9	-1495.2	1.0000	-0.6807	-0.04631	-0.11270	6.979	0.002000
3.2220	-1990.30	125.67	2706.0	-1349.0	5040.7	-1496.4	1.0000	-0.6861	-0.04634	-0.11279	6.984	0.002000
3.2240	-1991.59	125.08	2708.0	-1351.0	5043.4	-1497.7	1.0000	-0.6810	-0.04641	-0.11288	6.991	0.002000
3.2260	-1992.02	125.35	2711.0	-1352.0	5046.2	-1498.9	1.0000	-0.6858	-0.04643	-0.11301	6.998	0.002000
3.2280	-1994.16	125.61	2712.0	-1353.0	5049.0	-1500.2	1.0000	-0.6912	-0.04647	-0.11306	7.001	0.002000
3.2300	-1994.59	125.02	2715.0	-1355.0	5051.7	-1501.5	1.0000	-0.6862	-0.04653	-0.11319	7.010	0.002000
3.2320	-1995.87	125.29	2717.0	-1356.0	5054.5	-1502.7	1.0000	-0.6815	-0.04656	-0.11328	7.015	0.002000
3.2340	-1997.15	125.55	2719.0	-1357.0	5057.2	-1504.0	1.0000	-0.6866	-0.04659	-0.11337	7.020	0.002000
3.2360	-1998.43	124.96	2721.0	-1359.0	5060.0	-1505.3	1.0000	-0.6813	-0.04666	-0.11346	7.027	0.002000
3.2380	-1999.71	125.23	2723.0	-1360.0	5062.8	-1506.5	1.0000	-0.6767	-0.04668	-0.11355	7.032	0.002000
3.2400	-2000.99	125.49	2725.0	-1361.0	5065.5	-1507.8	1.0000	-0.6816	-0.04671	-0.11363	7.037	0.002000
3.2420	-2002.27	124.90	2727.0	-1363.0	5068.3	-1509.1	1.0000	-0.6762	-0.04678	-0.11373	7.044	0.002000
3.2440	-2003.54	125.17	2729.0	-1364.0	5071.1	-1510.3	1.0000	-0.6808	-0.04681	-0.11381	7.049	0.002000
3.2460	-2004.82	125.44	2731.0	-1365.0	5073.8	-1511.6	1.0000	-0.6860	-0.04684	-0.11390	7.054	0.002000
3.2480	-2006.09	125.70	2733.0	-1366.0	5076.6	-1512.9	1.0000	-0.6916	-0.04687	-0.11399	7.060	0.002000
3.2500	-2007.37	125.12	2735.0	-1368.0	5079.3	-1514.1	1.0000	-0.6867	-0.04694	-0.11408	7.066	0.002000
3.2520	-2007.78	125.38	2738.0	-1369.0	5082.1	-1515.4	1.0000	-0.6914	-0.04696	-0.11421	7.073	0.002000
3.2540	-2009.05	125.65	2740.0	-1370.0	5084.8	-1516.7	1.0000	-0.6969	-0.04699	-0.11430	7.079	0.002000
3.2560	-2010.32	125.06	2742.0	-1372.0	5087.6	-1517.9	1.0000	-0.6920	-0.04706	-0.11439	7.085	0.002000
3.2580	-2011.59	125.33	2744.0	-1373.0	5090.4	-1519.2	1.0000	-0.6873	-0.04709	-0.11448	7.090	0.002000
3.2600	-2012.86	125.60	2746.0	-1374.0	5093.1	-1520.5	1.0000	-0.6925	-0.04711	-0.11457	7.096	0.002000
3.2620	-2014.13	125.01	2748.0	-1376.0	5095.9	-1521.7	1.0000	-0.6873	-0.04718	-0.11466	7.102	0.002000
3.2640	-2015.39	125.28	2750.0	-1377.0	5098.6	-1523.0	1.0000	-0.6825	-0.04721	-0.11475	7.107	0.002000
3.2660	-2016.66	125.55	2752.0	-1378.0	5101.4	-1524.3	1.0000	-0.6875	-0.04724	-0.11484	7.113	0.002000
3.2680	-2017.06	125.82	2755.0	-1379.0	5104.1	-1525.5	1.0000	-0.6930	-0.04726	-0.11497	7.120	0.002000
3.2700	-2018.32	125.24	2757.0	-1381.0	5106.9	-1526.8	1.0000	-0.6880	-0.04733	-0.11506	7.126	0.002000
3.2720	-2019.58	125.51	2759.0	-1382.0	5109.6	-1528.1	1.0000	-0.6835	-0.04736	-0.11515	7.132	0.002000
3.2740	-2020.84	125.78	2761.0	-1383.0	5112.4	-1529.4	1.0000	-0.6887	-0.04739	-0.11524	7.137	0.002000
3.2760	-2022.10	126.05	2763.0	-1384.0	5115.1	-1530.6	1.0000	-0.6942	-0.04742	-0.11533	7.142	0.002000
3.2780	-2023.36	126.32	2765.0	-1385.0	5117.9	-1531.9	1.0000	-0.7000	-0.04745	-0.11542	7.148	0.002000
3.2800	-2024.62	125.74	2767.0	-1387.0	5120.6	-1533.2	1.0000	-0.6953	-0.04751	-0.11551	7.154	0.002000
3.2820	-2025.87	126.01	2769.0	-1388.0	5123.4	-1534.4	1.0000	-0.6909	-0.04754	-0.11560	7.159	0.002000
3.2840	-2027.13	125.42	2771.0	-1390.0	5126.1	-1535.7	1.0000	-0.6855	-0.04761	-0.11569	7.166	0.002000
3.2860	-2028.38	125.70	2773.0	-1391.0	5128.9	-1537.0	1.0000	-0.6805	-0.04764	-0.11578	7.171	0.002000
3.2880	-2028.77	125.97	2776.0	-1392.0	5131.6	-1538.3	1.0000	-0.6854	-0.04766	-0.11591	7.179	0.002000
3.2900	-2030.02	125.38	2778.0	-1394.0	5134.4	-1539.5	1.0000	-0.6800	-0.04773	-0.11600	7.185	0.002000
3.2920	-2031.27	125.66	2780.0	-1395.0	5137.1	-1540.8	1.0000	-0.6845	-0.04776	-0.11609	7.190	0.002000
3.2940	-2032.52	125.93	2782.0	-1396.0	5139.9	-1542.1	1.0000	-0.6897	-0.04779	-0.11618	7.195	0.002000
3.2960	-2033.77	126.21	2784.0	-1397.0	5142.6	-1543.4	1.0000	-0.6953	-0.04782	-0.11627	7.201	0.002000
3.2980	-2035.02	125.62	2786.0	-1399.0	5145.4	-1544.6	1.0000	-0.6904	-0.04788	-0.11636	7.207	0.002000
3.3000	-2036.26	125.90	2788.0	-1400.0	5148.1	-1545.9	1.0000	-0.6952	-0.04791	-0.11645	7.212	0.002000
3.3020	-2037.51	126.17	2790.0	-1401.0	5150.9	-1547.2	1.0000	-0.7007	-0.04794	-0.11654	7.218	0.002000
3.3040	-2038.75	125.59	2792.0	-1403.0	5153.6	-1548.5	1.0000	-0.6958	-0.04801	-0.11663	7.224	0.002000
3.3060	-2039.13	125.86	2795.0	-1404.0	5156.4	-1549.8	1.0000	-0.6912	-0.04803	-0.11676	7.232	0.002000
3.3080	-2040.37	126.14	2797.0	-1405.0	5159.1	-1551.0	1.0000	-0.6963	-0.04806	-0.11685	7.237	0.002000
3.3100	-2041.62	125.56	2799.0	-1407.0	5161.9	-1552.3	1.0000	-0.6912	-0.04813	-0.11694	7.243	0.002000
3.3120	-2042.86	125.83	2801.0	-1408.0	5164.6	-1553.6	1.0000	-0.6864	-0.04816	-0.11703	7.249	0.002000
3.3140	-2044.09	126.11	2803.0	-1409.0	5167.3	-1554.9	1.0000	-0.6915	-0.04818	-0.11712	7.254	0.002000
3.3160	-2045.33	125.53	2805.0	-1411.0	5170.1	-1556.2	1.0000	-0.6862	-0.04825	-0.11721	7.260	0.002000
3.3180	-2046.57	125.81	2807.0	-1412.0	5172.8	-1557.4	1.0000	-0.6816	-0.04828	-0.11730	7.265	0.002000
3.3200	-2047.80	126.08	2809.0	-1413.0	5175.6	-1558.7	1.0000	-0.6866	-0.04831	-0.11739	7.271	0.002000
3.3220	-2049.04	126.36	2811.0	-1414.0	5178.3	-1560.0	1.0000	-0.6920	-0.04834	-0.11748	7.276	0.002000
3.3240	-2050.27	125.78	2813.0	-1416.0	5181.1	-1561.3	1.0000	-0.6869	-0.04840	-0.11757	7.282	0.002000
3.3260	-2051.50	126.06	2815.0	-1417.0	5183.8	-1562.6	1.0000	-0.6918	-0.04843	-0.11766	7.288	0.002000
3.3280	-2052.73	126.34	2817.0	-1418.0	5186.5	-1563.8	1.0000	-0.6972	-0.04846	-0.11775	7.293	0.002000
3.3300	-2053.10	125.76	2820.0	-1420.0	5189.3	-1565.1	1.0000	-0.6922	-0.04852	-0.11788	7.302	0.002000
3.3320	-2054.33	126.04	2822.0	-1421.0	5192.0	-1566.4	1.0000	-0.6877	-0.04855	-0.11797	7.307	0.002000
3.3340	-2055.55	126.32	2824.0	-1422.0	5194.8	-1567.7	1.0000	-0.6928	-0.04858	-0.11806	7.312	0.002000
3.3360	-2056.78	125.73	2826.0	-1424.0	5197.5	-1569.0	1.0000	-0.6876	-0.04865	-0.11815	7.319	0.002000
3.3380	-2058.01	126.02	2828.0	-1425.0	5200.2	-1570.3	1.0000	-0.6922	-0.04868	-0.11824	7.324	0.002000
3.3400	-2059.23	126.30	2830.0	-1426.0	5203.0	-1571.5	1.0000	-0.6975	-0.04871	-0.11833	7.329	0.002000
3.3420	-2060.46	125.72	2832.0	-1428.0	5205.7	-1572.8	1.0000	-0.6925	-0.04877	-0.11842	7.336	0.002000
3.3440	-2060.81	126.00	2835.0	-1429.0	5208.4	-1574.1	1.0000	-0.6879	-0.04880	-0.11856	7.343	0.002000
3.3460	-2062.90	126.28	2836.0	-1430.0	5211.2	-1575.4	1.0000	-0.6930	-0.04883	-0.11860	7.346	0.002000
3.3480	-2063.25	126.57	2839.0	-1431.0	5213.9	-1576.7	1.0000	-0.6985	-0.04885	-0.11874	7.354	0.002000
3.3500	-2064.47	125.98	2841.0	-1433.0	5216.6	-1578.0	1.0000	-0.6936	-0.04892	-0.11883	7.360	0.002000
3.3520	-2065.69	126.27	2843.0	-1434.0	5219.4	-1579.3	1.0000	-0.6984	-0.04895	-0.11892	7.365	0.002000
3.3540	-2066.91	126.55	2845.0	-1435.0	5222.1	-1580.5	1.0000	-0.7039	-0.04898	-0.11901	7.371	0.002000
3.3560	-2068.12	126.84	2847.0	-1436.0	5224.8	-1581.8	1.0000	-0.7097	-0.04901	-0.11909	7.376	0.002000
3.3580	-2069.34	126.26	2849.0	-1438.0	5227.6	-1583.1	1.0000	-0.7051	-0.04907	-0.11919	7.382	0.002000
3.3600	-2070.55	126.54	2851.0	-1439.0	5230.3	-1584.4	1.0000	-0.7006	-0.04910	-0.11928	7.388	0.002000
3.3620	-2071.77	125.96	2853.0	-1441.0	5233.0	-1585.7	1.0000	-0.6953	-0.04917	-0.11937	7.394	0.002000
3.3640	-2072.11	126.25	2856.0	-1442.0	5235.8	-1587.0	1.0000	-0.6903	-0.04919	-0.11950	7.402	0.002000
3.3660	-2073.32	126.53	2858.0	-1443.0	5238.5	-1588.3	1.0000	-0.6952	-0.04922	-0.11959	7.407	0.002000
3.3680	-2074.53	125.95	2860.0	-1445.0	5241.2	-1589.6	1.0000	-0.6898	-0.04929	-0.11968	7.413	0.002000
3.3700	-2075.74	126.24	2862.0	-1446.0	5244.0	-1590.9	1.0000	-0.6851	-0.04931	-0.11977	7.419	0.002000
3.3720	-2076.94	126.53	2864.0	-1447.0	5246.7	-1592.2	1.0000	-0.6901	-0.04934	-0.11986	7.424	0.002000
3.3740	-2078.15	126.82	2866.0	-1448.0	5249.4	-1593.4	1.0000	-0.6955	-0.04937	-0.11995	7.429	0.002000
3.3760	-2079.36	127.11	2868.0	-1449.0	5252.2	-1594.7	1.0000	-0.7012	-0.04940	-0.12004	7.435	0.002000
3.3780	-2080.56	126.52	2870.0	-1451.0	5254.9	-1596.0	1.0000	-0.6965	-0.04947	-0.12013	7.441	0.002000
3.3800	-2081.76	126.81	2872.0	-1452.0	5257.6	-1597.3	1.0000	-0.7016	-0.04950	-0.12022	7.446	0.002000
3.3820	-2082.09	126.23	2875.0	-1454.0	5260.3	-1598.6	1.0000	-0.6964	-0.04956	-0.12035	7.455	0.002000
3.3840	-2084.17	126.52	2876.0	-1455.0	5263.1	-1599.9	1.0000	-0.6916	-0.04959	-0.12040	7.458	0.002000
3.3860	-2084.49	126.81	2879.0	-1456.0	5265.8	-1601.2	1.0000	-0.6967	-0.04961	-0.12053	7.466	0.002000
3.3880	-2085.69	126.23	2881.0	-1458.0	5268.5	-1602.5	1.0000	-0.6915	-0.04968	-0.12062	7.472	0.002000
3.3900	-2086.89	126.52	2883.0	-1459.0	5271.3	-1603.8	1.0000	-0.6960	-0.04971	-0.12071	7.477	0.002000
3.3920	-2088.09	126.81	2885.0	-1460.0	5274.0	-1605.1	1.0000	-0.7014	-0.04974	-0.12080	7.483	0.002000
3.3940	-2089.28	127.11	2887.0	-1461.0	5276.7	-1606.4	1.0000	-0.7071	-0.04977	-0.12089	7.488	0.002000
3.3960	-2090.48	126.53	2889.0	-1463.0	5279.4	-1607.7	1.0000	-0.7023	-0.04983	-0.12098	7.494	0.002000
3.3980	-2091.67	126.82	2891.0	-1464.0	5282.1	-1609.0	1.0000	-0.6979	-0.04986	-0.12107	7.500	0.002000
3.4000	-2092.87	127.11	2893.0	-1465.0	5284.9	-1610.3	1.0000	-0.7032	-0.04989	-0.12116	7.505	0.002000
3.4020	-2094.06	126.53	2895.0	-1467.0	5287.6	-1611.6	1.0000	-0.6982	-0.04995	-0.12125	7.511	0.002000
3.4040	-2095.25	126.83	2897.0	-1468.0	5290.3	-1612.9	1.0000	-0.6935	-0.04998	-0.12134	7.517	0.002000
3.4060	-2095.56	127.12	2900.0	-1469.0	5293.0	-1614.2	1.0000	-0.6987	-0.05001	-0.12148	7.524	0.002000
3.4080	-2096.75	126.54	2902.0	-1471.0	5295.8	-1615.5	1.0000	-0.6934	-0.05007	-0.12157	7.530	0.002000
3.4100	-2097.94	126.83	2904.0	-1472.0	5298.5	-1616.8	1.0000	-0.6981	-0.05010	-0.12166	7.536	0.002000
3.4120	-2099.12	127.13	2906.0	-1473.0	5301.2	-1618.1	1.0000	-0.7034	-0.05013	-0.12175	7.541	0.002000
3.4140	-2100.31	126.55	2908.0	-1475.0	5303.9	-1619.4	1.0000	-0.6984	-0.05020	-0.12184	7.547	0.002000
3.4160	-2101.49	126.85	2910.0	-1476.0	5306.6	-1620.7	1.0000	-0.6939	-0.05022	-0.12193	7.553	0.002000
3.4180	-2102.68	127.14	2912.0	-1477.0	5309.4	-1622.0	1.0000	-0.6990	-0.05025	-0.12202	7.558	0.002000
3.4200	-2102.98	126.56	2915.0	-1479.0	5312.1	-1623.3	1.0000	-0.6938	-0.05031	-0.12215	7.567	0.002000
3.4220	-2105.04	126.86	2916.0	-1480.0	5314.8	-1624.6	1.0000	-0.6985	-0.05035	-0.12220	7.570	0.002000
3.4240	-2105.34	127.16	2919.0	-1481.0	5317.5	-1625.9	1.0000	-0.7039	-0.05037	-0.12233	7.577	0.002000
3.4260	-2106.52	126.58	2921.0	-1483.0	5320.2	-1627.2	1.0000	-0.6988	-0.05044	-0.12243	7.584	0.002000
3.4280	-2107.70	126.88	2923.0	-1484.0	5323.0	-1628.5	1.0000	-0.6943	-0.05047	-0.12252	7.589	0.002000
3.4300	-2108.88	127.18	2925.0	-1485.0	5325.7	-1629.8	1.0000	-0.6995	-0.05049	-0.12261	7.594	0.002000
3.4320	-2110.05	126.60	2927.0	-1487.0	5328.4	-1631.1	1.0000	-0.6943	-0.05056	-0.12270	7.601	0.002000
3.4340	-2111.23	126.90	2929.0	-1488.0	5331.1	-1632.4	1.0000	-0.6990	-0.05059	-0.12279	7.606	0.002000
3.4360	-2112.40	127.20	2931.0	-1489.0	5333.8	-1633.7	1.0000	-0.7043	-0.05062	-0.12288	7.611	0.002000
3.4380	-2113.57	126.62	2933.0	-1491.0	5336.5	-1635.0	1.0000	-0.6993	-0.05068	-0.12297	7.618	0.002000
3.4400	-2113.87	126.92	2936.0	-1492.0	5339.2	-1636.3	1.0000	-0.6948	-0.05071	-0.12310	7.625	0.002000
3.4420	-2115.04	127.22	2938.0	-1493.0	5342.0	-1637.6	1.0000	-0.7000	-0.05073	-0.12319	7.631	0.002000
3.4440	-2116.21	126.64	2940.0	-1495.0	5344.7	-1638.9	1.0000	-0.6948	-0.05080	-0.12328	7.637	0.002000
3.4460	-2117.37	126.94	2942.0	-1496.0	5347.4	-1640.2	1.0000	-0.6995	-0.05083	-0.12337	7.642	0.002000
3.4480	-2118.54	127.24	2944.0	-1497.0	5350.1	-1641.5	1.0000	-0.7049	-0.05086	-0.12346	7.648	0.002000
3.4500	-2119.71	127.55	2946.0	-1498.0	5352.8	-1642.8	1.0000	-0.7106	-0.05088	-0.12355	7.653	0.002000
3.4520	-2120.87	126.97	2948.0	-1500.0	5355.5	-1644.1	1.0000	-0.7059	-0.05095	-0.12364	7.659	0.002000
3.4540	-2122.04	127.27	2950.0	-1501.0	5358.2	-1645.4	1.0000	-0.7016	-0.05098	-0.12373	7.665	0.002000
3.4560	-2123.20	126.69	2952.0	-1503.0	5360.9	-1646.7	1.0000	-0.6962	-0.05104	-0.12383	7.671	0.002000
3.4580	-2123.48	127.00	2955.0	-1504.0	5363.7	-1648.1	1.0000	-0.6912	-0.05107	-0.12396	7.679	0.002000
3.4600	-2125.52	127.30	2956.0	-1505.0	5366.4	-1649.4	1.0000	-0.6962	-0.05110	-0.12401	7.682	0.002000
3.4620	-2125.80	126.72	2959.0	-1507.0	5369.1	-1650.7	1.0000	-0.6908	-0.05116	-0.12414	7.690	0.002000
3.4640	-2126.96	127.03	2961.0	-1508.0	5371.8	-1652.0	1.0000	-0.6955	-0.05119	-0.12423	7.696	0.002000
3.4660	-2128.12	127.33	2963.0	-1509.0	5374.5	-1653.3	1.0000	-0.7008	-0.05122	-0.12432	7.701	0.002000
3.4680	-2129.28	126.76	2965.0	-1511.0	5377.2	-1654.6	1.0000	-0.6957	-0.05128	-0.12441	7.707	0.002000
3.4700	-2130.43	127.06	2967.0	-1512.0	5379.9	-1655.9	1.0000	-0.7006	-0.05131	-0.12450	7.713	0.002000
3.4720	-2131.59	127.37	2969.0	-1513.0	5382.6	-1657.2	1.0000	-0.7060	-0.05134	-0.12459	7.718	0.002000
3.4740	-2132.74	127.68	2971.0	-1514.0	5385.3	-1658.5	1.0000	-0.7118	-0.05137	-0.12468	7.723	0.002000
3.4760	-2133.89	127.10	2973.0	-1516.0	5388.0	-1659.8	1.0000	-0.7070	-0.05143	-0.12477	7.730	0.002000
3.4780	-2135.05	127.41	2975.0	-1517.0	5390.7	-1661.2	1.0000	-0.7029	-0.05146	-0.12486	7.735	0.002000
3.4800	-2136.20	127.72	2977.0	-1518.0	5393.4	-1662.5	1.0000	-0.7082	-0.05149	-0.12495	7.740	0.002000
3.4820	-2136.46	127.14	2980.0	-1520.0	5396.1	-1663.8	1.0000	-0.7032	-0.05155	-0.12509	7.749	0.002000
3.4840	-2137.61	127.45	2982.0	-1521.0	5398.8	-1665.1	1.0000	-0.6986	-0.05158	-0.12518	7.754	0.002000
3.4860	-2138.76	126.87	2984.0	-1523.0	5401.6	-1666.4	1.0000	-0.6930	-0.05165	-0.12527	7.761	0.002000
3.4880	-2139.90	127.18	2986.0	-1524.0	5404.3	-1667.7	1.0000	-0.6881	-0.05167	-0.12536	7.766	0.002000
3.4900	-2141.05	127.49	2988.0	-1525.0	5407.0	-1669.0	1.0000	-0.6930	-0.05170	-0.12545	7.771	0.002000
3.4920	-2142.19	126.92	2990.0	-1527.0	5409.7	-1670.4	1.0000	-0.6876	-0.05177	-0.12554	7.778	0.002000
3.4940	-2143.34	127.23	2992.0	-1528.0	5412.4	-1671.7	1.0000	-0.6922	-0.05180	-0.12563	7.783	0.002000
3.4960	-2143.59	127.54	2995.0	-1529.0	5415.1	-1673.0	1.0000	-0.6975	-0.05182	-0.12577	7.791	0.002000
3.4980	-2145.62	127.85	2996.0	-1530.0	5417.8	-1674.3	1.0000	-0.7030	-0.05185	-0.12581	7.794	0.002000
3.5000	-2145.87	127.27	2999.0	-1532.0	5420.5	-1675.6	1.0000	-0.6983	-0.05191	-0.12595	7.802	0.002000
3.5020	-2147.01	127.59	3001.0	-1533.0	5423.2	-1676.9	1.0000	-0.7034	-0.05194	-0.12604	7.808	0.002000
3.5040	-2148.15	127.90	3003.0	-1534.0	5425.9	-1678.3	1.0000	-0.7090	-0.05197	-0.12613	7.813	0.002000
3.5060	-2149.29	127.32	3005.0	-1536.0	5428.6	-1679.6	1.0000	-0.7041	-0.05203	-0.12622	7.819	0.002000
3.5080	-2150.42	127.64	3007.0	-1537.0	5431.3	-1680.9	1.0000	-0.7091	-0.05206	-0.12631	7.825	0.002000
3.5100	-2151.56	127.95	3009.0	-1538.0	5434.0	-1682.2	1.0000	-0.7147	-0.05209	-0.12640	7.830	0.002000
3.5120	-2152.69	127.38	3011.0	-1540.0	5436.7	-1683.5	1.0000	-0.7098	-0.05216	-0.12649	7.836	0.002000
3.5140	-2153.83	127.69	3013.0	-1541.0	5439.4	-1684.8	1.0000	-0.7053	-0.05218	-0.12658	7.842	0.002000
3.5160	-2154.07	128.00	3016.0	-1542.0	5442.1	-1686.2	1.0000	-0.7106	-0.05221	-0.12672	7.849	0.002000
3.5180	-2155.20	127.43	3018.0	-1544.0	5444.8	-1687.5	1.0000	-0.7056	-0.05227	-0.12681	7.856	0.002000
3.5200	-2156.33	127.75	3020.0	-1545.0	5447.4	-1688.8	1.0000	-0.7010	-0.05230	-0.12690	7.861	0.002000
3.5220	-2157.46	128.06	3022.0	-1546.0	5450.1	-1690.1	1.0000	-0.7062	-0.05233	-0.12699	7.867	0.002000
3.5240	-2158.59	127.49	3024.0	-1548.0	5452.8	-1691.4	1.0000	-0.7010	-0.05239	-0.12708	7.873	0.002000
3.5260	-2159.71	127.80	3026.0	-1549.0	5455.5	-1692.8	1.0000	-0.7058	-0.05242	-0.12717	7.878	0.002000
3.5280	-2160.84	128.12	3028.0	-1550.0	5458.2	-1694.1	1.0000	-0.7112	-0.05245	-0.12726	7.884	0.002000
3.5300	-2161.96	127.55	3030.0	-1552.0	5460.9	-1695.4	1.0000	-0.7062	-0.05251	-0.12736	7.890	0.002000
3.5320	-2163.09	127.87	3032.0	-1553.0	5463.6	-1696.7	1.0000	-0.7109	-0.05254	-0.12745	7.895	0.002000
3.5340	-2163.32	128.18	3035.0	-1554.0	5466.3	-1698.1	1.0000	-0.7165	-0.05257	-0.12758	7.903	0.002000
3.5360	-2165.33	127.61	3036.0	-1556.0	5469.0	-1699.4	1.0000	-0.7116	-0.05264	-0.12763	7.907	0.002000
3.5380	-2165.56	127.93	3039.0	-1557.0	5471.7	-1700.7	1.0000	-0.7071	-0.05266	-0.12776	7.915	0.002000
3.5400	-2166.68	128.25	3041.0	-1558.0	5474.4	-1702.0	1.0000	-0.7125	-0.05269	-0.12785	7.920	0.002000
3.5420	-2167.80	127.68	3043.0	-1560.0	5477.1	-1703.4	1.0000	-0.7074	-0.05275	-0.12795	7.926	0.002000
3.5440	-2168.91	128.00	3045.0	-1561.0	5479.8	-1704.7	1.0000	-0.7029	-0.05278	-0.12804	7.932	0.002000
3.5460	-2170.03	128.32	3047.0	-1562.0	5482.5	-1706.0	1.0000	-0.7081	-0.05281	-0.12813	7.937	0.002000
3.5480	-2171.15	127.75	3049.0	-1564.0	5485.1	-1707.3	1.0000	-0.7029	-0.05287	-0.12822	7.943	0.002000
3.5500	-2172.26	128.07	3051.0	-1565.0	5487.8	-1708.7	1.0000	-0.7077	-0.05290	-0.12831	7.949	0.002000
3.5520	-2173.37	128.39	3053.0	-1566.0	5490.5	-1710.0	1.0000	-0.7131	-0.05293	-0.12840	7.954	0.002000
3.5540	-2174.49	127.82	3055.0	-1568.0	5493.2	-1711.3	1.0000	-0.7081	-0.05299	-0.12849	7.960	0.002000
3.5560	-2175.60	128.14	3057.0	-1569.0	5495.9	-1712.6	1.0000	-0.7129	-0.05302	-0.12858	7.966	0.002000
3.5580	-2175.81	127.57	3060.0	-1571.0	5498.6	-1714.0	1.0000	-0.7077	-0.05308	-0.12872	7.974	0.002000
3.5600	-2176.92	127.89	3062.0	-1572.0	5501.3	-1715.3	1.0000	-0.7030	-0.05311	-0.12881	7.980	0.002000
3.5620	-2178.03	128.21	3064.0	-1573.0	5504.0	-1716.6	1.0000	-0.7081	-0.05314	-0.12890	7.985	0.002000
3.5640	-2179.14	127.64	3066.0	-1575.0	5506.6	-1718.0	1.0000	-0.7029	-0.05320	-0.12899	7.991	0.002000
3.5660	-2180.24	127.97	3068.0	-1576.0	5509.3	-1719.3	1.0000	-0.7076	-0.05323	-0.12908	7.997	0.002000
3.5680	-2181.35	128.29	3070.0	-1577.0	5512.0	-1720.6	1.0000	-0.7131	-0.05326	-0.12917	8.002	0.002000
3.5700	-2182.45	128.61	3072.0	-1578.0	5514.7	-1722.0	1.0000	-0.7189	-0.05329	-0.12926	8.008	0.002000
3.5720	-2182.66	128.05	3075.0	-1580.0	5517.4	-1723.3	1.0000	-0.7142	-0.05335	-0.12940	8.016	0.002000
3.5740	-2184.66	128.37	3076.0	-1581.0	5520.1	-1724.6	1.0000	-0.7192	-0.05338	-0.12945	8.019	0.002000
3.5760	-2184.86	127.80	3079.0	-1583.0	5522.7	-1725.9	1.0000	-0.7142	-0.05344	-0.12958	8.028	0.002000
3.5780	-2185.96	128.13	3081.0	-1584.0	5525.4	-1727.3	1.0000	-0.7095	-0.05347	-0.12967	8.033	0.002000
3.5800	-2187.06	128.45	3083.0	-1585.0	5528.1	-1728.6	1.0000	-0.7147	-0.05349	-0.12976	8.039	0.002000
3.5820	-2188.16	127.88	3085.0	-1587.0	5530.8	-1729.9	1.0000	-0.7096	-0.05356	-0.12986	8.045	0.002000
3.5840	-2189.26	128.21	3087.0	-1588.0	5533.5	-1731.3	1.0000	-0.7050	-0.05359	-0.12995	8.050	0.002000
3.5860	-2190.35	128.54	3089.0	-1589.0	5536.2	-1732.6	1.0000	-0.7102	-0.05361	-0.13004	8.056	0.002000
3.5880	-2191.45	127.97	3091.0	-1591.0	5538.8	-1733.9	1.0000	-0.7050	-0.05368	-0.13013	8.062	0.002000
3.5900	-2192.54	128.30	3093.0	-1592.0	5541.5	-1735.3	1.0000	-0.7098	-0.05371	-0.13022	8.067	0.002000
3.5920	-2192.74	128.63	3096.0	-1593.0	5544.2	-1736.6	1.0000	-0.7153	-0.05373	-0.13035	8.075	0.002000
3.5940	-2193.83	128.06	3098.0	-1595.0	5546.9	-1737.9	1.0000	-0.7103	-0.05380	-0.13045	8.081	0.002000
3.5960	-2194.92	128.39	3100.0	-1596.0	5549.6	-1739.3	1.0000	-0.7152	-0.05382	-0.13054	8.087	0.002000
3.5980	-2196.01	128.72	3102.0	-1597.0	5552.2	-1740.6	1.0000	-0.7208	-0.05385	-0.13063	8.092	0.002000
3.6000	-2197.09	128.15	3104.0	-1599.0	5554.9	-1742.0	1.0000	-0.7159	-0.05392	-0.13072	8.098	0.002000
3.6020	-2198.18	128.48	3106.0	-1600.0	5557.6	-1743.3	1.0000	-0.7115	-0.05394	-0.13081	8.104	0.002000
3.6040	-2199.27	128.81	3108.0	-1601.0	5560.3	-1744.6	1.0000	-0.7168	-0.05397	-0.13090	8.109	0.002000
3.6060	-2200.35	128.25	3110.0	-1603.0	5562.9	-1746.0	1.0000	-0.7118	-0.05404	-0.13099	8.116	0.002000
3.6080	-2201.44	128.58	3112.0	-1604.0	5565.6	-1747.3	1.0000	-0.7075	-0.05406	-0.13108	8.121	0.002000
3.6100	-2201.62	128.91	3115.0	-1605.0	5568.3	-1748.6	1.0000	-0.7127	-0.05409	-0.13122	8.129	0.002000
3.6120	-2203.60	128.34	3116.0	-1607.0	5571.0	-1750.0	1.0000	-0.7075	-0.05416	-0.13127	8.133	0.002000
3.6140	-2203.79	128.67	3119.0	-1608.0	5573.6	-1751.3	1.0000	-0.7123	-0.05418	-0.13140	8.140	0.002000
3.6160	-2204.87	129.01	3121.0	-1609.0	5576.3	-1752.7	1.0000	-0.7178	-0.05421	-0.13149	8.146	0.002000
3.6180	-2205.95	128.44	3123.0	-1611.0	5579.0	-1754.0	1.0000	-0.7128	-0.05427	-0.13159	8.152	0.002000
3.6200	-2207.02	128.78	3125.0	-1612.0	5581.7	-1755.3	1.0000	-0.7177	-0.05430	-0.13168	8.157	0.002000
3.6220	-2208.10	129.11	3127.0	-1613.0	5584.3	-1756.7	1.0000	-0.7233	-0.05433	-0.13177	8.163	0.002000
3.6240	-2209.18	128.54	3129.0	-1615.0	5587.0	-1758.0	1.0000	-0.7185	-0.05439	-0.13186	8.169	0.002000
3.6260	-2210.25	128.88	3131.0	-1616.0	5589.7	-1759.4	1.0000	-0.7141	-0.05442	-0.13195	8.174	0.002000
3.6280	-2211.33	128.32	3133.0	-1618.0	5592.3	-1760.7	1.0000	-0.7087	-0.05448	-0.13204	8.181	0.002000
3.6300	-2212.40	128.65	3135.0	-1619.0	5595.0	-1762.0	1.0000	-0.7038	-0.05451	-0.13213	8.186	0.002000
3.6320	-2212.57	128.99	3138.0	-1620.0	5597.7	-1763.4	1.0000	-0.7088	-0.05453	-0.13227	8.194	0.002000
3.6340	-2213.64	129.32	3140.0	-1621.0	5600.4	-1764.7	1.0000	-0.7143	-0.05456	-0.13236	8.199	0.002000
3.6360	-2214.71	128.76	3142.0	-1623.0	5603.0	-1766.1	1.0000	-0.7095	-0.05463	-0.13245	8.206	0.002000
3.6380	-2215.78	129.09	3144.0	-1624.0	5605.7	-1767.4	1.0000	-0.7146	-0.05465	-0.13254	8.211	0.002000
3.6400	-2216.85	128.53	3146.0	-1626.0	5608.4	-1768.8	1.0000	-0.7093	-0.05472	-0.13264	8.217	0.002000
3.6420	-2217.92	128.87	3148.0	-1627.0	5611.0	-1770.1	1.0000	-0.7141	-0.05475	-0.13273	8.223	0.002000
3.6440	-2218.98	129.21	3150.0	-1628.0	5613.7	-1771.5	1.0000	-0.7195	-0.05477	-0.13282	8.228	0.002000
3.6460	-2220.05	128.64	3152.0	-1630.0	5616.4	-1772.8	1.0000	-0.7146	-0.05484	-0.13291	8.234	0.002000
3.6480	-2220.21	128.98	3155.0	-1631.0	5619.0	-1774.1	1.0000	-0.7195	-0.05486	-0.13305	8.242	0.002000
3.6500	-2222.17	128.42	3156.0	-1633.0	5621.7	-1775.5	1.0000	-0.7143	-0.05493	-0.13309	8.246	0.002000
3.6520	-2222.33	128.76	3159.0	-1634.0	5624.4	-1776.8	1.0000	-0.7096	-0.05495	-0.13323	8.254	0.002000
3.6540	-2223.39	129.10	3161.0	-1635.0	5627.0	-1778.2	1.0000	-0.7148	-0.05498	-0.13332	8.259	0.002000
3.6560	-2224.45	128.54	3163.0	-1637.0	5629.7	-1779.5	1.0000	-0.7096	-0.05504	-0.13341	8.265	0.002000
3.6580	-2225.51	128.88	3165.0	-1638.0	5632.4	-1780.9	1.0000	-0.7145	-0.05507	-0.13350	8.271	0.002000
3.6600	-2226.57	129.22	3167.0	-1639.0	5635.0	-1782.2	1.0000	-0.7199	-0.05510	-0.13359	8.276	0.002000
3.6620	-2227.63	128.66	3169.0	-1641.0	5637.7	-1783.6	1.0000	-0.7150	-0.05516	-0.13369	8.283	0.002000
3.6640	-2228.68	129.00	3171.0	-1642.0	5640.3	-1784.9	1.0000	-0.7199	-0.05519	-0.13378	8.288	0.002000
3.6660	-2228.84	129.34	3174.0	-1643.0	5643.0	-1786.3	1.0000	-0.7256	-0.05521	-0.13391	8.296	0.002000
3.6680	-2229.89	128.78	3176.0	-1645.0	5645.7	-1787.6	1.0000	-0.7207	-0.05528	-0.13401	8.302	0.002000
3.6700	-2230.94	129.12	3178.0	-1646.0	5648.3	-1789.0	1.0000	-0.7164	-0.05530	-0.13410	8.307	0.002000
3.6720	-2231.99	128.56	3180.0	-1648.0	5651.0	-1790.3	1.0000	-0.7110	-0.05537	-0.13419	8.314	0.002000
3.6740	-2233.04	128.91	3182.0	-1649.0	5653.7	-1791.7	1.0000	-0.7062	-0.05540	-0.13428	8.319	0.002000
3.6760	-2234.09	129.25	3184.0	-1650.0	5656.3	-1793.0	1.0000	-0.7112	-0.05542	-0.13437	8.325	0.002000
3.6780	-2235.14	128.69	3186.0	-1652.0	5659.0	-1794.4	1.0000	-0.7060	-0.05549	-0.13447	8.331	0.002000
3.6800	-2236.19	129.03	3188.0	-1653.0	5661.6	-1795.7	1.0000	-0.7108	-0.05552	-0.13456	8.336	0.002000
3.6820	-2236.33	129.38	3191.0	-1654.0	5664.3	-1797.1	1.0000	-0.7162	-0.05554	-0.13469	8.344	0.002000
3.6840	-2238.28	128.82	3192.0	-1656.0	5666.9	-1798.4	1.0000	-0.7112	-0.05561	-0.13474	8.348	0.002000
3.6860	-2238.42	129.17	3195.0	-1657.0	5669.6	-1799.8	1.0000	-0.7163	-0.05563	-0.13488	8.356	0.002000
3.6880	-2239.46	129.51	3197.0	-1658.0	5672.3	-1801.1	1.0000	-0.7218	-0.05566	-0.13497	8.361	0.002000
3.6900	-2240.51	128.95	3199.0	-1660.0	5674.9	-1802.5	1.0000	-0.7170	-0.05572	-0.13506	8.367	0.002000
3.6920	-2241.55	129.30	3201.0	-1661.0	5677.6	-1803.9	1.0000	-0.7220	-0.05575	-0.13515	8.373	0.002000
3.6940	-2242.59	128.74	3203.0	-1663.0	5680.2	-1805.2	1.0000	-0.7169	-0.05581	-0.13524	8.379	0.002000
3.6960	-2243.63	129.09	3205.0	-1664.0	5682.9	-1806.6	1.0000	-0.7123	-0.05584	-0.13533	8.385	0.002000
3.6980	-2244.67	129.44	3207.0	-1665.0	5685.5	-1807.9	1.0000	-0.7175	-0.05587	-0.13543	8.390	0.002000
3.7000	-2245.70	128.88	3209.0	-1667.0	5688.2	-1809.3	1.0000	-0.7124	-0.05593	-0.13552	8.396	0.002000
3.7020	-2246.74	129.23	3211.0	-1668.0	5690.8	-1810.6	1.0000	-0.7173	-0.05596	-0.13561	8.402	0.002000
3.7040	-2247.78	129.58	3213.0	-1669.0	5693.5	-1812.0	1.0000	-0.7228	-0.05599	-0.13570	8.407	0.002000
3.7060	-2247.91	129.02	3216.0	-1671.0	5696.2	-1813.3	1.0000	-0.7178	-0.05605	-0.13584	8.416	0.002000
3.7080	-2248.94	129.37	3218.0	-1672.0	5698.8	-1814.7	1.0000	-0.7229	-0.05607	-0.13593	8.421	0.002000
3.7100	-2249.97	129.72	3220.0	-1673.0	5701.5	-1816.1	1.0000	-0.7285	-0.05610	-0.13602	8.426	0.002000
3.7120	-2251.00	129.16	3222.0	-1675.0	5704.1	-1817.4	1.0000	-0.7237	-0.05616	-0.13611	8.433	0.002000
3.7140	-2252.03	129.51	3224.0	-1676.0	5706.8	-1818.8	1.0000	-0.7195	-0.05619	-0.13621	8.438	0.002000
3.7160	-2252.16	129.86	3227.0	-1677.0	5709.4	-1820.1	1.0000	-0.7249	-0.05621	-0.13634	8.446	0.002000
3.7180	-2254.09	129.31	3228.0	-1679.0	5712.1	-1821.5	1.0000	-0.7199	-0.05628	-0.13639	8.450	0.002000
3.7200	-2255.12	129.66	3230.0	-1680.0	5714.7	-1822.9	1.0000	-0.7247	-0.05631	-0.13648	8.455	0.002000
3.7220	-2256.15	129.11	3232.0	-1682.0	5717.4	-1824.2	1.0000	-0.7196	-0.05637	-0.13657	8.462	0.002000
3.7240	-2256.26	129.46	3235.0	-1683.0	5720.0	-1825.6	1.0000	-0.7149	-0.05640	-0.13671	8.469	0.002000
3.7260	-2257.29	129.81	3237.0	-1684.0	5722.7	-1826.9	1.0000	-0.7201	-0.05642	-0.13680	8.475	0.002000
3.7280	-2258.31	129.26	3239.0	-1686.0	5725.3	-1828.3	1.0000	-0.7150	-0.05649	-0.13689	8.481	0.002000
3.7300	-2259.33	129.61	3241.0	-1687.0	5728.0	-1829.7	1.0000	-0.7199	-0.05651	-0.13699	8.487	0.002000
3.7320	-2260.35	129.96	3243.0	-1688.0	5730.6	-1831.0	1.0000	-0.7254	-0.05654	-0.13708	8.492	0.002000
3.7340	-2261.37	129.41	3245.0	-1690.0	5733.2	-1832.4	1.0000	-0.7205	-0.05661	-0.13717	8.498	0.002000
3.7360	-2262.39	129.77	3247.0	-1691.0	5735.9	-1833.8	1.0000	-0.7255	-0.05663	-0.13726	8.504	0.002000
3.7380	-2263.41	130.12	3249.0	-1692.0	5738.5	-1835.1	1.0000	-0.7312	-0.05666	-0.13735	8.509	0.002000
3.7400	-2264.43	129.57	3251.0	-1694.0	5741.2	-1836.5	1.0000	-0.7264	-0.05672	-0.13745	8.515	0.002000
3.7420	-2264.54	129.01	3254.0	-1696.0	5743.8	-1837.8	1.0000	-0.7209	-0.05678	-0.13758	8.524	0.002000
3.7440	-2265.55	129.37	3256.0	-1697.0	5746.5	-1839.2	1.0000	-0.7158	-0.05681	-0.13768	8.529	0.002000
3.7460	-2266.57	129.73	3258.0	-1698.0	5749.1	-1840.6	1.0000	-0.7208	-0.05684	-0.13777	8.535	0.002000
3.7480	-2267.58	129.17	3260.0	-1700.0	5751.8	-1841.9	1.0000	-0.7155	-0.05690	-0.13786	8.541	0.002000
3.7500	-2268.59	129.53	3262.0	-1701.0	5754.4	-1843.3	1.0000	-0.7202	-0.05693	-0.13795	8.547	0.002000
3.7520	-2269.60	129.89	3264.0	-1702.0	5757.0	-1844.7	1.0000	-0.7257	-0.05696	-0.13804	8.552	0.002000
3.7540	-2270.62	129.34	3266.0	-1704.0	5759.7	-1846.0	1.0000	-0.7208	-0.05702	-0.13814	8.558	0.002000
3.7560	-2271.62	129.70	3268.0	-1705.0	5762.3	-1847.4	1.0000	-0.7258	-0.05705	-0.13823	8.564	0.002000
3.7580	-2271.72	130.05	3271.0	-1706.0	5765.0	-1848.8	1.0000	-0.7314	-0.05707	-0.13836	8.571	0.002000
3.7600	-2272.73	129.50	3273.0	-1708.0	5767.6	-1850.1	1.0000	-0.7266	-0.05713	-0.13846	8.578	0.002000
3.7620	-2273.74	129.86	3275.0	-1709.0	5770.3	-1851.5	1.0000	-0.7225	-0.05716	-0.13855	8.583	0.002000
3.7640	-2274.74	129.31	3277.0	-1711.0	5772.9	-1852.9	1.0000	-0.7171	-0.05722	-0.13864	8.590	0.002000
3.7660	-2275.75	129.67	3279.0	-1712.0	5775.5	-1854.3	1.0000	-0.7124	-0.05725	-0.13873	8.595	0.002000
3.7680	-2276.75	130.03	3281.0	-1713.0	5778.2	-1855.6	1.0000	-0.7175	-0.05728	-0.13882	8.600	0.002000
3.7700	-2277.75	129.48	3283.0	-1715.0	5780.8	-1857.0	1.0000	-0.7122	-0.05734	-0.13892	8.607	0.002000
3.7720	-2278.75	129.84	3285.0	-1716.0	5783.4	-1858.4	1.0000	-0.7171	-0.05737	-0.13901	8.612	0.002000
3.7740	-2279.76	130.21	3287.0	-1717.0	5786.1	-1859.7	1.0000	-0.7226	-0.05739	-0.13910	8.618	0.002000
3.7760	-2280.75	129.66	3289.0	-1719.0	5788.7	-1861.1	1.0000	-0.7176	-0.05746	-0.13919	8.624	0.002000
3.7780	-2281.75	130.02	3291.0	-1720.0	5791.4	-1862.5	1.0000	-0.7228	-0.05749	-0.13929	8.629	0.002000
3.7800	-2282.75	130.38	3293.0	-1721.0	5794.0	-1863.8	1.0000	-0.7284	-0.05751	-0.13938	8.635	0.002000
3.7820	-2282.84	129.83	3296.0	-1723.0	5796.6	-1865.2	1.0000	-0.7236	-0.05757	-0.13952	8.643	0.002000
3.7840	-2283.83	130.20	3298.0	-1724.0	5799.3	-1866.6	1.0000	-0.7288	-0.05760	-0.13961	8.649	0.002000
3.7860	-2284.83	129.65	3300.0	-1726.0	5801.9	-1868.0	1.0000	-0.7237	-0.05766	-0.13970	8.655	0.002000
3.7880	-2285.82	130.01	3302.0	-1727.0	5804.5	-1869.3	1.0000	-0.7193	-0.05769	-0.13979	8.661	0.002000
3.7900	-2286.81	130.38	3304.0	-1728.0	5807.2	-1870.7	1.0000	-0.7245	-0.05772	-0.13988	8.666	0.002000
3.7920	-2286.89	129.83	3307.0	-1730.0	5809.8	-1872.1	1.0000	-0.7194	-0.05777	-0.14002	8.675	0.002000
3.7940	-2288.79	130.19	3308.0	-1731.0	5812.4	-1873.5	1.0000	-0.7244	-0.05781	-0.14007	8.678	0.002000
3.7960	-2288.87	129.65	3311.0	-1733.0	5815.1	-1874.8	1.0000	-0.7191	-0.05786	-0.14021	8.686	0.002000
3.7980	-2290.77	130.01	3312.0	-1734.0	5817.7	-1876.2	1.0000	-0.7239	-0.05790	-0.14025	8.690	0.002000
3.8000	-2290.85	130.38	3315.0	-1735.0	5820.3	-1877.6	1.0000	-0.7293	-0.05792	-0.14039	8.697	0.002000
3.8020	-2291.83	129.83	3317.0	-1737.0	5823.0	-1879.0	1.0000	-0.7244	-0.05798	-0.14048	8.704	0.002000
3.8040	-2292.82	130.20	3319.0	-1738.0	5825.6	-1880.3	1.0000	-0.7295	-0.05801	-0.14058	8.709	0.002000
3.8060	-2293.80	129.65	3321.0	-1740.0	5828.2	-1881.7	1.0000	-0.7243	-0.05807	-0.14067	8.715	0.002000
3.8080	-2294.79	130.02	3323.0	-1741.0	5830.8	-1883.1	1.0000	-0.7198	-0.05810	-0.14076	8.721	0.002000
3.8100	-2295.77	130.39	3325.0	-1742.0	5833.5	-1884.5	1.0000	-0.7251	-0.05813	-0.14085	8.726	0.002000
3.8120	-2296.75	129.84	3327.0	-1744.0	5836.1	-1885.8	1.0000	-0.7200	-0.05819	-0.14095	8.733	0.002000
3.8140	-2297.73	130.21	3329.0	-1745.0	5838.7	-1887.2	1.0000	-0.7250	-0.05822	-0.14104	8.738	0.002000
3.8160	-2297.80	129.67	3332.0	-1747.0	5841.4	-1888.6	1.0000	-0.7197	-0.05828	-0.14118	8.747	0.002000
3.8180	-2298.78	130.04	3334.0	-1748.0	5844.0	-1890.0	1.0000	-0.7245	-0.05830	-0.14127	8.752	0.002000
3.8200	-2299.76	130.41	3336.0	-1749.0	5846.6	-1891.4	1.0000	-0.7300	-0.05833	-0.14136	8.757	0.002000
3.8220	-2300.73	129.86	3338.0	-1751.0	5849.2	-1892.7	1.0000	-0.7251	-0.05839	-0.14145	8.764	0.002000
3.8240	-2301.71	130.24	3340.0	-1752.0	5851.9	-1894.1	1.0000	-0.7301	-0.05842	-0.14155	8.769	0.002000
3.8260	-2302.68	130.61	3342.0	-1753.0	5854.5	-1895.5	1.0000	-0.7358	-0.05845	-0.14164	8.775	0.002000
3.8280	-2303.66	130.06	3344.0	-1755.0	5857.1	-1896.9	1.0000	-0.7311	-0.05851	-0.14173	8.781	0.002000
3.8300	-2304.63	130.44	3346.0	-1756.0	5859.7	-1898.3	1.0000	-0.7361	-0.05854	-0.14182	8.786	0.002000
3.8320	-2305.60	130.81	3348.0	-1757.0	5862.4	-1899.7	1.0000	-0.7419	-0.05856	-0.14191	8.792	0.002000
3.8340	-2305.66	130.26	3351.0	-1759.0	5865.0	-1901.0	1.0000	-0.7373	-0.05862	-0.14205	8.800	0.002000
3.8360	-2306.63	130.64	3353.0	-1760.0	5867.6	-1902.4	1.0000	-0.7330	-0.05865	-0.14214	8.806	0.002000
3.8380	-2307.60	130.10	3355.0	-1762.0	5870.2	-1903.8	1.0000	-0.7278	-0.05871	-0.14224	8.812	0.002000
3.8400	-2308.56	130.47	3357.0	-1763.0	5872.9	-1905.2	1.0000	-0.7231	-0.05874	-0.14233	8.818	0.002000
3.8420	-2309.53	130.84	3359.0	-1764.0	5875.5	-1906.6	1.0000	-0.7283	-0.05876	-0.14242	8.823	0.002000
3.8440	-2310.50	130.30	3361.0	-1766.0	5878.1	-1908.0	1.0000	-0.7232	-0.05883	-0.14252	8.829	0.002000
3.8460	-2311.46	130.68	3363.0	-1767.0	5880.7	-1909.3	1.0000	-0.7281	-0.05885	-0.14261	8.835	0.002000
3.8480	-2312.43	130.14	3365.0	-1769.0	5883.3	-1910.7	1.0000	-0.7229	-0.05892	-0.14270	8.841	0.002000
3.8500	-2313.39	130.51	3367.0	-1770.0	5886.0	-1912.1	1.0000	-0.7277	-0.05894	-0.14279	8.847	0.002000
3.8520	-2314.35	130.89	3369.0	-1771.0	5888.6	-1913.5	1.0000	-0.7332	-0.05897	-0.14289	8.852	0.002000
3.8540	-2315.32	130.35	3371.0	-1773.0	5891.2	-1914.9	1.0000	-0.7283	-0.05903	-0.14298	8.859	0.002000
3.8560	-2316.28	130.72	3373.0	-1774.0	5893.8	-1916.3	1.0000	-0.7334	-0.05906	-0.14307	8.864	0.002000
3.8580	-2316.32	130.18	3376.0	-1776.0	5896.4	-1917.7	1.0000	-0.7283	-0.05912	-0.14321	8.873	0.002000
3.8600	-2317.28	130.56	3378.0	-1777.0	5899.1	-1919.0	1.0000	-0.7239	-0.05915	-0.14330	8.878	0.002000
3.8620	-2318.23	130.02	3380.0	-1779.0	5901.7	-1920.4	1.0000	-0.7183	-0.05921	-0.14340	8.884	0.002000
3.8640	-2319.19	130.40	3382.0	-1780.0	5904.3	-1921.8	1.0000	-0.7229	-0.05924	-0.14349	8.890	0.002000
3.8660	-2320.15	130.78	3384.0	-1781.0	5906.9	-1923.2	1.0000	-0.7282	-0.05926	-0.14358	8.895	0.002000
3.8680	-2320.18	130.24	3387.0	-1783.0	5909.5	-1924.6	1.0000	-0.7232	-0.05932	-0.14372	8.904	0.002000
3.8700	-2322.05	130.62	3388.0	-1784.0	5912.1	-1926.0	1.0000	-0.7283	-0.05935	-0.14377	8.907	0.002000
3.8720	-2322.09	131.00	3391.0	-1785.0	5914.7	-1927.4	1.0000	-0.7339	-0.05937	-0.14390	8.915	0.002000
3.8740	-2323.96	130.46	3392.0	-1787.0	5917.4	-1928.8	1.0000	-0.7291	-0.05944	-0.14395	8.919	0.002000
3.8760	-2323.99	130.84	3395.0	-1788.0	5920.0	-1930.2	1.0000	-0.7343	-0.05946	-0.14409	8.927	0.002000
3.8780	-2324.94	131.22	3397.0	-1789.0	5922.6	-1931.5	1.0000	-0.7401	-0.05949	-0.14418	8.932	0.002000
3.8800	-2325.89	130.68	3399.0	-1791.0	5925.2	-1932.9	1.0000	-0.7353	-0.05955	-0.14427	8.938	0.002000
3.8820	-2326.84	131.07	3401.0	-1792.0	5927.8	-1934.3	1.0000	-0.7405	-0.05958	-0.14437	8.944	0.002000
3.8840	-2327.78	130.53	3403.0	-1794.0	5930.4	-1935.7	1.0000	-0.7356	-0.05964	-0.14446	8.950	0.002000
3.8860	-2328.73	130.91	3405.0	-1795.0	5933.0	-1937.1	1.0000	-0.7311	-0.05967	-0.14455	8.956	0.002000
3.8880	-2329.67	130.37	3407.0	-1797.0	5935.6	-1938.5	1.0000	-0.7257	-0.05973	-0.14465	8.962	0.002000
3.8900	-2330.62	130.76	3409.0	-1798.0	5938.3	-1939.9	1.0000	-0.7210	-0.05976	-0.14474	8.967	0.002000
3.8920	-2331.56	131.14	3411.0	-1799.0	5940.9	-1941.3	1.0000	-0.7261	-0.05978	-0.14483	8.973	0.002000
3.8940	-2331.58	130.61	3414.0	-1801.0	5943.5	-1942.7	1.0000	-0.7210	-0.05984	-0.14497	8.981	0.002000
3.8960	-2332.52	130.99	3416.0	-1802.0	5946.1	-1944.1	1.0000	-0.7259	-0.05987	-0.14506	8.987	0.002000
3.8980	-2333.46	130.45	3418.0	-1804.0	5948.7	-1945.5	1.0000	-0.7206	-0.05993	-0.14516	8.993	0.002000
3.9000	-2334.40	130.84	3420.0	-1805.0	5951.3	-1946.9	1.0000	-0.7255	-0.05996	-0.14525	8.999	0.002000
3.9020	-2335.34	131.23	3422.0	-1806.0	5953.9	-1948.3	1.0000	-0.7309	-0.05999	-0.14534	9.004	0.002000
3.9040	-2336.28	130.69	3424.0	-1808.0	5956.5	-1949.7	1.0000	-0.7261	-0.06005	-0.14544	9.011	0.002000
3.9060	-2337.22	131.08	3426.0	-1809.0	5959.1	-1951.1	1.0000	-0.7312	-0.06007	-0.14553	9.016	0.002000
3.9080	-2338.15	130.54	3428.0	-1811.0	5961.7	-1952.5	1.0000	-0.7261	-0.06014	-0.14562	9.022	0.002000
3.9100	-2338.16	130.93	3431.0	-1812.0	5964.3	-1953.9	1.0000	-0.7311	-0.06016	-0.14576	9.030	0.002000
3.9120	-2339.10	131.32	3433.0	-1813.0	5966.9	-1955.3	1.0000	-0.7367	-0.06018	-0.14585	9.035	0.002000
3.9140	-2340.03	130.78	3435.0	-1815.0	5969.5	-1956.7	1.0000	-0.7318	-0.06025	-0.14595	9.042	0.002000
3.9160	-2340.96	131.17	3437.0	-1816.0	5972.2	-1958.1	1.0000	-0.7370	-0.06027	-0.14604	9.047	0.002000
3.9180	-2341.89	131.56	3439.0	-1817.0	5974.8	-1959.5	1.0000	-0.7428	-0.06030	-0.14613	9.053	0.002000
3.9200	-2342.82	131.03	3441.0	-1819.0	5977.4	-1960.9	1.0000	-0.7381	-0.06036	-0.14622	9.059	0.002000
3.9220	-2343.75	131.42	3443.0	-1820.0	5980.0	-1962.3	1.0000	-0.7433	-0.06039	-0.14632	9.065	0.002000
3.9240	-2344.68	130.88	3445.0	-1822.0	5982.6	-1963.7	1.0000	-0.7384	-0.06045	-0.14641	9.071	0.002000
3.9260	-2345.60	131.27	3447.0	-1823.0	5985.2	-1965.1	1.0000	-0.7339	-0.06048	-0.14650	9.076	0.002000
3.9280	-2346.53	130.74	3449.0	-1825.0	5987.8	-1966.5	1.0000	-0.7285	-0.06054	-0.14660	9.083	0.002000
3.9300	-2347.46	131.13	3451.0	-1826.0	5990.4	-1967.9	1.0000	-0.7329	-0.06057	-0.14669	9.088	0.002000
3.9320	-2348.38	131.52	3453.0	-1827.0	5993.0	-1969.3	1.0000	-0.7385	-0.06059	-0.14678	9.094	0.002000
3.9340	-2348.38	130.99	3456.0	-1829.0	5995.6	-1970.7	1.0000	-0.7336	-0.06065	-0.14692	9.102	0.002000
3.9360	-2349.30	131.38	3458.0	-1830.0	5998.2	-1972.1	1.0000	-0.7387	-0.06068	-0.14701	9.108	0.002000
3.9380	-2350.22	130.85	3460.0	-1832.0	6000.8	-1973.5	1.0000	-0.7336	-0.06074	-0.14711	9.114	0.002000
3.9400	-2351.14	131.25	3462.0	-1833.0	6003.4	-1974.9	1.0000	-0.7384	-0.06077	-0.14720	9.120	0.002000
3.9420	-2352.06	131.64	3464.0	-1834.0	6006.0	-1976.3	1.0000	-0.7441	-0.06079	-0.14729	9.125	0.002000
3.9440	-2352.05	131.11	3467.0	-1836.0	6008.6	-1977.7	1.0000	-0.7393	-0.06085	-0.14743	9.134	0.002000
3.9460	-2353.90	131.50	3468.0	-1837.0	6011.2	-1979.1	1.0000	-0.7445	-0.06088	-0.14748	9.137	0.002000
3.9480	-2353.89	130.97	3471.0	-1839.0	6013.8	-1980.5	1.0000	-0.7395	-0.06094	-0.14762	9.145	0.002000
3.9500	-2355.73	131.37	3472.0	-1840.0	6016.4	-1981.9	1.0000	-0.7350	-0.06097	-0.14767	9.149	0.002000
3.9520	-2355.72	131.76	3475.0	-1841.0	6019.0	-1983.3	1.0000	-0.7404	-0.06099	-0.14780	9.156	0.002000
3.9540	-2356.63	131.23	3477.0	-1843.0	6021.6	-1984.7	1.0000	-0.7355	-0.06106	-0.14790	9.163	0.002000
3.9560	-2357.54	131.63	3479.0	-1844.0	6024.1	-1986.1	1.0000	-0.7406	-0.06108	-0.14799	9.168	0.002000
3.9580	-2358.46	132.03	3481.0	-1845.0	6026.7	-1987.5	1.0000	-0.7463	-0.06111	-0.14808	9.174	0.002000
3.9600	-2359.37	131.50	3483.0	-1847.0	6029.3	-1988.9	1.0000	-0.7416	-0.06117	-0.14818	9.180	0.002000
3.9620	-2360.28	131.90	3485.0	-1848.0	6031.9	-1990.3	1.0000	-0.7468	-0.06120	-0.14827	9.185	0.002000
3.9640	-2361.19	131.37	3487.0	-1850.0	6034.5	-1991.7	1.0000	-0.7418	-0.06126	-0.14836	9.192	0.002000
3.9660	-2362.09	131.77	3489.0	-1851.0	6037.1	-1993.1	1.0000	-0.7374	-0.06129	-0.14846	9.197	0.002000
3.9680	-2362.07	131.24	3492.0	-1853.0	6039.7	-1994.6	1.0000	-0.7320	-0.06134	-0.14860	9.206	0.002000
3.9700	-2362.98	131.64	3494.0	-1854.0	6042.3	-1996.0	1.0000	-0.7366	-0.06137	-0.14869	9.211	0.002000
3.9720	-2363.89	131.11	3496.0	-1856.0	6044.9	-1997.4	1.0000	-0.7312	-0.06143	-0.14878	9.218	0.002000
3.9740	-2364.79	131.51	3498.0	-1857.0	6047.5	-1998.8	1.0000	-0.7360	-0.06146	-0.14888	9.223	0.002000
3.9760	-2365.69	130.98	3500.0	-1859.0	6050.1	-2000.2	1.0000	-0.7306	-0.06152	-0.14897	9.230	0.002000
3.9780	-2366.60	131.38	3502.0	-1860.0	6052.7	-2001.6	1.0000	-0.7354	-0.06155	-0.14906	9.235	0.002000
3.9800	-2367.50	131.78	3504.0	-1861.0	6055.3	-2003.0	1.0000	-0.7409	-0.06157	-0.14916	9.241	0.002000
3.9820	-2368.40	131.26	3506.0	-1863.0	6057.8	-2004.4	1.0000	-0.7361	-0.06164	-0.14925	9.247	0.002000
3.9840	-2369.30	131.66	3508.0	-1864.0	6060.4	-2005.8	1.0000	-0.7413	-0.06166	-0.14934	9.252	0.002000
3.9860	-2369.27	132.06	3511.0	-1865.0	6063.0	-2007.2	1.0000	-0.7470	-0.06168	-0.14948	9.260	0.002000
3.9880	-2370.17	131.53	3513.0	-1867.0	6065.6	-2008.7	1.0000	-0.7423	-0.06174	-0.14958	9.266	0.002000
3.9900	-2371.06	131.94	3515.0	-1868.0	6068.2	-2010.1	1.0000	-0.7476	-0.06177	-0.14967	9.272	0.002000
3.9920	-2371.96	131.41	3517.0	-1870.0	6070.8	-2011.5	1.0000	-0.7427	-0.06183	-0.14976	9.278	0.002000
3.9940	-2372.85	131.82	3519.0	-1871.0	6073.4	-2012.9	1.0000	-0.7383	-0.06186	-0.14986	9.284	0.002000
3.9960	-2373.75	131.29	3521.0	-1873.0	6076.0	-2014.3	1.0000	-0.7330	-0.06192	-0.14995	9.290	0.002000
3.9980	-2374.64	131.69	3523.0	-1874.0	6078.5	-2015.7	1.0000	-0.7376	-0.06195	-0.15004	9.296	0.002000
4.0000	-2375.53	131.17	3525.0	-1876.0	6081.1	-2017.1	1.0000	-0.7323	-0.06201	-0.15014	9.302	0.002000
4.0020	-2376.42	131.58	3527.0	-1877.0	6083.7	-2018.6	1.0000	-0.7370	-0.06204	-0.15023	9.307	0.002000
4.0040	-2377.31	131.98	3529.0	-1878.0	6086.3	-2020.0	1.0000	-0.7426	-0.06206	-0.15032	9.313	0.002000
4.0060	-2378.20	131.46	3531.0	-1880.0	6088.9	-2021.4	1.0000	-0.7377	-0.06213	-0.15042	9.319	0.002000
4.0080	-2379.09	131.86	3533.0	-1881.0	6091.5	-2022.8	1.0000	-0.7429	-0.06215	-0.15051	9.325	0.002000
4.0100	-2379.05	131.34	3536.0	-1883.0	6094.0	-2024.2	1.0000	-0.7378	-0.06221	-0.15065	9.333	0.002000
4.0120	-2379.94	131.75	3538.0	-1884.0	6096.6	-2025.6	1.0000	-0.7428	-0.06223	-0.15074	9.339	0.002000
4.0140	-2380.82	132.16	3540.0	-1885.0	6099.2	-2027.1	1.0000	-0.7485	-0.06226	-0.15084	9.344	0.002000
4.0160	-2381.71	131.63	3542.0	-1887.0	6101.8	-2028.5	1.0000	-0.7437	-0.06232	-0.15093	9.351	0.002000
4.0180	-2382.59	132.04	3544.0	-1888.0	6104.4	-2029.9	1.0000	-0.7490	-0.06235	-0.15102	9.356	0.002000
4.0200	-2382.54	131.52	3547.0	-1890.0	6106.9	-2031.3	1.0000	-0.7440	-0.06241	-0.15116	9.365	0.002000
4.0220	-2384.35	131.93	3548.0	-1891.0	6109.5	-2032.7	1.0000	-0.7396	-0.06244	-0.15121	9.368	0.002000
4.0240	-2384.30	131.41	3551.0	-1893.0	6112.1	-2034.2	1.0000	-0.7343	-0.06249	-0.15135	9.377	0.002000
4.0260	-2386.12	131.82	3552.0	-1894.0	6114.7	-2035.6	1.0000	-0.7389	-0.06253	-0.15140	9.380	0.002000
4.0280	-2386.06	132.23	3555.0	-1895.0	6117.3	-2037.0	1.0000	-0.7444	-0.06255	-0.15154	9.388	0.002000
4.0300	-2386.94	131.71	3557.0	-1897.0	6119.8	-2038.4	1.0000	-0.7396	-0.06261	-0.15163	9.394	0.002000
4.0320	-2387.82	132.12	3559.0	-1898.0	6122.4	-2039.8	1.0000	-0.7448	-0.06263	-0.15172	9.400	0.002000
4.0340	-2388.70	131.60	3561.0	-1900.0	6125.0	-2041.3	1.0000	-0.7397	-0.06270	-0.15182	9.406	0.002000
4.0360	-2389.57	132.01	3563.0	-1901.0	6127.6	-2042.7	1.0000	-0.7447	-0.06272	-0.15191	9.411	0.002000
4.0380	-2390.45	131.49	3565.0	-1903.0	6130.2	-2044.1	1.0000	-0.7396	-0.06278	-0.15201	9.418	0.002000
4.0400	-2391.32	131.90	3567.0	-1904.0	6132.7	-2045.5	1.0000	-0.7443	-0.06281	-0.15210	9.423	0.002000
4.0420	-2392.19	132.31	3569.0	-1905.0	6135.3	-2046.9	1.0000	-0.7500	-0.06284	-0.15219	9.429	0.002000
4.0440	-2392.13	131.80	3572.0	-1907.0	6137.9	-2048.4	1.0000	-0.7453	-0.06289	-0.15233	9.437	0.002000
4.0460	-2393.00	132.21	3574.0	-1908.0	6140.5	-2049.8	1.0000	-0.7505	-0.06292	-0.15243	9.443	0.002000
4.0480	-2393.87	131.69	3576.0	-1910.0	6143.0	-2051.2	1.0000	-0.7456	-0.06298	-0.15252	9.449	0.002000
4.0500	-2394.74	132.11	3578.0	-1911.0	6145.6	-2052.6	1.0000	-0.7412	-0.06301	-0.15261	9.455	0.002000
4.0520	-2395.61	132.52	3580.0	-1912.0	6148.2	-2054.1	1.0000	-0.7467	-0.06303	-0.15271	9.460	0.002000
4.0540	-2396.48	132.00	3582.0	-1914.0	6150.7	-2055.5	1.0000	-0.7418	-0.06309	-0.15280	9.467	0.002000
4.0560	-2397.34	132.42	3584.0	-1915.0	6153.3	-2056.9	1.0000	-0.7470	-0.06312	-0.15290	9.472	0.002000
4.0580	-2398.21	131.90	3586.0	-1917.0	6155.9	-2058.3	1.0000	-0.7419	-0.06318	-0.15299	9.478	0.002000
4.0600	-2399.07	132.32	3588.0	-1918.0	6158.5	-2059.8	1.0000	-0.7469	-0.06321	-0.15308	9.484	0.002000
4.0620	-2399.00	131.80	3591.0	-1920.0	6161.0	-2061.2	1.0000	-0.7418	-0.06326	-0.15322	9.493	0.002000
4.0640	-2399.86	132.22	3593.0	-1921.0	6163.6	-2062.6	1.0000	-0.7466	-0.06329	-0.15332	9.498	0.002000
4.0660	-2400.73	131.70	3595.0	-1923.0	6166.2	-2064.1	1.0000	-0.7414	-0.06335	-0.15341	9.504	0.002000
4.0680	-2401.59	132.12	3597.0	-1924.0	6168.7	-2065.5	1.0000	-0.7462	-0.06338	-0.15351	9.510	0.002000
4.0700	-2402.45	132.54	3599.0	-1925.0	6171.3	-2066.9	1.0000	-0.7519	-0.06340	-0.15360	9.515	0.002000
4.0720	-2403.31	132.02	3601.0	-1927.0	6173.9	-2068.3	1.0000	-0.7471	-0.06347	-0.15369	9.522	0.002000
4.0740	-2404.16	132.44	3603.0	-1928.0	6176.4	-2069.8	1.0000	-0.7524	-0.06349	-0.15379	9.527	0.002000
4.0760	-2405.02	131.93	3605.0	-1930.0	6179.0	-2071.2	1.0000	-0.7475	-0.06355	-0.15388	9.534	0.002000
4.0780	-2405.88	132.35	3607.0	-1931.0	6181.6	-2072.6	1.0000	-0.7432	-0.06358	-0.15398	9.539	0.002000
4.0800	-2406.73	132.77	3609.0	-1932.0	6184.1	-2074.1	1.0000	-0.7487	-0.06360	-0.15407	9.545	0.002000
4.0820	-2407.59	132.25	3611.0	-1934.0	6186.7	-2075.5	1.0000	-0.7438	-0.06367	-0.15416	9.551	0.002000
4.0840	-2407.51	131.74	3614.0	-1936.0	6189.3	-2076.9	1.0000	-0.7382	-0.06372	-0.15430	9.560	0.002000
4.0860	-2408.36	132.16	3616.0	-1937.0	6191.8	-2078.4	1.0000	-0.7333	-0.06375	-0.15440	9.565	0.002000
4.0880	-2409.21	131.65	3618.0	-1939.0	6194.4	-2079.8	1.0000	-0.7276	-0.06381	-0.15449	9.572	0.002000
4.0900	-2410.06	132.07	3620.0	-1940.0	6197.0	-2081.2	1.0000	-0.7322	-0.06384	-0.15459	9.577	0.002000
4.0920	-2410.91	132.49	3622.0	-1941.0	6199.5	-2082.6	1.0000	-0.7375	-0.06386	-0.15468	9.583	0.002000
4.0940	-2411.76	131.98	3624.0	-1943.0	6202.1	-2084.1	1.0000	-0.7326	-0.06392	-0.15477	9.589	0.002000
4.0960	-2411.67	132.40	3627.0	-1944.0	6204.7	-2085.5	1.0000	-0.7377	-0.06394	-0.15491	9.597	0.002000
4.0980	-2413.45	132.83	3628.0	-1945.0	6207.2	-2086.9	1.0000	-0.7434	-0.06398	-0.15496	9.600	0.002000
4.1000	-2413.36	132.31	3631.0	-1947.0	6209.8	-2088.4	1.0000	-0.7390	-0.06403	-0.15510	9.609	0.002000
4.1020	-2415.15	132.74	3632.0	-1948.0	6212.3	-2089.8	1.0000	-0.7443	-0.06406	-0.15515	9.612	0.002000
4.1040	-2415.05	132.23	3635.0	-1950.0	6214.9	-2091.3	1.0000	-0.7393	-0.06412	-0.15529	9.620	0.002000
4.1060	-2415.90	132.65	3637.0	-1951.0	6217.5	-2092.7	1.0000	-0.7445	-0.06414	-0.15538	9.626	0.002000
4.1080	-2416.74	132.14	3639.0	-1953.0	6220.0	-2094.1	1.0000	-0.7393	-0.06421	-0.15548	9.632	0.002000
4.1100	-2417.58	132.57	3641.0	-1954.0	6222.6	-2095.6	1.0000	-0.7444	-0.06423	-0.15557	9.638	0.002000
4.1120	-2418.42	132.06	3643.0	-1956.0	6225.1	-2097.0	1.0000	-0.7392	-0.06429	-0.15567	9.644	0.002000
4.1140	-2419.26	132.48	3645.0	-1957.0	6227.7	-2098.4	1.0000	-0.7442	-0.06432	-0.15576	9.650	0.002000
4.1160	-2420.10	131.97	3647.0	-1959.0	6230.3	-2099.9	1.0000	-0.7390	-0.06438	-0.15586	9.656	0.002000
4.1180	-2420.94	132.40	3649.0	-1960.0	6232.8	-2101.3	1.0000	-0.7439	-0.06441	-0.15595	9.662	0.002000
4.1200	-2420.84	132.83	3652.0	-1961.0	6235.4	-2102.7	1.0000	-0.7496	-0.06443	-0.15609	9.669	0.002000
4.1220	-2421.68	132.32	3654.0	-1963.0	6237.9	-2104.2	1.0000	-0.7448	-0.06449	-0.15618	9.676	0.002000
4.1240	-2422.51	132.75	3656.0	-1964.0	6240.5	-2105.6	1.0000	-0.7501	-0.06451	-0.15628	9.681	0.002000
4.1260	-2423.35	132.24	3658.0	-1966.0	6243.0	-2107.1	1.0000	-0.7452	-0.06458	-0.15637	9.688	0.002000
4.1280	-2424.18	132.67	3660.0	-1967.0	6245.6	-2108.5	1.0000	-0.7503	-0.06460	-0.15647	9.693	0.002000
4.1300	-2425.01	132.16	3662.0	-1969.0	6248.2	-2109.9	1.0000	-0.7452	-0.06466	-0.15656	9.700	0.002000
4.1320	-2425.84	132.59	3664.0	-1970.0	6250.7	-2111.4	1.0000	-0.7502	-0.06469	-0.15665	9.705	0.002000
4.1340	-2426.67	133.02	3666.0	-1971.0	6253.3	-2112.8	1.0000	-0.7559	-0.06471	-0.15675	9.710	0.002000
4.1360	-2427.50	132.52	3668.0	-1973.0	6255.8	-2114.3	1.0000	-0.7512	-0.06478	-0.15684	9.717	0.002000
4.1380	-2427.40	132.95	3671.0	-1974.0	6258.4	-2115.7	1.0000	-0.7565	-0.06479	-0.15698	9.725	0.002000
4.1400	-2428.22	132.44	3673.0	-1976.0	6260.9	-2117.2	1.0000	-0.7516	-0.06486	-0.15708	9.731	0.002000
4.1420	-2429.05	132.87	3675.0	-1977.0	6263.5	-2118.6	1.0000	-0.7476	-0.06488	-0.15717	9.737	0.002000
4.1440	-2429.88	133.31	3677.0	-1978.0	6266.0	-2120.0	1.0000	-0.7530	-0.06491	-0.15726	9.742	0.002000
4.1460	-2430.70	132.80	3679.0	-1980.0	6268.6	-2121.5	1.0000	-0.7482	-0.06497	-0.15736	9.748	0.002000
4.1480	-2431.53	133.23	3681.0	-1981.0	6271.1	-2122.9	1.0000	-0.7534	-0.06499	-0.15745	9.754	0.002000
4.1500	-2432.35	132.73	3683.0	-1983.0	6273.7	-2124.4	1.0000	-0.7484	-0.06506	-0.15755	9.760	0.002000
4.1520	-2433.17	133.16	3685.0	-1984.0	6276.2	-2125.8	1.0000	-0.7534	-0.06508	-0.15764	9.766	0.002000
4.1540	-2434.00	132.66	3687.0	-1986.0	6278.8	-2127.3	1.0000	-0.7484	-0.06514	-0.15774	9.772	0.002000
4.1560	-2434.82	133.09	3689.0	-1987.0	6281.3	-2128.7	1.0000	-0.7533	-0.06517	-0.15783	9.778	0.002000
4.1580	-2434.70	132.59	3692.0	-1989.0	6283.9	-2130.1	1.0000	-0.7482	-0.06522	-0.15797	9.786	0.002000
4.1600	-2435.52	133.02	3694.0	-1990.0	6286.4	-2131.6	1.0000	-0.7531	-0.06525	-0.15807	9.792	0.002000
4.1620	-2436.33	133.46	3696.0	-1991.0	6289.0	-2133.0	1.0000	-0.7588	-0.06527	-0.15816	9.797	0.002000
4.1640	-2437.15	132.96	3698.0	-1993.0	6291.5	-2134.5	1.0000	-0.7541	-0.06534	-0.15826	9.804	0.002000
4.1660	-2437.97	133.39	3700.0	-1994.0	6294.1	-2135.9	1.0000	-0.7595	-0.06536	-0.15835	9.809	0.002000
4.1680	-2438.78	132.89	3702.0	-1996.0	6296.6	-2137.4	1.0000	-0.7546	-0.06542	-0.15845	9.816	0.002000
4.1700	-2439.60	133.33	3704.0	-1997.0	6299.2	-2138.8	1.0000	-0.7595	-0.06545	-0.15854	9.821	0.002000
4.1720	-2439.47	132.83	3707.0	-1999.0	6301.7	-2140.3	1.0000	-0.7546	-0.06550	-0.15868	9.830	0.002000
4.1740	-2441.23	133.26	3708.0	-2000.0	6304.2	-2141.7	1.0000	-0.7503	-0.06554	-0.15873	9.833	0.002000
4.1760	-2441.10	132.76	3711.0	-2002.0	6306.8	-2143.2	1.0000	-0.7450	-0.06559	-0.15887	9.842	0.002000
4.1780	-2441.91	133.20	3713.0	-2003.0	6309.3	-2144.6	1.0000	-0.7498	-0.06562	-0.15896	9.847	0.002000
4.1800	-2442.72	132.70	3715.0	-2005.0	6311.9	-2146.1	1.0000	-0.7445	-0.06568	-0.15906	9.854	0.002000
4.1820	-2443.53	133.14	3717.0	-2006.0	6314.4	-2147.5	1.0000	-0.7494	-0.06570	-0.15915	9.859	0.002000
4.1840	-2444.34	133.58	3719.0	-2007.0	6317.0	-2149.0	1.0000	-0.7550	-0.06573	-0.15925	9.865	0.002000
4.1860	-2445.14	133.08	3721.0	-2009.0	6319.5	-2150.4	1.0000	-0.7503	-0.06579	-0.15934	9.871	0.002000
4.1880	-2445.95	133.52	3723.0	-2010.0	6322.0	-2151.9	1.0000	-0.7556	-0.06581	-0.15944	9.877	0.002000
4.1900	-2446.76	133.02	3725.0	-2012.0	6324.6	-2153.3	1.0000	-0.7507	-0.06588	-0.15953	9.883	0.002000
4.1920	-2447.56	133.46	3727.0	-2013.0	6327.1	-2154.8	1.0000	-0.7559	-0.06590	-0.15963	9.889	0.002000
4.1940	-2448.37	132.96	3729.0	-2015.0	6329.7	-2156.2	1.0000	-0.7508	-0.06596	-0.15972	9.895	0.002000
4.1960	-2448.23	133.41	3732.0	-2016.0	6332.2	-2157.7	1.0000	-0.7559	-0.06598	-0.15986	9.903	0.002000
4.1980	-2449.03	132.91	3734.0	-2018.0	6334.7	-2159.1	1.0000	-0.7508	-0.06604	-0.15996	9.909	0.002000
4.2000	-2449.83	133.35	3736.0	-2019.0	6337.3	-2160.6	1.0000	-0.7558	-0.06607	-0.16005	9.915	0.002000
4.2020	-2450.63	132.85	3738.0	-2021.0	6339.8	-2162.0	1.0000	-0.7507	-0.06613	-0.16015	9.921	0.002000
4.2040	-2451.43	133.30	3740.0	-2022.0	6342.4	-2163.5	1.0000	-0.7556	-0.06616	-0.16024	9.927	0.002000
4.2060	-2452.23	133.74	3742.0	-2023.0	6344.9	-2165.0	1.0000	-0.7614	-0.06618	-0.16033	9.932	0.002000
4.2080	-2453.03	133.24	3744.0	-2025.0	6347.4	-2166.4	1.0000	-0.7567	-0.06624	-0.16043	9.939	0.002000
4.2100	-2452.88	133.69	3747.0	-2026.0	6350.0	-2167.9	1.0000	-0.7621	-0.06626	-0.16057	9.946	0.002000
4.2120	-2454.62	133.19	3748.0	-2028.0	6352.5	-2169.3	1.0000	-0.7572	-0.06633	-0.16062	9.950	0.002000
4.2140	-2454.48	133.64	3751.0	-2029.0	6355.0	-2170.8	1.0000	-0.7623	-0.06635	-0.16076	9.958	0.002000
4.2160	-2455.27	133.14	3753.0	-2031.0	6357.6	-2172.2	1.0000	-0.7573	-0.06641	-0.16086	9.965	0.002000
4.2180	-2456.06	133.59	3755.0	-2032.0	6360.1	-2173.7	1.0000	-0.7531	-0.06643	-0.16095	9.970	0.002000
4.2200	-2456.86	133.09	3757.0	-2034.0	6362.6	-2175.2	1.0000	-0.7478	-0.06650	-0.16105	9.977	0.002000
4.2220	-2457.65	133.54	3759.0	-2035.0	6365.2	-2176.6	1.0000	-0.7526	-0.06652	-0.16114	9.982	0.002000
4.2240	-2458.44	133.05	3761.0	-2037.0	6367.7	-2178.1	1.0000	-0.7473	-0.06658	-0.16124	9.989	0.002000
4.2260	-2459.23	133.49	3763.0	-2038.0	6370.2	-2179.5	1.0000	-0.7523	-0.06661	-0.16133	9.994	0.002000
4.2280	-2460.02	133.94	3765.0	-2039.0	6372.8	-2181.0	1.0000	-0.7579	-0.06663	-0.16142	10.000	0.002000
4.2300	-2459.86	133.45	3768.0	-2041.0	6375.3	-2182.4	1.0000	-0.7532	-0.06669	-0.16157	10.008	0.002000
4.2320	-2460.65	133.90	3770.0	-2042.0	6377.8	-2183.9	1.0000	-0.7586	-0.06671	-0.16166	10.014	0.002000
4.2340	-2461.44	133.40	3772.0	-2044.0	6380.4	-2185.4	1.0000	-0.7537	-0.06677	-0.16176	10.020	0.002000
4.2360	-2462.22	133.86	3774.0	-2045.0	6382.9	-2186.8	1.0000	-0.7589	-0.06680	-0.16185	10.026	0.002000
4.2380	-2463.01	133.36	3776.0	-2047.0	6385.4	-2188.3	1.0000	-0.7539	-0.06686	-0.16195	10.032	0.002000
4.2400	-2463.79	133.81	3778.0	-2048.0	6388.0	-2189.8	1.0000	-0.7590	-0.06688	-0.16204	10.038	0.002000
4.2420	-2464.58	133.32	3780.0	-2050.0	6390.5	-2191.2	1.0000	-0.7539	-0.06695	-0.16214	10.044	0.002000
4.2440	-2464.41	133.77	3783.0	-2051.0	6393.0	-2192.7	1.0000	-0.7590	-0.06696	-0.16228	10.052	0.002000
4.2460	-2466.14	133.28	3784.0	-2053.0	6395.5	-2194.1	1.0000	-0.7539	-0.06703	-0.16233	10.056	0.002000
4.2480	-2465.97	133.73	3787.0	-2054.0	6398.1	-2195.6	1.0000	-0.7589	-0.06705	-0.16247	10.064	0.002000
4.2500	-2467.70	133.24	3788.0	-2056.0	6400.6	-2197.1	1.0000	-0.7538	-0.06712	-0.16252	10.068	0.002000
4.2520	-2467.53	133.69	3791.0	-2057.0	6403.1	-2198.5	1.0000	-0.7588	-0.06714	-0.16266	10.076	0.002000
4.2540	-2468.31	134.15	3793.0	-2058.0	6405.7	-2200.0	1.0000	-0.7646	-0.06716	-0.16275	10.081	0.002000
4.2560	-2469.09	133.66	3795.0	-2060.0	6408.2	-2201.5	1.0000	-0.7600	-0.06722	-0.16285	10.088	0.002000
4.2580	-2469.86	134.11	3797.0	-2061.0	6410.7	-2202.9	1.0000	-0.7654	-0.06725	-0.16294	10.093	0.002000
4.2600	-2470.64	133.62	3799.0	-2063.0	6413.2	-2204.4	1.0000	-0.7606	-0.06731	-0.16304	10.100	0.002000
4.2620	-2471.41	133.13	3801.0	-2065.0	6415.8	-2205.9	1.0000	-0.7551	-0.06737	-0.16313	10.106	0.002000
4.2640	-2472.19	133.59	3803.0	-2066.0	6418.3	-2207.3	1.0000	-0.7502	-0.06739	-0.16323	10.112	0.002000
4.2660	-2472.96	133.10	3805.0	-2068.0	6420.8	-2208.8	1.0000	-0.7446	-0.06746	-0.16332	10.118	0.002000
4.2680	-2473.73	133.55	3807.0	-2069.0	6423.3	-2210.3	1.0000	-0.7492	-0.06748	-0.16342	10.123	0.002000
4.2700	-2473.56	134.01	3810.0	-2070.0	6425.8	-2211.7	1.0000	-0.7547	-0.06750	-0.16356	10.131	0.002000
4.2720	-2474.33	133.52	3812.0	-2072.0	6428.4	-2213.2	1.0000	-0.7499	-0.06756	-0.16365	10.138	0.002000
4.2740	-2475.10	133.98	3814.0	-2073.0	6430.9	-2214.7	1.0000	-0.7552	-0.06758	-0.16375	10.143	0.002000
4.2760	-2475.87	133.49	3816.0	-2075.0	6433.4	-2216.1	1.0000	-0.7502	-0.06765	-0.16385	10.150	0.002000
4.2780	-2476.63	133.95	3818.0	-2076.0	6435.9	-2217.6	1.0000	-0.7554	-0.06767	-0.16394	10.155	0.002000
4.2800	-2477.40	133.46	3820.0	-2078.0	6438.5	-2219.1	1.0000	-0.7503	-0.06773	-0.16404	10.162	0.002000
4.2820	-2478.17	133.92	3822.0	-2079.0	6441.0	-2220.5	1.0000	-0.7555	-0.06776	-0.16413	10.167	0.002000
4.2840	-2478.93	133.44	3824.0	-2081.0	6443.5	-2222.0	1.0000	-0.7504	-0.06782	-0.16423	10.174	0.002000
4.2860	-2478.75	133.90	3827.0	-2082.0	6446.0	-2223.5	1.0000	-0.7555	-0.06784	-0.16437	10.181	0.002000
4.2880	-2480.46	133.41	3828.0	-2084.0	6448.5	-2224.9	1.0000	-0.7504	-0.06790	-0.16442	10.185	0.002000
4.2900	-2480.27	133.87	3831.0	-2085.0	6451.0	-2226.4	1.0000	-0.7555	-0.06792	-0.16456	10.193	0.002000
4.2920	-2481.03	133.38	3833.0	-2087.0	6453.6	-2227.9	1.0000	-0.7504	-0.06798	-0.16465	10.200	0.002000
4.2940	-2481.80	133.85	3835.0	-2088.0	6456.1	-2229.4	1.0000	-0.7555	-0.06801	-0.16475	10.205	0.002000
4.2960	-2482.56	134.31	3837.0	-2089.0	6458.6	-2230.8	1.0000	-0.7613	-0.06803	-0.16484	10.211	0.002000
4.2980	-2483.31	133.82	3839.0	-2091.0	6461.1	-2232.3	1.0000	-0.7567	-0.06809	-0.16494	10.217	0.002000
4.3000	-2484.07	134.29	3841.0	-2092.0	6463.6	-2233.8	1.0000	-0.7622	-0.06812	-0.16503	10.223	0.002000
4.3020	-2484.83	133.80	3843.0	-2094.0	6466.1	-2235.2	1.0000	-0.7573	-0.06818	-0.16513	10.229	0.002000
4.3040	-2484.64	134.27	3846.0	-2095.0	6468.7	-2236.7	1.0000	-0.7626	-0.06820	-0.16527	10.237	0.002000
4.3060	-2485.39	133.78	3848.0	-2097.0	6471.2	-2238.2	1.0000	-0.7576	-0.06826	-0.16537	10.243	0.002000
4.3080	-2486.15	134.25	3850.0	-2098.0	6473.7	-2239.7	1.0000	-0.7628	-0.06828	-0.16546	10.249	0.002000
4.3100	-2486.90	133.76	3852.0	-2100.0	6476.2	-2241.1	1.0000	-0.7578	-0.06834	-0.16556	10.255	0.002000
4.3120	-2487.66	134.23	3854.0	-2101.0	6478.7	-2242.6	1.0000	-0.7629	-0.06837	-0.16565	10.261	0.002000
4.3140	-2488.41	133.75	3856.0	-2103.0	6481.2	-2244.1	1.0000	-0.7579	-0.06843	-0.16575	10.267	0.002000
4.3160	-2489.16	134.21	3858.0	-2104.0	6483.7	-2245.6	1.0000	-0.7630	-0.06845	-0.16584	10.273	0.002000
4.3180	-2489.91	134.68	3860.0	-2105.0	6486.2	-2247.1	1.0000	-0.7688	-0.06848	-0.16594	10.278	0.002000
4.3200	-2489.71	134.20	3863.0	-2107.0	6488.8	-2248.5	1.0000	-0.7642	-0.06853	-0.16608	10.287	0.002000
4.3220	-2491.41	134.66	3864.0	-2108.0	6491.3	-2250.0	1.0000	-0.7697	-0.06856	-0.16613	10.290	0.002000
4.3240	-2491.21	134.18	3867.0	-2110.0	6493.8	-2251.5	1.0000	-0.7649	-0.06862	-0.16627	10.299	0.002000
4.3260	-2491.95	133.70	3869.0	-2112.0	6496.3	-2253.0	1.0000	-0.7595	-0.06868	-0.16637	10.306	0.002000
4.3280	-2492.70	134.17	3871.0	-2113.0	6498.8	-2254.4	1.0000	-0.7547	-0.06870	-0.16646	10.311	0.002000
4.3300	-2493.44	133.69	3873.0	-2115.0	6501.3	-2255.9	1.0000	-0.7491	-0.06876	-0.16656	10.317	0.002000
4.3320	-2494.19	134.16	3875.0	-2116.0	6503.8	-2257.4	1.0000	-0.7538	-0.06879	-0.16665	10.323	0.002000
4.3340	-2494.93	134.63	3877.0	-2117.0	6506.3	-2258.9	1.0000	-0.7593	-0.06881	-0.16675	10.329	0.002000
4.3360	-2495.68	134.15	3879.0	-2119.0	6508.8	-2260.4	1.0000	-0.7546	-0.06887	-0.16685	10.335	0.002000
4.3380	-2496.42	134.62	3881.0	-2120.0	6511.3	-2261.8	1.0000	-0.7599	-0.06890	-0.16694	10.340	0.002000
4.3400	-2497.16	134.14	3883.0	-2122.0	6513.8	-2263.3	1.0000	-0.7550	-0.06896	-0.16704	10.347	0.002000
4.3420	-2497.90	134.61	3885.0	-2123.0	6516.3	-2264.8	1.0000	-0.7603	-0.06898	-0.16713	10.352	0.002000
4.3440	-2498.64	134.13	3887.0	-2125.0	6518.8	-2266.3	1.0000	-0.7552	-0.06904	-0.16723	10.359	0.002000
4.3460	-2498.43	134.60	3890.0	-2126.0	6521.4	-2267.8	1.0000	-0.7605	-0.06906	-0.16737	10.367	0.002000
4.3480	-2499.16	134.12	3892.0	-2128.0	6523.9	-2269.2	1.0000	-0.7554	-0.06912	-0.16747	10.373	0.002000
4.3500	-2499.90	134.60	3894.0	-2129.0	6526.4	-2270.7	1.0000	-0.7606	-0.06915	-0.16756	10.379	0.002000
4.3520	-2500.64	134.12	3896.0	-2131.0	6528.9	-2272.2	1.0000	-0.7555	-0.06921	-0.16766	10.385	0.002000
4.3540	-2501.37	134.59	3898.0	-2132.0	6531.4	-2273.7	1.0000	-0.7607	-0.06923	-0.16775	10.391	0.002000
4.3560	-2502.11	135.07	3900.0	-2133.0	6533.9	-2275.2	1.0000	-0.7665	-0.06925	-0.16785	10.396	0.002000
4.3580	-2502.84	134.59	3902.0	-2135.0	6536.4	-2276.7	1.0000	-0.7620	-0.06932	-0.16794	10.403	0.002000
4.3600	-2503.57	135.06	3904.0	-2136.0	6538.9	-2278.1	1.0000	-0.7675	-0.06934	-0.16804	10.408	0.002000
4.3620	-2503.35	134.59	3907.0	-2138.0	6541.4	-2279.6	1.0000	-0.7627	-0.06939	-0.16818	10.417	0.002000
4.3640	-2505.04	134.11	3908.0	-2140.0	6543.9	-2281.1	1.0000	-0.7572	-0.06946	-0.16823	10.421	0.002000
4.3660	-2504.82	134.59	3911.0	-2141.0	6546.4	-2282.6	1.0000	-0.7619	-0.06948	-0.16837	10.429	0.002000
4.3680	-2505.54	135.06	3913.0	-2142.0	6548.9	-2284.1	1.0000	-0.7675	-0.06950	-0.16847	10.434	0.002000
4.3700	-2506.27	134.59	3915.0	-2144.0	6551.4	-2285.6	1.0000	-0.7627	-0.06956	-0.16856	10.441	0.002000
4.3720	-2507.00	135.07	3917.0	-2145.0	6553.9	-2287.1	1.0000	-0.7681	-0.06959	-0.16866	10.446	0.002000
4.3740	-2507.73	134.59	3919.0	-2147.0	6556.4	-2288.6	1.0000	-0.7633	-0.06965	-0.16876	10.453	0.002000
4.3760	-2508.45	135.07	3921.0	-2148.0	6558.9	-2290.0	1.0000	-0.7686	-0.06967	-0.16885	10.458	0.002000
4.3780	-2509.18	134.60	3923.0	-2150.0	6561.4	-2291.5	1.0000	-0.7636	-0.06973	-0.16895	10.465	0.002000
4.3800	-2508.95	135.08	3926.0	-2151.0	6563.9	-2293.0	1.0000	-0.7688	-0.06975	-0.16909	10.473	0.002000
4.3820	-2509.68	134.60	3928.0	-2153.0	6566.4	-2294.5	1.0000	-0.7638	-0.06981	-0.16919	10.479	0.002000
4.3840	-2510.40	135.08	3930.0	-2154.0	6568.9	-2296.0	1.0000	-0.7690	-0.06984	-0.16928	10.485	0.002000
4.3860	-2511.12	134.61	3932.0	-2156.0	6571.4	-2297.5	1.0000	-0.7640	-0.06990	-0.16938	10.491	0.002000
4.3880	-2511.84	135.09	3934.0	-2157.0	6573.8	-2299.0	1.0000	-0.7692	-0.06992	-0.16947	10.497	0.002000
4.3900	-2512.56	134.62	3936.0	-2159.0	6576.3	-2300.5	1.0000	-0.7642	-0.06998	-0.16957	10.503	0.002000
4.3920	-2513.28	135.10	3938.0	-2160.0	6578.8	-2302.0	1.0000	-0.7694	-0.07001	-0.16966	10.509	0.002000
4.3940	-2514.00	134.63	3940.0	-2162.0	6581.3	-2303.4	1.0000	-0.7644	-0.07007	-0.16976	10.515	0.002000
4.3960	-2513.76	135.11	3943.0	-2163.0	6583.8	-2304.9	1.0000	-0.7695	-0.07008	-0.16990	10.523	0.002000
4.3980	-2515.43	134.64	3944.0	-2165.0	6586.3	-2306.4	1.0000	-0.7645	-0.07015	-0.16995	10.527	0.002000
4.4000	-2515.20	135.12	3947.0	-2166.0	6588.8	-2307.9	1.0000	-0.7697	-0.07017	-0.17009	10.535	0.002000
4.4020	-2515.91	134.65	3949.0	-2168.0	6591.3	-2309.4	1.0000	-0.7647	-0.07023	-0.17019	10.541	0.002000
4.4040	-2516.63	135.13	3951.0	-2169.0	6593.8	-2310.9	1.0000	-0.7699	-0.07025	-0.17029	10.547	0.002000
4.4060	-2517.34	134.66	3953.0	-2171.0	6596.3	-2312.4	1.0000	-0.7649	-0.07031	-0.17038	10.553	0.002000
4.4080	-2518.05	135.15	3955.0	-2172.0	6598.8	-2313.9	1.0000	-0.7701	-0.07034	-0.17048	10.559	0.002000
4.4100	-2518.76	134.68	3957.0	-2174.0	6601.3	-2315.4	1.0000	-0.7650	-0.07040	-0.17058	10.565	0.002000
4.4120	-2519.47	135.16	3959.0	-2175.0	6603.7	-2316.9	1.0000	-0.7702	-0.07042	-0.17067	10.571	0.002000
4.4140	-2520.18	134.70	3961.0	-2177.0	6606.2	-2318.4	1.0000	-0.7652	-0.07048	-0.17077	10.577	0.002000
4.4160	-2520.89	135.18	3963.0	-2178.0	6608.7	-2319.9	1.0000	-0.7704	-0.07051	-0.17086	10.583	0.002000
4.4180	-2521.60	134.71	3965.0	-2180.0	6611.2	-2321.4	1.0000	-0.7654	-0.07057	-0.17096	10.589	0.002000
4.4200	-2521.36	135.20	3968.0	-2181.0	6613.7	-2322.9	1.0000	-0.7706	-0.07058	-0.17110	10.597	0.002000
4.4220	-2522.06	134.73	3970.0	-2183.0	6616.2	-2324.4	1.0000	-0.7656	-0.07064	-0.17120	10.604	0.002000
4.4240	-2522.77	135.22	3972.0	-2184.0	6618.7	-2325.9	1.0000	-0.7708	-0.07067	-0.17129	10.609	0.002000
4.4260	-2523.47	135.71	3974.0	-2185.0	6621.2	-2327.4	1.0000	-0.7767	-0.07069	-0.17139	10.615	0.002000
4.4280	-2524.18	135.24	3976.0	-2187.0	6623.6	-2328.9	1.0000	-0.7722	-0.07075	-0.17149	10.621	0.002000
4.4300	-2524.88	135.73	3978.0	-2188.0	6626.1	-2330.4	1.0000	-0.7778	-0.07078	-0.17158	10.627	0.002000
4.4320	-2525.58	135.26	3980.0	-2190.0	6628.6	-2331.9	1.0000	-0.7730	-0.07084	-0.17168	10.633	0.002000
4.4340	-2526.29	134.80	3982.0	-2192.0	6631.1	-2333.4	1.0000	-0.7677	-0.07090	-0.17178	10.640	0.002000
4.4360	-2526.99	135.29	3984.0	-2193.0	6633.6	-2334.8	1.0000	-0.7630	-0.07092	-0.17187	10.645	0.002000
4.4380	-2526.73	134.82	3987.0	-2195.0	6636.1	-2336.3	1.0000	-0.7575	-0.07097	-0.17202	10.654	0.002000
4.4400	-2528.39	135.31	3988.0	-2196.0	6638.6	-2337.8	1.0000	-0.7623	-0.07100	-0.17206	10.657	0.002000
4.4420	-2528.13	135.80	3991.0	-2197.0	6641.0	-2339.3	1.0000	-0.7679	-0.07102	-0.17220	10.665	0.002000
4.4440	-2528.83	135.34	3993.0	-2199.0	6643.5	-2340.9	1.0000	-0.7633	-0.07108	-0.17230	10.672	0.002000
4.4460	-2529.53	135.83	3995.0	-2200.0	6646.0	-2342.4	1.0000	-0.7687	-0.07111	-0.17240	10.677	0.002000
4.4480	-2530.22	135.37	3997.0	-2202.0	6648.5	-2343.9	1.0000	-0.7639	-0.07117	-0.17250	10.684	0.002000
4.4500	-2530.92	134.90	3999.0	-2204.0	6651.0	-2345.4	1.0000	-0.7583	-0.07123	-0.17259	10.690	0.002000
4.4520	-2531.61	135.40	4001.0	-2205.0	6653.4	-2346.9	1.0000	-0.7631	-0.07125	-0.17269	10.696	0.002000
4.4540	-2532.31	134.93	4003.0	-2207.0	6655.9	-2348.4	1.0000	-0.7578	-0.07131	-0.17279	10.702	0.002000
4.4560	-2532.04	135.43	4006.0	-2208.0	6658.4	-2349.9	1.0000	-0.7628	-0.07133	-0.17293	10.710	0.002000
4.4580	-2532.74	134.96	4008.0	-2210.0	6660.9	-2351.4	1.0000	-0.7577	-0.07139	-0.17302	10.716	0.002000
4.4600	-2533.43	135.46	4010.0	-2211.0	6663.4	-2352.9	1.0000	-0.7628	-0.07141	-0.17312	10.722	0.002000
4.4620	-2534.12	135.00	4012.0	-2213.0	6665.8	-2354.4	1.0000	-0.7578	-0.07147	-0.17322	10.728	0.002000
4.4640	-2534.81	135.49	4014.0	-2214.0	6668.3	-2355.9	1.0000	-0.7629	-0.07150	-0.17331	10.734	0.002000
4.4660	-2535.50	135.99	4016.0	-2215.0	6670.8	-2357.4	1.0000	-0.7686	-0.07152	-0.17341	10.740	0.002000
4.4680	-2536.18	135.53	4018.0	-2217.0	6673.3	-2358.9	1.0000	-0.7737	-0.07158	-0.17351	10.746	0.002000
4.4700	-2536.87	136.02	4020.0	-2218.0	6675.7	-2360.4	1.0000	-0.7796	-0.07160	-0.17360	10.752	0.002000
4.4720	-2536.60	135.56	4023.0	-2220.0	6678.2	-2361.9	1.0000	-0.7750	-0.07166	-0.17374	10.760	0.002000
4.4740	-2538.24	136.06	4024.0	-2221.0	6680.7	-2363.4	1.0000	-0.7806	-0.07169	-0.17379	10.764	0.002000
4.4760	-2537.97	135.60	4027.0	-2223.0	6683.2	-2364.9	1.0000	-0.7759	-0.07174	-0.17394	10.772	0.002000
4.4780	-2538.65	135.14	4029.0	-2225.0	6685.6	-2366.4	1.0000	-0.7705	-0.07180	-0.17404	10.779	0.002000
4.4800	-2539.34	135.64	4031.0	-2226.0	6688.1	-2367.9	1.0000	-0.7659	-0.07182	-0.17413	10.784	0.002000
4.4820	-2540.02	135.18	4033.0	-2228.0	6690.6	-2369.4	1.0000	-0.7604	-0.07188	-0.17423	10.791	0.002000
4.4840	-2540.70	135.68	4035.0	-2229.0	6693.1	-2370.9	1.0000	-0.7653	-0.07191	-0.17432	10.796	0.002000
4.4860	-2541.38	135.22	4037.0	-2231.0	6695.5	-2372.5	1.0000	-0.7600	-0.07197	-0.17442	10.803	0.002000
4.4880	-2542.06	135.72	4039.0	-2232.0	6698.0	-2374.0	1.0000	-0.7651	-0.07199	-0.17452	10.808	0.002000
4.4900	-2542.74	136.22	4041.0	-2233.0	6700.5	-2375.5	1.0000	-0.7707	-0.07201	-0.17461	10.814	0.002000
4.4920	-2543.42	135.77	4043.0	-2235.0	6702.9	-2377.0	1.0000	-0.7757	-0.07207	-0.17471	10.820	0.002000
4.4940	-2544.10	136.27	4045.0	-2236.0	6705.4	-2378.5	1.0000	-0.7815	-0.07210	-0.17481	10.826	0.002000
4.4960	-2544.77	135.81	4047.0	-2238.0	6707.9	-2380.0	1.0000	-0.7770	-0.07216	-0.17490	10.832	0.002000
4.4980	-2544.49	135.35	4050.0	-2240.0	6710.4	-2381.5	1.0000	-0.7717	-0.07221	-0.17505	10.841	0.002000
4.5000	-2545.17	135.86	4052.0	-2241.0	6712.8	-2383.0	1.0000	-0.7764	-0.07223	-0.17514	10.847	0.002000
4.5020	-2545.84	135.40	4054.0	-2243.0	6715.3	-2384.5	1.0000	-0.7714	-0.07229	-0.17524	10.853	0.002000
4.5040	-2546.51	135.90	4056.0	-2244.0	6717.8	-2386.1	1.0000	-0.7765	-0.07232	-0.17534	10.859	0.002000
4.5060	-2547.19	136.41	4058.0	-2245.0	6720.2	-2387.6	1.0000	-0.7824	-0.07234	-0.17543	10.864	0.002000
4.5080	-2547.86	135.95	4060.0	-2247.0	6722.7	-2389.1	1.0000	-0.7779	-0.07240	-0.17553	10.871	0.002000
4.5100	-2548.53	136.45	4062.0	-2248.0	6725.2	-2390.6	1.0000	-0.7835	-0.07242	-0.17562	10.876	0.002000
4.5120	-2549.20	136.00	4064.0	-2250.0	6727.6	-2392.1	1.0000	-0.7788	-0.07248	-0.17572	10.883	0.002000
4.5140	-2548.91	135.55	4067.0	-2252.0	6730.1	-2393.6	1.0000	-0.7735	-0.07254	-0.17587	10.892	0.002000
4.5160	-2550.54	136.05	4068.0	-2253.0	6732.6	-2395.1	1.0000	-0.7689	-0.07257	-0.17592	10.895	0.002000
4.5180	-2550.25	135.60	4071.0	-2255.0	6735.0	-2396.6	1.0000	-0.7634	-0.07262	-0.17606	10.904	0.002000
4.5200	-2550.91	136.11	4073.0	-2256.0	6737.5	-2398.2	1.0000	-0.7683	-0.07264	-0.17616	10.909	0.002000
4.5220	-2551.58	135.65	4075.0	-2258.0	6739.9	-2399.7	1.0000	-0.7631	-0.07270	-0.17625	10.916	0.002000
4.5240	-2552.25	136.16	4077.0	-2259.0	6742.4	-2401.2	1.0000	-0.7682	-0.07273	-0.17635	10.921	0.002000
4.5260	-2552.91	135.71	4079.0	-2261.0	6744.9	-2402.7	1.0000	-0.7631	-0.07279	-0.17645	10.928	0.002000
4.5280	-2553.57	136.22	4081.0	-2262.0	6747.3	-2404.2	1.0000	-0.7683	-0.07281	-0.17654	10.933	0.002000
4.5300	-2554.24	135.77	4083.0	-2264.0	6749.8	-2405.7	1.0000	-0.7633	-0.07287	-0.17664	10.940	0.002000
4.5320	-2553.94	136.27	4086.0	-2265.0	6752.3	-2407.3	1.0000	-0.7685	-0.07289	-0.17678	10.948	0.002000
4.5340	-2554.60	135.82	4088.0	-2267.0	6754.7	-2408.8	1.0000	-0.7636	-0.07295	-0.17688	10.954	0.002000
4.5360	-2555.26	136.33	4090.0	-2268.0	6757.2	-2410.3	1.0000	-0.7689	-0.07297	-0.17698	10.960	0.002000
4.5380	-2555.92	135.88	4092.0	-2270.0	6759.6	-2411.8	1.0000	-0.7640	-0.07303	-0.17708	10.966	0.002000
4.5400	-2556.58	136.39	4094.0	-2271.0	6762.1	-2413.3	1.0000	-0.7692	-0.07305	-0.17717	10.972	0.002000
4.5420	-2557.24	135.94	4096.0	-2273.0	6764.6	-2414.9	1.0000	-0.7644	-0.07311	-0.17727	10.978	0.002000
4.5440	-2557.90	136.45	4098.0	-2274.0	6767.0	-2416.4	1.0000	-0.7696	-0.07314	-0.17736	10.984	0.002000
4.5460	-2558.55	136.00	4100.0	-2276.0	6769.5	-2417.9	1.0000	-0.7648	-0.07320	-0.17746	10.990	0.002000
4.5480	-2558.25	136.51	4103.0	-2277.0	6771.9	-2419.4	1.0000	-0.7701	-0.07321	-0.17760	10.998	0.002000
4.5500	-2559.86	136.07	4104.0	-2279.0	6774.4	-2420.9	1.0000	-0.7652	-0.07328	-0.17766	11.002	0.002000
4.5520	-2559.56	136.58	4107.0	-2280.0	6776.8	-2422.5	1.0000	-0.7705	-0.07330	-0.17780	11.010	0.002000
4.5540	-2560.21	136.13	4109.0	-2282.0	6779.3	-2424.0	1.0000	-0.7657	-0.07336	-0.17790	11.017	0.002000
4.5560	-2560.86	136.64	4111.0	-2283.0	6781.8	-2425.5	1.0000	-0.7709	-0.07338	-0.17799	11.022	0.002000
4.5580	-2561.52	136.20	4113.0	-2285.0	6784.2	-2427.0	1.0000	-0.7661	-0.07344	-0.17809	11.029	0.002000
4.5600	-2562.17	136.71	4115.0	-2286.0	6786.7	-2428.6	1.0000	-0.7714	-0.07346	-0.17819	11.034	0.002000
4.5620	-2562.82	136.26	4117.0	-2288.0	6789.1	-2430.1	1.0000	-0.7666	-0.07352	-0.17829	11.041	0.002000
4.5640	-2563.47	136.78	4119.0	-2289.0	6791.6	-2431.6	1.0000	-0.7718	-0.07354	-0.17838	11.047	0.002000
4.5660	-2564.11	136.33	4121.0	-2291.0	6794.0	-2433.1	1.0000	-0.7670	-0.07360	-0.17848	11.053	0.002000
4.5680	-2564.76	136.85	4123.0	-2292.0	6796.5	-2434.6	1.0000	-0.7722	-0.07363	-0.17858	11.059	0.002000
4.5700	-2565.41	136.40	4125.0	-2294.0	6798.9	-2436.2	1.0000	-0.7675	-0.07369	-0.17867	11.065	0.002000
4.5720	-2566.06	136.92	4127.0	-2295.0	6801.4	-2437.7	1.0000	-0.7727	-0.07371	-0.17877	11.071	0.002000
4.5740	-2565.74	136.48	4130.0	-2297.0	6803.8	-2439.2	1.0000	-0.7679	-0.07376	-0.17891	11.079	0.002000
4.5760	-2566.39	136.99	4132.0	-2298.0	6806.3	-2440.8	1.0000	-0.7732	-0.07379	-0.17901	11.085	0.002000
4.5780	-2567.03	136.55	4134.0	-2300.0	6808.7	-2442.3	1.0000	-0.7684	-0.07385	-0.17911	11.092	0.002000
4.5800	-2567.67	137.07	4136.0	-2301.0	6811.2	-2443.8	1.0000	-0.7736	-0.07387	-0.17920	11.097	0.002000
4.5820	-2568.31	136.62	4138.0	-2303.0	6813.6	-2445.3	1.0000	-0.7689	-0.07393	-0.17930	11.104	0.002000
4.5840	-2568.96	137.14	4140.0	-2304.0	6816.1	-2446.9	1.0000	-0.7741	-0.07395	-0.17940	11.109	0.002000
4.5860	-2569.60	136.70	4142.0	-2306.0	6818.5	-2448.4	1.0000	-0.7694	-0.07401	-0.17950	11.116	0.002000
4.5880	-2570.24	136.26	4144.0	-2308.0	6821.0	-2449.9	1.0000	-0.7637	-0.07407	-0.17960	11.122	0.002000
4.5900	-2569.92	136.78	4147.0	-2309.0	6823.4	-2451.4	1.0000	-0.7686	-0.07409	-0.17974	11.130	0.002000
4.5920	-2571.51	136.33	4148.0	-2311.0	6825.9	-2453.0	1.0000	-0.7633	-0.07415	-0.17979	11.134	0.002000
4.5940	-2571.19	136.85	4151.0	-2312.0	6828.3	-2454.5	1.0000	-0.7684	-0.07417	-0.17993	11.142	0.002000
4.5960	-2571.83	137.37	4153.0	-2313.0	6830.8	-2456.0	1.0000	-0.7740	-0.07419	-0.18003	11.148	0.002000
4.5980	-2572.46	136.93	4155.0	-2315.0	6833.2	-2457.6	1.0000	-0.7791	-0.07425	-0.18013	11.154	0.002000
4.6000	-2573.10	137.45	4157.0	-2316.0	6835.7	-2459.1	1.0000	-0.7849	-0.07427	-0.18022	11.160	0.002000
4.6020	-2573.73	137.02	4159.0	-2318.0	6838.1	-2460.6	1.0000	-0.7806	-0.07433	-0.18032	11.166	0.002000
4.6040	-2574.37	136.58	4161.0	-2320.0	6840.6	-2462.2	1.0000	-0.7753	-0.07439	-0.18042	11.173	0.002000
4.6060	-2575.00	137.10	4163.0	-2321.0	6843.0	-2463.7	1.0000	-0.7804	-0.07442	-0.18052	11.178	0.002000
4.6080	-2574.67	136.66	4166.0	-2323.0	6845.4	-2465.2	1.0000	-0.7753	-0.07447	-0.18066	11.187	0.002000
4.6100	-2575.30	137.18	4168.0	-2324.0	6847.9	-2466.8	1.0000	-0.7805	-0.07449	-0.18076	11.193	0.002000
4.6120	-2575.93	137.71	4170.0	-2325.0	6850.3	-2468.3	1.0000	-0.7863	-0.07451	-0.18085	11.198	0.002000
4.6140	-2576.56	137.27	4172.0	-2327.0	6852.8	-2469.8	1.0000	-0.7822	-0.07457	-0.18095	11.205	0.002000
4.6160	-2577.19	136.83	4174.0	-2329.0	6855.2	-2471.4	1.0000	-0.7770	-0.07463	-0.18105	11.211	0.002000
4.6180	-2577.82	137.35	4176.0	-2330.0	6857.7	-2472.9	1.0000	-0.7820	-0.07466	-0.18115	11.217	0.002000
4.6200	-2578.45	136.92	4178.0	-2332.0	6860.1	-2474.4	1.0000	-0.7769	-0.07472	-0.18125	11.223	0.002000
4.6220	-2579.07	137.44	4180.0	-2333.0	6862.5	-2476.0	1.0000	-0.7821	-0.07474	-0.18134	11.229	0.002000
4.6240	-2578.74	137.01	4183.0	-2335.0	6865.0	-2477.5	1.0000	-0.7772	-0.07479	-0.18149	11.238	0.002000
4.6260	-2580.32	137.53	4184.0	-2336.0	6867.4	-2479.0	1.0000	-0.7825	-0.07482	-0.18154	11.241	0.002000
4.6280	-2579.99	137.10	4187.0	-2338.0	6869.9	-2480.6	1.0000	-0.7776	-0.07487	-0.18168	11.250	0.002000
4.6300	-2580.61	137.62	4189.0	-2339.0	6872.3	-2482.1	1.0000	-0.7829	-0.07490	-0.18178	11.255	0.002000
4.6320	-2581.23	137.19	4191.0	-2341.0	6874.7	-2483.6	1.0000	-0.7780	-0.07496	-0.18188	11.262	0.002000
4.6340	-2581.85	137.72	4193.0	-2342.0	6877.2	-2485.2	1.0000	-0.7834	-0.07498	-0.18197	11.268	0.002000
4.6360	-2582.47	137.28	4195.0	-2344.0	6879.6	-2486.7	1.0000	-0.7786	-0.07504	-0.18207	11.274	0.002000
4.6380	-2583.09	137.81	4197.0	-2345.0	6882.0	-2488.2	1.0000	-0.7839	-0.07506	-0.18217	11.280	0.002000
4.6400	-2583.71	137.38	4199.0	-2347.0	6884.5	-2489.8	1.0000	-0.7791	-0.07512	-0.18227	11.286	0.002000
4.6420	-2584.33	137.91	4201.0	-2348.0	6886.9	-2491.3	1.0000	-0.7845	-0.07514	-0.18236	11.292	0.002000
4.6440	-2584.95	137.47	4203.0	-2350.0	6889.4	-2492.9	1.0000	-0.7797	-0.07520	-0.18246	11.298	0.002000
4.6460	-2585.57	137.04	4205.0	-2352.0	6891.8	-2494.4	1.0000	-0.7742	-0.07526	-0.18256	11.305	0.002000
4.6480	-2586.18	137.57	4207.0	-2353.0	6894.2	-2495.9	1.0000	-0.7791	-0.07528	-0.18266	11.310	0.002000
4.6500	-2585.84	137.14	4210.0	-2355.0	6896.7	-2497.5	1.0000	-0.7739	-0.07534	-0.18280	11.319	0.002000
4.6520	-2586.45	137.67	4212.0	-2356.0	6899.1	-2499.0	1.0000	-0.7790	-0.07536	-0.18290	11.325	0.002000
4.6540	-2587.07	138.20	4214.0	-2357.0	6901.5	-2500.6	1.0000	-0.7848	-0.07538	-0.18299	11.330	0.002000
4.6560	-2587.68	137.77	4216.0	-2359.0	6904.0	-2502.1	1.0000	-0.7899	-0.07544	-0.18309	11.337	0.002000
4.6580	-2588.29	137.34	4218.0	-2361.0	6906.4	-2503.7	1.0000	-0.7850	-0.07550	-0.18319	11.343	0.002000
4.6600	-2588.90	137.87	4220.0	-2362.0	6908.8	-2505.2	1.0000	-0.7903	-0.07552	-0.18329	11.349	0.002000
4.6620	-2589.51	137.44	4222.0	-2364.0	6911.2	-2506.7	1.0000	-0.7854	-0.07558	-0.18339	11.355	0.002000
4.6640	-2590.12	137.97	4224.0	-2365.0	6913.7	-2508.3	1.0000	-0.7908	-0.07560	-0.18348	11.361	0.002000
4.6660	-2589.77	137.55	4227.0	-2367.0	6916.1	-2509.8	1.0000	-0.7859	-0.07566	-0.18363	11.370	0.002000
4.6680	-2591.34	138.08	4228.0	-2368.0	6918.5	-2511.4	1.0000	-0.7913	-0.07568	-0.18368	11.373	0.002000
4.6700	-2590.99	137.65	4231.0	-2370.0	6921.0	-2512.9	1.0000	-0.7865	-0.07574	-0.18382	11.382	0.002000
4.6720	-2591.60	137.22	4233.0	-2372.0	6923.4	-2514.5	1.0000	-0.7810	-0.07580	-0.18392	11.388	0.002000
4.6740	-2592.20	137.76	4235.0	-2373.0	6925.8	-2516.0	1.0000	-0.7859	-0.07582	-0.18402	11.394	0.002000
4.6760	-2592.81	137.33	4237.0	-2375.0	6928.3	-2517.5	1.0000	-0.7807	-0.07588	-0.18412	11.401	0.002000
4.6780	-2593.41	137.86	4239.0	-2376.0	6930.7	-2519.1	1.0000	-0.7859	-0.07590	-0.18422	11.406	0.002000
4.6800	-2594.02	138.40	4241.0	-2377.0	6933.1	-2520.6	1.0000	-0.7917	-0.07592	-0.18431	11.412	0.002000
4.6820	-2594.62	137.97	4243.0	-2379.0	6935.5	-2522.2	1.0000	-0.7965	-0.07598	-0.18441	11.418	0.002000
4.6840	-2594.26	137.55	4246.0	-2381.0	6938.0	-2523.7	1.0000	-0.7917	-0.07603	-0.18456	11.427	0.002000
4.6860	-2594.86	138.08	4248.0	-2382.0	6940.4	-2525.3	1.0000	-0.7970	-0.07606	-0.18465	11.433	0.002000
4.6880	-2595.46	137.66	4250.0	-2384.0	6942.8	-2526.8	1.0000	-0.7922	-0.07612	-0.18475	11.439	0.002000
4.6900	-2596.06	138.20	4252.0	-2385.0	6945.2	-2528.4	1.0000	-0.7976	-0.07614	-0.18485	11.445	0.002000
4.6920	-2596.66	137.77	4254.0	-2387.0	6947.7	-2529.9	1.0000	-0.7928	-0.07620	-0.18495	11.451	0.002000
4.6940	-2597.26	138.31	4256.0	-2388.0	6950.1	-2531.5	1.0000	-0.7983	-0.07622	-0.18504	11.457	0.002000
4.6960	-2597.86	137.89	4258.0	-2390.0	6952.5	-2533.0	1.0000	-0.7935	-0.07628	-0.18514	11.463	0.002000
4.6980	-2598.45	138.43	4260.0	-2391.0	6954.9	-2534.6	1.0000	-0.7989	-0.07630	-0.18524	11.469	0.002000
4.7000	-2598.09	138.00	4263.0	-2393.0	6957.4	-2536.1	1.0000	-0.7941	-0.07635	-0.18539	11.478	0.002000
4.7020	-2599.65	137.58	4264.0	-2395.0	6959.8	-2537.7	1.0000	-0.7888	-0.07642	-0.18544	11.482	0.002000
4.7040	-2599.28	138.12	4267.0	-2396.0	6962.2	-2539.2	1.0000	-0.7843	-0.07643	-0.18558	11.490	0.002000
4.7060	-2599.87	137.70	4269.0	-2398.0	6964.6	-2540.8	1.0000	-0.7789	-0.07649	-0.18568	11.497	0.002000
4.7080	-2600.46	138.24	4271.0	-2399.0	6967.0	-2542.3	1.0000	-0.7839	-0.07651	-0.18578	11.502	0.002000
4.7100	-2601.06	137.81	4273.0	-2401.0	6969.5	-2543.9	1.0000	-0.7788	-0.07657	-0.18588	11.509	0.002000
4.7120	-2601.65	137.39	4275.0	-2403.0	6971.9	-2545.4	1.0000	-0.7731	-0.07663	-0.18598	11.515	0.002000
4.7140	-2602.24	137.94	4277.0	-2404.0	6974.3	-2547.0	1.0000	-0.7779	-0.07665	-0.18607	11.521	0.002000
4.7160	-2602.83	138.48	4279.0	-2405.0	6976.7	-2548.5	1.0000	-0.7834	-0.07668	-0.18617	11.526	0.002000
4.7180	-2603.42	138.06	4281.0	-2407.0	6979.1	-2550.1	1.0000	-0.7884	-0.07674	-0.18627	11.533	0.002000
4.7200	-2604.01	137.64	4283.0	-2409.0	6981.5	-2551.6	1.0000	-0.7833	-0.07679	-0.18637	11.539	0.002000
4.7220	-2604.60	138.18	4285.0	-2410.0	6984.0	-2553.2	1.0000	-0.7885	-0.07682	-0.18647	11.545	0.002000
4.7240	-2604.22	137.76	4288.0	-2412.0	6986.4	-2554.7	1.0000	-0.7836	-0.07687	-0.18661	11.554	0.002000
4.7260	-2604.80	138.31	4290.0	-2413.0	6988.8	-2556.3	1.0000	-0.7889	-0.07689	-0.18671	11.559	0.002000
4.7280	-2605.39	137.89	4292.0	-2415.0	6991.2	-2557.9	1.0000	-0.7841	-0.07695	-0.18681	11.566	0.002000
4.7300	-2605.98	138.43	4294.0	-2416.0	6993.6	-2559.4	1.0000	-0.7895	-0.07697	-0.18690	11.572	0.002000
4.7320	-2606.56	138.01	4296.0	-2418.0	6996.0	-2561.0	1.0000	-0.7847	-0.07703	-0.18700	11.578	0.002000
4.7340	-2606.18	137.59	4299.0	-2420.0	6998.5	-2562.5	1.0000	-0.7793	-0.07708	-0.18715	11.587	0.002000
4.7360	-2607.73	138.14	4300.0	-2421.0	7000.9	-2564.1	1.0000	-0.7843	-0.07711	-0.18720	11.590	0.002000
4.7380	-2607.34	137.72	4303.0	-2423.0	7003.3	-2565.6	1.0000	-0.7791	-0.07716	-0.18735	11.599	0.002000
4.7400	-2608.89	138.27	4304.0	-2424.0	7005.7	-2567.2	1.0000	-0.7843	-0.07719	-0.18740	11.602	0.002000
4.7420	-2608.50	138.82	4307.0	-2425.0	7008.1	-2568.7	1.0000	-0.7901	-0.07721	-0.18754	11.610	0.002000
4.7440	-2609.08	138.40	4309.0	-2427.0	7010.5	-2570.3	1.0000	-0.7953	-0.07727	-0.18764	11.617	0.002000
4.7460	-2609.66	137.99	4311.0	-2429.0	7012.9	-2571.9	1.0000	-0.7904	-0.07733	-0.18774	11.623	0.002000
4.7480	-2610.24	138.54	4313.0	-2430.0	7015.3	-2573.4	1.0000	-0.7958	-0.07735	-0.18784	11.629	0.002000
4.7500	-2610.82	138.12	4315.0	-2432.0	7017.8	-2575.0	1.0000	-0.7910	-0.07741	-0.18794	11.636	0.002000
4.7520	-2611.39	138.67	4317.0	-2433.0	7020.2	-2576.5	1.0000	-0.7964	-0.07743	-0.18803	11.641	0.002000
4.7540	-2611.97	138.25	4319.0	-2435.0	7022.6	-2578.1	1.0000	-0.7917	-0.07749	-0.18813	11.648	0.002000
4.7560	-2612.55	137.84	4321.0	-2437.0	7025.0	-2579.7	1.0000	-0.7863	-0.07755	-0.18823	11.654	0.002000
4.7580	-2613.12	138.39	4323.0	-2438.0	7027.4	-2581.2	1.0000	-0.7912	-0.07757	-0.18833	11.660	0.002000
4.7600	-2612.73	137.98	4326.0	-2440.0	7029.8	-2582.8	1.0000	-0.7861	-0.07762	-0.18847	11.669	0.002000
4.7620	-2613.30	138.53	4328.0	-2441.0	7032.2	-2584.3	1.0000	-0.7914	-0.07764	-0.18857	11.674	0.002000
4.7640	-2613.87	138.11	4330.0	-2443.0	7034.6	-2585.9	1.0000	-0.7864	-0.07770	-0.18867	11.681	0.002000
4.7660	-2614.44	138.67	4332.0	-2444.0	7037.0	-2587.5	1.0000	-0.7918	-0.07772	-0.18877	11.686	0.002000
4.7680	-2615.01	138.25	4334.0	-2446.0	7039.4	-2589.0	1.0000	-0.7870	-0.07778	-0.18887	11.693	0.002000
4.7700	-2615.58	137.84	4336.0	-2448.0	7041.8	-2590.6	1.0000	-0.7815	-0.07784	-0.18897	11.699	0.002000
4.7720	-2616.15	138.39	4338.0	-2449.0	7044.2	-2592.2	1.0000	-0.7865	-0.07786	-0.18906	11.705	0.002000
4.7740	-2616.72	137.98	4340.0	-2451.0	7046.6	-2593.7	1.0000	-0.7814	-0.07792	-0.18916	11.712	0.002000
4.7760	-2616.32	138.54	4343.0	-2452.0	7049.0	-2595.3	1.0000	-0.7866	-0.07793	-0.18931	11.720	0.002000
4.7780	-2616.89	139.09	4345.0	-2453.0	7051.5	-2596.9	1.0000	-0.7924	-0.07796	-0.18940	11.725	0.002000
4.7800	-2617.46	138.68	4347.0	-2455.0	7053.9	-2598.4	1.0000	-0.7977	-0.07801	-0.18950	11.732	0.002000
4.7820	-2618.02	138.27	4349.0	-2457.0	7056.3	-2600.0	1.0000	-0.7928	-0.07807	-0.18960	11.738	0.002000
4.7840	-2618.59	138.83	4351.0	-2458.0	7058.7	-2601.5	1.0000	-0.7982	-0.07809	-0.18970	11.744	0.002000
4.7860	-2619.15	138.42	4353.0	-2460.0	7061.1	-2603.1	1.0000	-0.7934	-0.07815	-0.18980	11.750	0.002000
4.7880	-2619.71	138.97	4355.0	-2461.0	7063.5	-2604.7	1.0000	-0.7989	-0.07818	-0.18990	11.756	0.002000
4.7900	-2620.28	138.56	4357.0	-2463.0	7065.9	-2606.2	1.0000	-0.7941	-0.07823	-0.19000	11.763	0.002000
4.7920	-2620.84	138.15	4359.0	-2465.0	7068.3	-2607.8	1.0000	-0.7888	-0.07829	-0.19010	11.769	0.002000
4.7940	-2621.40	138.71	4361.0	-2466.0	7070.7	-2609.4	1.0000	-0.7938	-0.07831	-0.19020	11.775	0.002000
4.7960	-2621.96	138.30	4363.0	-2468.0	7073.1	-2611.0	1.0000	-0.7887	-0.07837	-0.19030	11.781	0.002000
4.7980	-2622.52	138.86	4365.0	-2469.0	7075.5	-2612.5	1.0000	-0.7939	-0.07839	-0.19039	11.787	0.002000
4.8000	-2622.11	138.45	4368.0	-2471.0	7077.9	-2614.1	1.0000	-0.7891	-0.07845	-0.19054	11.796	0.002000
4.8020	-2622.67	139.01	4370.0	-2472.0	7080.3	-2615.7	1.0000	-0.7944	-0.07847	-0.19064	11.801	0.002000
4.8040	-2623.23	138.61	4372.0	-2474.0	7082.7	-2617.2	1.0000	-0.7897	-0.07853	-0.19074	11.808	0.002000
4.8060	-2623.78	139.17	4374.0	-2475.0	7085.1	-2618.8	1.0000	-0.7951	-0.07855	-0.19083	11.813	0.002000
4.8080	-2624.34	138.76	4376.0	-2477.0	7087.5	-2620.4	1.0000	-0.7905	-0.07861	-0.19093	11.820	0.002000
4.8100	-2623.92	138.35	4379.0	-2479.0	7089.9	-2621.9	1.0000	-0.7851	-0.07866	-0.19108	11.829	0.002000
4.8120	-2625.45	138.92	4380.0	-2480.0	7092.2	-2623.5	1.0000	-0.7901	-0.07869	-0.19113	11.832	0.002000
4.8140	-2625.03	138.51	4383.0	-2482.0	7094.6	-2625.1	1.0000	-0.7850	-0.07874	-0.19128	11.841	0.002000
4.8160	-2626.55	139.07	4384.0	-2483.0	7097.0	-2626.7	1.0000	-0.7902	-0.07877	-0.19133	11.844	0.002000
4.8180	-2626.14	138.67	4387.0	-2485.0	7099.4	-2628.2	1.0000	-0.7856	-0.07882	-0.19147	11.853	0.002000
4.8200	-2626.69	139.23	4389.0	-2486.0	7101.8	-2629.8	1.0000	-0.7909	-0.07884	-0.19157	11.859	0.002000
4.8220	-2627.24	138.83	4391.0	-2488.0	7104.2	-2631.4	1.0000	-0.7955	-0.07890	-0.19167	11.865	0.002000
4.8240	-2627.79	139.39	4393.0	-2489.0	7106.6	-2632.9	1.0000	-0.8012	-0.07892	-0.19177	11.871	0.002000
4.8260	-2628.34	138.99	4395.0	-2491.0	7109.0	-2634.5	1.0000	-0.7968	-0.07898	-0.19187	11.878	0.002000
4.8280	-2628.89	139.55	4397.0	-2492.0	7111.4	-2636.1	1.0000	-0.8024	-0.07900	-0.19197	11.883	0.002000
4.8300	-2629.43	139.15	4399.0	-2494.0	7113.8	-2637.7	1.0000	-0.7978	-0.07906	-0.19207	11.890	0.002000
4.8320	-2629.98	138.74	4401.0	-2496.0	7116.2	-2639.2	1.0000	-0.7925	-0.07911	-0.19217	11.896	0.002000
4.8340	-2629.56	139.31	4404.0	-2497.0	7118.6	-2640.8	1.0000	-0.7976	-0.07913	-0.19231	11.904	0.002000
4.8360	-2630.10	138.91	4406.0	-2499.0	7121.0	-2642.4	1.0000	-0.7926	-0.07919	-0.19241	11.911	0.002000
4.8380	-2630.65	138.51	4408.0	-2501.0	7123.4	-2644.0	1.0000	-0.7871	-0.07925	-0.19251	11.917	0.002000
4.8400	-2631.19	139.07	4410.0	-2502.0	7125.7	-2645.5	1.0000	-0.7920	-0.07927	-0.19261	11.923	0.002000
4.8420	-2631.74	138.67	4412.0	-2504.0	7128.1	-2647.1	1.0000	-0.7868	-0.07933	-0.19271	11.930	0.002000
4.8440	-2632.28	139.24	4414.0	-2505.0	7130.5	-2648.7	1.0000	-0.7920	-0.07935	-0.19281	11.935	0.002000
4.8460	-2632.82	138.84	4416.0	-2507.0	7132.9	-2650.3	1.0000	-0.7872	-0.07941	-0.19291	11.942	0.002000
4.8480	-2633.36	139.41	4418.0	-2508.0	7135.3	-2651.9	1.0000	-0.7925	-0.07943	-0.19300	11.947	0.002000
4.8500	-2633.90	139.01	4420.0	-2510.0	7137.7	-2653.4	1.0000	-0.7972	-0.07948	-0.19310	11.954	0.002000
4.8520	-2633.47	138.61	4423.0	-2512.0	7140.1	-2655.0	1.0000	-0.7920	-0.07954	-0.19325	11.963	0.002000
4.8540	-2634.01	139.18	4425.0	-2513.0	7142.5	-2656.6	1.0000	-0.7972	-0.07956	-0.19335	11.968	0.002000
4.8560	-2634.55	138.78	4427.0	-2515.0	7144.8	-2658.2	1.0000	-0.7923	-0.07962	-0.19345	11.975	0.002000
4.8580	-2635.09	139.35	4429.0	-2516.0	7147.2	-2659.7	1.0000	-0.7977	-0.07964	-0.19355	11.981	0.002000
4.8600	-2635.62	139.92	4431.0	-2517.0	7149.6	-2661.3	1.0000	-0.8036	-0.07966	-0.19364	11.986	0.002000
4.8620	-2636.16	139.52	4433.0	-2519.0	7152.0	-2662.9	1.0000	-0.8090	-0.07972	-0.19374	11.993	0.002000
4.8640	-2636.69	139.13	4435.0	-2521.0	7154.4	-2664.5	1.0000	-0.8043	-0.07977	-0.19384	11.999	0.002000
4.8660	-2637.23	139.70	4437.0	-2522.0	7156.8	-2666.1	1.0000	-0.8098	-0.07980	-0.19394	12.005	0.002000
4.8680	-2637.76	139.30	4439.0	-2524.0	7159.1	-2667.7	1.0000	-0.8051	-0.07985	-0.19404	12.011	0.002000
4.8700	-2638.29	139.87	4441.0	-2525.0	7161.5	-2669.2	1.0000	-0.8106	-0.07988	-0.19414	12.017	0.002000
4.8720	-2637.86	139.48	4444.0	-2527.0	7163.9	-2670.8	1.0000	-0.8060	-0.07993	-0.19429	12.026	0.002000
4.8740	-2638.39	139.08	4446.0	-2529.0	7166.3	-2672.4	1.0000	-0.8007	-0.07998	-0.19439	12.033	0.002000
4.8760	-2638.92	139.66	4448.0	-2530.0	7168.7	-2674.0	1.0000	-0.8057	-0.08001	-0.19449	12.038	0.002000
4.8780	-2639.45	139.26	4450.0	-2532.0	7171.1	-2675.6	1.0000	-0.8007	-0.08006	-0.19459	12.045	0.002000
4.8800	-2639.98	139.83	4452.0	-2533.0	7173.4	-2677.1	1.0000	-0.8061	-0.08008	-0.19468	12.050	0.002000
4.8820	-2640.51	139.44	4454.0	-2535.0	7175.8	-2678.7	1.0000	-0.8013	-0.08014	-0.19478	12.057	0.002000
4.8840	-2641.04	140.02	4456.0	-2536.0	7178.2	-2680.3	1.0000	-0.8067	-0.08016	-0.19488	12.063	0.002000
4.8860	-2640.59	139.62	4459.0	-2538.0	7180.6	-2681.9	1.0000	-0.8020	-0.08021	-0.19503	12.071	0.002000
4.8880	-2642.09	139.23	4460.0	-2540.0	7183.0	-2683.5	1.0000	-0.7967	-0.08028	-0.19508	12.076	0.002000
4.8900	-2641.64	139.80	4463.0	-2541.0	7185.3	-2685.1	1.0000	-0.8018	-0.08029	-0.19523	12.084	0.002000
4.8920	-2642.17	139.41	4465.0	-2543.0	7187.7	-2686.7	1.0000	-0.7967	-0.08035	-0.19533	12.090	0.002000
4.8940	-2642.69	139.02	4467.0	-2545.0	7190.1	-2688.2	1.0000	-0.7912	-0.08041	-0.19543	12.097	0.002000
4.8960	-2643.22	139.60	4469.0	-2546.0	7192.5	-2689.8	1.0000	-0.7961	-0.08043	-0.19553	12.102	0.002000
4.8980	-2643.74	139.20	4471.0	-2548.0	7194.8	-2691.4	1.0000	-0.7910	-0.08049	-0.19563	12.109	0.002000
4.9000	-2644.26	139.78	4473.0	-2549.0	7197.2	-2693.0	1.0000	-0.7962	-0.08051	-0.19572	12.115	0.002000
4.9020	-2644.78	139.39	4475.0	-2551.0	7199.6	-2694.6	1.0000	-0.7916	-0.08057	-0.19583	12.121	0.002000
4.9040	-2645.30	139.97	4477.0	-2552.0	7202.0	-2696.2	1.0000	-0.7969	-0.08059	-0.19592	12.127	0.002000
4.9060	-2645.82	139.58	4479.0	-2554.0	7204.3	-2697.8	1.0000	-0.8016	-0.08065	-0.19602	12.133	0.002000
4.9080	-2646.34	139.19	4481.0	-2556.0	7206.7	-2699.4	1.0000	-0.7964	-0.08070	-0.19612	12.140	0.002000
4.9100	-2645.89	139.77	4484.0	-2557.0	7209.1	-2701.0	1.0000	-0.8017	-0.08072	-0.19627	12.148	0.002000
4.9120	-2646.41	139.38	4486.0	-2559.0	7211.5	-2702.5	1.0000	-0.7968	-0.08078	-0.19637	12.155	0.002000
4.9140	-2646.93	139.96	4488.0	-2560.0	7213.8	-2704.1	1.0000	-0.8022	-0.08080	-0.19647	12.160	0.002000
4.9160	-2647.44	139.57	4490.0	-2562.0	7216.2	-2705.7	1.0000	-0.7976	-0.08085	-0.19657	12.167	0.002000
4.9180	-2647.96	139.18	4492.0	-2564.0	7218.6	-2707.3	1.0000	-0.7921	-0.08091	-0.19667	12.173	0.002000
4.9200	-2648.47	139.77	4494.0	-2565.0	7220.9	-2708.9	1.0000	-0.7972	-0.08093	-0.19677	12.179	0.002000
4.9220	-2648.99	139.38	4496.0	-2567.0	7223.3	-2710.5	1.0000	-0.7922	-0.08099	-0.19687	12.186	0.002000
4.9240	-2648.53	139.96	4499.0	-2568.0	7225.7	-2712.1	1.0000	-0.7975	-0.08100	-0.19701	12.193	0.002000
4.9260	-2650.01	139.57	4500.0	-2570.0	7228.0	-2713.7	1.0000	-0.8021	-0.08107	-0.19707	12.198	0.002000
4.9280	-2649.55	139.19	4503.0	-2572.0	7230.4	-2715.3	1.0000	-0.7970	-0.08112	-0.19721	12.207	0.002000
4.9300	-2650.07	139.77	4505.0	-2573.0	7232.8	-2716.9	1.0000	-0.8022	-0.08114	-0.19731	12.212	0.002000
4.9320	-2650.58	139.38	4507.0	-2575.0	7235.2	-2718.5	1.0000	-0.7974	-0.08120	-0.19741	12.219	0.002000
4.9340	-2651.09	139.97	4509.0	-2576.0	7237.5	-2720.1	1.0000	-0.8028	-0.08122	-0.19751	12.224	0.002000
4.9360	-2651.59	139.58	4511.0	-2578.0	7239.9	-2721.7	1.0000	-0.7981	-0.08128	-0.19761	12.231	0.002000
4.9380	-2652.10	139.20	4513.0	-2580.0	7242.3	-2723.2	1.0000	-0.7927	-0.08134	-0.19771	12.238	0.002000
4.9400	-2652.61	139.78	4515.0	-2581.0	7244.6	-2724.8	1.0000	-0.7978	-0.08136	-0.19781	12.243	0.002000
4.9420	-2653.12	139.40	4517.0	-2583.0	7247.0	-2726.4	1.0000	-0.7929	-0.08141	-0.19791	12.250	0.002000
4.9440	-2652.65	139.99	4520.0	-2584.0	7249.4	-2728.0	1.0000	-0.7982	-0.08143	-0.19806	12.258	0.002000
4.9460	-2653.16	139.60	4522.0	-2586.0	7251.7	-2729.6	1.0000	-0.8028	-0.08148	-0.19816	12.264	0.002000
4.9480	-2653.66	140.19	4524.0	-2587.0	7254.1	-2731.2	1.0000	-0.8086	-0.08151	-0.19826	12.270	0.002000
4.9500	-2654.17	139.81	4526.0	-2589.0	7256.4	-2732.8	1.0000	-0.8042	-0.08156	-0.19836	12.277	0.002000
4.9520	-2654.67	139.42	4528.0	-2591.0	7258.8	-2734.4	1.0000	-0.7990	-0.08162	-0.19846	12.283	0.002000
4.9540	-2655.17	140.01	4530.0	-2592.0	7261.2	-2736.0	1.0000	-0.8042	-0.08164	-0.19856	12.289	0.002000
4.9560	-2655.68	139.63	4532.0	-2594.0	7263.5	-2737.6	1.0000	-0.7993	-0.08170	-0.19866	12.295	0.002000
4.9580	-2655.20	140.22	4535.0	-2595.0	7265.9	-2739.2	1.0000	-0.8047	-0.08171	-0.19880	12.303	0.002000
4.9600	-2656.68	139.84	4536.0	-2597.0	7268.3	-2740.8	1.0000	-0.8001	-0.08178	-0.19886	12.308	0.002000
4.9620	-2656.20	139.46	4539.0	-2599.0	7270.6	-2742.4	1.0000	-0.7947	-0.08183	-0.19900	12.317	0.002000
4.9640	-2656.70	140.05	4541.0	-2600.0	7273.0	-2744.0	1.0000	-0.7998	-0.08185	-0.19910	12.322	0.002000
4.9660	-2657.20	140.64	4543.0	-2601.0	7275.3	-2745.6	1.0000	-0.8055	-0.08187	-0.19920	12.328	0.002000
4.9680	-2657.70	140.26	4545.0	-2603.0	7277.7	-2747.2	1.0000	-0.8108	-0.08193	-0.19930	12.334	0.002000
4.9700	-2658.20	139.88	4547.0	-2605.0	7280.1	-2748.8	1.0000	-0.8060	-0.08198	-0.19940	12.341	0.002000
4.9720	-2658.69	140.47	4549.0	-2606.0	7282.4	-2750.4	1.0000	-0.8115	-0.08201	-0.19950	12.347	0.002000
4.9740	-2659.19	140.09	4551.0	-2608.0	7284.8	-2752.0	1.0000	-0.8068	-0.08206	-0.19960	12.353	0.002000
4.9760	-2659.68	139.71	4553.0	-2610.0	7287.1	-2753.6	1.0000	-0.8015	-0.08212	-0.19970	12.360	0.002000
4.9780	-2660.18	140.31	4555.0	-2611.0	7289.5	-2755.2	1.0000	-0.8066	-0.08214	-0.19980	12.365	0.002000
4.9800	-2660.67	139.93	4557.0	-2613.0	7291.8	-2756.8	1.0000	-0.8016	-0.08220	-0.19990	12.372	0.002000
4.9820	-2661.16	139.55	4559.0	-2615.0	7294.2	-2758.4	1.0000	-0.7961	-0.08226	-0.20000	12.379	0.002000
4.9840	-2660.68	140.14	4562.0	-2616.0	7296.6	-2760.0	1.0000	-0.8011	-0.08227	-0.20015	12.387	0.002000
4.9860	-2661.17	140.74	4564.0	-2617.0	7298.9	-2761.6	1.0000	-0.8068	-0.08229	-0.20025	12.392	0.002000
4.9880	-2661.67	140.36	4566.0	-2619.0	7301.3	-2763.2	1.0000	-0.8120	-0.08235	-0.20035	12.399	0.002000
4.9900	-2662.16	139.98	4568.0	-2621.0	7303.6	-2764.8	1.0000	-0.8071	-0.08240	-0.20045	12.405	0.002000
4.9920	-2662.64	140.58	4570.0	-2622.0	7306.0	-2766.5	1.0000	-0.8126	-0.08243	-0.20055	12.411	0.002000
4.9940	-2663.13	140.20	4572.0	-2624.0	7308.3	-2768.1	1.0000	-0.8079	-0.08248	-0.20065	12.418	0.002000
4.9960	-2663.62	139.83	4574.0	-2626.0	7310.7	-2769.7	1.0000	-0.8026	-0.08254	-0.20075	12.424	0.002000
4.9980	-2664.11	140.43	4576.0	-2627.0	7313.0	-2771.3	1.0000	-0.8077	-0.08256	-0.20085	12.430	0.002000
5.0000	-2663.62	140.05	4579.0	-2629.0	7315.4	-2772.9	1.0000	-0.8028	-0.08261	-0.20100	12.439	0.002000
5.0020	-2665.08	139.67	4580.0	-2631.0	7317.7	-2774.5	1.0000	-0.7973	-0.08267	-0.20105	12.443	0.002000
5.0040	-2664.59	140.27	4583.0	-2632.0	7320.1	-2776.1	1.0000	-0.8023	-0.08269	-0.20120	12.451	0.002000
5.0060	-2665.08	140.87	4585.0	-2633.0	7322.4	-2777.7	1.0000	-0.8080	-0.08271	-0.20130	12.457	0.002000
5.0080	-2665.56	140.50	4587.0	-2635.0	7324.8	-2779.3	1.0000	-0.8132	-0.08277	-0.20140	12.463	0.002000
5.0100	-2666.04	140.13	4589.0	-2637.0	7327.1	-2780.9	1.0000	-0.8084	-0.08282	-0.20150	12.470	0.002000
5.0120	-2666.52	140.73	4591.0	-2638.0	7329.5	-2782.5	1.0000	-0.8139	-0.08284	-0.20160	12.476	0.002000
5.0140	-2667.01	140.35	4593.0	-2640.0	7331.8	-2784.1	1.0000	-0.8092	-0.08290	-0.20170	12.482	0.002000
5.0160	-2667.49	139.98	4595.0	-2642.0	7334.2	-2785.7	1.0000	-0.8039	-0.08296	-0.20180	12.489	0.002000
5.0180	-2666.99	140.58	4598.0	-2643.0	7336.5	-2787.4	1.0000	-0.8090	-0.08297	-0.20195	12.497	0.002000
5.0200	-2667.47	140.21	4600.0	-2645.0	7338.9	-2789.0	1.0000	-0.8041	-0.08303	-0.20205	12.503	0.002000
5.0220	-2667.95	139.84	4602.0	-2647.0	7341.2	-2790.6	1.0000	-0.7986	-0.08308	-0.20215	12.510	0.002000
5.0240	-2668.43	140.44	4604.0	-2648.0	7343.6	-2792.2	1.0000	-0.8036	-0.08311	-0.20225	12.516	0.002000
5.0260	-2668.91	141.04	4606.0	-2649.0	7345.9	-2793.8	1.0000	-0.8093	-0.08313	-0.20234	12.521	0.002000
5.0280	-2669.38	140.67	4608.0	-2651.0	7348.3	-2795.4	1.0000	-0.8146	-0.08318	-0.20245	12.528	0.002000
5.0300	-2669.86	140.30	4610.0	-2653.0	7350.6	-2797.0	1.0000	-0.8098	-0.08324	-0.20255	12.535	0.002000
5.0320	-2670.33	139.93	4612.0	-2655.0	7353.0	-2798.6	1.0000	-0.8044	-0.08330	-0.20265	12.541	0.002000
5.0340	-2669.83	140.54	4615.0	-2656.0	7355.3	-2800.2	1.0000	-0.8095	-0.08331	-0.20280	12.549	0.002000
5.0360	-2670.31	140.17	4617.0	-2658.0	7357.6	-2801.9	1.0000	-0.8045	-0.08337	-0.20290	12.556	0.002000
5.0380	-2670.78	140.77	4619.0	-2659.0	7360.0	-2803.5	1.0000	-0.8098	-0.08339	-0.20300	12.561	0.002000
5.0400	-2671.25	140.40	4621.0	-2661.0	7362.3	-2805.1	1.0000	-0.8052	-0.08344	-0.20310	12.568	0.002000
5.0420	-2671.73	140.04	4623.0	-2663.0	7364.7	-2806.7	1.0000	-0.7998	-0.08350	-0.20320	12.575	0.002000
5.0440	-2672.20	140.64	4625.0	-2664.0	7367.0	-2808.3	1.0000	-0.8049	-0.08352	-0.20330	12.580	0.002000
5.0460	-2672.67	140.27	4627.0	-2666.0	7369.4	-2809.9	1.0000	-0.8001	-0.08358	-0.20340	12.587	0.002000
5.0480	-2673.14	140.88	4629.0	-2667.0	7371.7	-2811.5	1.0000	-0.8054	-0.08360	-0.20350	12.592	0.002000
5.0500	-2673.61	140.51	4631.0	-2669.0	7374.0	-2813.2	1.0000	-0.8102	-0.08366	-0.20360	12.599	0.002000
5.0520	-2674.07	140.15	4633.0	-2671.0	7376.4	-2814.8	1.0000	-0.8051	-0.08371	-0.20370	12.606	0.002000
5.0540	-2674.54	140.76	4635.0	-2672.0	7378.7	-2816.4	1.0000	-0.8104	-0.08373	-0.20380	12.611	0.002000
5.0560	-2675.01	140.39	4637.0	-2674.0	7381.1	-2818.0	1.0000	-0.8057	-0.08379	-0.20390	12.618	0.002000
5.0580	-2674.50	140.02	4640.0	-2676.0	7383.4	-2819.6	1.0000	-0.8003	-0.08384	-0.20405	12.627	0.002000
5.0600	-2674.96	140.63	4642.0	-2677.0	7385.7	-2821.2	1.0000	-0.8054	-0.08386	-0.20415	12.633	0.002000
5.0620	-2675.43	140.27	4644.0	-2679.0	7388.1	-2822.9	1.0000	-0.8005	-0.08392	-0.20425	12.639	0.002000
5.0640	-2675.89	140.88	4646.0	-2680.0	7390.4	-2824.5	1.0000	-0.8058	-0.08394	-0.20435	12.645	0.002000
5.0660	-2676.36	140.51	4648.0	-2682.0	7392.7	-2826.1	1.0000	-0.8106	-0.08399	-0.20445	12.651	0.002000
5.0680	-2675.84	140.15	4651.0	-2684.0	7395.1	-2827.7	1.0000	-0.8055	-0.08404	-0.20460	12.660	0.002000
5.0700	-2677.28	140.76	4652.0	-2685.0	7397.4	-2829.3	1.0000	-0.8109	-0.08407	-0.20465	12.664	0.002000
5.0720	-2676.77	140.40	4655.0	-2687.0	7399.7	-2831.0	1.0000	-0.8061	-0.08412	-0.20480	12.673	0.002000
5.0740	-2678.20	141.01	4656.0	-2688.0	7402.1	-2832.6	1.0000	-0.8116	-0.08415	-0.20485	12.676	0.002000
5.0760	-2677.69	140.65	4659.0	-2690.0	7404.4	-2834.2	1.0000	-0.8163	-0.08420	-0.20500	12.685	0.002000
5.0780	-2678.15	140.29	4661.0	-2692.0	7406.8	-2835.8	1.0000	-0.8114	-0.08425	-0.20510	12.692	0.002000
5.0800	-2678.61	140.90	4663.0	-2693.0	7409.1	-2837.4	1.0000	-0.8168	-0.08427	-0.20520	12.697	0.002000
5.0820	-2679.06	140.54	4665.0	-2695.0	7411.4	-2839.1	1.0000	-0.8121	-0.08433	-0.20530	12.704	0.002000
5.0840	-2679.52	141.15	4667.0	-2696.0	7413.8	-2840.7	1.0000	-0.8177	-0.08435	-0.20540	12.710	0.002000
5.0860	-2679.98	140.79	4669.0	-2698.0	7416.1	-2842.3	1.0000	-0.8131	-0.08441	-0.20551	12.716	0.002000
5.0880	-2680.43	140.43	4671.0	-2700.0	7418.4	-2843.9	1.0000	-0.8079	-0.08447	-0.20561	12.723	0.002000
5.0900	-2680.89	141.04	4673.0	-2701.0	7420.7	-2845.6	1.0000	-0.8131	-0.08449	-0.20571	12.728	0.002000
5.0920	-2681.34	140.68	4675.0	-2703.0	7423.1	-2847.2	1.0000	-0.8083	-0.08454	-0.20581	12.735	0.002000
5.0940	-2680.82	140.32	4678.0	-2705.0	7425.4	-2848.8	1.0000	-0.8029	-0.08459	-0.20596	12.744	0.002000
5.0960	-2681.27	140.94	4680.0	-2706.0	7427.7	-2850.4	1.0000	-0.8080	-0.08461	-0.20606	12.750	0.002000
5.0980	-2681.73	140.58	4682.0	-2708.0	7430.1	-2852.1	1.0000	-0.8031	-0.08467	-0.20616	12.756	0.002000
5.1000	-2682.18	141.20	4684.0	-2709.0	7432.4	-2853.7	1.0000	-0.8084	-0.08469	-0.20626	12.762	0.002000
5.1020	-2682.63	140.84	4686.0	-2711.0	7434.7	-2855.3	1.0000	-0.8133	-0.08474	-0.20636	12.769	0.002000
5.1040	-2683.08	140.48	4688.0	-2713.0	7437.0	-2856.9	1.0000	-0.8082	-0.08480	-0.20646	12.775	0.002000
5.1060	-2683.53	141.10	4690.0	-2714.0	7439.4	-2858.6	1.0000	-0.8135	-0.08482	-0.20656	12.781	0.002000
5.1080	-2683.98	140.74	4692.0	-2716.0	7441.7	-2860.2	1.0000	-0.8088	-0.08488	-0.20666	12.787	0.002000
5.1100	-2683.45	140.39	4695.0	-2718.0	7444.0	-2861.8	1.0000	-0.8035	-0.08493	-0.20681	12.796	0.002000
5.1120	-2683.90	141.01	4697.0	-2719.0	7446.4	-2863.4	1.0000	-0.8086	-0.08495	-0.20691	12.802	0.002000
5.1140	-2684.34	140.65	4699.0	-2721.0	7448.7	-2865.1	1.0000	-0.8038	-0.08500	-0.20701	12.809	0.002000
5.1160	-2684.79	140.29	4701.0	-2723.0	7451.0	-2866.7	1.0000	-0.7983	-0.08506	-0.20712	12.815	0.002000
5.1180	-2685.23	140.91	4703.0	-2724.0	7453.3	-2868.3	1.0000	-0.8033	-0.08508	-0.20721	12.821	0.002000
5.1200	-2685.68	140.56	4705.0	-2726.0	7455.7	-2870.0	1.0000	-0.8078	-0.08514	-0.20732	12.828	0.002000
5.1220	-2686.12	141.18	4707.0	-2727.0	7458.0	-2871.6	1.0000	-0.8134	-0.08516	-0.20742	12.833	0.002000
5.1240	-2686.57	140.83	4709.0	-2729.0	7460.3	-2873.2	1.0000	-0.8185	-0.08521	-0.20752	12.840	0.002000
5.1260	-2687.01	140.47	4711.0	-2731.0	7462.6	-2874.8	1.0000	-0.8135	-0.08527	-0.20762	12.847	0.002000
5.1280	-2687.45	141.09	4713.0	-2732.0	7464.9	-2876.5	1.0000	-0.8190	-0.08529	-0.20772	12.852	0.002000
5.1300	-2687.89	140.74	4715.0	-2734.0	7467.3	-2878.1	1.0000	-0.8143	-0.08535	-0.20782	12.859	0.002000
5.1320	-2688.33	140.39	4717.0	-2736.0	7469.6	-2879.7	1.0000	-0.8091	-0.08540	-0.20792	12.865	0.002000
5.1340	-2687.80	141.01	4720.0	-2737.0	7471.9	-2881.4	1.0000	-0.8143	-0.08541	-0.20807	12.873	0.002000
5.1360	-2688.24	140.66	4722.0	-2739.0	7474.2	-2883.0	1.0000	-0.8094	-0.08547	-0.20817	12.880	0.002000
5.1380	-2688.68	141.28	4724.0	-2740.0	7476.5	-2884.6	1.0000	-0.8149	-0.08549	-0.20827	12.886	0.002000
5.1400	-2689.11	140.93	4726.0	-2742.0	7478.9	-2886.3	1.0000	-0.8106	-0.08555	-0.20837	12.892	0.002000
5.1420	-2689.55	140.58	4728.0	-2744.0	7481.2	-2887.9	1.0000	-0.8053	-0.08560	-0.20848	12.899	0.002000
5.1440	-2689.01	141.20	4731.0	-2745.0	7483.5	-2889.5	1.0000	-0.8104	-0.08562	-0.20862	12.907	0.002000
5.1460	-2690.42	140.85	4732.0	-2747.0	7485.8	-2891.2	1.0000	-0.8057	-0.08568	-0.20868	12.911	0.002000
5.1480	-2689.88	141.48	4735.0	-2748.0	7488.1	-2892.8	1.0000	-0.8111	-0.08569	-0.20882	12.919	0.002000
5.1500	-2691.29	141.13	4736.0	-2750.0	7490.5	-2894.4	1.0000	-0.8160	-0.08576	-0.20888	12.924	0.002000
5.1520	-2690.75	140.78	4739.0	-2752.0	7492.8	-2896.1	1.0000	-0.8109	-0.08580	-0.20903	12.933	0.002000
5.1540	-2691.18	141.41	4741.0	-2753.0	7495.1	-2897.7	1.0000	-0.8163	-0.08582	-0.20913	12.938	0.002000
5.1560	-2691.62	141.06	4743.0	-2755.0	7497.4	-2899.3	1.0000	-0.8117	-0.08588	-0.20923	12.945	0.002000
5.1580	-2692.05	140.71	4745.0	-2757.0	7499.7	-2901.0	1.0000	-0.8063	-0.08594	-0.20933	12.952	0.002000
5.1600	-2692.48	141.34	4747.0	-2758.0	7502.0	-2902.6	1.0000	-0.8115	-0.08596	-0.20943	12.957	0.002000
5.1620	-2692.91	140.99	4749.0	-2760.0	7504.3	-2904.3	1.0000	-0.8068	-0.08601	-0.20954	12.964	0.002000
5.1640	-2693.34	141.62	4751.0	-2761.0	7506.7	-2905.9	1.0000	-0.8122	-0.08603	-0.20963	12.970	0.002000
5.1660	-2693.77	141.27	4753.0	-2763.0	7509.0	-2907.5	1.0000	-0.8171	-0.08609	-0.20974	12.976	0.002000
5.1680	-2693.22	140.92	4756.0	-2765.0	7511.3	-2909.2	1.0000	-0.8121	-0.08614	-0.20989	12.985	0.002000
5.1700	-2693.65	140.58	4758.0	-2767.0	7513.6	-2910.8	1.0000	-0.8066	-0.08619	-0.20999	12.992	0.002000
5.1720	-2694.07	141.21	4760.0	-2768.0	7515.9	-2912.4	1.0000	-0.8116	-0.08621	-0.21009	12.998	0.002000
5.1740	-2694.50	140.86	4762.0	-2770.0	7518.2	-2914.1	1.0000	-0.8067	-0.08627	-0.21019	13.004	0.002000
5.1760	-2694.93	140.52	4764.0	-2772.0	7520.5	-2915.7	1.0000	-0.8011	-0.08633	-0.21029	13.011	0.002000
5.1780	-2695.35	141.15	4766.0	-2773.0	7522.8	-2917.4	1.0000	-0.8062	-0.08635	-0.21039	13.016	0.002000
5.1800	-2695.78	140.80	4768.0	-2775.0	7525.2	-2919.0	1.0000	-0.8107	-0.08640	-0.21050	13.023	0.002000
5.1820	-2696.20	141.44	4770.0	-2776.0	7527.5	-2920.6	1.0000	-0.8163	-0.08642	-0.21060	13.029	0.002000
5.1840	-2696.62	141.09	4772.0	-2778.0	7529.8	-2922.3	1.0000	-0.8214	-0.08648	-0.21070	13.035	0.002000
5.1860	-2696.07	140.75	4775.0	-2780.0	7532.1	-2923.9	1.0000	-0.8165	-0.08653	-0.21085	13.044	0.002000
5.1880	-2696.49	141.38	4777.0	-2781.0	7534.4	-2925.6	1.0000	-0.8220	-0.08655	-0.21095	13.050	0.002000
5.1900	-2696.91	141.04	4779.0	-2783.0	7536.7	-2927.2	1.0000	-0.8174	-0.08660	-0.21105	13.057	0.002000
5.1920	-2697.33	140.69	4781.0	-2785.0	7539.0	-2928.9	1.0000	-0.8122	-0.08666	-0.21115	13.063	0.002000
5.1940	-2697.75	141.33	4783.0	-2786.0	7541.3	-2930.5	1.0000	-0.8174	-0.08668	-0.21125	13.069	0.002000
5.1960	-2698.17	140.99	4785.0	-2788.0	7543.6	-2932.1	1.0000	-0.8126	-0.08673	-0.21136	13.076	0.002000
5.1980	-2698.59	141.62	4787.0	-2789.0	7545.9	-2933.8	1.0000	-0.8181	-0.08675	-0.21146	13.081	0.002000
5.2000	-2699.01	141.28	4789.0	-2791.0	7548.2	-2935.4	1.0000	-0.8230	-0.08681	-0.21156	13.088	0.002000
5.2020	-2699.42	140.94	4791.0	-2793.0	7550.5	-2937.1	1.0000	-0.8181	-0.08686	-0.21166	13.095	0.002000
5.2040	-2699.84	141.58	4793.0	-2794.0	7552.8	-2938.7	1.0000	-0.8235	-0.08688	-0.21176	13.100	0.002000
5.2060	-2700.25	141.24	4795.0	-2796.0	7555.1	-2940.4	1.0000	-0.8189	-0.08694	-0.21186	13.107	0.002000
5.2080	-2699.69	140.90	4798.0	-2798.0	7557.4	-2942.0	1.0000	-0.8137	-0.08699	-0.21201	13.116	0.002000
5.2100	-2700.11	141.53	4800.0	-2799.0	7559.7	-2943.7	1.0000	-0.8189	-0.08701	-0.21211	13.122	0.002000
5.2120	-2700.52	141.19	4802.0	-2801.0	7562.0	-2945.3	1.0000	-0.8141	-0.08706	-0.21222	13.128	0.002000
5.2140	-2700.93	140.85	4804.0	-2803.0	7564.3	-2947.0	1.0000	-0.8087	-0.08712	-0.21232	13.135	0.002000
5.2160	-2701.34	141.49	4806.0	-2804.0	7566.6	-2948.6	1.0000	-0.8139	-0.08714	-0.21242	13.141	0.002000
5.2180	-2701.76	141.15	4808.0	-2806.0	7568.9	-2950.2	1.0000	-0.8092	-0.08720	-0.21252	13.147	0.002000
5.2200	-2701.19	141.79	4811.0	-2807.0	7571.3	-2951.9	1.0000	-0.8146	-0.08721	-0.21267	13.155	0.002000
5.2220	-2702.58	141.46	4812.0	-2809.0	7573.6	-2953.5	1.0000	-0.8196	-0.08727	-0.21272	13.160	0.002000
5.2240	-2702.01	141.12	4815.0	-2811.0	7575.8	-2955.2	1.0000	-0.8146	-0.08732	-0.21288	13.169	0.002000
5.2260	-2703.40	141.76	4816.0	-2812.0	7578.1	-2956.8	1.0000	-0.8200	-0.08735	-0.21293	13.172	0.002000
5.2280	-2702.83	141.42	4819.0	-2814.0	7580.4	-2958.5	1.0000	-0.8155	-0.08739	-0.21308	13.181	0.002000
5.2300	-2703.23	141.09	4821.0	-2816.0	7582.7	-2960.1	1.0000	-0.8102	-0.08745	-0.21318	13.188	0.002000
5.2320	-2703.64	141.73	4823.0	-2817.0	7585.0	-2961.8	1.0000	-0.8154	-0.08747	-0.21328	13.193	0.002000
5.2340	-2704.05	141.39	4825.0	-2819.0	7587.3	-2963.4	1.0000	-0.8199	-0.08753	-0.21338	13.200	0.002000
5.2360	-2704.45	141.06	4827.0	-2821.0	7589.6	-2965.1	1.0000	-0.8148	-0.08758	-0.21349	13.207	0.002000
5.2380	-2704.86	141.70	4829.0	-2822.0	7591.9	-2966.7	1.0000	-0.8202	-0.08760	-0.21359	13.212	0.002000
5.2400	-2705.26	141.37	4831.0	-2824.0	7594.2	-2968.4	1.0000	-0.8156	-0.08766	-0.21369	13.219	0.002000
5.2420	-2705.67	142.01	4833.0	-2825.0	7596.5	-2970.0	1.0000	-0.8211	-0.08768	-0.21379	13.225	0.002000
5.2440	-2705.09	141.68	4836.0	-2827.0	7598.8	-2971.7	1.0000	-0.8261	-0.08772	-0.21394	13.234	0.002000
5.2460	-2705.49	141.34	4838.0	-2829.0	7601.1	-2973.4	1.0000	-0.8212	-0.08778	-0.21404	13.240	0.002000
5.2480	-2705.89	141.01	4840.0	-2831.0	7603.4	-2975.0	1.0000	-0.8158	-0.08783	-0.21415	13.247	0.002000
5.2500	-2706.29	141.65	4842.0	-2832.0	7605.7	-2976.7	1.0000	-0.8210	-0.08785	-0.21425	13.253	0.002000
5.2520	-2706.69	141.32	4844.0	-2834.0	7608.0	-2978.3	1.0000	-0.8161	-0.08791	-0.21435	13.259	0.002000
5.2540	-2707.09	140.99	4846.0	-2836.0	7610.3	-2980.0	1.0000	-0.8107	-0.08797	-0.21445	13.266	0.002000
5.2560	-2707.49	141.63	4848.0	-2837.0	7612.6	-2981.6	1.0000	-0.8158	-0.08798	-0.21455	13.272	0.002000
5.2580	-2707.89	141.30	4850.0	-2839.0	7614.9	-2983.3	1.0000	-0.8111	-0.08804	-0.21466	13.278	0.002000
5.2600	-2708.29	141.95	4852.0	-2840.0	7617.2	-2984.9	1.0000	-0.8165	-0.08806	-0.21476	13.284	0.002000
5.2620	-2707.71	141.62	4855.0	-2842.0	7619.5	-2986.6	1.0000	-0.8215	-0.08811	-0.21491	13.293	0.002000
5.2640	-2708.10	141.29	4857.0	-2844.0	7621.7	-2988.2	1.0000	-0.8165	-0.08816	-0.21501	13.300	0.002000
5.2660	-2708.50	141.94	4859.0	-2845.0	7624.0	-2989.9	1.0000	-0.8219	-0.08818	-0.21511	13.305	0.002000
5.2680	-2708.89	141.61	4861.0	-2847.0	7626.3	-2991.6	1.0000	-0.8176	-0.08824	-0.21521	13.312	0.002000
5.2700	-2709.29	141.28	4863.0	-2849.0	7628.6	-2993.2	1.0000	-0.8123	-0.08829	-0.21532	13.319	0.002000
5.2720	-2709.68	140.95	4865.0	-2851.0	7630.9	-2994.9	1.0000	-0.8066	-0.08835	-0.21542	13.325	0.002000
5.2740	-2710.08	141.60	4867.0	-2852.0	7633.2	-2996.5	1.0000	-0.8115	-0.08837	-0.21552	13.331	0.002000
5.2760	-2710.47	141.27	4869.0	-2854.0	7635.5	-2998.2	1.0000	-0.8159	-0.08842	-0.21562	13.338	0.002000
5.2780	-2709.88	141.92	4872.0	-2855.0	7637.8	-2999.8	1.0000	-0.8215	-0.08843	-0.21577	13.346	0.002000
5.2800	-2710.27	141.59	4874.0	-2857.0	7640.0	-3001.5	1.0000	-0.8266	-0.08849	-0.21587	13.352	0.002000
5.2820	-2710.66	141.26	4876.0	-2859.0	7642.3	-3003.2	1.0000	-0.8217	-0.08855	-0.21598	13.359	0.002000
5.2840	-2711.05	141.92	4878.0	-2860.0	7644.6	-3004.8	1.0000	-0.8273	-0.08856	-0.21608	13.365	0.002000
5.2860	-2711.44	141.59	4880.0	-2862.0	7646.9	-3006.5	1.0000	-0.8228	-0.08862	-0.21618	13.372	0.002000
5.2880	-2711.83	141.26	4882.0	-2864.0	7649.2	-3008.1	1.0000	-0.8176	-0.08868	-0.21628	13.378	0.002000
5.2900	-2712.22	141.92	4884.0	-2865.0	7651.5	-3009.8	1.0000	-0.8229	-0.08869	-0.21638	13.384	0.002000
5.2920	-2712.60	141.59	4886.0	-2867.0	7653.8	-3011.5	1.0000	-0.8182	-0.08875	-0.21649	13.391	0.002000
5.2940	-2712.99	141.26	4888.0	-2869.0	7656.0	-3013.1	1.0000	-0.8129	-0.08881	-0.21659	13.397	0.002000
5.2960	-2712.40	141.92	4891.0	-2870.0	7658.3	-3014.8	1.0000	-0.8181	-0.08882	-0.21674	13.405	0.002000
5.2980	-2713.76	141.59	4892.0	-2872.0	7660.6	-3016.5	1.0000	-0.8227	-0.08888	-0.21679	13.410	0.002000
5.3000	-2713.17	142.25	4895.0	-2873.0	7662.9	-3018.1	1.0000	-0.8285	-0.08889	-0.21694	13.418	0.002000
5.3020	-2713.55	141.92	4897.0	-2875.0	7665.2	-3019.8	1.0000	-0.8337	-0.08895	-0.21705	13.424	0.002000
5.3040	-2713.93	141.60	4899.0	-2877.0	7667.4	-3021.4	1.0000	-0.8289	-0.08900	-0.21715	13.431	0.002000
5.3060	-2714.32	141.28	4901.0	-2879.0	7669.7	-3023.1	1.0000	-0.8237	-0.08906	-0.21725	13.438	0.002000
5.3080	-2714.70	141.93	4903.0	-2880.0	7672.0	-3024.8	1.0000	-0.8289	-0.08908	-0.21735	13.443	0.002000
5.3100	-2715.08	141.61	4905.0	-2882.0	7674.3	-3026.4	1.0000	-0.8241	-0.08913	-0.21746	13.450	0.002000
5.3120	-2715.46	141.29	4907.0	-2884.0	7676.6	-3028.1	1.0000	-0.8188	-0.08919	-0.21756	13.457	0.002000
5.3140	-2715.84	141.94	4909.0	-2885.0	7678.8	-3029.8	1.0000	-0.8240	-0.08921	-0.21766	13.462	0.002000
5.3160	-2716.22	141.62	4911.0	-2887.0	7681.1	-3031.4	1.0000	-0.8192	-0.08926	-0.21776	13.469	0.002000
5.3180	-2716.60	141.30	4913.0	-2889.0	7683.4	-3033.1	1.0000	-0.8139	-0.08932	-0.21787	13.476	0.002000
5.3200	-2716.00	141.96	4916.0	-2890.0	7685.7	-3034.8	1.0000	-0.8190	-0.08933	-0.21802	13.484	0.002000
5.3220	-2716.37	141.64	4918.0	-2892.0	7688.0	-3036.4	1.0000	-0.8236	-0.08938	-0.21812	13.491	0.002000
5.3240	-2716.75	141.32	4920.0	-2894.0	7690.2	-3038.1	1.0000	-0.8186	-0.08944	-0.21822	13.497	0.002000
5.3260	-2717.13	141.00	4922.0	-2896.0	7692.5	-3039.8	1.0000	-0.8130	-0.08949	-0.21833	13.504	0.002000
5.3280	-2717.50	141.66	4924.0	-2897.0	7694.8	-3041.4	1.0000	-0.8181	-0.08951	-0.21843	13.510	0.002000
5.3300	-2717.88	141.34	4926.0	-2899.0	7697.1	-3043.1	1.0000	-0.8134	-0.08957	-0.21853	13.516	0.002000
5.3320	-2718.25	141.02	4928.0	-2901.0	7699.3	-3044.8	1.0000	-0.8079	-0.08962	-0.21864	13.523	0.002000
5.3340	-2717.64	141.68	4931.0	-2902.0	7701.6	-3046.4	1.0000	-0.8130	-0.08963	-0.21878	13.531	0.002000
5.3360	-2719.00	141.36	4932.0	-2904.0	7703.9	-3048.1	1.0000	-0.8177	-0.08970	-0.21884	13.535	0.002000
5.3380	-2718.39	142.03	4935.0	-2905.0	7706.1	-3049.8	1.0000	-0.8234	-0.08971	-0.21899	13.543	0.002000
5.3400	-2718.76	141.71	4937.0	-2907.0	7708.4	-3051.5	1.0000	-0.8286	-0.08976	-0.21909	13.550	0.002000
5.3420	-2719.13	141.39	4939.0	-2909.0	7710.7	-3053.1	1.0000	-0.8238	-0.08982	-0.21920	13.557	0.002000
5.3440	-2719.50	141.07	4941.0	-2911.0	7713.0	-3054.8	1.0000	-0.8186	-0.08987	-0.21930	13.563	0.002000
5.3460	-2719.87	141.74	4943.0	-2912.0	7715.2	-3056.5	1.0000	-0.8238	-0.08989	-0.21940	13.569	0.002000
5.3480	-2720.24	141.42	4945.0	-2914.0	7717.5	-3058.1	1.0000	-0.8191	-0.08995	-0.21950	13.576	0.002000
5.3500	-2720.61	141.10	4947.0	-2916.0	7719.8	-3059.8	1.0000	-0.8137	-0.09000	-0.21961	13.582	0.002000
5.3520	-2719.99	141.77	4950.0	-2917.0	7722.0	-3061.5	1.0000	-0.8189	-0.09001	-0.21976	13.591	0.002000
5.3540	-2720.36	141.45	4952.0	-2919.0	7724.3	-3063.2	1.0000	-0.8236	-0.09007	-0.21986	13.597	0.002000
5.3560	-2720.73	142.12	4954.0	-2920.0	7726.6	-3064.8	1.0000	-0.8294	-0.09009	-0.21996	13.603	0.002000
5.3580	-2721.09	141.80	4956.0	-2922.0	7728.8	-3066.5	1.0000	-0.8346	-0.09014	-0.22006	13.610	0.002000
5.3600	-2721.46	141.49	4958.0	-2924.0	7731.1	-3068.2	1.0000	-0.8299	-0.09020	-0.22017	13.616	0.002000
5.3620	-2721.82	141.18	4960.0	-2926.0	7733.4	-3069.8	1.0000	-0.8247	-0.09025	-0.22027	13.623	0.002000
5.3640	-2722.18	141.84	4962.0	-2927.0	7735.6	-3071.5	1.0000	-0.8300	-0.09027	-0.22037	13.629	0.002000
5.3660	-2722.55	141.53	4964.0	-2929.0	7737.9	-3073.2	1.0000	-0.8252	-0.09032	-0.22048	13.635	0.002000
5.3680	-2721.93	141.22	4967.0	-2931.0	7740.2	-3074.9	1.0000	-0.8199	-0.09037	-0.22063	13.644	0.002000
5.3700	-2723.27	141.88	4968.0	-2932.0	7742.4	-3076.6	1.0000	-0.8252	-0.09040	-0.22068	13.648	0.002000
5.3720	-2722.65	141.57	4971.0	-2934.0	7744.7	-3078.2	1.0000	-0.8205	-0.09044	-0.22083	13.657	0.002000
5.3740	-2723.01	141.26	4973.0	-2936.0	7747.0	-3079.9	1.0000	-0.8151	-0.09050	-0.22094	13.664	0.002000
5.3760	-2723.37	141.93	4975.0	-2937.0	7749.2	-3081.6	1.0000	-0.8203	-0.09052	-0.22104	13.669	0.002000
5.3780	-2723.73	141.62	4977.0	-2939.0	7751.5	-3083.3	1.0000	-0.8251	-0.09057	-0.22114	13.676	0.002000
5.3800	-2724.09	141.31	4979.0	-2941.0	7753.8	-3084.9	1.0000	-0.8200	-0.09063	-0.22125	13.683	0.002000
5.3820	-2724.45	141.98	4981.0	-2942.0	7756.0	-3086.6	1.0000	-0.8254	-0.09065	-0.22135	13.688	0.002000
5.3840	-2724.80	141.67	4983.0	-2944.0	7758.3	-3088.3	1.0000	-0.8301	-0.09070	-0.22145	13.695	0.002000
5.3860	-2725.16	141.36	4985.0	-2946.0	7760.5	-3090.0	1.0000	-0.8252	-0.09076	-0.22156	13.702	0.002000
5.3880	-2725.52	141.05	4987.0	-2948.0	7762.8	-3091.7	1.0000	-0.8199	-0.09081	-0.22166	13.708	0.002000
5.3900	-2725.87	141.72	4989.0	-2949.0	7765.1	-3093.3	1.0000	-0.8251	-0.09083	-0.22176	13.714	0.002000
5.3920	-2726.23	141.41	4991.0	-2951.0	7767.3	-3095.0	1.0000	-0.8203	-0.09088	-0.22186	13.721	0.002000
5.3940	-2725.60	142.08	4994.0	-2952.0	7769.6	-3096.7	1.0000	-0.8258	-0.09089	-0.22201	13.729	0.002000
5.3960	-2725.95	141.78	4996.0	-2954.0	7771.9	-3098.4	1.0000	-0.8309	-0.09095	-0.22212	13.736	0.002000
5.3980	-2726.31	141.47	4998.0	-2956.0	7774.1	-3100.1	1.0000	-0.8260	-0.09100	-0.22222	13.742	0.002000
5.4000	-2726.66	141.16	5000.0	-2958.0	7776.4	-3101.7	1.0000	-0.8207	-0.09106	-0.22233	13.749	0.002000
5.4020	-2726.03	141.83	5003.0	-2959.0	7778.6	-3103.4	1.0000	-0.8259	-0.09107	-0.22248	13.757	0.002000
5.4040	-2727.36	141.53	5004.0	-2961.0	7780.9	-3105.1	1.0000	-0.8212	-0.09113	-0.22253	13.761	0.002000
5.4060	-2726.73	141.22	5007.0	-2963.0	7783.1	-3106.8	1.0000	-0.8159	-0.09118	-0.22268	13.770	0.002000
5.4080	-2728.06	141.90	5008.0	-2964.0	7785.4	-3108.5	1.0000	-0.8211	-0.09121	-0.22274	13.774	0.002000
5.4100	-2727.43	141.59	5011.0	-2966.0	7787.7	-3110.1	1.0000	-0.8258	-0.09125	-0.22289	13.783	0.002000
5.4120	-2727.78	141.29	5013.0	-2968.0	7789.9	-3111.8	1.0000	-0.8208	-0.09131	-0.22299	13.790	0.002000
5.4140	-2728.12	141.96	5015.0	-2969.0	7792.2	-3113.5	1.0000	-0.8262	-0.09132	-0.22309	13.795	0.002000
5.4160	-2728.47	141.66	5017.0	-2971.0	7794.4	-3115.2	1.0000	-0.8310	-0.09138	-0.22320	13.802	0.002000
5.4180	-2728.82	141.35	5019.0	-2973.0	7796.7	-3116.9	1.0000	-0.8261	-0.09143	-0.22330	13.809	0.002000
5.4200	-2729.16	141.05	5021.0	-2975.0	7798.9	-3118.6	1.0000	-0.8208	-0.09149	-0.22341	13.815	0.002000
5.4220	-2729.51	141.73	5023.0	-2976.0	7801.2	-3120.3	1.0000	-0.8260	-0.09151	-0.22351	13.821	0.002000
5.4240	-2729.85	141.42	5025.0	-2978.0	7803.4	-3121.9	1.0000	-0.8212	-0.09156	-0.22361	13.828	0.002000
5.4260	-2729.21	141.12	5028.0	-2980.0	7805.7	-3123.6	1.0000	-0.8159	-0.09161	-0.22377	13.837	0.002000
5.4280	-2729.56	141.80	5030.0	-2981.0	7807.9	-3125.3	1.0000	-0.8211	-0.09163	-0.22387	13.843	0.002000
5.4300	-2729.90	141.50	5032.0	-2983.0	7810.2	-3127.0	1.0000	-0.8259	-0.09168	-0.22397	13.849	0.002000
5.4320	-2730.24	141.19	5034.0	-2985.0	7812.4	-3128.7	1.0000	-0.8209	-0.09173	-0.22408	13.856	0.002000
5.4340	-2730.58	141.88	5036.0	-2986.0	7814.7	-3130.4	1.0000	-0.8263	-0.09175	-0.22418	13.862	0.002000
5.4360	-2730.92	141.57	5038.0	-2988.0	7816.9	-3132.1	1.0000	-0.8312	-0.09181	-0.22428	13.868	0.002000
5.4380	-2731.26	141.27	5040.0	-2990.0	7819.2	-3133.8	1.0000	-0.8263	-0.09186	-0.22439	13.875	0.002000
5.4400	-2731.60	140.97	5042.0	-2992.0	7821.4	-3135.4	1.0000	-0.8209	-0.09192	-0.22449	13.882	0.002000
5.4420	-2731.94	141.65	5044.0	-2993.0	7823.7	-3137.1	1.0000	-0.8262	-0.09194	-0.22459	13.888	0.002000
5.4440	-2731.30	141.35	5047.0	-2995.0	7825.9	-3138.8	1.0000	-0.8214	-0.09198	-0.22474	13.897	0.002000
5.4460	-2731.63	141.05	5049.0	-2997.0	7828.2	-3140.5	1.0000	-0.8161	-0.09204	-0.22485	13.903	0.002000
5.4480	-2731.97	141.74	5051.0	-2998.0	7830.4	-3142.2	1.0000	-0.8213	-0.09205	-0.22495	13.909	0.002000
5.4500	-2732.31	141.44	5053.0	-3000.0	7832.7	-3143.9	1.0000	-0.8261	-0.09211	-0.22505	13.916	0.002000
5.4520	-2732.64	142.12	5055.0	-3001.0	7834.9	-3145.6	1.0000	-0.8320	-0.09213	-0.22515	13.922	0.002000
5.4540	-2732.98	141.82	5057.0	-3003.0	7837.2	-3147.3	1.0000	-0.8373	-0.09218	-0.22526	13.928	0.002000
5.4560	-2733.31	141.53	5059.0	-3005.0	7839.4	-3149.0	1.0000	-0.8326	-0.09224	-0.22536	13.935	0.002000
5.4580	-2733.64	141.23	5061.0	-3007.0	7841.6	-3150.7	1.0000	-0.8275	-0.09229	-0.22547	13.942	0.002000
5.4600	-2733.98	141.91	5063.0	-3008.0	7843.9	-3152.3	1.0000	-0.8328	-0.09231	-0.22557	13.947	0.002000
5.4620	-2734.31	141.62	5065.0	-3010.0	7846.1	-3154.0	1.0000	-0.8282	-0.09236	-0.22567	13.954	0.002000
5.4640	-2734.64	141.32	5067.0	-3012.0	7848.4	-3155.7	1.0000	-0.8229	-0.09242	-0.22578	13.961	0.002000
5.4660	-2733.99	142.01	5070.0	-3013.0	7850.6	-3157.4	1.0000	-0.8283	-0.09243	-0.22593	13.969	0.002000
5.4680	-2734.32	141.71	5072.0	-3015.0	7852.9	-3159.1	1.0000	-0.8237	-0.09248	-0.22603	13.976	0.002000
5.4700	-2734.65	141.42	5074.0	-3017.0	7855.1	-3160.8	1.0000	-0.8185	-0.09253	-0.22614	13.982	0.002000
5.4720	-2734.98	142.10	5076.0	-3018.0	7857.3	-3162.5	1.0000	-0.8237	-0.09255	-0.22624	13.988	0.002000
5.4740	-2735.31	141.81	5078.0	-3020.0	7859.6	-3164.2	1.0000	-0.8286	-0.09261	-0.22634	13.995	0.002000
5.4760	-2735.64	141.51	5080.0	-3022.0	7861.8	-3165.9	1.0000	-0.8236	-0.09266	-0.22645	14.002	0.002000
5.4780	-2734.98	141.22	5083.0	-3024.0	7864.1	-3167.6	1.0000	-0.8182	-0.09271	-0.22660	14.011	0.002000
5.4800	-2736.29	141.91	5084.0	-3025.0	7866.3	-3169.3	1.0000	-0.8233	-0.09273	-0.22666	14.014	0.002000
5.4820	-2735.63	141.62	5087.0	-3027.0	7868.5	-3171.0	1.0000	-0.8280	-0.09278	-0.22681	14.023	0.002000
5.4840	-2735.96	141.32	5089.0	-3029.0	7870.8	-3172.7	1.0000	-0.8230	-0.09283	-0.22691	14.030	0.002000
5.4860	-2736.28	142.01	5091.0	-3030.0	7873.0	-3174.4	1.0000	-0.8284	-0.09285	-0.22702	14.036	0.002000
5.4880	-2736.61	141.72	5093.0	-3032.0	7875.3	-3176.1	1.0000	-0.8333	-0.09291	-0.22712	14.042	0.002000
5.4900	-2736.93	141.43	5095.0	-3034.0	7877.5	-3177.8	1.0000	-0.8285	-0.09296	-0.22723	14.049	0.002000
5.4920	-2737.25	141.14	5097.0	-3036.0	7879.7	-3179.5	1.0000	-0.8231	-0.09301	-0.22733	14.056	0.002000
5.4940	-2737.58	141.83	5099.0	-3037.0	7882.0	-3181.2	1.0000	-0.8284	-0.09303	-0.22743	14.061	0.002000
5.4960	-2737.90	141.54	5101.0	-3039.0	7884.2	-3182.9	1.0000	-0.8237	-0.09309	-0.22754	14.068	0.002000
5.4980	-2738.22	141.25	5103.0	-3041.0	7886.4	-3184.6	1.0000	-0.8185	-0.09314	-0.22764	14.075	0.002000
5.5000	-2738.54	141.94	5105.0	-3042.0	7888.7	-3186.3	1.0000	-0.8237	-0.09316	-0.22774	14.081	0.002000
5.5020	-2737.88	141.65	5108.0	-3044.0	7890.9	-3188.0	1.0000	-0.8286	-0.09320	-0.22790	14.090	0.002000
5.5040	-2738.19	142.34	5110.0	-3045.0	7893.1	-3189.7	1.0000	-0.8344	-0.09322	-0.22800	14.095	0.002000
5.5060	-2738.51	142.05	5112.0	-3047.0	7895.4	-3191.4	1.0000	-0.8398	-0.09328	-0.22810	14.102	0.002000
5.5080	-2738.83	141.77	5114.0	-3049.0	7897.6	-3193.1	1.0000	-0.8352	-0.09333	-0.22821	14.109	0.002000
5.5100	-2739.15	141.48	5116.0	-3051.0	7899.8	-3194.8	1.0000	-0.8301	-0.09338	-0.22831	14.116	0.002000
5.5120	-2739.46	142.17	5118.0	-3052.0	7902.1	-3196.5	1.0000	-0.8355	-0.09340	-0.22841	14.121	0.002000
5.5140	-2739.78	141.88	5120.0	-3054.0	7904.3	-3198.2	1.0000	-0.8309	-0.09346	-0.22852	14.128	0.002000
5.5160	-2739.11	141.60	5123.0	-3056.0	7906.5	-3199.9	1.0000	-0.8257	-0.09350	-0.22867	14.137	0.002000
5.5180	-2740.41	141.31	5124.0	-3058.0	7908.8	-3201.6	1.0000	-0.8201	-0.09356	-0.22873	14.142	0.002000
5.5200	-2739.74	142.01	5127.0	-3059.0	7911.0	-3203.3	1.0000	-0.8252	-0.09357	-0.22888	14.150	0.002000
5.5220	-2740.05	141.72	5129.0	-3061.0	7913.2	-3205.0	1.0000	-0.8296	-0.09363	-0.22898	14.156	0.002000
5.5240	-2740.37	141.43	5131.0	-3063.0	7915.5	-3206.7	1.0000	-0.8246	-0.09368	-0.22909	14.163	0.002000
5.5260	-2740.68	142.13	5133.0	-3064.0	7917.7	-3208.4	1.0000	-0.8301	-0.09370	-0.22919	14.169	0.002000
5.5280	-2740.99	141.85	5135.0	-3066.0	7919.9	-3210.1	1.0000	-0.8350	-0.09375	-0.22930	14.176	0.002000
5.5300	-2741.30	141.56	5137.0	-3068.0	7922.1	-3211.8	1.0000	-0.8302	-0.09381	-0.22940	14.182	0.002000
5.5320	-2741.61	141.27	5139.0	-3070.0	7924.4	-3213.5	1.0000	-0.8249	-0.09386	-0.22951	14.189	0.002000
5.5340	-2741.92	141.97	5141.0	-3071.0	7926.6	-3215.2	1.0000	-0.8302	-0.09388	-0.22961	14.195	0.002000
5.5360	-2741.25	141.69	5144.0	-3073.0	7928.8	-3216.9	1.0000	-0.8256	-0.09392	-0.22976	14.204	0.002000
5.5380	-2741.56	141.41	5146.0	-3075.0	7931.0	-3218.6	1.0000	-0.8203	-0.09398	-0.22987	14.211	0.002000
5.5400	-2741.86	142.11	5148.0	-3076.0	7933.3	-3220.4	1.0000	-0.8256	-0.09400	-0.22997	14.216	0.002000
5.5420	-2742.17	141.82	5150.0	-3078.0	7935.5	-3222.1	1.0000	-0.8305	-0.09405	-0.23008	14.223	0.002000
5.5440	-2742.48	141.54	5152.0	-3080.0	7937.7	-3223.8	1.0000	-0.8256	-0.09410	-0.23018	14.230	0.002000
5.5460	-2742.78	142.24	5154.0	-3081.0	7939.9	-3225.5	1.0000	-0.8311	-0.09412	-0.23028	14.236	0.002000
5.5480	-2743.09	141.96	5156.0	-3083.0	7942.2	-3227.2	1.0000	-0.8361	-0.09417	-0.23039	14.242	0.002000
5.5500	-2742.41	141.68	5159.0	-3085.0	7944.4	-3228.9	1.0000	-0.8313	-0.09422	-0.23054	14.251	0.002000
5.5520	-2743.70	141.40	5160.0	-3087.0	7946.6	-3230.6	1.0000	-0.8260	-0.09428	-0.23060	14.256	0.002000
5.5540	-2743.02	142.10	5163.0	-3088.0	7948.8	-3232.3	1.0000	-0.8313	-0.09429	-0.23075	14.264	0.002000
5.5560	-2743.32	141.82	5165.0	-3090.0	7951.1	-3234.0	1.0000	-0.8268	-0.09434	-0.23085	14.271	0.002000
5.5580	-2743.62	141.54	5167.0	-3092.0	7953.3	-3235.7	1.0000	-0.8215	-0.09440	-0.23096	14.277	0.002000
5.5600	-2743.92	142.24	5169.0	-3093.0	7955.5	-3237.5	1.0000	-0.8268	-0.09442	-0.23106	14.283	0.002000
5.5620	-2744.23	141.96	5171.0	-3095.0	7957.7	-3239.2	1.0000	-0.8318	-0.09447	-0.23117	14.290	0.002000
5.5640	-2744.53	141.68	5173.0	-3097.0	7959.9	-3240.9	1.0000	-0.8268	-0.09452	-0.23127	14.297	0.002000
5.5660	-2744.83	141.41	5175.0	-3099.0	7962.2	-3242.6	1.0000	-0.8214	-0.09458	-0.23138	14.303	0.002000
5.5680	-2745.12	142.11	5177.0	-3100.0	7964.4	-3244.3	1.0000	-0.8267	-0.09459	-0.23148	14.309	0.002000
5.5700	-2745.42	141.83	5179.0	-3102.0	7966.6	-3246.0	1.0000	-0.8315	-0.09465	-0.23159	14.316	0.002000
5.5720	-2745.72	141.56	5181.0	-3104.0	7968.8	-3247.7	1.0000	-0.8265	-0.09470	-0.23169	14.323	0.002000
5.5740	-2746.02	142.26	5183.0	-3105.0	7971.0	-3249.4	1.0000	-0.8320	-0.09472	-0.23179	14.328	0.002000
5.5760	-2745.33	141.99	5186.0	-3107.0	7973.2	-3251.2	1.0000	-0.8370	-0.09476	-0.23195	14.337	0.002000
5.5780	-2745.63	141.71	5188.0	-3109.0	7975.5	-3252.9	1.0000	-0.8322	-0.09482	-0.23205	14.344	0.002000
5.5800	-2745.92	141.43	5190.0	-3111.0	7977.7	-3254.6	1.0000	-0.8270	-0.09487	-0.23216	14.351	0.002000
5.5820	-2746.22	142.14	5192.0	-3112.0	7979.9	-3256.3	1.0000	-0.8323	-0.09489	-0.23226	14.357	0.002000
5.5840	-2745.53	141.86	5195.0	-3114.0	7982.1	-3258.0	1.0000	-0.8278	-0.09493	-0.23241	14.366	0.002000
5.5860	-2746.80	141.59	5196.0	-3116.0	7984.3	-3259.7	1.0000	-0.8225	-0.09500	-0.23247	14.370	0.002000
5.5880	-2746.11	142.30	5199.0	-3117.0	7986.5	-3261.4	1.0000	-0.8278	-0.09500	-0.23262	14.378	0.002000
5.5900	-2747.39	142.02	5200.0	-3119.0	7988.7	-3263.2	1.0000	-0.8328	-0.09507	-0.23268	14.383	0.002000
5.5920	-2746.70	141.75	5203.0	-3121.0	7991.0	-3264.9	1.0000	-0.8279	-0.09511	-0.23283	14.392	0.002000
5.5940	-2747.97	141.48	5204.0	-3123.0	7993.2	-3266.6	1.0000	-0.8225	-0.09517	-0.23289	14.396	0.002000
5.5960	-2747.28	142.19	5207.0	-3124.0	7995.4	-3268.3	1.0000	-0.8278	-0.09518	-0.23304	14.404	0.002000
5.5980	-2747.57	141.91	5209.0	-3126.0	7997.6	-3270.0	1.0000	-0.8326	-0.09524	-0.23315	14.411	0.002000
5.6000	-2747.86	141.64	5211.0	-3128.0	7999.8	-3271.8	1.0000	-0.8277	-0.09529	-0.23325	14.418	0.002000
5.6020	-2748.15	142.35	5213.0	-3129.0	8002.0	-3273.5	1.0000	-0.8332	-0.09531	-0.23335	14.424	0.002000
5.6040	-2748.43	142.08	5215.0	-3131.0	8004.2	-3275.2	1.0000	-0.8383	-0.09536	-0.23346	14.430	0.002000
5.6060	-2748.72	141.81	5217.0	-3133.0	8006.4	-3276.9	1.0000	-0.8335	-0.09541	-0.23357	14.437	0.002000
5.6080	-2749.01	141.54	5219.0	-3135.0	8008.6	-3278.6	1.0000	-0.8282	-0.09547	-0.23367	14.444	0.002000
5.6100	-2748.31	142.25	5222.0	-3136.0	8010.9	-3280.3	1.0000	-0.8335	-0.09548	-0.23382	14.452	0.002000
5.6120	-2748.60	141.98	5224.0	-3138.0	8013.1	-3282.1	1.0000	-0.8292	-0.09553	-0.23393	14.459	0.002000
5.6140	-2748.88	141.71	5226.0	-3140.0	8015.3	-3283.8	1.0000	-0.8239	-0.09558	-0.23403	14.465	0.002000
5.6160	-2749.16	142.42	5228.0	-3141.0	8017.5	-3285.5	1.0000	-0.8292	-0.09560	-0.23414	14.471	0.002000
5.6180	-2749.45	142.15	5230.0	-3143.0	8019.7	-3287.2	1.0000	-0.8342	-0.09565	-0.23424	14.478	0.002000
5.6200	-2749.73	141.88	5232.0	-3145.0	8021.9	-3289.0	1.0000	-0.8293	-0.09571	-0.23435	14.485	0.002000
5.6220	-2750.01	142.60	5234.0	-3146.0	8024.1	-3290.7	1.0000	-0.8349	-0.09572	-0.23445	14.490	0.002000
5.6240	-2750.30	142.33	5236.0	-3148.0	8026.3	-3292.4	1.0000	-0.8400	-0.09578	-0.23456	14.497	0.002000
5.6260	-2749.59	142.06	5239.0	-3150.0	8028.5	-3294.1	1.0000	-0.8352	-0.09582	-0.23471	14.506	0.002000
5.6280	-2749.87	141.79	5241.0	-3152.0	8030.7	-3295.8	1.0000	-0.8300	-0.09587	-0.23482	14.513	0.002000
5.6300	-2750.15	142.51	5243.0	-3153.0	8032.9	-3297.6	1.0000	-0.8354	-0.09589	-0.23492	14.519	0.002000
5.6320	-2750.43	142.24	5245.0	-3155.0	8035.1	-3299.3	1.0000	-0.8400	-0.09595	-0.23503	14.526	0.002000
5.6340	-2750.71	141.98	5247.0	-3157.0	8037.3	-3301.0	1.0000	-0.8352	-0.09600	-0.23513	14.532	0.002000
5.6360	-2750.99	141.71	5249.0	-3159.0	8039.5	-3302.7	1.0000	-0.8299	-0.09605	-0.23524	14.539	0.002000
5.6380	-2751.27	142.43	5251.0	-3160.0	8041.7	-3304.5	1.0000	-0.8353	-0.09607	-0.23534	14.545	0.002000
5.6400	-2751.54	142.16	5253.0	-3162.0	8043.9	-3306.2	1.0000	-0.8309	-0.09612	-0.23545	14.552	0.002000
5.6420	-2751.82	141.90	5255.0	-3164.0	8046.1	-3307.9	1.0000	-0.8256	-0.09618	-0.23555	14.558	0.002000
5.6440	-2752.10	141.63	5257.0	-3166.0	8048.3	-3309.7	1.0000	-0.8201	-0.09623	-0.23566	14.565	0.002000
5.6460	-2752.37	142.35	5259.0	-3167.0	8050.5	-3311.4	1.0000	-0.8252	-0.09625	-0.23576	14.571	0.002000
5.6480	-2751.66	142.09	5262.0	-3169.0	8052.7	-3313.1	1.0000	-0.8300	-0.09629	-0.23592	14.580	0.002000
5.6500	-2751.93	141.82	5264.0	-3171.0	8054.9	-3314.8	1.0000	-0.8250	-0.09634	-0.23602	14.587	0.002000
5.6520	-2752.21	141.56	5266.0	-3173.0	8057.1	-3316.6	1.0000	-0.8196	-0.09640	-0.23613	14.594	0.002000
5.6540	-2752.48	142.28	5268.0	-3174.0	8059.3	-3318.3	1.0000	-0.8247	-0.09641	-0.23623	14.599	0.002000
5.6560	-2752.75	142.02	5270.0	-3176.0	8061.5	-3320.0	1.0000	-0.8297	-0.09647	-0.23634	14.606	0.002000
5.6580	-2753.02	142.74	5272.0	-3177.0	8063.7	-3321.7	1.0000	-0.8354	-0.09648	-0.23644	14.612	0.002000
5.6600	-2752.31	142.48	5275.0	-3179.0	8065.9	-3323.5	1.0000	-0.8409	-0.09653	-0.23659	14.621	0.002000
5.6620	-2753.57	142.22	5276.0	-3181.0	8068.1	-3325.2	1.0000	-0.8365	-0.09659	-0.23665	14.625	0.002000
5.6640	-2752.85	141.95	5279.0	-3183.0	8070.3	-3326.9	1.0000	-0.8314	-0.09663	-0.23681	14.635	0.002000
5.6660	-2754.10	141.69	5280.0	-3185.0	8072.5	-3328.7	1.0000	-0.8259	-0.09670	-0.23686	14.639	0.002000
5.6680	-2753.39	142.42	5283.0	-3186.0	8074.7	-3330.4	1.0000	-0.8311	-0.09670	-0.23702	14.647	0.002000
5.6700	-2753.65	142.16	5285.0	-3188.0	8076.9	-3332.1	1.0000	-0.8360	-0.09676	-0.23712	14.654	0.002000
5.6720	-2753.92	142.88	5287.0	-3189.0	8079.1	-3333.9	1.0000	-0.8418	-0.09677	-0.23722	14.660	0.002000
5.6740	-2754.19	142.62	5289.0	-3191.0	8081.3	-3335.6	1.0000	-0.8473	-0.09683	-0.23733	14.666	0.002000
5.6760	-2754.46	142.36	5291.0	-3193.0	8083.5	-3337.3	1.0000	-0.8427	-0.09688	-0.23744	14.673	0.002000
5.6780	-2754.72	142.10	5293.0	-3195.0	8085.7	-3339.1	1.0000	-0.8377	-0.09693	-0.23754	14.680	0.002000
5.6800	-2754.99	142.83	5295.0	-3196.0	8087.9	-3340.8	1.0000	-0.8432	-0.09695	-0.23765	14.686	0.002000
5.6820	-2755.25	142.57	5297.0	-3198.0	8090.1	-3342.5	1.0000	-0.8388	-0.09700	-0.23775	14.693	0.002000
5.6840	-2754.53	142.31	5300.0	-3200.0	8092.2	-3344.3	1.0000	-0.8337	-0.09705	-0.23791	14.702	0.002000
5.6860	-2754.79	142.05	5302.0	-3202.0	8094.4	-3346.0	1.0000	-0.8283	-0.09710	-0.23801	14.708	0.002000
5.6880	-2755.05	141.80	5304.0	-3204.0	8096.6	-3347.7	1.0000	-0.8226	-0.09715	-0.23812	14.715	0.002000
5.6900	-2755.31	142.52	5306.0	-3205.0	8098.8	-3349.5	1.0000	-0.8276	-0.09717	-0.23822	14.721	0.002000
5.6920	-2755.58	142.27	5308.0	-3207.0	8101.0	-3351.2	1.0000	-0.8323	-0.09722	-0.23833	14.728	0.002000
5.6940	-2755.84	142.01	5310.0	-3209.0	8103.2	-3352.9	1.0000	-0.8273	-0.09727	-0.23844	14.735	0.002000
5.6960	-2756.10	142.74	5312.0	-3210.0	8105.4	-3354.7	1.0000	-0.8327	-0.09729	-0.23854	14.740	0.002000
5.6980	-2756.36	142.48	5314.0	-3212.0	8107.6	-3356.4	1.0000	-0.8378	-0.09734	-0.23865	14.747	0.002000
5.7000	-2756.61	142.23	5316.0	-3214.0	8109.8	-3358.1	1.0000	-0.8331	-0.09740	-0.23875	14.754	0.002000
5.7020	-2755.89	141.97	5319.0	-3216.0	8111.9	-3359.9	1.0000	-0.8278	-0.09744	-0.23891	14.763	0.002000
5.7040	-2756.14	142.70	5321.0	-3217.0	8114.1	-3361.6	1.0000	-0.8331	-0.09746	-0.23901	14.769	0.002000
5.7060	-2756.40	142.45	5323.0	-3219.0	8116.3	-3363.4	1.0000	-0.8381	-0.09751	-0.23912	14.776	0.002000
5.7080	-2756.66	142.20	5325.0	-3221.0	8118.5	-3365.1	1.0000	-0.8333	-0.09756	-0.23922	14.782	0.002000
5.7100	-2756.91	141.94	5327.0	-3223.0	8120.7	-3366.8	1.0000	-0.8280	-0.09762	-0.23933	14.789	0.002000
5.7120	-2757.17	142.67	5329.0	-3224.0	8122.9	-3368.6	1.0000	-0.8333	-0.09763	-0.23943	14.795	0.002000
5.7140	-2757.42	142.42	5331.0	-3226.0	8125.1	-3370.3	1.0000	-0.8383	-0.09769	-0.23954	14.802	0.002000
5.7160	-2757.68	142.17	5333.0	-3228.0	8127.2	-3372.1	1.0000	-0.8334	-0.09774	-0.23965	14.808	0.002000
5.7180	-2757.93	142.90	5335.0	-3229.0	8129.4	-3373.8	1.0000	-0.8390	-0.09776	-0.23975	14.814	0.002000
5.7200	-2758.18	142.65	5337.0	-3231.0	8131.6	-3375.5	1.0000	-0.8442	-0.09781	-0.23986	14.821	0.002000
5.7220	-2758.44	142.40	5339.0	-3233.0	8133.8	-3377.3	1.0000	-0.8395	-0.09786	-0.23996	14.828	0.002000
5.7240	-2757.70	142.15	5342.0	-3235.0	8136.0	-3379.0	1.0000	-0.8343	-0.09790	-0.24012	14.837	0.002000
5.7260	-2757.95	142.88	5344.0	-3236.0	8138.2	-3380.8	1.0000	-0.8397	-0.09792	-0.24022	14.843	0.002000
5.7280	-2758.20	142.63	5346.0	-3238.0	8140.3	-3382.5	1.0000	-0.8447	-0.09797	-0.24033	14.850	0.002000
5.7300	-2758.45	142.38	5348.0	-3240.0	8142.5	-3384.2	1.0000	-0.8399	-0.09803	-0.24043	14.856	0.002000
5.7320	-2758.70	143.12	5350.0	-3241.0	8144.7	-3386.0	1.0000	-0.8455	-0.09804	-0.24054	14.862	0.002000
5.7340	-2758.95	142.87	5352.0	-3243.0	8146.9	-3387.7	1.0000	-0.8507	-0.09809	-0.24064	14.869	0.002000
5.7360	-2758.21	142.62	5355.0	-3245.0	8149.1	-3389.5	1.0000	-0.8460	-0.09814	-0.24080	14.878	0.002000
5.7380	-2759.44	142.37	5356.0	-3247.0	8151.2	-3391.2	1.0000	-0.8409	-0.09820	-0.24086	14.882	0.002000
5.7400	-2758.70	142.12	5359.0	-3249.0	8153.4	-3393.0	1.0000	-0.8355	-0.09824	-0.24101	14.892	0.002000
5.7420	-2759.94	142.86	5360.0	-3250.0	8155.6	-3394.7	1.0000	-0.8407	-0.09827	-0.24107	14.895	0.002000
5.7440	-2759.20	142.61	5363.0	-3252.0	8157.8	-3396.4	1.0000	-0.8361	-0.09831	-0.24122	14.904	0.002000
5.7460	-2759.44	142.36	5365.0	-3254.0	8159.9	-3398.2	1.0000	-0.8309	-0.09836	-0.24133	14.911	0.002000
5.7480	-2759.69	143.10	5367.0	-3255.0	8162.1	-3399.9	1.0000	-0.8362	-0.09838	-0.24143	14.917	0.002000
5.7500	-2759.93	142.86	5369.0	-3257.0	8164.3	-3401.7	1.0000	-0.8413	-0.09843	-0.24154	14.924	0.002000
5.7520	-2760.17	142.61	5371.0	-3259.0	8166.5	-3403.4	1.0000	-0.8365	-0.09849	-0.24165	14.930	0.002000
5.7540	-2760.41	142.36	5373.0	-3261.0	8168.6	-3405.2	1.0000	-0.8313	-0.09854	-0.24175	14.937	0.002000
5.7560	-2760.66	142.12	5375.0	-3263.0	8170.8	-3406.9	1.0000	-0.8257	-0.09859	-0.24186	14.944	0.002000
5.7580	-2760.90	142.86	5377.0	-3264.0	8173.0	-3408.7	1.0000	-0.8308	-0.09861	-0.24196	14.950	0.002000
5.7600	-2760.15	142.61	5380.0	-3266.0	8175.2	-3410.4	1.0000	-0.8357	-0.09865	-0.24212	14.959	0.002000
5.7620	-2760.39	142.37	5382.0	-3268.0	8177.3	-3412.2	1.0000	-0.8308	-0.09870	-0.24223	14.966	0.002000
5.7640	-2760.63	143.11	5384.0	-3269.0	8179.5	-3413.9	1.0000	-0.8363	-0.09872	-0.24233	14.971	0.002000
5.7660	-2760.87	142.87	5386.0	-3271.0	8181.7	-3415.7	1.0000	-0.8415	-0.09877	-0.24244	14.978	0.002000
5.7680	-2761.11	142.62	5388.0	-3273.0	8183.9	-3417.4	1.0000	-0.8369	-0.09882	-0.24255	14.985	0.002000
5.7700	-2761.35	142.38	5390.0	-3275.0	8186.0	-3419.2	1.0000	-0.8317	-0.09888	-0.24265	14.992	0.002000
5.7720	-2761.58	143.12	5392.0	-3276.0	8188.2	-3420.9	1.0000	-0.8370	-0.09889	-0.24276	14.998	0.002000
5.7740	-2761.82	142.88	5394.0	-3278.0	8190.4	-3422.7	1.0000	-0.8421	-0.09895	-0.24286	15.004	0.002000
5.7760	-2762.06	142.64	5396.0	-3280.0	8192.5	-3424.4	1.0000	-0.8373	-0.09900	-0.24297	15.011	0.002000
5.7780	-2761.30	142.40	5399.0	-3282.0	8194.7	-3426.2	1.0000	-0.8321	-0.09904	-0.24313	15.020	0.002000
5.7800	-2761.54	142.15	5401.0	-3284.0	8196.9	-3427.9	1.0000	-0.8265	-0.09909	-0.24323	15.027	0.002000
5.7820	-2761.77	142.90	5403.0	-3285.0	8199.0	-3429.7	1.0000	-0.8316	-0.09911	-0.24334	15.033	0.002000
5.7840	-2762.01	142.66	5405.0	-3287.0	8201.2	-3431.4	1.0000	-0.8365	-0.09916	-0.24344	15.040	0.002000
5.7860	-2762.24	142.42	5407.0	-3289.0	8203.4	-3433.2	1.0000	-0.8317	-0.09921	-0.24355	15.047	0.002000
5.7880	-2762.47	143.17	5409.0	-3290.0	8205.5	-3434.9	1.0000	-0.8372	-0.09923	-0.24365	15.052	0.002000
5.7900	-2762.70	142.93	5411.0	-3292.0	8207.7	-3436.7	1.0000	-0.8424	-0.09928	-0.24376	15.059	0.002000
5.7920	-2762.94	142.69	5413.0	-3294.0	8209.9	-3438.4	1.0000	-0.8378	-0.09933	-0.24387	15.066	0.002000
5.7940	-2762.18	142.45	5416.0	-3296.0	8212.0	-3440.2	1.0000	-0.8326	-0.09938	-0.24403	15.075	0.002000
5.7960	-2762.41	143.20	5418.0	-3297.0	8214.2	-3441.9	1.0000	-0.8380	-0.09939	-0.24413	15.081	0.002000
5.7980	-2762.64	142.96	5420.0	-3299.0	8216.4	-3443.7	1.0000	-0.8431	-0.09945	-0.24424	15.088	0.002000
5.8000	-2762.87	142.72	5422.0	-3301.0	8218.5	-3445.5	1.0000	-0.8384	-0.09950	-0.24434	15.095	0.002000
5.8020	-2763.10	142.48	5424.0	-3303.0	8220.7	-3447.2	1.0000	-0.8331	-0.09955	-0.24445	15.101	0.002000
5.8040	-2763.32	143.23	5426.0	-3304.0	8222.9	-3449.0	1.0000	-0.8385	-0.09957	-0.24455	15.107	0.002000
5.8060	-2763.55	142.99	5428.0	-3306.0	8225.0	-3450.7	1.0000	-0.8436	-0.09962	-0.24466	15.114	0.002000
5.8080	-2763.78	142.76	5430.0	-3308.0	8227.2	-3452.5	1.0000	-0.8388	-0.09967	-0.24477	15.121	0.002000
5.8100	-2764.00	143.51	5432.0	-3309.0	8229.3	-3454.2	1.0000	-0.8444	-0.09969	-0.24487	15.127	0.002000
5.8120	-2763.24	143.27	5435.0	-3311.0	8231.5	-3456.0	1.0000	-0.8497	-0.09973	-0.24503	15.136	0.002000
5.8140	-2764.45	143.04	5436.0	-3313.0	8233.7	-3457.8	1.0000	-0.8451	-0.09979	-0.24509	15.140	0.002000
5.8160	-2763.69	142.80	5439.0	-3315.0	8235.8	-3459.5	1.0000	-0.8400	-0.09983	-0.24524	15.149	0.002000
5.8180	-2763.91	142.57	5441.0	-3317.0	8238.0	-3461.3	1.0000	-0.8346	-0.09989	-0.24535	15.156	0.002000
5.8200	-2764.14	143.32	5443.0	-3318.0	8240.1	-3463.0	1.0000	-0.8398	-0.09990	-0.24546	15.162	0.002000
5.8220	-2764.36	143.09	5445.0	-3320.0	8242.3	-3464.8	1.0000	-0.8448	-0.09995	-0.24556	15.169	0.002000
5.8240	-2764.58	142.85	5447.0	-3322.0	8244.5	-3466.6	1.0000	-0.8399	-0.10001	-0.24567	15.176	0.002000
5.8260	-2764.80	142.62	5449.0	-3324.0	8246.6	-3468.3	1.0000	-0.8346	-0.10006	-0.24578	15.182	0.002000
5.8280	-2765.02	143.37	5451.0	-3325.0	8248.8	-3470.1	1.0000	-0.8400	-0.10007	-0.24588	15.188	0.002000
5.8300	-2765.24	143.14	5453.0	-3327.0	8250.9	-3471.8	1.0000	-0.8450	-0.10013	-0.24599	15.195	0.002000
5.8320	-2765.46	142.91	5455.0	-3329.0	8253.1	-3473.6	1.0000	-0.8403	-0.10018	-0.24610	15.202	0.002000
5.8340	-2765.68	142.67	5457.0	-3331.0	8255.2	-3475.4	1.0000	-0.8350	-0.10023	-0.24620	15.209	0.002000
5.8360	-2764.91	143.43	5460.0	-3332.0	8257.4	-3477.1	1.0000	-0.8404	-0.10024	-0.24636	15.217	0.002000
5.8380	-2765.13	143.20	5462.0	-3334.0	8259.6	-3478.9	1.0000	-0.8455	-0.10029	-0.24646	15.224	0.002000
5.8400	-2765.34	142.97	5464.0	-3336.0	8261.7	-3480.6	1.0000	-0.8407	-0.10034	-0.24657	15.230	0.002000
5.8420	-2765.56	143.72	5466.0	-3337.0	8263.9	-3482.4	1.0000	-0.8464	-0.10036	-0.24668	15.236	0.002000
5.8440	-2765.78	143.49	5468.0	-3339.0	8266.0	-3484.2	1.0000	-0.8517	-0.10041	-0.24678	15.243	0.002000
5.8460	-2765.99	143.26	5470.0	-3341.0	8268.2	-3485.9	1.0000	-0.8471	-0.10046	-0.24689	15.250	0.002000
5.8480	-2766.21	143.03	5472.0	-3343.0	8270.3	-3487.7	1.0000	-0.8420	-0.10051	-0.24700	15.257	0.002000
5.8500	-2765.43	142.80	5475.0	-3345.0	8272.5	-3489.5	1.0000	-0.8366	-0.10055	-0.24716	15.266	0.002000
5.8520	-2766.63	143.56	5476.0	-3346.0	8274.6	-3491.2	1.0000	-0.8419	-0.10058	-0.24721	15.269	0.002000
5.8540	-2765.86	143.33	5479.0	-3348.0	8276.8	-3493.0	1.0000	-0.8469	-0.10062	-0.24737	15.279	0.002000
5.8560	-2766.07	143.11	5481.0	-3350.0	8278.9	-3494.8	1.0000	-0.8420	-0.10067	-0.24748	15.285	0.002000
5.8580	-2766.28	142.88	5483.0	-3352.0	8281.1	-3496.5	1.0000	-0.8368	-0.10073	-0.24758	15.292	0.002000
5.8600	-2766.49	143.64	5485.0	-3353.0	8283.2	-3498.3	1.0000	-0.8421	-0.10074	-0.24769	15.298	0.002000
5.8620	-2766.70	143.41	5487.0	-3355.0	8285.4	-3500.1	1.0000	-0.8472	-0.10079	-0.24779	15.305	0.002000
5.8640	-2766.91	143.18	5489.0	-3357.0	8287.5	-3501.8	1.0000	-0.8425	-0.10084	-0.24790	15.312	0.002000
5.8660	-2767.12	142.96	5491.0	-3359.0	8289.7	-3503.6	1.0000	-0.8373	-0.10090	-0.24801	15.318	0.002000
5.8680	-2766.34	143.72	5494.0	-3360.0	8291.8	-3505.4	1.0000	-0.8427	-0.10090	-0.24816	15.327	0.002000
5.8700	-2766.55	143.49	5496.0	-3362.0	8294.0	-3507.1	1.0000	-0.8478	-0.10095	-0.24827	15.333	0.002000
5.8720	-2766.76	143.27	5498.0	-3364.0	8296.1	-3508.9	1.0000	-0.8431	-0.10101	-0.24838	15.340	0.002000
5.8740	-2766.97	144.03	5500.0	-3365.0	8298.3	-3510.7	1.0000	-0.8488	-0.10102	-0.24848	15.346	0.002000
5.8760	-2767.17	143.81	5502.0	-3367.0	8300.4	-3512.4	1.0000	-0.8541	-0.10107	-0.24859	15.353	0.002000
5.8780	-2767.38	143.58	5504.0	-3369.0	8302.6	-3514.2	1.0000	-0.8496	-0.10113	-0.24870	15.360	0.002000
5.8800	-2767.58	143.36	5506.0	-3371.0	8304.7	-3516.0	1.0000	-0.8445	-0.10118	-0.24881	15.367	0.002000
5.8820	-2767.79	143.13	5508.0	-3373.0	8306.8	-3517.7	1.0000	-0.8391	-0.10123	-0.24892	15.373	0.002000
5.8840	-2767.00	142.91	5511.0	-3375.0	8309.0	-3519.5	1.0000	-0.8335	-0.10127	-0.24907	15.383	0.002000
5.8860	-2768.20	143.68	5512.0	-3376.0	8311.1	-3521.3	1.0000	-0.8386	-0.10130	-0.24913	15.386	0.002000
5.8880	-2767.41	143.45	5515.0	-3378.0	8313.3	-3523.1	1.0000	-0.8435	-0.10134	-0.24929	15.395	0.002000
5.8900	-2767.61	143.23	5517.0	-3380.0	8315.4	-3524.8	1.0000	-0.8387	-0.10139	-0.24939	15.402	0.002000
5.8920	-2767.81	144.00	5519.0	-3381.0	8317.6	-3526.6	1.0000	-0.8442	-0.10141	-0.24950	15.408	0.002000
5.8940	-2768.02	143.77	5521.0	-3383.0	8319.7	-3528.4	1.0000	-0.8495	-0.10146	-0.24961	15.415	0.002000
5.8960	-2768.22	143.55	5523.0	-3385.0	8321.8	-3530.1	1.0000	-0.8452	-0.10151	-0.24971	15.422	0.002000
5.8980	-2768.42	143.33	5525.0	-3387.0	8324.0	-3531.9	1.0000	-0.8400	-0.10156	-0.24982	15.428	0.002000
5.9000	-2768.62	144.10	5527.0	-3388.0	8326.1	-3533.7	1.0000	-0.8454	-0.10158	-0.24993	15.434	0.002000
5.9020	-2768.82	143.88	5529.0	-3390.0	8328.3	-3535.5	1.0000	-0.8505	-0.10163	-0.25003	15.441	0.002000
5.9040	-2769.01	143.66	5531.0	-3392.0	8330.4	-3537.2	1.0000	-0.8459	-0.10168	-0.25014	15.448	0.002000
5.9060	-2769.21	143.44	5533.0	-3394.0	8332.5	-3539.0	1.0000	-0.8408	-0.10173	-0.25025	15.455	0.002000
5.9080	-2768.42	143.22	5536.0	-3396.0	8334.7	-3540.8	1.0000	-0.8353	-0.10177	-0.25041	15.464	0.002000
5.9100	-2768.62	143.99	5538.0	-3397.0	8336.8	-3542.6	1.0000	-0.8405	-0.10179	-0.25051	15.470	0.002000
5.9120	-2768.81	143.77	5540.0	-3399.0	8339.0	-3544.3	1.0000	-0.8455	-0.10184	-0.25062	15.477	0.002000
5.9140	-2769.01	143.55	5542.0	-3401.0	8341.1	-3546.1	1.0000	-0.8500	-0.10189	-0.25073	15.483	0.002000
5.9160	-2769.20	143.34	5544.0	-3403.0	8343.2	-3547.9	1.0000	-0.8451	-0.10194	-0.25084	15.490	0.002000
5.9180	-2768.41	144.11	5547.0	-3404.0	8345.4	-3549.7	1.0000	-0.8507	-0.10195	-0.25099	15.498	0.002000
5.9200	-2769.59	143.89	5548.0	-3406.0	8347.5	-3551.4	1.0000	-0.8560	-0.10201	-0.25105	15.503	0.002000
5.9220	-2769.78	143.67	5550.0	-3408.0	8349.6	-3553.2	1.0000	-0.8514	-0.10206	-0.25116	15.510	0.002000
5.9240	-2769.98	143.46	5552.0	-3410.0	8351.8	-3555.0	1.0000	-0.8463	-0.10211	-0.25127	15.517	0.002000
5.9260	-2769.18	143.24	5555.0	-3412.0	8353.9	-3556.8	1.0000	-0.8409	-0.10215	-0.25142	15.526	0.002000
5.9280	-2769.37	144.01	5557.0	-3413.0	8356.0	-3558.6	1.0000	-0.8462	-0.10217	-0.25153	15.532	0.002000
5.9300	-2769.56	143.80	5559.0	-3415.0	8358.2	-3560.3	1.0000	-0.8512	-0.10222	-0.25164	15.538	0.002000
5.9320	-2769.75	143.58	5561.0	-3417.0	8360.3	-3562.1	1.0000	-0.8465	-0.10227	-0.25174	15.545	0.002000
5.9340	-2769.94	143.37	5563.0	-3419.0	8362.4	-3563.9	1.0000	-0.8413	-0.10232	-0.25185	15.552	0.002000
5.9360	-2770.13	144.14	5565.0	-3420.0	8364.6	-3565.7	1.0000	-0.8467	-0.10234	-0.25196	15.558	0.002000
5.9380	-2770.32	143.93	5567.0	-3422.0	8366.7	-3567.5	1.0000	-0.8518	-0.10239	-0.25207	15.565	0.002000
5.9400	-2770.50	143.71	5569.0	-3424.0	8368.8	-3569.2	1.0000	-0.8472	-0.10244	-0.25217	15.572	0.002000
5.9420	-2769.70	143.50	5572.0	-3426.0	8371.0	-3571.0	1.0000	-0.8421	-0.10248	-0.25233	15.581	0.002000
5.9440	-2769.89	143.29	5574.0	-3428.0	8373.1	-3572.8	1.0000	-0.8366	-0.10253	-0.25244	15.588	0.002000
5.9460	-2770.07	144.06	5576.0	-3429.0	8375.2	-3574.6	1.0000	-0.8418	-0.10255	-0.25255	15.594	0.002000
5.9480	-2770.26	143.85	5578.0	-3431.0	8377.3	-3576.4	1.0000	-0.8468	-0.10260	-0.25265	15.600	0.002000
5.9500	-2770.45	143.64	5580.0	-3433.0	8379.5	-3578.1	1.0000	-0.8515	-0.10265	-0.25276	15.607	0.002000
5.9520	-2770.63	144.42	5582.0	-3434.0	8381.6	-3579.9	1.0000	-0.8574	-0.10267	-0.25287	15.613	0.002000
5.9540	-2770.81	144.21	5584.0	-3436.0	8383.7	-3581.7	1.0000	-0.8630	-0.10272	-0.25298	15.620	0.002000
5.9560	-2771.00	144.00	5586.0	-3438.0	8385.9	-3583.5	1.0000	-0.8586	-0.10277	-0.25308	15.627	0.002000
5.9580	-2771.18	143.79	5588.0	-3440.0	8388.0	-3585.3	1.0000	-0.8537	-0.10282	-0.25319	15.634	0.002000
5.9600	-2770.37	143.58	5591.0	-3442.0	8390.1	-3587.1	1.0000	-0.8484	-0.10286	-0.25335	15.643	0.002000
5.9620	-2770.55	143.37	5593.0	-3444.0	8392.2	-3588.8	1.0000	-0.8429	-0.10291	-0.25346	15.650	0.002000
5.9640	-2770.73	144.15	5595.0	-3445.0	8394.4	-3590.6	1.0000	-0.8482	-0.10293	-0.25356	15.656	0.002000
5.9660	-2770.91	143.94	5597.0	-3447.0	8396.5	-3592.4	1.0000	-0.8531	-0.10298	-0.25367	15.662	0.002000
5.9680	-2771.09	143.73	5599.0	-3449.0	8398.6	-3594.2	1.0000	-0.8483	-0.10303	-0.25378	15.669	0.002000
5.9700	-2771.27	144.51	5601.0	-3450.0	8400.7	-3596.0	1.0000	-0.8539	-0.10304	-0.25389	15.675	0.002000
5.9720	-2771.45	144.30	5603.0	-3452.0	8402.9	-3597.8	1.0000	-0.8593	-0.10309	-0.25399	15.682	0.002000
5.9740	-2771.63	144.09	5605.0	-3454.0	8405.0	-3599.6	1.0000	-0.8548	-0.10315	-0.25410	15.689	0.002000
5.9760	-2771.81	143.88	5607.0	-3456.0	8407.1	-3601.4	1.0000	-0.8498	-0.10320	-0.25421	15.696	0.002000
5.9780	-2771.98	143.68	5609.0	-3458.0	8409.2	-3603.1	1.0000	-0.8445	-0.10325	-0.25432	15.702	0.002000
5.9800	-2772.16	143.47	5611.0	-3460.0	8411.3	-3604.9	1.0000	-0.8389	-0.10330	-0.25443	15.709	0.002000
5.9820	-2771.35	144.25	5614.0	-3461.0	8413.5	-3606.7	1.0000	-0.8440	-0.10330	-0.25458	15.718	0.002000
5.9840	-2771.52	144.05	5616.0	-3463.0	8415.6	-3608.5	1.0000	-0.8490	-0.10335	-0.25469	15.724	0.002000
5.9860	-2771.70	143.84	5618.0	-3465.0	8417.7	-3610.3	1.0000	-0.8536	-0.10341	-0.25480	15.731	0.002000
5.9880	-2771.87	143.64	5620.0	-3467.0	8419.8	-3612.1	1.0000	-0.8486	-0.10346	-0.25491	15.738	0.002000
5.9900	-2772.04	144.42	5622.0	-3468.0	8421.9	-3613.9	1.0000	-0.8542	-0.10347	-0.25502	15.744	0.002000
5.9920	-2772.22	144.22	5624.0	-3470.0	8424.1	-3615.7	1.0000	-0.8596	-0.10352	-0.25512	15.751	0.002000
5.9940	-2771.40	144.01	5627.0	-3472.0	8426.2	-3617.5	1.0000	-0.8550	-0.10356	-0.25528	15.760	0.002000
5.9960	-2772.56	143.81	5628.0	-3474.0	8428.3	-3619.2	1.0000	-0.8500	-0.10362	-0.25534	15.764	0.002000
5.9980	-2771.74	143.61	5631.0	-3476.0	8430.4	-3621.0	1.0000	-0.8447	-0.10366	-0.25550	15.774	0.002000
6.0000	-2771.91	144.39	5633.0	-3477.0	8432.5	-3622.8	1.0000	-0.8500	-0.10368	-0.25561	15.780	0.002000
6.0020	-2772.08	144.19	5635.0	-3479.0	8434.6	-3624.6	1.0000	-0.8551	-0.10373	-0.25571	15.786	0.002000
6.0040	-2772.25	143.99	5637.0	-3481.0	8436.8	-3626.4	1.0000	-0.8505	-0.10378	-0.25582	15.793	0.002000
6.0060	-2772.42	143.78	5639.0	-3483.0	8438.9	-3628.2	1.0000	-0.8453	-0.10383	-0.25593	15.800	0.002000
6.0080	-2772.59	144.57	5641.0	-3484.0	8441.0	-3630.0	1.0000	-0.8507	-0.10385	-0.25604	15.806	0.002000
6.0100	-2772.75	144.37	5643.0	-3486.0	8443.1	-3631.8	1.0000	-0.8560	-0.10390	-0.25615	15.813	0.002000
6.0120	-2772.92	144.17	5645.0	-3488.0	8445.2	-3633.6	1.0000	-0.8515	-0.10395	-0.25626	15.820	0.002000
6.0140	-2773.09	143.97	5647.0	-3490.0	8447.3	-3635.4	1.0000	-0.8464	-0.10400	-0.25636	15.827	0.002000
6.0160	-2772.26	143.77	5650.0	-3492.0	8449.4	-3637.2	1.0000	-0.8410	-0.10404	-0.25652	15.836	0.002000
6.0180	-2772.43	144.56	5652.0	-3493.0	8451.6	-3639.0	1.0000	-0.8462	-0.10406	-0.25663	15.842	0.002000
6.0200	-2772.59	144.36	5654.0	-3495.0	8453.7	-3640.8	1.0000	-0.8513	-0.10411	-0.25674	15.849	0.002000
6.0220	-2772.76	144.16	5656.0	-3497.0	8455.8	-3642.6	1.0000	-0.8561	-0.10416	-0.25685	15.855	0.002000
6.0240	-2772.92	143.96	5658.0	-3499.0	8457.9	-3644.4	1.0000	-0.8512	-0.10421	-0.25696	15.862	0.002000
6.0260	-2773.08	144.75	5660.0	-3500.0	8460.0	-3646.2	1.0000	-0.8568	-0.10422	-0.25706	15.868	0.002000
6.0280	-2773.25	144.55	5662.0	-3502.0	8462.1	-3648.0	1.0000	-0.8622	-0.10427	-0.25717	15.875	0.002000
6.0300	-2773.41	144.36	5664.0	-3504.0	8464.2	-3649.8	1.0000	-0.8577	-0.10432	-0.25728	15.882	0.002000
6.0320	-2772.58	144.16	5667.0	-3506.0	8466.3	-3651.5	1.0000	-0.8527	-0.10436	-0.25744	15.891	0.002000
6.0340	-2773.73	143.96	5668.0	-3508.0	8468.4	-3653.3	1.0000	-0.8474	-0.10442	-0.25750	15.896	0.002000
6.0360	-2772.90	144.75	5671.0	-3509.0	8470.5	-3655.1	1.0000	-0.8528	-0.10443	-0.25765	15.904	0.002000
6.0380	-2773.06	144.56	5673.0	-3511.0	8472.7	-3656.9	1.0000	-0.8579	-0.10448	-0.25776	15.911	0.002000
6.0400	-2773.22	144.36	5675.0	-3513.0	8474.8	-3658.7	1.0000	-0.8533	-0.10453	-0.25787	15.918	0.002000
6.0420	-2773.38	144.16	5677.0	-3515.0	8476.9	-3660.5	1.0000	-0.8482	-0.10458	-0.25798	15.924	0.002000
6.0440	-2773.54	143.97	5679.0	-3517.0	8479.0	-3662.3	1.0000	-0.8428	-0.10463	-0.25809	15.931	0.002000
6.0460	-2773.69	143.77	5681.0	-3519.0	8481.1	-3664.1	1.0000	-0.8372	-0.10468	-0.25820	15.938	0.002000
6.0480	-2773.85	144.57	5683.0	-3520.0	8483.2	-3665.9	1.0000	-0.8422	-0.10470	-0.25830	15.944	0.002000
6.0500	-2773.01	144.38	5686.0	-3522.0	8485.3	-3667.7	1.0000	-0.8472	-0.10474	-0.25846	15.953	0.002000
6.0520	-2773.17	144.18	5688.0	-3524.0	8487.4	-3669.5	1.0000	-0.8520	-0.10479	-0.25857	15.960	0.002000
6.0540	-2773.33	144.98	5690.0	-3525.0	8489.5	-3671.3	1.0000	-0.8579	-0.10480	-0.25868	15.966	0.002000
6.0560	-2773.48	144.78	5692.0	-3527.0	8491.6	-3673.1	1.0000	-0.8635	-0.10485	-0.25879	15.973	0.002000
6.0580	-2773.63	144.59	5694.0	-3529.0	8493.7	-3675.0	1.0000	-0.8686	-0.10490	-0.25890	15.980	0.002000
6.0600	-2773.79	144.40	5696.0	-3531.0	8495.8	-3676.8	1.0000	-0.8640	-0.10495	-0.25901	15.987	0.002000
6.0620	-2773.94	144.21	5698.0	-3533.0	8497.9	-3678.6	1.0000	-0.8590	-0.10500	-0.25912	15.993	0.002000
6.0640	-2774.09	144.01	5700.0	-3535.0	8500.0	-3680.4	1.0000	-0.8537	-0.10505	-0.25922	16.000	0.002000
6.0660	-2773.25	144.81	5703.0	-3536.0	8502.1	-3682.2	1.0000	-0.8592	-0.10506	-0.25938	16.009	0.002000
6.0680	-2773.40	144.62	5705.0	-3538.0	8504.2	-3684.0	1.0000	-0.8642	-0.10511	-0.25949	16.016	0.002000
6.0700	-2773.55	144.43	5707.0	-3540.0	8506.3	-3685.8	1.0000	-0.8596	-0.10516	-0.25960	16.022	0.002000
6.0720	-2773.70	144.24	5709.0	-3542.0	8508.4	-3687.6	1.0000	-0.8545	-0.10521	-0.25971	16.029	0.002000
6.0740	-2773.85	144.05	5711.0	-3544.0	8510.5	-3689.4	1.0000	-0.8491	-0.10526	-0.25982	16.036	0.002000
6.0760	-2774.00	144.85	5713.0	-3545.0	8512.6	-3691.2	1.0000	-0.8545	-0.10527	-0.25992	16.042	0.002000
6.0780	-2774.15	144.66	5715.0	-3547.0	8514.7	-3693.0	1.0000	-0.8596	-0.10532	-0.26003	16.049	0.002000
6.0800	-2774.30	144.47	5717.0	-3549.0	8516.8	-3694.8	1.0000	-0.8550	-0.10538	-0.26014	16.056	0.002000
6.0820	-2774.45	144.28	5719.0	-3551.0	8518.9	-3696.6	1.0000	-0.8499	-0.10543	-0.26025	16.063	0.002000
6.0840	-2774.59	144.09	5721.0	-3553.0	8521.0	-3698.4	1.0000	-0.8445	-0.10548	-0.26036	16.069	0.002000
6.0860	-2774.74	143.91	5723.0	-3555.0	8523.1	-3700.2	1.0000	-0.8390	-0.10553	-0.26047	16.076	0.002000
6.0880	-2773.89	144.71	5726.0	-3556.0	8525.2	-3702.0	1.0000	-0.8440	-0.10553	-0.26063	16.085	0.002000
6.0900	-2774.04	144.52	5728.0	-3558.0	8527.3	-3703.8	1.0000	-0.8490	-0.10558	-0.26074	16.092	0.002000
6.0920	-2774.18	144.33	5730.0	-3560.0	8529.4	-3705.6	1.0000	-0.8539	-0.10563	-0.26085	16.098	0.002000
6.0940	-2774.32	145.14	5732.0	-3561.0	8531.5	-3707.5	1.0000	-0.8597	-0.10565	-0.26095	16.104	0.002000
6.0960	-2774.47	144.95	5734.0	-3563.0	8533.6	-3709.3	1.0000	-0.8653	-0.10570	-0.26106	16.111	0.002000
6.0980	-2774.61	144.77	5736.0	-3565.0	8535.7	-3711.1	1.0000	-0.8706	-0.10575	-0.26117	16.118	0.002000
6.1000	-2773.76	144.58	5739.0	-3567.0	8537.8	-3712.9	1.0000	-0.8660	-0.10578	-0.26133	16.127	0.002000
6.1020	-2774.89	144.39	5740.0	-3569.0	8539.9	-3714.7	1.0000	-0.8610	-0.10585	-0.26139	16.132	0.002000
6.1040	-2774.04	144.21	5743.0	-3571.0	8541.9	-3716.5	1.0000	-0.8558	-0.10589	-0.26155	16.141	0.002000
6.1060	-2775.17	145.02	5744.0	-3572.0	8544.0	-3718.3	1.0000	-0.8612	-0.10591	-0.26161	16.145	0.002000
6.1080	-2774.32	144.83	5747.0	-3574.0	8546.1	-3720.1	1.0000	-0.8664	-0.10595	-0.26177	16.154	0.002000
6.1100	-2774.46	144.65	5749.0	-3576.0	8548.2	-3721.9	1.0000	-0.8617	-0.10600	-0.26188	16.161	0.002000
6.1120	-2774.60	145.46	5751.0	-3577.0	8550.3	-3723.8	1.0000	-0.8676	-0.10601	-0.26198	16.167	0.002000
6.1140	-2774.74	144.28	5753.0	-3580.0	8552.4	-3725.6	1.0000	-0.8622	-0.10610	-0.26210	16.174	0.002000
6.1160	-2774.88	145.09	5755.0	-3581.0	8554.5	-3727.4	1.0000	-0.8676	-0.10611	-0.26220	16.180	0.002000
6.1180	-2775.01	144.91	5757.0	-3583.0	8556.6	-3729.2	1.0000	-0.8631	-0.10616	-0.26231	16.187	0.002000
6.1200	-2775.15	144.72	5759.0	-3585.0	8558.7	-3731.0	1.0000	-0.8581	-0.10621	-0.26242	16.194	0.002000
6.1220	-2775.29	144.54	5761.0	-3587.0	8560.7	-3732.8	1.0000	-0.8528	-0.10626	-0.26253	16.201	0.002000
6.1240	-2774.43	144.36	5764.0	-3589.0	8562.8	-3734.6	1.0000	-0.8473	-0.10630	-0.26269	16.210	0.002000
6.1260	-2774.56	144.18	5766.0	-3591.0	8564.9	-3736.4	1.0000	-0.8416	-0.10635	-0.26280	16.217	0.002000
6.1280	-2774.70	144.99	5768.0	-3592.0	8567.0	-3738.3	1.0000	-0.8467	-0.10637	-0.26291	16.223	0.002000
6.1300	-2774.83	144.81	5770.0	-3594.0	8569.1	-3740.1	1.0000	-0.8517	-0.10642	-0.26302	16.230	0.002000
6.1320	-2774.96	144.63	5772.0	-3596.0	8571.2	-3741.9	1.0000	-0.8565	-0.10647	-0.26313	16.237	0.002000
6.1340	-2775.10	144.45	5774.0	-3598.0	8573.3	-3743.7	1.0000	-0.8518	-0.10652	-0.26324	16.244	0.002000
6.1360	-2775.23	144.27	5776.0	-3600.0	8575.3	-3745.5	1.0000	-0.8466	-0.10657	-0.26335	16.251	0.002000
6.1380	-2775.36	145.08	5778.0	-3601.0	8577.4	-3747.3	1.0000	-0.8519	-0.10658	-0.26345	16.257	0.002000
6.1400	-2775.49	144.90	5780.0	-3603.0	8579.5	-3749.2	1.0000	-0.8571	-0.10663	-0.26356	16.263	0.002000
6.1420	-2774.63	144.73	5783.0	-3605.0	8581.6	-3751.0	1.0000	-0.8621	-0.10667	-0.26372	16.273	0.002000
6.1440	-2774.76	144.55	5785.0	-3607.0	8583.7	-3752.8	1.0000	-0.8574	-0.10672	-0.26383	16.280	0.002000
6.1460	-2774.89	145.36	5787.0	-3608.0	8585.8	-3754.6	1.0000	-0.8631	-0.10674	-0.26394	16.286	0.002000
6.1480	-2775.02	145.18	5789.0	-3610.0	8587.8	-3756.4	1.0000	-0.8685	-0.10679	-0.26405	16.292	0.002000
6.1500	-2775.14	145.01	5791.0	-3612.0	8589.9	-3758.2	1.0000	-0.8643	-0.10683	-0.26416	16.299	0.002000
6.1520	-2775.27	144.83	5793.0	-3614.0	8592.0	-3760.1	1.0000	-0.8594	-0.10688	-0.26427	16.306	0.002000
6.1540	-2775.40	144.65	5795.0	-3616.0	8594.1	-3761.9	1.0000	-0.8542	-0.10693	-0.26438	16.313	0.002000
6.1560	-2775.52	144.48	5797.0	-3618.0	8596.2	-3763.7	1.0000	-0.8487	-0.10698	-0.26449	16.320	0.002000
6.1580	-2775.65	144.30	5799.0	-3620.0	8598.2	-3765.5	1.0000	-0.8431	-0.10703	-0.26460	16.327	0.002000
6.1600	-2775.77	145.12	5801.0	-3621.0	8600.3	-3767.3	1.0000	-0.8482	-0.10705	-0.26471	16.333	0.002000
6.1620	-2774.91	144.94	5804.0	-3623.0	8602.4	-3769.2	1.0000	-0.8532	-0.10709	-0.26487	16.342	0.002000
6.1640	-2775.03	144.77	5806.0	-3625.0	8604.5	-3771.0	1.0000	-0.8581	-0.10714	-0.26498	16.349	0.002000
6.1660	-2775.15	144.59	5808.0	-3627.0	8606.6	-3772.8	1.0000	-0.8535	-0.10719	-0.26509	16.356	0.002000
6.1680	-2775.28	145.41	5810.0	-3628.0	8608.6	-3774.6	1.0000	-0.8591	-0.10720	-0.26519	16.362	0.002000
6.1700	-2775.40	145.24	5812.0	-3630.0	8610.7	-3776.5	1.0000	-0.8644	-0.10725	-0.26530	16.369	0.002000
6.1720	-2775.52	145.07	5814.0	-3632.0	8612.8	-3778.3	1.0000	-0.8695	-0.10730	-0.26541	16.376	0.002000
6.1740	-2775.64	144.89	5816.0	-3634.0	8614.9	-3780.1	1.0000	-0.8648	-0.10735	-0.26552	16.382	0.002000
6.1760	-2774.77	144.72	5819.0	-3636.0	8616.9	-3781.9	1.0000	-0.8598	-0.10739	-0.26569	16.392	0.002000
6.1780	-2775.88	145.54	5820.0	-3637.0	8619.0	-3783.8	1.0000	-0.8654	-0.10741	-0.26574	16.395	0.002000
6.1800	-2775.01	145.37	5823.0	-3639.0	8621.1	-3785.6	1.0000	-0.8707	-0.10745	-0.26590	16.405	0.002000
6.1820	-2775.13	145.20	5825.0	-3641.0	8623.2	-3787.4	1.0000	-0.8663	-0.10750	-0.26601	16.412	0.002000
6.1840	-2775.25	145.03	5827.0	-3643.0	8625.2	-3789.2	1.0000	-0.8613	-0.10755	-0.26612	16.418	0.002000
6.1860	-2775.36	144.86	5829.0	-3645.0	8627.3	-3791.1	1.0000	-0.8561	-0.10760	-0.26623	16.425	0.002000
6.1880	-2775.48	144.69	5831.0	-3647.0	8629.4	-3792.9	1.0000	-0.8506	-0.10765	-0.26634	16.432	0.002000
6.1900	-2775.60	144.52	5833.0	-3649.0	8631.4	-3794.7	1.0000	-0.8451	-0.10770	-0.26645	16.439	0.002000
6.1920	-2775.71	144.35	5835.0	-3651.0	8633.5	-3796.5	1.0000	-0.8394	-0.10775	-0.26656	16.446	0.002000
6.1940	-2775.83	145.17	5837.0	-3652.0	8635.6	-3798.4	1.0000	-0.8443	-0.10776	-0.26667	16.452	0.002000
6.1960	-2775.94	145.00	5839.0	-3654.0	8637.7	-3800.2	1.0000	-0.8492	-0.10781	-0.26678	16.459	0.002000
6.1980	-2776.06	144.83	5841.0	-3656.0	8639.7	-3802.0	1.0000	-0.8541	-0.10786	-0.26689	16.466	0.002000
6.2000	-2775.18	145.65	5844.0	-3657.0	8641.8	-3803.8	1.0000	-0.8599	-0.10787	-0.26705	16.474	0.002000
6.2020	-2775.29	144.49	5846.0	-3660.0	8643.9	-3805.7	1.0000	-0.8547	-0.10795	-0.26716	16.482	0.002000
6.2040	-2775.41	145.32	5848.0	-3661.0	8645.9	-3807.5	1.0000	-0.8601	-0.10796	-0.26727	16.488	0.002000
6.2060	-2775.52	145.15	5850.0	-3663.0	8648.0	-3809.3	1.0000	-0.8654	-0.10801	-0.26738	16.495	0.002000
6.2080	-2775.63	144.99	5852.0	-3665.0	8650.1	-3811.2	1.0000	-0.8703	-0.10806	-0.26749	16.502	0.002000
6.2100	-2775.74	144.82	5854.0	-3667.0	8652.1	-3813.0	1.0000	-0.8656	-0.10811	-0.26760	16.509	0.002000
6.2120	-2775.85	144.65	5856.0	-3669.0	8654.2	-3814.8	1.0000	-0.8605	-0.10816	-0.26771	16.516	0.002000
6.2140	-2774.97	144.49	5859.0	-3671.0	8656.3	-3816.6	1.0000	-0.8552	-0.10820	-0.26787	16.525	0.002000
6.2160	-2776.07	145.31	5860.0	-3672.0	8658.3	-3818.5	1.0000	-0.8606	-0.10822	-0.26793	16.528	0.002000
6.2180	-2775.19	145.15	5863.0	-3674.0	8660.4	-3820.3	1.0000	-0.8658	-0.10826	-0.26809	16.538	0.002000
6.2200	-2775.30	144.98	5865.0	-3676.0	8662.5	-3822.1	1.0000	-0.8706	-0.10831	-0.26820	16.545	0.002000
6.2220	-2775.40	144.82	5867.0	-3678.0	8664.5	-3824.0	1.0000	-0.8659	-0.10836	-0.26831	16.552	0.002000
6.2240	-2775.51	144.66	5869.0	-3680.0	8666.6	-3825.8	1.0000	-0.8609	-0.10841	-0.26842	16.558	0.002000
6.2260	-2775.62	145.48	5871.0	-3681.0	8668.7	-3827.6	1.0000	-0.8665	-0.10842	-0.26853	16.564	0.002000
6.2280	-2775.72	145.32	5873.0	-3683.0	8670.7	-3829.5	1.0000	-0.8718	-0.10847	-0.26864	16.571	0.002000
6.2300	-2775.83	145.16	5875.0	-3685.0	8672.8	-3831.3	1.0000	-0.8674	-0.10852	-0.26875	16.578	0.002000
6.2320	-2774.94	144.99	5878.0	-3687.0	8674.8	-3833.1	1.0000	-0.8625	-0.10856	-0.26891	16.588	0.002000
6.2340	-2775.05	144.83	5880.0	-3689.0	8676.9	-3835.0	1.0000	-0.8573	-0.10861	-0.26902	16.594	0.002000
6.2360	-2775.15	145.66	5882.0	-3690.0	8679.0	-3836.8	1.0000	-0.8627	-0.10862	-0.26913	16.600	0.002000
6.2380	-2775.25	145.50	5884.0	-3692.0	8681.0	-3838.6	1.0000	-0.8680	-0.10867	-0.26924	16.607	0.002000
6.2400	-2775.36	145.34	5886.0	-3694.0	8683.1	-3840.5	1.0000	-0.8730	-0.10872	-0.26935	16.614	0.002000
6.2420	-2775.46	145.18	5888.0	-3696.0	8685.1	-3842.3	1.0000	-0.8683	-0.10877	-0.26946	16.621	0.002000
6.2440	-2775.56	145.02	5890.0	-3698.0	8687.2	-3844.1	1.0000	-0.8632	-0.10882	-0.26957	16.628	0.002000
6.2460	-2775.66	144.86	5892.0	-3700.0	8689.3	-3846.0	1.0000	-0.8580	-0.10887	-0.26969	16.635	0.002000
6.2480	-2774.77	145.69	5895.0	-3701.0	8691.3	-3847.8	1.0000	-0.8634	-0.10887	-0.26984	16.643	0.002000
6.2500	-2775.86	145.53	5896.0	-3703.0	8693.4	-3849.7	1.0000	-0.8686	-0.10893	-0.26990	16.648	0.002000
6.2520	-2774.97	145.37	5899.0	-3705.0	8695.4	-3851.5	1.0000	-0.8735	-0.10897	-0.27006	16.657	0.002000
6.2540	-2775.07	145.21	5901.0	-3707.0	8697.5	-3853.3	1.0000	-0.8688	-0.10902	-0.27018	16.664	0.002000
6.2560	-2775.16	145.06	5903.0	-3709.0	8699.5	-3855.2	1.0000	-0.8638	-0.10907	-0.27029	16.671	0.002000
6.2580	-2775.26	144.90	5905.0	-3711.0	8701.6	-3857.0	1.0000	-0.8585	-0.10912	-0.27040	16.678	0.002000
6.2600	-2775.36	144.74	5907.0	-3713.0	8703.7	-3858.9	1.0000	-0.8530	-0.10917	-0.27051	16.685	0.002000
6.2620	-2775.46	144.58	5909.0	-3715.0	8705.7	-3860.7	1.0000	-0.8475	-0.10922	-0.27062	16.692	0.002000
6.2640	-2775.55	145.42	5911.0	-3716.0	8707.8	-3862.5	1.0000	-0.8525	-0.10923	-0.27073	16.698	0.002000
6.2660	-2775.65	145.26	5913.0	-3718.0	8709.8	-3864.4	1.0000	-0.8576	-0.10928	-0.27084	16.705	0.002000
6.2680	-2775.74	145.11	5915.0	-3720.0	8711.9	-3866.2	1.0000	-0.8626	-0.10933	-0.27095	16.711	0.002000
6.2700	-2775.84	144.95	5917.0	-3722.0	8713.9	-3868.1	1.0000	-0.8673	-0.10938	-0.27106	16.718	0.002000
6.2720	-2774.94	144.79	5920.0	-3724.0	8716.0	-3869.9	1.0000	-0.8625	-0.10941	-0.27122	16.728	0.002000
6.2740	-2775.03	144.64	5922.0	-3726.0	8718.0	-3871.7	1.0000	-0.8573	-0.10946	-0.27133	16.735	0.002000
6.2760	-2775.12	144.48	5924.0	-3728.0	8720.1	-3873.6	1.0000	-0.8520	-0.10951	-0.27144	16.742	0.002000
6.2780	-2775.21	145.32	5926.0	-3729.0	8722.1	-3875.4	1.0000	-0.8572	-0.10953	-0.27155	16.748	0.002000
6.2800	-2775.31	145.17	5928.0	-3731.0	8724.2	-3877.3	1.0000	-0.8624	-0.10957	-0.27166	16.754	0.002000
6.2820	-2774.40	145.01	5931.0	-3733.0	8726.2	-3879.1	1.0000	-0.8675	-0.10961	-0.27182	16.764	0.002000
6.2840	-2775.49	144.86	5932.0	-3735.0	8728.3	-3880.9	1.0000	-0.8629	-0.10967	-0.27189	16.768	0.002000
6.2860	-2775.58	144.71	5934.0	-3737.0	8730.3	-3882.8	1.0000	-0.8578	-0.10972	-0.27200	16.775	0.002000
6.2880	-2775.67	145.55	5936.0	-3738.0	8732.4	-3884.6	1.0000	-0.8633	-0.10973	-0.27210	16.781	0.002000
6.2900	-2774.76	145.39	5939.0	-3740.0	8734.4	-3886.5	1.0000	-0.8687	-0.10977	-0.27227	16.791	0.002000
6.2920	-2774.85	145.24	5941.0	-3742.0	8736.5	-3888.3	1.0000	-0.8738	-0.10982	-0.27238	16.798	0.002000
6.2940	-2774.94	145.09	5943.0	-3744.0	8738.5	-3890.2	1.0000	-0.8692	-0.10987	-0.27249	16.804	0.002000
6.2960	-2775.03	144.94	5945.0	-3746.0	8740.6	-3892.0	1.0000	-0.8642	-0.10992	-0.27260	16.811	0.002000
6.2980	-2775.11	144.79	5947.0	-3748.0	8742.6	-3893.9	1.0000	-0.8590	-0.10997	-0.27271	16.818	0.002000
6.3000	-2775.20	145.63	5949.0	-3749.0	8744.7	-3895.7	1.0000	-0.8644	-0.10998	-0.27282	16.824	0.002000
6.3020	-2775.28	145.48	5951.0	-3751.0	8746.7	-3897.6	1.0000	-0.8697	-0.11003	-0.27293	16.831	0.002000
6.3040	-2775.37	145.33	5953.0	-3753.0	8748.7	-3899.4	1.0000	-0.8747	-0.11008	-0.27304	16.838	0.002000
6.3060	-2775.45	145.18	5955.0	-3755.0	8750.8	-3901.2	1.0000	-0.8701	-0.11013	-0.27315	16.845	0.002000
6.3080	-2774.54	145.03	5958.0	-3757.0	8752.8	-3903.1	1.0000	-0.8651	-0.11016	-0.27331	16.854	0.002000
6.3100	-2774.63	144.88	5960.0	-3759.0	8754.9	-3904.9	1.0000	-0.8598	-0.11021	-0.27343	16.861	0.002000
6.3120	-2774.71	144.73	5962.0	-3761.0	8756.9	-3906.8	1.0000	-0.8544	-0.11026	-0.27354	16.868	0.002000
6.3140	-2774.79	144.59	5964.0	-3763.0	8759.0	-3908.6	1.0000	-0.8489	-0.11031	-0.27365	16.875	0.002000
6.3160	-2774.87	145.43	5966.0	-3764.0	8761.0	-3910.5	1.0000	-0.8540	-0.11032	-0.27376	16.881	0.002000
6.3180	-2774.96	145.28	5968.0	-3766.0	8763.0	-3912.3	1.0000	-0.8591	-0.11037	-0.27387	16.888	0.002000
6.3200	-2775.04	145.14	5970.0	-3768.0	8765.1	-3914.2	1.0000	-0.8641	-0.11042	-0.27398	16.895	0.002000
6.3220	-2775.12	144.99	5972.0	-3770.0	8767.1	-3916.0	1.0000	-0.8689	-0.11047	-0.27409	16.902	0.002000
6.3240	-2774.20	144.84	5975.0	-3772.0	8769.2	-3917.9	1.0000	-0.8641	-0.11051	-0.27425	16.911	0.002000
6.3260	-2774.28	144.70	5977.0	-3774.0	8771.2	-3919.7	1.0000	-0.8590	-0.11056	-0.27437	16.918	0.002000
6.3280	-2774.36	144.55	5979.0	-3776.0	8773.2	-3921.6	1.0000	-0.8537	-0.11060	-0.27448	16.925	0.002000
6.3300	-2774.44	145.40	5981.0	-3777.0	8775.3	-3923.4	1.0000	-0.8590	-0.11062	-0.27458	16.931	0.002000
6.3320	-2774.51	145.25	5983.0	-3779.0	8777.3	-3925.3	1.0000	-0.8643	-0.11067	-0.27470	16.938	0.002000
6.3340	-2774.59	145.11	5985.0	-3781.0	8779.4	-3927.1	1.0000	-0.8694	-0.11071	-0.27481	16.945	0.002000
6.3360	-2774.67	144.96	5987.0	-3783.0	8781.4	-3929.0	1.0000	-0.8649	-0.11076	-0.27492	16.952	0.002000
6.3380	-2774.74	144.82	5989.0	-3785.0	8783.4	-3930.8	1.0000	-0.8599	-0.11081	-0.27503	16.959	0.002000
6.3400	-2774.82	145.67	5991.0	-3786.0	8785.5	-3932.7	1.0000	-0.8654	-0.11082	-0.27514	16.965	0.002000
6.3420	-2774.89	145.53	5993.0	-3788.0	8787.5	-3934.6	1.0000	-0.8708	-0.11087	-0.27525	16.972	0.002000
6.3440	-2774.97	145.38	5995.0	-3790.0	8789.5	-3936.4	1.0000	-0.8759	-0.11092	-0.27536	16.979	0.002000
6.3460	-2775.04	145.24	5997.0	-3792.0	8791.6	-3938.3	1.0000	-0.8714	-0.11097	-0.27547	16.986	0.002000
6.3480	-2774.12	145.10	6000.0	-3794.0	8793.6	-3940.1	1.0000	-0.8664	-0.11101	-0.27564	16.995	0.002000
6.3500	-2774.19	144.96	6002.0	-3796.0	8795.6	-3942.0	1.0000	-0.8612	-0.11105	-0.27575	17.002	0.002000
6.3520	-2774.26	145.81	6004.0	-3797.0	8797.7	-3943.8	1.0000	-0.8667	-0.11107	-0.27586	17.008	0.002000
6.3540	-2774.33	145.67	6006.0	-3799.0	8799.7	-3945.7	1.0000	-0.8720	-0.11112	-0.27597	17.015	0.002000
6.3560	-2774.40	145.53	6008.0	-3801.0	8801.7	-3947.5	1.0000	-0.8771	-0.11116	-0.27608	17.022	0.002000
6.3580	-2773.48	145.38	6011.0	-3803.0	8803.8	-3949.4	1.0000	-0.8725	-0.11120	-0.27624	17.031	0.002000
6.3600	-2774.54	145.24	6012.0	-3805.0	8805.8	-3951.3	1.0000	-0.8676	-0.11126	-0.27630	17.036	0.002000
6.3620	-2773.62	145.10	6015.0	-3807.0	8807.8	-3953.1	1.0000	-0.8624	-0.11130	-0.27647	17.045	0.002000
6.3640	-2774.68	144.97	6016.0	-3809.0	8809.9	-3955.0	1.0000	-0.8570	-0.11136	-0.27653	17.050	0.002000
6.3660	-2773.76	144.83	6019.0	-3811.0	8811.9	-3956.8	1.0000	-0.8515	-0.11139	-0.27669	17.059	0.002000
6.3680	-2773.82	144.69	6021.0	-3813.0	8813.9	-3958.7	1.0000	-0.8460	-0.11144	-0.27680	17.066	0.002000
6.3700	-2773.89	144.55	6023.0	-3815.0	8816.0	-3960.5	1.0000	-0.8497	-0.11149	-0.27692	17.073	0.002000
6.3720	-2773.96	145.40	6025.0	-3816.0	8818.0	-3962.4	1.0000	-0.8549	-0.11150	-0.27702	17.079	0.002000
6.3740	-2774.02	145.27	6027.0	-3818.0	8820.0	-3964.3	1.0000	-0.8601	-0.11155	-0.27713	17.086	0.002000
6.3760	-2774.09	145.13	6029.0	-3820.0	8822.0	-3966.1	1.0000	-0.8653	-0.11160	-0.27725	17.093	0.002000
6.3780	-2774.15	144.99	6031.0	-3822.0	8824.1	-3968.0	1.0000	-0.8703	-0.11165	-0.27736	17.100	0.002000
6.3800	-2774.22	144.86	6033.0	-3824.0	8826.1	-3969.8	1.0000	-0.8657	-0.11170	-0.27747	17.107	0.002000
6.3820	-2773.29	144.72	6036.0	-3826.0	8828.1	-3971.7	1.0000	-0.8606	-0.11173	-0.27763	17.116	0.002000
6.3840	-2773.35	144.58	6038.0	-3828.0	8830.1	-3973.6	1.0000	-0.8554	-0.11178	-0.27775	17.123	0.002000
6.3860	-2773.41	145.44	6040.0	-3829.0	8832.2	-3975.4	1.0000	-0.8607	-0.11179	-0.27785	17.129	0.002000
6.3880	-2773.47	145.31	6042.0	-3831.0	8834.2	-3977.3	1.0000	-0.8660	-0.11184	-0.27797	17.136	0.002000
6.3900	-2773.53	145.17	6044.0	-3833.0	8836.2	-3979.1	1.0000	-0.8712	-0.11189	-0.27808	17.143	0.002000
6.3920	-2773.60	145.04	6046.0	-3835.0	8838.2	-3981.0	1.0000	-0.8759	-0.11194	-0.27819	17.150	0.002000
6.3940	-2773.66	144.90	6048.0	-3837.0	8840.3	-3982.9	1.0000	-0.8712	-0.11199	-0.27830	17.157	0.002000
6.3960	-2773.72	144.77	6050.0	-3839.0	8842.3	-3984.7	1.0000	-0.8663	-0.11203	-0.27842	17.164	0.002000
6.3980	-2773.77	145.63	6052.0	-3840.0	8844.3	-3986.6	1.0000	-0.8719	-0.11205	-0.27852	17.170	0.002000
6.4000	-2772.84	145.50	6055.0	-3842.0	8846.3	-3988.5	1.0000	-0.8774	-0.11208	-0.27869	17.179	0.002000
6.4020	-2772.90	145.36	6057.0	-3844.0	8848.4	-3990.3	1.0000	-0.8824	-0.11213	-0.27880	17.186	0.002000
6.4040	-2772.95	145.23	6059.0	-3846.0	8850.4	-3992.2	1.0000	-0.8779	-0.11218	-0.27891	17.193	0.002000
6.4060	-2773.01	145.10	6061.0	-3848.0	8852.4	-3994.1	1.0000	-0.8731	-0.11223	-0.27902	17.200	0.002000
6.4080	-2773.07	145.96	6063.0	-3849.0	8854.4	-3995.9	1.0000	-0.8788	-0.11224	-0.27913	17.206	0.002000
6.4100	-2773.12	144.83	6065.0	-3852.0	8856.4	-3997.8	1.0000	-0.8735	-0.11232	-0.27925	17.214	0.002000
6.4120	-2773.18	145.70	6067.0	-3853.0	8858.5	-3999.7	1.0000	-0.8789	-0.11234	-0.27936	17.220	0.002000
6.4140	-2773.23	144.57	6069.0	-3856.0	8860.5	-4001.5	1.0000	-0.8734	-0.11242	-0.27947	17.228	0.002000
6.4160	-2773.29	145.44	6071.0	-3857.0	8862.5	-4003.4	1.0000	-0.8785	-0.11243	-0.27958	17.234	0.002000
6.4180	-2773.34	145.31	6073.0	-3859.0	8864.5	-4005.3	1.0000	-0.8739	-0.11248	-0.27969	17.241	0.002000
6.4200	-2773.39	145.18	6075.0	-3861.0	8866.5	-4007.1	1.0000	-0.8689	-0.11253	-0.27981	17.248	0.002000
6.4220	-2772.45	145.05	6078.0	-3863.0	8868.5	-4009.0	1.0000	-0.8637	-0.11256	-0.27997	17.257	0.002000
6.4240	-2772.51	144.92	6080.0	-3865.0	8870.6	-4010.9	1.0000	-0.8584	-0.11261	-0.28008	17.264	0.002000
6.4260	-2772.56	144.79	6082.0	-3867.0	8872.6	-4012.7	1.0000	-0.8530	-0.11266	-0.28019	17.271	0.002000
6.4280	-2772.61	145.65	6084.0	-3868.0	8874.6	-4014.6	1.0000	-0.8581	-0.11267	-0.28030	17.277	0.002000
6.4300	-2772.66	145.53	6086.0	-3870.0	8876.6	-4016.5	1.0000	-0.8633	-0.11272	-0.28041	17.284	0.002000
6.4320	-2772.71	145.40	6088.0	-3872.0	8878.6	-4018.3	1.0000	-0.8684	-0.11277	-0.28053	17.291	0.002000
6.4340	-2771.76	145.27	6091.0	-3874.0	8880.6	-4020.2	1.0000	-0.8733	-0.11280	-0.28069	17.301	0.002000
6.4360	-2772.81	145.15	6092.0	-3876.0	8882.6	-4022.1	1.0000	-0.8687	-0.11286	-0.28075	17.305	0.002000
6.4380	-2771.86	145.02	6095.0	-3878.0	8884.7	-4023.9	1.0000	-0.8637	-0.11290	-0.28092	17.315	0.002000
6.4400	-2772.90	144.89	6096.0	-3880.0	8886.7	-4025.8	1.0000	-0.8585	-0.11296	-0.28098	17.319	0.002000
6.4420	-2771.96	145.76	6099.0	-3881.0	8888.7	-4027.7	1.0000	-0.8639	-0.11296	-0.28114	17.328	0.002000
6.4440	-2772.00	144.64	6101.0	-3884.0	8890.7	-4029.6	1.0000	-0.8583	-0.11304	-0.28125	17.336	0.002000
6.4460	-2772.05	145.51	6103.0	-3885.0	8892.7	-4031.4	1.0000	-0.8635	-0.11306	-0.28136	17.342	0.002000
6.4480	-2772.09	145.39	6105.0	-3887.0	8894.7	-4033.3	1.0000	-0.8686	-0.11310	-0.28148	17.349	0.002000
6.4500	-2772.14	145.26	6107.0	-3889.0	8896.7	-4035.2	1.0000	-0.8736	-0.11315	-0.28159	17.355	0.002000
6.4520	-2772.18	145.14	6109.0	-3891.0	8898.7	-4037.1	1.0000	-0.8691	-0.11320	-0.28170	17.362	0.002000
6.4540	-2772.23	145.01	6111.0	-3893.0	8900.7	-4038.9	1.0000	-0.8641	-0.11325	-0.28181	17.369	0.002000
6.4560	-2772.27	144.89	6113.0	-3895.0	8902.7	-4040.8	1.0000	-0.8589	-0.11329	-0.28193	17.376	0.002000
6.4580	-2771.32	144.77	6116.0	-3897.0	8904.8	-4042.7	1.0000	-0.8537	-0.11333	-0.28209	17.386	0.002000
6.4600	-2771.36	145.64	6118.0	-3898.0	8906.8	-4044.6	1.0000	-0.8588	-0.11334	-0.28220	17.392	0.002000
6.4620	-2771.40	145.52	6120.0	-3900.0	8908.8	-4046.4	1.0000	-0.8640	-0.11339	-0.28231	17.399	0.002000
6.4640	-2771.44	145.39	6122.0	-3902.0	8910.8	-4048.3	1.0000	-0.8692	-0.11344	-0.28242	17.406	0.002000
6.4660	-2771.49	145.27	6124.0	-3904.0	8912.8	-4050.2	1.0000	-0.8742	-0.11348	-0.28254	17.413	0.002000
6.4680	-2771.53	145.15	6126.0	-3906.0	8914.8	-4052.1	1.0000	-0.8697	-0.11353	-0.28265	17.420	0.002000
6.4700	-2771.56	145.03	6128.0	-3908.0	8916.8	-4053.9	1.0000	-0.8647	-0.11358	-0.28276	17.427	0.002000
6.4720	-2771.60	144.91	6130.0	-3910.0	8918.8	-4055.8	1.0000	-0.8595	-0.11363	-0.28288	17.434	0.002000
6.4740	-2771.64	144.79	6132.0	-3912.0	8920.8	-4057.7	1.0000	-0.8542	-0.11367	-0.28299	17.441	0.002000
6.4760	-2770.69	145.66	6135.0	-3913.0	8922.8	-4059.6	1.0000	-0.8594	-0.11368	-0.28315	17.449	0.002000
6.4780	-2770.72	145.54	6137.0	-3915.0	8924.8	-4061.4	1.0000	-0.8646	-0.11372	-0.28326	17.456	0.002000
6.4800	-2770.76	145.43	6139.0	-3917.0	8926.8	-4063.3	1.0000	-0.8697	-0.11377	-0.28337	17.463	0.002000
6.4820	-2770.80	145.31	6141.0	-3919.0	8928.8	-4065.2	1.0000	-0.8748	-0.11382	-0.28349	17.470	0.002000
6.4840	-2770.83	145.19	6143.0	-3921.0	8930.8	-4067.1	1.0000	-0.8703	-0.11387	-0.28360	17.477	0.002000
6.4860	-2770.87	145.07	6145.0	-3923.0	8932.8	-4069.0	1.0000	-0.8653	-0.11391	-0.28371	17.484	0.002000
6.4880	-2770.90	144.95	6147.0	-3925.0	8934.8	-4070.8	1.0000	-0.8602	-0.11396	-0.28383	17.491	0.002000
6.4900	-2770.94	144.83	6149.0	-3927.0	8936.8	-4072.7	1.0000	-0.8549	-0.11401	-0.28394	17.498	0.002000
6.4920	-2769.98	145.71	6152.0	-3928.0	8938.8	-4074.6	1.0000	-0.8601	-0.11401	-0.28410	17.507	0.002000
6.4940	-2770.01	145.60	6154.0	-3930.0	8940.8	-4076.5	1.0000	-0.8653	-0.11406	-0.28421	17.514	0.002000
6.4960	-2770.04	145.48	6156.0	-3932.0	8942.8	-4078.4	1.0000	-0.8704	-0.11410	-0.28433	17.521	0.002000
6.4980	-2770.07	145.36	6158.0	-3934.0	8944.8	-4080.2	1.0000	-0.8755	-0.11415	-0.28444	17.527	0.002000
6.5000	-2770.10	145.25	6160.0	-3936.0	8946.8	-4082.1	1.0000	-0.8711	-0.11420	-0.28455	17.534	0.002000
6.5020	-2770.14	145.13	6162.0	-3938.0	8948.8	-4084.0	1.0000	-0.8661	-0.11424	-0.28467	17.541	0.002000
6.5040	-2770.17	145.02	6164.0	-3940.0	8950.8	-4085.9	1.0000	-0.8609	-0.11429	-0.28478	17.548	0.002000
6.5060	-2770.20	145.90	6166.0	-3941.0	8952.8	-4087.8	1.0000	-0.8663	-0.11430	-0.28489	17.554	0.002000
6.5080	-2770.22	145.78	6168.0	-3943.0	8954.8	-4089.7	1.0000	-0.8716	-0.11435	-0.28500	17.561	0.002000
6.5100	-2769.26	145.67	6171.0	-3945.0	8956.8	-4091.5	1.0000	-0.8769	-0.11439	-0.28517	17.571	0.002000
6.5120	-2770.28	145.56	6172.0	-3947.0	8958.8	-4093.4	1.0000	-0.8819	-0.11445	-0.28523	17.575	0.002000
6.5140	-2769.32	145.44	6175.0	-3949.0	8960.8	-4095.3	1.0000	-0.8773	-0.11448	-0.28539	17.585	0.002000
6.5160	-2769.34	145.33	6177.0	-3951.0	8962.8	-4097.2	1.0000	-0.8724	-0.11453	-0.28551	17.592	0.002000
6.5180	-2769.37	145.22	6179.0	-3953.0	8964.8	-4099.1	1.0000	-0.8673	-0.11458	-0.28562	17.599	0.002000
6.5200	-2769.39	145.10	6181.0	-3955.0	8966.8	-4101.0	1.0000	-0.8620	-0.11462	-0.28573	17.606	0.002000
6.5220	-2769.42	145.99	6183.0	-3956.0	8968.8	-4102.8	1.0000	-0.8673	-0.11463	-0.28584	17.612	0.002000
6.5240	-2769.45	145.88	6185.0	-3958.0	8970.8	-4104.7	1.0000	-0.8726	-0.11468	-0.28595	17.619	0.002000
6.5260	-2769.47	145.76	6187.0	-3960.0	8972.7	-4106.6	1.0000	-0.8779	-0.11473	-0.28607	17.626	0.002000
6.5280	-2769.49	145.65	6189.0	-3962.0	8974.7	-4108.5	1.0000	-0.8829	-0.11478	-0.28618	17.633	0.002000
6.5300	-2769.52	145.54	6191.0	-3964.0	8976.7	-4110.4	1.0000	-0.8783	-0.11482	-0.28629	17.640	0.002000
6.5320	-2769.54	145.43	6193.0	-3966.0	8978.7	-4112.3	1.0000	-0.8734	-0.11487	-0.28641	17.647	0.002000
6.5340	-2768.57	145.32	6196.0	-3968.0	8980.7	-4114.2	1.0000	-0.8683	-0.11490	-0.28657	17.656	0.002000
6.5360	-2768.59	145.21	6198.0	-3970.0	8982.7	-4116.1	1.0000	-0.8630	-0.11495	-0.28669	17.663	0.002000
6.5380	-2768.61	145.11	6200.0	-3972.0	8984.7	-4117.9	1.0000	-0.8577	-0.11500	-0.28680	17.670	0.002000
6.5400	-2768.63	145.99	6202.0	-3973.0	8986.7	-4119.8	1.0000	-0.8629	-0.11501	-0.28691	17.676	0.002000
6.5420	-2768.65	145.88	6204.0	-3975.0	8988.7	-4121.7	1.0000	-0.8681	-0.11506	-0.28702	17.683	0.002000
6.5440	-2768.67	145.77	6206.0	-3977.0	8990.7	-4123.6	1.0000	-0.8733	-0.11510	-0.28714	17.690	0.002000
6.5460	-2768.69	145.67	6208.0	-3979.0	8992.6	-4125.5	1.0000	-0.8783	-0.11515	-0.28725	17.697	0.002000
6.5480	-2767.71	145.56	6211.0	-3981.0	8994.6	-4127.4	1.0000	-0.8830	-0.11519	-0.28742	17.707	0.002000
6.5500	-2768.73	145.45	6212.0	-3983.0	8996.6	-4129.3	1.0000	-0.8784	-0.11525	-0.28748	17.711	0.002000
6.5520	-2767.75	145.35	6215.0	-3985.0	8998.6	-4131.2	1.0000	-0.8735	-0.11528	-0.28764	17.721	0.002000
6.5540	-2767.77	145.24	6217.0	-3987.0	9000.6	-4133.1	1.0000	-0.8684	-0.11533	-0.28776	17.728	0.002000
6.5560	-2767.78	146.13	6219.0	-3988.0	9002.6	-4135.0	1.0000	-0.8739	-0.11534	-0.28786	17.734	0.002000
6.5580	-2767.80	146.02	6221.0	-3990.0	9004.5	-4136.9	1.0000	-0.8794	-0.11539	-0.28798	17.741	0.002000
6.5600	-2767.81	145.92	6223.0	-3992.0	9006.5	-4138.7	1.0000	-0.8846	-0.11543	-0.28809	17.748	0.002000
6.5620	-2767.83	145.81	6225.0	-3994.0	9008.5	-4140.6	1.0000	-0.8803	-0.11548	-0.28821	17.755	0.002000
6.5640	-2767.84	145.71	6227.0	-3996.0	9010.5	-4142.5	1.0000	-0.8755	-0.11553	-0.28832	17.762	0.002000
6.5660	-2766.86	145.61	6230.0	-3998.0	9012.5	-4144.4	1.0000	-0.8705	-0.11556	-0.28849	17.771	0.002000
6.5680	-2766.87	145.50	6232.0	-4000.0	9014.5	-4146.3	1.0000	-0.8653	-0.11561	-0.28860	17.778	0.002000
6.5700	-2766.89	145.40	6234.0	-4002.0	9016.4	-4148.2	1.0000	-0.8600	-0.11565	-0.28871	17.785	0.002000
6.5720	-2766.90	145.30	6236.0	-4004.0	9018.4	-4150.1	1.0000	-0.8639	-0.11570	-0.28883	17.792	0.002000
6.5740	-2766.91	146.19	6238.0	-4005.0	9020.4	-4152.0	1.0000	-0.8694	-0.11571	-0.28894	17.798	0.002000
6.5760	-2766.92	146.08	6240.0	-4007.0	9022.4	-4153.9	1.0000	-0.8748	-0.11576	-0.28905	17.805	0.002000
6.5780	-2766.93	145.98	6242.0	-4009.0	9024.4	-4155.8	1.0000	-0.8801	-0.11581	-0.28916	17.812	0.002000
6.5800	-2766.94	145.88	6244.0	-4011.0	9026.3	-4157.7	1.0000	-0.8853	-0.11585	-0.28928	17.820	0.002000
6.5820	-2765.96	145.78	6247.0	-4013.0	9028.3	-4159.6	1.0000	-0.8808	-0.11589	-0.28944	17.829	0.002000
6.5840	-2766.96	145.68	6248.0	-4015.0	9030.3	-4161.5	1.0000	-0.8760	-0.11595	-0.28951	17.834	0.002000
6.5860	-2765.97	145.58	6251.0	-4017.0	9032.3	-4163.4	1.0000	-0.8709	-0.11598	-0.28967	17.843	0.002000
6.5880	-2765.98	145.48	6253.0	-4019.0	9034.3	-4165.3	1.0000	-0.8657	-0.11603	-0.28979	17.850	0.002000
6.5900	-2765.99	145.38	6255.0	-4021.0	9036.2	-4167.2	1.0000	-0.8605	-0.11607	-0.28990	17.857	0.002000
6.5920	-2766.00	145.28	6257.0	-4023.0	9038.2	-4169.1	1.0000	-0.8644	-0.11612	-0.29001	17.864	0.002000
6.5940	-2766.00	146.17	6259.0	-4024.0	9040.2	-4171.0	1.0000	-0.8699	-0.11613	-0.29012	17.870	0.002000
6.5960	-2766.01	146.08	6261.0	-4026.0	9042.2	-4172.9	1.0000	-0.8753	-0.11618	-0.29024	17.877	0.002000
6.5980	-2766.01	145.98	6263.0	-4028.0	9044.1	-4174.8	1.0000	-0.8806	-0.11623	-0.29035	17.884	0.002000
6.6000	-2766.02	145.88	6265.0	-4030.0	9046.1	-4176.7	1.0000	-0.8858	-0.11627	-0.29046	17.891	0.002000
6.6020	-2766.02	145.78	6267.0	-4032.0	9048.1	-4178.6	1.0000	-0.8814	-0.11632	-0.29058	17.898	0.002000
6.6040	-2766.02	145.68	6269.0	-4034.0	9050.1	-4180.5	1.0000	-0.8766	-0.11637	-0.29069	17.905	0.002000
6.6060	-2765.03	145.59	6272.0	-4036.0	9052.0	-4182.4	1.0000	-0.8715	-0.11640	-0.29086	17.915	0.002000
6.6080	-2765.04	145.49	6274.0	-4038.0	9054.0	-4184.3	1.0000	-0.8663	-0.11645	-0.29097	17.922	0.002000
6.6100	-2765.04	145.39	6276.0	-4040.0	9056.0	-4186.2	1.0000	-0.8611	-0.11649	-0.29109	17.929	0.002000
6.6120	-2765.04	146.29	6278.0	-4041.0	9057.9	-4188.1	1.0000	-0.8664	-0.11650	-0.29120	17.935	0.002000
6.6140	-2765.04	146.20	6280.0	-4043.0	9059.9	-4190.0	1.0000	-0.8716	-0.11655	-0.29131	17.942	0.002000
6.6160	-2764.04	146.10	6283.0	-4045.0	9061.9	-4191.9	1.0000	-0.8768	-0.11659	-0.29148	17.951	0.002000
6.6180	-2765.04	146.01	6284.0	-4047.0	9063.9	-4193.8	1.0000	-0.8820	-0.11664	-0.29154	17.956	0.002000
6.6200	-2764.04	145.91	6287.0	-4049.0	9065.8	-4195.7	1.0000	-0.8869	-0.11668	-0.29171	17.965	0.002000
6.6220	-2765.04	145.82	6288.0	-4051.0	9067.8	-4197.6	1.0000	-0.8823	-0.11674	-0.29177	17.970	0.002000
6.6240	-2764.04	145.72	6291.0	-4053.0	9069.8	-4199.5	1.0000	-0.8774	-0.11677	-0.29193	17.979	0.002000
6.6260	-2764.04	145.63	6293.0	-4055.0	9071.7	-4201.4	1.0000	-0.8724	-0.11682	-0.29205	17.986	0.002000
6.6280	-2764.03	145.54	6295.0	-4057.0	9073.7	-4203.3	1.0000	-0.8672	-0.11686	-0.29216	17.994	0.002000
6.6300	-2764.03	145.44	6297.0	-4059.0	9075.7	-4205.2	1.0000	-0.8620	-0.11691	-0.29228	18.001	0.002000
6.6320	-2764.03	146.35	6299.0	-4060.0	9077.6	-4207.1	1.0000	-0.8672	-0.11692	-0.29239	18.007	0.002000
6.6340	-2764.02	145.26	6301.0	-4063.0	9079.6	-4209.0	1.0000	-0.8616	-0.11700	-0.29251	18.015	0.002000
6.6360	-2764.02	146.16	6303.0	-4064.0	9081.6	-4210.9	1.0000	-0.8668	-0.11701	-0.29262	18.021	0.002000
6.6380	-2764.01	146.07	6305.0	-4066.0	9083.5	-4212.8	1.0000	-0.8719	-0.11706	-0.29273	18.028	0.002000
6.6400	-2763.01	145.98	6308.0	-4068.0	9085.5	-4214.7	1.0000	-0.8771	-0.11709	-0.29290	18.037	0.002000
6.6420	-2763.00	145.89	6310.0	-4070.0	9087.5	-4216.7	1.0000	-0.8822	-0.11714	-0.29301	18.044	0.002000
6.6440	-2763.00	145.80	6312.0	-4072.0	9089.4	-4218.6	1.0000	-0.8870	-0.11719	-0.29313	18.051	0.002000
6.6460	-2762.99	145.71	6314.0	-4074.0	9091.4	-4220.5	1.0000	-0.8825	-0.11723	-0.29324	18.058	0.002000
6.6480	-2762.98	145.62	6316.0	-4076.0	9093.3	-4222.4	1.0000	-0.8776	-0.11728	-0.29335	18.065	0.002000
6.6500	-2762.97	145.53	6318.0	-4078.0	9095.3	-4224.3	1.0000	-0.8725	-0.11732	-0.29347	18.072	0.002000
6.6520	-2762.96	145.44	6320.0	-4080.0	9097.3	-4226.2	1.0000	-0.8674	-0.11737	-0.29358	18.079	0.002000
6.6540	-2762.95	146.35	6322.0	-4081.0	9099.2	-4228.1	1.0000	-0.8728	-0.11738	-0.29369	18.085	0.002000
6.6560	-2762.94	145.26	6324.0	-4084.0	9101.2	-4230.0	1.0000	-0.8673	-0.11746	-0.29381	18.093	0.002000
6.6580	-2761.94	146.17	6327.0	-4085.0	9103.2	-4231.9	1.0000	-0.8725	-0.11746	-0.29397	18.102	0.002000
6.6600	-2761.93	146.08	6329.0	-4087.0	9105.1	-4233.8	1.0000	-0.8778	-0.11751	-0.29409	18.109	0.002000
6.6620	-2761.91	146.00	6331.0	-4089.0	9107.1	-4235.7	1.0000	-0.8830	-0.11755	-0.29420	18.116	0.002000
6.6640	-2761.90	145.91	6333.0	-4091.0	9109.0	-4237.7	1.0000	-0.8880	-0.11760	-0.29432	18.123	0.002000
6.6660	-2761.89	145.82	6335.0	-4093.0	9111.0	-4239.6	1.0000	-0.8835	-0.11765	-0.29443	18.130	0.002000
6.6680	-2761.87	145.74	6337.0	-4095.0	9113.0	-4241.5	1.0000	-0.8787	-0.11769	-0.29455	18.137	0.002000
6.6700	-2761.86	145.65	6339.0	-4097.0	9114.9	-4243.4	1.0000	-0.8737	-0.11774	-0.29466	18.144	0.002000
6.6720	-2761.85	145.56	6341.0	-4099.0	9116.9	-4245.3	1.0000	-0.8685	-0.11778	-0.29478	18.151	0.002000
6.6740	-2761.83	145.48	6343.0	-4101.0	9118.8	-4247.2	1.0000	-0.8634	-0.11783	-0.29489	18.158	0.002000
6.6760	-2761.81	145.39	6345.0	-4103.0	9120.8	-4249.1	1.0000	-0.8674	-0.11788	-0.29501	18.165	0.002000
6.6780	-2761.80	146.31	6347.0	-4104.0	9122.7	-4251.0	1.0000	-0.8729	-0.11789	-0.29512	18.171	0.002000
6.6800	-2760.79	146.22	6350.0	-4106.0	9124.7	-4253.0	1.0000	-0.8783	-0.11792	-0.29528	18.181	0.002000
6.6820	-2760.77	146.14	6352.0	-4108.0	9126.6	-4254.9	1.0000	-0.8837	-0.11797	-0.29540	18.188	0.002000
6.6840	-2760.75	146.05	6354.0	-4110.0	9128.6	-4256.8	1.0000	-0.8890	-0.11801	-0.29551	18.195	0.002000
6.6860	-2760.73	145.97	6356.0	-4112.0	9130.6	-4258.7	1.0000	-0.8847	-0.11806	-0.29563	18.202	0.002000
6.6880	-2760.71	145.89	6358.0	-4114.0	9132.5	-4260.6	1.0000	-0.8799	-0.11810	-0.29574	18.209	0.002000
6.6900	-2760.69	145.81	6360.0	-4116.0	9134.5	-4262.5	1.0000	-0.8750	-0.11815	-0.29586	18.216	0.002000
6.6920	-2759.68	145.72	6363.0	-4118.0	9136.4	-4264.4	1.0000	-0.8699	-0.11818	-0.29602	18.226	0.002000
6.6940	-2760.65	145.64	6364.0	-4120.0	9138.4	-4266.4	1.0000	-0.8648	-0.11824	-0.29609	18.230	0.002000
6.6960	-2759.64	146.56	6367.0	-4121.0	9140.3	-4268.3	1.0000	-0.8701	-0.11824	-0.29625	18.239	0.002000
6.6980	-2759.62	145.48	6369.0	-4124.0	9142.3	-4270.2	1.0000	-0.8645	-0.11832	-0.29637	18.247	0.002000
6.7000	-2759.59	146.39	6371.0	-4125.0	9144.2	-4272.1	1.0000	-0.8697	-0.11833	-0.29648	18.253	0.002000
6.7020	-2759.57	145.32	6373.0	-4128.0	9146.2	-4274.0	1.0000	-0.8640	-0.11841	-0.29660	18.261	0.002000
6.7040	-2759.55	146.23	6375.0	-4129.0	9148.1	-4276.0	1.0000	-0.8692	-0.11842	-0.29671	18.267	0.002000
6.7060	-2759.52	146.15	6377.0	-4131.0	9150.1	-4277.9	1.0000	-0.8744	-0.11847	-0.29682	18.274	0.002000
6.7080	-2759.50	146.08	6379.0	-4133.0	9152.0	-4279.8	1.0000	-0.8795	-0.11852	-0.29694	18.281	0.002000
6.7100	-2759.48	146.00	6381.0	-4135.0	9154.0	-4281.7	1.0000	-0.8847	-0.11856	-0.29705	18.288	0.002000
6.7120	-2759.45	145.92	6383.0	-4137.0	9155.9	-4283.6	1.0000	-0.8896	-0.11861	-0.29717	18.295	0.002000
6.7140	-2759.43	145.84	6385.0	-4139.0	9157.9	-4285.5	1.0000	-0.8851	-0.11865	-0.29728	18.302	0.002000
6.7160	-2758.40	145.76	6388.0	-4141.0	9159.8	-4287.5	1.0000	-0.8802	-0.11869	-0.29745	18.312	0.002000
6.7180	-2758.38	145.68	6390.0	-4143.0	9161.7	-4289.4	1.0000	-0.8752	-0.11873	-0.29757	18.319	0.002000
6.7200	-2758.35	145.61	6392.0	-4145.0	9163.7	-4291.3	1.0000	-0.8701	-0.11878	-0.29768	18.326	0.002000
6.7220	-2758.32	145.53	6394.0	-4147.0	9165.6	-4293.2	1.0000	-0.8651	-0.11882	-0.29780	18.333	0.002000
6.7240	-2758.29	146.45	6396.0	-4148.0	9167.6	-4295.2	1.0000	-0.8703	-0.11883	-0.29791	18.339	0.002000
6.7260	-2758.26	146.37	6398.0	-4150.0	9169.5	-4297.1	1.0000	-0.8756	-0.11888	-0.29802	18.346	0.002000
6.7280	-2758.23	146.30	6400.0	-4152.0	9171.5	-4299.0	1.0000	-0.8809	-0.11892	-0.29814	18.353	0.002000
6.7300	-2757.21	146.22	6403.0	-4154.0	9173.4	-4300.9	1.0000	-0.8861	-0.11896	-0.29831	18.363	0.002000
6.7320	-2758.17	146.15	6404.0	-4156.0	9175.4	-4302.8	1.0000	-0.8912	-0.11902	-0.29837	18.367	0.002000
6.7340	-2757.15	146.07	6407.0	-4158.0	9177.3	-4304.8	1.0000	-0.8867	-0.11905	-0.29854	18.377	0.002000
6.7360	-2757.12	146.00	6409.0	-4160.0	9179.2	-4306.7	1.0000	-0.8819	-0.11909	-0.29865	18.384	0.002000
6.7380	-2757.08	145.92	6411.0	-4162.0	9181.2	-4308.6	1.0000	-0.8770	-0.11914	-0.29877	18.391	0.002000
6.7400	-2757.05	145.85	6413.0	-4164.0	9183.1	-4310.5	1.0000	-0.8719	-0.11919	-0.29888	18.398	0.002000
6.7420	-2757.02	146.77	6415.0	-4165.0	9185.1	-4312.5	1.0000	-0.8773	-0.11920	-0.29899	18.404	0.002000
6.7440	-2756.98	146.70	6417.0	-4167.0	9187.0	-4314.4	1.0000	-0.8827	-0.11924	-0.29911	18.411	0.002000
6.7460	-2756.95	146.63	6419.0	-4169.0	9188.9	-4316.3	1.0000	-0.8881	-0.11929	-0.29922	18.418	0.002000
6.7480	-2755.92	146.55	6422.0	-4171.0	9190.9	-4318.2	1.0000	-0.8934	-0.11932	-0.29939	18.428	0.002000
6.7500	-2755.88	146.48	6424.0	-4173.0	9192.8	-4320.2	1.0000	-0.8891	-0.11937	-0.29951	18.435	0.002000
6.7520	-2755.85	146.41	6426.0	-4175.0	9194.8	-4322.1	1.0000	-0.8844	-0.11941	-0.29962	18.442	0.002000
6.7540	-2755.81	146.34	6428.0	-4177.0	9196.7	-4324.0	1.0000	-0.8795	-0.11946	-0.29974	18.449	0.002000
6.7560	-2755.78	146.27	6430.0	-4179.0	9198.6	-4326.0	1.0000	-0.8744	-0.11950	-0.29985	18.456	0.002000
6.7580	-2755.74	146.20	6432.0	-4181.0	9200.6	-4327.9	1.0000	-0.8785	-0.11955	-0.29997	18.463	0.002000
6.7600	-2755.70	146.13	6434.0	-4183.0	9202.5	-4329.8	1.0000	-0.8828	-0.11959	-0.30008	18.470	0.002000
6.7620	-2755.66	146.06	6436.0	-4185.0	9204.4	-4331.7	1.0000	-0.8781	-0.11964	-0.30020	18.477	0.002000
6.7640	-2754.63	145.99	6439.0	-4187.0	9206.4	-4333.7	1.0000	-0.8732	-0.11967	-0.30037	18.487	0.002000
6.7660	-2755.58	145.92	6440.0	-4189.0	9208.3	-4335.6	1.0000	-0.8773	-0.11973	-0.30043	18.492	0.002000
6.7680	-2754.55	145.85	6443.0	-4191.0	9210.2	-4337.5	1.0000	-0.8817	-0.11976	-0.30060	18.501	0.002000
6.7700	-2754.51	145.78	6445.0	-4193.0	9212.2	-4339.5	1.0000	-0.8770	-0.11981	-0.30072	18.508	0.002000
6.7720	-2754.47	145.71	6447.0	-4195.0	9214.1	-4341.4	1.0000	-0.8721	-0.11985	-0.30083	18.515	0.002000
6.7740	-2754.42	145.65	6449.0	-4197.0	9216.0	-4343.3	1.0000	-0.8762	-0.11990	-0.30095	18.522	0.002000
6.7760	-2754.38	145.58	6451.0	-4199.0	9218.0	-4345.2	1.0000	-0.8805	-0.11994	-0.30106	18.529	0.002000
6.7780	-2754.34	146.51	6453.0	-4200.0	9219.9	-4347.2	1.0000	-0.8864	-0.11995	-0.30117	18.535	0.002000
6.7800	-2754.30	146.44	6455.0	-4202.0	9221.8	-4349.1	1.0000	-0.8921	-0.12000	-0.30129	18.543	0.002000
6.7820	-2754.25	146.38	6457.0	-4204.0	9223.8	-4351.0	1.0000	-0.8978	-0.12004	-0.30140	18.550	0.002000
6.7840	-2754.21	146.31	6459.0	-4206.0	9225.7	-4353.0	1.0000	-0.9029	-0.12009	-0.30152	18.557	0.002000
6.7860	-2754.16	146.24	6461.0	-4208.0	9227.6	-4354.9	1.0000	-0.8987	-0.12013	-0.30164	18.564	0.002000
6.7880	-2753.12	146.18	6464.0	-4210.0	9229.6	-4356.8	1.0000	-0.8941	-0.12017	-0.30180	18.573	0.002000
6.7900	-2753.08	146.11	6466.0	-4212.0	9231.5	-4358.8	1.0000	-0.8892	-0.12021	-0.30192	18.580	0.002000
6.7920	-2753.03	146.05	6468.0	-4214.0	9233.4	-4360.7	1.0000	-0.8842	-0.12026	-0.30204	18.588	0.002000
6.7940	-2752.98	145.98	6470.0	-4216.0	9235.3	-4362.6	1.0000	-0.8791	-0.12030	-0.30215	18.595	0.002000
6.7960	-2752.94	145.92	6472.0	-4218.0	9237.3	-4364.6	1.0000	-0.8740	-0.12035	-0.30227	18.602	0.002000
6.7980	-2751.89	145.86	6475.0	-4220.0	9239.2	-4366.5	1.0000	-0.8690	-0.12038	-0.30244	18.611	0.002000
6.8000	-2752.84	145.79	6476.0	-4222.0	9241.1	-4368.4	1.0000	-0.8730	-0.12044	-0.30250	18.616	0.002000
6.8020	-2751.79	145.73	6479.0	-4224.0	9243.1	-4370.4	1.0000	-0.8774	-0.12047	-0.30267	18.625	0.002000
6.8040	-2752.74	145.67	6480.0	-4226.0	9245.0	-4372.3	1.0000	-0.8818	-0.12053	-0.30273	18.630	0.002000
6.8060	-2751.70	145.61	6483.0	-4228.0	9246.9	-4374.3	1.0000	-0.8772	-0.12056	-0.30290	18.640	0.002000
6.8080	-2751.64	146.54	6485.0	-4229.0	9248.8	-4376.2	1.0000	-0.8828	-0.12057	-0.30301	18.646	0.002000
6.8100	-2751.59	146.48	6487.0	-4231.0	9250.8	-4378.1	1.0000	-0.8884	-0.12061	-0.30313	18.653	0.002000
6.8120	-2751.54	146.42	6489.0	-4233.0	9252.7	-4380.1	1.0000	-0.8939	-0.12066	-0.30324	18.660	0.002000
6.8140	-2751.49	146.36	6491.0	-4235.0	9254.6	-4382.0	1.0000	-0.8992	-0.12070	-0.30336	18.667	0.002000
6.8160	-2751.44	146.30	6493.0	-4237.0	9256.5	-4383.9	1.0000	-0.8949	-0.12075	-0.30348	18.674	0.002000
6.8180	-2751.38	146.24	6495.0	-4239.0	9258.4	-4385.9	1.0000	-0.8903	-0.12079	-0.30359	18.681	0.002000
6.8200	-2751.33	146.18	6497.0	-4241.0	9260.4	-4387.8	1.0000	-0.8854	-0.12084	-0.30371	18.688	0.002000
6.8220	-2750.28	146.12	6500.0	-4243.0	9262.3	-4389.8	1.0000	-0.8804	-0.12087	-0.30388	18.698	0.002000
6.8240	-2750.23	146.06	6502.0	-4245.0	9264.2	-4391.7	1.0000	-0.8754	-0.12091	-0.30399	18.705	0.002000
6.8260	-2750.17	146.00	6504.0	-4247.0	9266.1	-4393.6	1.0000	-0.8795	-0.12096	-0.30411	18.712	0.002000
6.8280	-2750.11	145.94	6506.0	-4249.0	9268.1	-4395.6	1.0000	-0.8839	-0.12100	-0.30422	18.719	0.002000
6.8300	-2750.06	145.88	6508.0	-4251.0	9270.0	-4397.5	1.0000	-0.8792	-0.12105	-0.30434	18.726	0.002000
6.8320	-2750.00	145.83	6510.0	-4253.0	9271.9	-4399.5	1.0000	-0.8744	-0.12109	-0.30446	18.733	0.002000
6.8340	-2749.94	145.77	6512.0	-4255.0	9273.8	-4401.4	1.0000	-0.8786	-0.12114	-0.30457	18.740	0.002000
6.8360	-2749.89	145.71	6514.0	-4257.0	9275.7	-4403.3	1.0000	-0.8830	-0.12118	-0.30469	18.748	0.002000
6.8380	-2749.83	145.66	6516.0	-4259.0	9277.6	-4405.3	1.0000	-0.8783	-0.12123	-0.30481	18.755	0.002000
6.8400	-2748.77	145.60	6519.0	-4261.0	9279.6	-4407.2	1.0000	-0.8735	-0.12126	-0.30498	18.764	0.002000
6.8420	-2748.71	145.54	6521.0	-4263.0	9281.5	-4409.2	1.0000	-0.8777	-0.12131	-0.30509	18.771	0.002000
6.8440	-2748.65	146.48	6523.0	-4264.0	9283.4	-4411.1	1.0000	-0.8833	-0.12132	-0.30520	18.777	0.002000
6.8460	-2748.59	146.43	6525.0	-4266.0	9285.3	-4413.1	1.0000	-0.8890	-0.12136	-0.30532	18.785	0.002000
6.8480	-2748.53	146.37	6527.0	-4268.0	9287.2	-4415.0	1.0000	-0.8945	-0.12140	-0.30544	18.792	0.002000
6.8500	-2748.47	146.32	6529.0	-4270.0	9289.1	-4416.9	1.0000	-0.8999	-0.12145	-0.30555	18.799	0.002000
6.8520	-2748.41	146.27	6531.0	-4272.0	9291.1	-4418.9	1.0000	-0.8957	-0.12149	-0.30567	18.806	0.002000
6.8540	-2748.34	146.21	6533.0	-4274.0	9293.0	-4420.8	1.0000	-0.8911	-0.12154	-0.30578	18.813	0.002000
6.8560	-2748.28	146.16	6535.0	-4276.0	9294.9	-4422.8	1.0000	-0.8863	-0.12158	-0.30590	18.820	0.002000
6.8580	-2748.22	146.11	6537.0	-4278.0	9296.8	-4424.7	1.0000	-0.8813	-0.12163	-0.30602	18.827	0.002000
6.8600	-2748.15	146.05	6539.0	-4280.0	9298.7	-4426.7	1.0000	-0.8764	-0.12167	-0.30613	18.834	0.002000
6.8620	-2747.09	146.00	6542.0	-4282.0	9300.6	-4428.6	1.0000	-0.8805	-0.12170	-0.30630	18.844	0.002000
6.8640	-2747.03	145.95	6544.0	-4284.0	9302.5	-4430.6	1.0000	-0.8850	-0.12175	-0.30642	18.851	0.002000
6.8660	-2746.96	145.90	6546.0	-4286.0	9304.4	-4432.5	1.0000	-0.8804	-0.12179	-0.30654	18.858	0.002000
6.8680	-2746.90	145.85	6548.0	-4288.0	9306.4	-4434.5	1.0000	-0.8755	-0.12184	-0.30665	18.865	0.002000
6.8700	-2746.83	145.79	6550.0	-4290.0	9308.3	-4436.4	1.0000	-0.8797	-0.12188	-0.30677	18.872	0.002000
6.8720	-2746.76	145.74	6552.0	-4292.0	9310.2	-4438.3	1.0000	-0.8842	-0.12193	-0.30689	18.879	0.002000
6.8740	-2745.70	145.69	6555.0	-4294.0	9312.1	-4440.3	1.0000	-0.8796	-0.12196	-0.30706	18.889	0.002000
6.8760	-2746.63	145.64	6556.0	-4296.0	9314.0	-4442.2	1.0000	-0.8748	-0.12202	-0.30712	18.894	0.002000
6.8780	-2745.56	145.59	6559.0	-4298.0	9315.9	-4444.2	1.0000	-0.8790	-0.12205	-0.30729	18.903	0.002000
6.8800	-2746.49	145.54	6560.0	-4300.0	9317.8	-4446.1	1.0000	-0.8834	-0.12210	-0.30735	18.908	0.002000
6.8820	-2745.42	145.50	6563.0	-4302.0	9319.7	-4448.1	1.0000	-0.8789	-0.12214	-0.30752	18.917	0.002000
6.8840	-2745.35	145.45	6565.0	-4304.0	9321.6	-4450.0	1.0000	-0.8740	-0.12218	-0.30764	18.925	0.002000
6.8860	-2745.28	145.40	6567.0	-4306.0	9323.5	-4452.0	1.0000	-0.8782	-0.12222	-0.30776	18.932	0.002000
6.8880	-2745.21	145.35	6569.0	-4308.0	9325.4	-4453.9	1.0000	-0.8827	-0.12227	-0.30787	18.939	0.002000
6.8900	-2745.14	146.30	6571.0	-4309.0	9327.3	-4455.9	1.0000	-0.8885	-0.12228	-0.30798	18.945	0.002000
6.8920	-2745.06	146.25	6573.0	-4311.0	9329.2	-4457.8	1.0000	-0.8943	-0.12232	-0.30810	18.952	0.002000
6.8940	-2744.99	146.21	6575.0	-4313.0	9331.1	-4459.8	1.0000	-0.9000	-0.12237	-0.30822	18.959	0.002000
6.8960	-2744.92	146.16	6577.0	-4315.0	9333.0	-4461.8	1.0000	-0.9054	-0.12241	-0.30833	18.966	0.002000
6.8980	-2743.85	146.11	6580.0	-4317.0	9335.0	-4463.7	1.0000	-0.9012	-0.12244	-0.30850	18.976	0.002000
6.9000	-2743.77	146.07	6582.0	-4319.0	9336.9	-4465.7	1.0000	-0.8967	-0.12249	-0.30862	18.983	0.002000
6.9020	-2743.70	146.02	6584.0	-4321.0	9338.8	-4467.6	1.0000	-0.8919	-0.12253	-0.30874	18.990	0.002000
6.9040	-2743.62	145.98	6586.0	-4323.0	9340.7	-4469.6	1.0000	-0.8870	-0.12258	-0.30885	18.997	0.002000
6.9060	-2743.54	145.93	6588.0	-4325.0	9342.6	-4471.5	1.0000	-0.8820	-0.12262	-0.30897	19.004	0.002000
6.9080	-2743.47	145.89	6590.0	-4327.0	9344.5	-4473.5	1.0000	-0.8769	-0.12266	-0.30909	19.011	0.002000
6.9100	-2743.39	145.84	6592.0	-4329.0	9346.4	-4475.4	1.0000	-0.8811	-0.12271	-0.30921	19.019	0.002000
6.9120	-2743.31	145.80	6594.0	-4331.0	9348.3	-4477.4	1.0000	-0.8856	-0.12275	-0.30932	19.026	0.002000
6.9140	-2743.23	145.76	6596.0	-4333.0	9350.2	-4479.3	1.0000	-0.8900	-0.12280	-0.30944	19.033	0.002000
6.9160	-2742.16	145.71	6599.0	-4335.0	9352.1	-4481.3	1.0000	-0.8855	-0.12283	-0.30961	19.042	0.002000
6.9180	-2742.08	145.67	6601.0	-4337.0	9354.0	-4483.2	1.0000	-0.8808	-0.12287	-0.30973	19.050	0.002000
6.9200	-2742.00	145.63	6603.0	-4339.0	9355.9	-4485.2	1.0000	-0.8760	-0.12292	-0.30984	19.057	0.002000
6.9220	-2741.92	145.59	6605.0	-4341.0	9357.8	-4487.2	1.0000	-0.8802	-0.12296	-0.30996	19.064	0.002000
6.9240	-2741.84	145.55	6607.0	-4343.0	9359.7	-4489.1	1.0000	-0.8847	-0.12300	-0.31008	19.071	0.002000
6.9260	-2741.76	145.50	6609.0	-4345.0	9361.5	-4491.1	1.0000	-0.8891	-0.12305	-0.31020	19.078	0.002000
6.9280	-2741.68	145.46	6611.0	-4347.0	9363.4	-4493.0	1.0000	-0.8846	-0.12309	-0.31031	19.085	0.002000
6.9300	-2741.59	145.42	6613.0	-4349.0	9365.3	-4495.0	1.0000	-0.8799	-0.12314	-0.31043	19.092	0.002000
6.9320	-2740.51	145.38	6616.0	-4351.0	9367.2	-4497.0	1.0000	-0.8840	-0.12317	-0.31060	19.102	0.002000
6.9340	-2740.43	145.34	6618.0	-4353.0	9369.1	-4498.9	1.0000	-0.8886	-0.12321	-0.31072	19.109	0.002000
6.9360	-2740.35	145.30	6620.0	-4355.0	9371.0	-4500.9	1.0000	-0.8841	-0.12325	-0.31083	19.116	0.002000
6.9380	-2740.26	145.26	6622.0	-4357.0	9372.9	-4502.8	1.0000	-0.8793	-0.12330	-0.31095	19.123	0.002000
6.9400	-2740.18	145.23	6624.0	-4359.0	9374.8	-4504.8	1.0000	-0.8835	-0.12334	-0.31107	19.131	0.002000
6.9420	-2740.09	146.18	6626.0	-4360.0	9376.7	-4506.7	1.0000	-0.8894	-0.12335	-0.31118	19.137	0.002000
6.9440	-2740.00	146.14	6628.0	-4362.0	9378.6	-4508.7	1.0000	-0.8952	-0.12340	-0.31130	19.144	0.002000
6.9460	-2739.92	146.11	6630.0	-4364.0	9380.5	-4510.7	1.0000	-0.9009	-0.12344	-0.31142	19.151	0.002000
6.9480	-2739.83	146.07	6632.0	-4366.0	9382.4	-4512.6	1.0000	-0.9064	-0.12348	-0.31153	19.158	0.002000
6.9500	-2738.75	146.03	6635.0	-4368.0	9384.3	-4514.6	1.0000	-0.9022	-0.12351	-0.31170	19.168	0.002000
6.9520	-2739.66	146.00	6636.0	-4370.0	9386.2	-4516.6	1.0000	-0.8977	-0.12357	-0.31177	19.172	0.002000
6.9540	-2738.57	145.96	6639.0	-4372.0	9388.0	-4518.5	1.0000	-0.8930	-0.12360	-0.31194	19.182	0.002000
6.9560	-2738.48	145.92	6641.0	-4374.0	9389.9	-4520.5	1.0000	-0.8881	-0.12365	-0.31206	19.189	0.002000
6.9580	-2738.39	145.89	6643.0	-4376.0	9391.8	-4522.4	1.0000	-0.8832	-0.12369	-0.31217	19.196	0.002000
6.9600	-2738.30	145.85	6645.0	-4378.0	9393.7	-4524.4	1.0000	-0.8783	-0.12373	-0.31229	19.203	0.002000
6.9620	-2738.21	145.82	6647.0	-4380.0	9395.6	-4526.4	1.0000	-0.8825	-0.12378	-0.31241	19.210	0.002000
6.9640	-2738.12	145.78	6649.0	-4382.0	9397.5	-4528.3	1.0000	-0.8870	-0.12382	-0.31252	19.218	0.002000
6.9660	-2738.03	145.75	6651.0	-4384.0	9399.4	-4530.3	1.0000	-0.8916	-0.12386	-0.31264	19.225	0.002000
6.9680	-2737.93	145.71	6653.0	-4386.0	9401.3	-4532.3	1.0000	-0.8870	-0.12391	-0.31276	19.232	0.002000
6.9700	-2737.84	145.68	6655.0	-4388.0	9403.2	-4534.2	1.0000	-0.8823	-0.12395	-0.31288	19.239	0.002000
6.9720	-2737.75	145.65	6657.0	-4390.0	9405.0	-4536.2	1.0000	-0.8866	-0.12400	-0.31300	19.246	0.002000
6.9740	-2736.66	145.62	6660.0	-4392.0	9406.9	-4538.2	1.0000	-0.8911	-0.12403	-0.31317	19.256	0.002000
6.9760	-2736.56	145.58	6662.0	-4394.0	9408.8	-4540.1	1.0000	-0.8866	-0.12407	-0.31328	19.263	0.002000
6.9780	-2736.47	145.55	6664.0	-4396.0	9410.7	-4542.1	1.0000	-0.8819	-0.12411	-0.31340	19.270	0.002000
6.9800	-2736.37	145.52	6666.0	-4398.0	9412.6	-4544.1	1.0000	-0.8862	-0.12416	-0.31352	19.277	0.002000
6.9820	-2736.28	145.49	6668.0	-4400.0	9414.5	-4546.0	1.0000	-0.8907	-0.12420	-0.31364	19.284	0.002000
6.9840	-2736.18	145.46	6670.0	-4402.0	9416.3	-4548.0	1.0000	-0.8862	-0.12424	-0.31375	19.292	0.002000
6.9860	-2736.08	145.42	6672.0	-4404.0	9418.2	-4550.0	1.0000	-0.8815	-0.12429	-0.31387	19.299	0.002000
6.9880	-2734.99	145.39	6675.0	-4406.0	9420.1	-4551.9	1.0000	-0.8858	-0.12432	-0.31404	19.308	0.002000
6.9900	-2735.89	145.36	6676.0	-4408.0	9422.0	-4553.9	1.0000	-0.8903	-0.12437	-0.31411	19.313	0.002000
6.9920	-2734.79	146.33	6679.0	-4409.0	9423.9	-4555.9	1.0000	-0.8964	-0.12437	-0.31427	19.322	0.002000
6.9940	-2734.69	145.31	6681.0	-4412.0	9425.7	-4557.8	1.0000	-0.8914	-0.12445	-0.31440	19.330	0.002000
6.9960	-2734.59	145.28	6683.0	-4414.0	9427.6	-4559.8	1.0000	-0.8864	-0.12449	-0.31451	19.337	0.002000
6.9980	-2734.49	145.25	6685.0	-4416.0	9429.5	-4561.8	1.0000	-0.8813	-0.12454	-0.31463	19.344	0.002000
7.0000	-2734.39	145.22	6687.0	-4418.0	9431.4	-4563.7	1.0000	-0.8763	-0.12458	-0.31475	19.351	0.002000
7.0020	-2734.29	145.19	6689.0	-4420.0	9433.3	-4565.7	1.0000	-0.8805	-0.12462	-0.31487	19.358	0.002000
7.0040	-2734.19	146.16	6691.0	-4421.0	9435.1	-4567.7	1.0000	-0.8862	-0.12463	-0.31498	19.365	0.002000
7.0060	-2734.09	146.13	6693.0	-4423.0	9437.0	-4569.7	1.0000	-0.8919	-0.12467	-0.31510	19.372	0.002000
7.0080	-2732.99	146.11	6696.0	-4425.0	9438.9	-4571.6	1.0000	-0.8976	-0.12471	-0.31527	19.381	0.002000
7.0100	-2732.89	146.08	6698.0	-4427.0	9440.8	-4573.6	1.0000	-0.9031	-0.12475	-0.31539	19.389	0.002000
7.0120	-2732.78	146.05	6700.0	-4429.0	9442.6	-4575.6	1.0000	-0.9083	-0.12479	-0.31550	19.396	0.002000
7.0140	-2732.68	145.03	6702.0	-4432.0	9444.5	-4577.6	1.0000	-0.9031	-0.12487	-0.31563	19.404	0.002000
7.0160	-2732.57	146.00	6704.0	-4433.0	9446.4	-4579.5	1.0000	-0.8991	-0.12488	-0.31574	19.410	0.002000
7.0180	-2732.47	145.98	6706.0	-4435.0	9448.3	-4581.5	1.0000	-0.8946	-0.12492	-0.31586	19.417	0.002000
7.0200	-2732.36	145.95	6708.0	-4437.0	9450.1	-4583.5	1.0000	-0.8899	-0.12497	-0.31598	19.424	0.002000
7.0220	-2731.26	145.93	6711.0	-4439.0	9452.0	-4585.4	1.0000	-0.8851	-0.12500	-0.31615	19.434	0.002000
7.0240	-2732.15	145.90	6712.0	-4441.0	9453.9	-4587.4	1.0000	-0.8894	-0.12505	-0.31621	19.439	0.002000
7.0260	-2731.05	145.88	6715.0	-4443.0	9455.8	-4589.4	1.0000	-0.8939	-0.12508	-0.31638	19.448	0.002000
7.0280	-2730.94	145.85	6717.0	-4445.0	9457.6	-4591.4	1.0000	-0.8895	-0.12513	-0.31650	19.456	0.002000
7.0300	-2730.83	145.83	6719.0	-4447.0	9459.5	-4593.3	1.0000	-0.8848	-0.12517	-0.31662	19.463	0.002000
7.0320	-2730.72	145.81	6721.0	-4449.0	9461.4	-4595.3	1.0000	-0.8892	-0.12521	-0.31674	19.470	0.002000
7.0340	-2730.61	145.79	6723.0	-4451.0	9463.3	-4597.3	1.0000	-0.8937	-0.12525	-0.31686	19.477	0.002000
7.0360	-2730.50	145.76	6725.0	-4453.0	9465.1	-4599.3	1.0000	-0.8893	-0.12530	-0.31698	19.484	0.002000
7.0380	-2730.39	145.74	6727.0	-4455.0	9467.0	-4601.3	1.0000	-0.8846	-0.12534	-0.31709	19.491	0.002000
7.0400	-2730.28	145.72	6729.0	-4457.0	9468.9	-4603.2	1.0000	-0.8890	-0.12538	-0.31721	19.499	0.002000
7.0420	-2730.17	145.70	6731.0	-4459.0	9470.7	-4605.2	1.0000	-0.8935	-0.12543	-0.31733	19.506	0.002000
7.0440	-2730.06	145.68	6733.0	-4461.0	9472.6	-4607.2	1.0000	-0.8891	-0.12547	-0.31745	19.513	0.002000
7.0460	-2729.94	145.66	6735.0	-4463.0	9474.5	-4609.2	1.0000	-0.8844	-0.12551	-0.31757	19.520	0.002000
7.0480	-2728.83	145.64	6738.0	-4465.0	9476.3	-4611.1	1.0000	-0.8888	-0.12554	-0.31774	19.530	0.002000
7.0500	-2728.72	145.62	6740.0	-4467.0	9478.2	-4613.1	1.0000	-0.8934	-0.12559	-0.31786	19.537	0.002000
7.0520	-2728.61	145.60	6742.0	-4469.0	9480.1	-4615.1	1.0000	-0.8889	-0.12563	-0.31798	19.544	0.002000
7.0540	-2728.49	145.58	6744.0	-4471.0	9481.9	-4617.1	1.0000	-0.8843	-0.12567	-0.31809	19.551	0.002000
7.0560	-2728.38	145.56	6746.0	-4473.0	9483.8	-4619.1	1.0000	-0.8886	-0.12572	-0.31821	19.558	0.002000
7.0580	-2728.26	145.54	6748.0	-4475.0	9485.7	-4621.0	1.0000	-0.8932	-0.12576	-0.31833	19.566	0.002000
7.0600	-2728.14	145.53	6750.0	-4477.0	9487.5	-4623.0	1.0000	-0.8888	-0.12580	-0.31845	19.573	0.002000
7.0620	-2728.03	145.51	6752.0	-4479.0	9489.4	-4625.0	1.0000	-0.8841	-0.12584	-0.31857	19.580	0.002000
7.0640	-2726.91	145.49	6755.0	-4481.0	9491.3	-4627.0	1.0000	-0.8885	-0.12587	-0.31874	19.590	0.002000
7.0660	-2727.79	145.47	6756.0	-4483.0	9493.1	-4629.0	1.0000	-0.8931	-0.12593	-0.31880	19.594	0.002000
7.0680	-2726.68	145.46	6759.0	-4485.0	9495.0	-4631.0	1.0000	-0.8887	-0.12596	-0.31898	19.604	0.002000
7.0700	-2726.56	145.44	6761.0	-4487.0	9496.8	-4632.9	1.0000	-0.8840	-0.12600	-0.31909	19.611	0.002000
7.0720	-2726.44	145.42	6763.0	-4489.0	9498.7	-4634.9	1.0000	-0.8884	-0.12605	-0.31921	19.618	0.002000
7.0740	-2726.32	145.41	6765.0	-4491.0	9500.6	-4636.9	1.0000	-0.8930	-0.12609	-0.31933	19.625	0.002000
7.0760	-2726.20	145.39	6767.0	-4493.0	9502.4	-4638.9	1.0000	-0.8886	-0.12613	-0.31945	19.633	0.002000
7.0780	-2726.08	145.38	6769.0	-4495.0	9504.3	-4640.9	1.0000	-0.8839	-0.12617	-0.31957	19.640	0.002000
7.0800	-2725.96	145.36	6771.0	-4497.0	9506.2	-4642.9	1.0000	-0.8883	-0.12622	-0.31969	19.647	0.002000
7.0820	-2724.84	145.35	6774.0	-4499.0	9508.0	-4644.8	1.0000	-0.8929	-0.12625	-0.31986	19.657	0.002000
7.0840	-2724.72	145.34	6776.0	-4501.0	9509.9	-4646.8	1.0000	-0.8885	-0.12629	-0.31998	19.664	0.002000
7.0860	-2724.59	145.32	6778.0	-4503.0	9511.7	-4648.8	1.0000	-0.8839	-0.12633	-0.32010	19.671	0.002000
7.0880	-2724.47	145.31	6780.0	-4505.0	9513.6	-4650.8	1.0000	-0.8883	-0.12637	-0.32022	19.678	0.002000
7.0900	-2724.35	145.30	6782.0	-4507.0	9515.4	-4652.8	1.0000	-0.8929	-0.12642	-0.32033	19.685	0.002000
7.0920	-2724.22	146.28	6784.0	-4508.0	9517.3	-4654.8	1.0000	-0.8990	-0.12643	-0.32045	19.692	0.002000
7.0940	-2724.10	145.27	6786.0	-4511.0	9519.2	-4656.8	1.0000	-0.8941	-0.12650	-0.32057	19.700	0.002000
7.0960	-2723.97	145.26	6788.0	-4513.0	9521.0	-4658.7	1.0000	-0.8891	-0.12655	-0.32069	19.707	0.002000
7.0980	-2722.85	145.25	6791.0	-4515.0	9522.9	-4660.7	1.0000	-0.8841	-0.12657	-0.32086	19.717	0.002000
7.1000	-2722.72	145.24	6793.0	-4517.0	9524.7	-4662.7	1.0000	-0.8793	-0.12662	-0.32098	19.724	0.002000
7.1020	-2722.60	145.23	6795.0	-4519.0	9526.6	-4664.7	1.0000	-0.8836	-0.12666	-0.32110	19.731	0.002000
7.1040	-2722.47	146.21	6797.0	-4520.0	9528.4	-4666.7	1.0000	-0.8893	-0.12667	-0.32121	19.737	0.002000
7.1060	-2722.34	146.20	6799.0	-4522.0	9530.3	-4668.7	1.0000	-0.8950	-0.12671	-0.32133	19.744	0.002000
7.1080	-2722.21	146.19	6801.0	-4524.0	9532.1	-4670.7	1.0000	-0.9007	-0.12675	-0.32145	19.752	0.002000
7.1100	-2722.08	146.19	6803.0	-4526.0	9534.0	-4672.7	1.0000	-0.9063	-0.12680	-0.32157	19.759	0.002000
7.1120	-2721.95	146.18	6805.0	-4528.0	9535.8	-4674.7	1.0000	-0.9117	-0.12684	-0.32169	19.766	0.002000
7.1140	-2721.82	145.17	6807.0	-4531.0	9537.7	-4676.6	1.0000	-0.9066	-0.12692	-0.32181	19.774	0.002000
7.1160	-2721.69	146.16	6809.0	-4532.0	9539.5	-4678.6	1.0000	-0.9118	-0.12692	-0.32193	19.780	0.002000
7.1180	-2721.56	146.15	6811.0	-4534.0	9541.4	-4680.6	1.0000	-0.9077	-0.12697	-0.32205	19.788	0.002000
7.1200	-2721.43	146.14	6813.0	-4536.0	9543.2	-4682.6	1.0000	-0.9033	-0.12701	-0.32217	19.795	0.002000
7.1220	-2720.30	146.14	6816.0	-4538.0	9545.1	-4684.6	1.0000	-0.8986	-0.12704	-0.32234	19.805	0.002000
7.1240	-2720.17	146.13	6818.0	-4540.0	9546.9	-4686.6	1.0000	-0.8939	-0.12708	-0.32246	19.812	0.002000
7.1260	-2720.03	146.12	6820.0	-4542.0	9548.8	-4688.6	1.0000	-0.8891	-0.12712	-0.32258	19.819	0.002000
7.1280	-2719.90	146.12	6822.0	-4544.0	9550.6	-4690.6	1.0000	-0.8935	-0.12716	-0.32270	19.826	0.002000
7.1300	-2719.77	145.11	6824.0	-4547.0	9552.5	-4692.6	1.0000	-0.8876	-0.12724	-0.32282	19.834	0.002000
7.1320	-2718.63	146.11	6827.0	-4548.0	9554.3	-4694.6	1.0000	-0.8926	-0.12724	-0.32299	19.843	0.002000
7.1340	-2719.50	146.10	6828.0	-4550.0	9556.2	-4696.6	1.0000	-0.8977	-0.12729	-0.32305	19.848	0.002000
7.1360	-2718.36	146.10	6831.0	-4552.0	9558.0	-4698.6	1.0000	-0.9027	-0.12732	-0.32323	19.857	0.002000
7.1380	-2719.22	146.09	6832.0	-4554.0	9559.9	-4700.6	1.0000	-0.8985	-0.12738	-0.32329	19.862	0.002000
7.1400	-2718.09	146.09	6835.0	-4556.0	9561.7	-4702.6	1.0000	-0.8939	-0.12741	-0.32346	19.872	0.002000
7.1420	-2717.95	146.08	6837.0	-4558.0	9563.6	-4704.5	1.0000	-0.8894	-0.12745	-0.32358	19.879	0.002000
7.1440	-2717.82	146.08	6839.0	-4560.0	9565.4	-4706.5	1.0000	-0.8938	-0.12749	-0.32370	19.886	0.002000
7.1460	-2717.68	146.08	6841.0	-4562.0	9567.3	-4708.5	1.0000	-0.8984	-0.12753	-0.32382	19.893	0.002000
7.1480	-2717.54	146.07	6843.0	-4564.0	9569.1	-4710.5	1.0000	-0.8942	-0.12757	-0.32394	19.901	0.002000
7.1500	-2717.40	146.07	6845.0	-4566.0	9570.9	-4712.5	1.0000	-0.8895	-0.12762	-0.32406	19.908	0.002000
7.1520	-2717.26	146.07	6847.0	-4568.0	9572.8	-4714.5	1.0000	-0.8939	-0.12766	-0.32418	19.915	0.002000
7.1540	-2717.12	146.07	6849.0	-4570.0	9574.6	-4716.5	1.0000	-0.8986	-0.12770	-0.32430	19.922	0.002000
7.1560	-2715.98	146.07	6852.0	-4572.0	9576.5	-4718.5	1.0000	-0.9032	-0.12773	-0.32447	19.932	0.002000
7.1580	-2715.84	146.07	6854.0	-4574.0	9578.3	-4720.5	1.0000	-0.8990	-0.12777	-0.32459	19.939	0.002000
7.1600	-2715.70	146.07	6856.0	-4576.0	9580.2	-4722.5	1.0000	-0.8944	-0.12781	-0.32471	19.946	0.002000
7.1620	-2715.56	145.07	6858.0	-4579.0	9582.0	-4724.5	1.0000	-0.8885	-0.12789	-0.32484	19.955	0.002000
7.1640	-2715.41	146.07	6860.0	-4580.0	9583.8	-4726.5	1.0000	-0.8934	-0.12790	-0.32495	19.961	0.002000
7.1660	-2715.27	146.07	6862.0	-4582.0	9585.7	-4728.5	1.0000	-0.8985	-0.12794	-0.32507	19.968	0.002000
7.1680	-2715.13	146.07	6864.0	-4584.0	9587.5	-4730.5	1.0000	-0.9035	-0.12798	-0.32519	19.975	0.002000
7.1700	-2714.98	146.07	6866.0	-4586.0	9589.3	-4732.5	1.0000	-0.8993	-0.12802	-0.32531	19.982	0.002000
7.1720	-2714.84	146.07	6868.0	-4588.0	9591.2	-4734.5	1.0000	-0.8948	-0.12807	-0.32543	19.990	0.002000
7.1740	-2713.69	146.07	6871.0	-4590.0	9593.0	-4736.5	1.0000	-0.8903	-0.12810	-0.32560	19.999	0.002000
7.1760	-2713.55	146.07	6873.0	-4592.0	9594.9	-4738.5	1.0000	-0.8947	-0.12814	-0.32572	20.007	0.002000
7.1780	-2713.40	145.08	6875.0	-4595.0	9596.7	-4740.5	1.0000	-0.8888	-0.12821	-0.32585	20.015	0.002000
7.1800	-2713.25	146.08	6877.0	-4596.0	9598.5	-4742.5	1.0000	-0.8938	-0.12822	-0.32596	20.021	0.002000
7.1820	-2713.11	146.08	6879.0	-4598.0	9600.4	-4744.5	1.0000	-0.8989	-0.12826	-0.32608	20.028	0.002000
7.1840	-2712.96	146.08	6881.0	-4600.0	9602.2	-4746.5	1.0000	-0.9040	-0.12831	-0.32620	20.036	0.002000
7.1860	-2712.81	146.09	6883.0	-4602.0	9604.0	-4748.5	1.0000	-0.9088	-0.12835	-0.32632	20.043	0.002000
7.1880	-2712.66	146.09	6885.0	-4604.0	9605.9	-4750.5	1.0000	-0.9046	-0.12839	-0.32644	20.050	0.002000
7.1900	-2712.51	146.10	6887.0	-4606.0	9607.7	-4752.5	1.0000	-0.9002	-0.12843	-0.32656	20.057	0.002000
7.1920	-2712.36	146.10	6889.0	-4608.0	9609.5	-4754.5	1.0000	-0.8956	-0.12847	-0.32668	20.064	0.002000
7.1940	-2712.21	145.11	6891.0	-4611.0	9611.4	-4756.5	1.0000	-0.8896	-0.12855	-0.32680	20.073	0.002000
7.1960	-2711.06	145.12	6894.0	-4613.0	9613.2	-4758.6	1.0000	-0.8837	-0.12858	-0.32698	20.082	0.002000
7.1980	-2710.91	145.12	6896.0	-4615.0	9615.0	-4760.6	1.0000	-0.8779	-0.12862	-0.32710	20.090	0.002000
7.2000	-2710.76	146.13	6898.0	-4616.0	9616.9	-4762.6	1.0000	-0.8831	-0.12863	-0.32721	20.096	0.002000
7.2020	-2710.61	146.13	6900.0	-4618.0	9618.7	-4764.6	1.0000	-0.8883	-0.12867	-0.32733	20.103	0.002000
7.2040	-2710.45	146.14	6902.0	-4620.0	9620.5	-4766.6	1.0000	-0.8937	-0.12871	-0.32745	20.110	0.002000
7.2060	-2710.30	145.15	6904.0	-4623.0	9622.4	-4768.6	1.0000	-0.8881	-0.12879	-0.32758	20.118	0.002000
7.2080	-2709.15	145.16	6907.0	-4625.0	9624.2	-4770.6	1.0000	-0.8827	-0.12881	-0.32775	20.128	0.002000
7.2100	-2709.99	145.16	6908.0	-4627.0	9626.0	-4772.6	1.0000	-0.8775	-0.12887	-0.32782	20.133	0.002000
7.2120	-2708.84	145.17	6911.0	-4629.0	9627.8	-4774.6	1.0000	-0.8817	-0.12890	-0.32799	20.143	0.002000
7.2140	-2709.68	145.18	6912.0	-4631.0	9629.7	-4776.6	1.0000	-0.8863	-0.12895	-0.32806	20.147	0.002000
7.2160	-2708.53	146.19	6915.0	-4632.0	9631.5	-4778.6	1.0000	-0.8921	-0.12895	-0.32823	20.156	0.002000
7.2180	-2708.37	146.20	6917.0	-4634.0	9633.3	-4780.6	1.0000	-0.8979	-0.12899	-0.32835	20.163	0.002000
7.2200	-2708.21	146.21	6919.0	-4636.0	9635.2	-4782.6	1.0000	-0.9036	-0.12903	-0.32847	20.171	0.002000
7.2220	-2708.05	146.22	6921.0	-4638.0	9637.0	-4784.6	1.0000	-0.9094	-0.12907	-0.32859	20.178	0.002000
7.2240	-2707.90	146.23	6923.0	-4640.0	9638.8	-4786.7	1.0000	-0.9150	-0.12911	-0.32871	20.185	0.002000
7.2260	-2707.74	145.24	6925.0	-4643.0	9640.6	-4788.7	1.0000	-0.9099	-0.12919	-0.32883	20.193	0.002000
7.2280	-2707.58	145.25	6927.0	-4645.0	9642.5	-4790.7	1.0000	-0.9047	-0.12923	-0.32895	20.201	0.002000
7.2300	-2707.42	145.26	6929.0	-4647.0	9644.3	-4792.7	1.0000	-0.8994	-0.12927	-0.32907	20.208	0.002000
7.2320	-2706.26	146.27	6932.0	-4648.0	9646.1	-4794.7	1.0000	-0.9050	-0.12927	-0.32924	20.217	0.002000
7.2340	-2706.10	146.28	6934.0	-4650.0	9647.9	-4796.7	1.0000	-0.9106	-0.12931	-0.32936	20.224	0.002000
7.2360	-2705.94	146.30	6936.0	-4652.0	9649.7	-4798.7	1.0000	-0.9160	-0.12935	-0.32948	20.231	0.002000
7.2380	-2705.78	145.31	6938.0	-4655.0	9651.6	-4800.7	1.0000	-0.9108	-0.12943	-0.32961	20.239	0.002000
7.2400	-2705.61	145.33	6940.0	-4657.0	9653.4	-4802.7	1.0000	-0.9056	-0.12947	-0.32973	20.247	0.002000
7.2420	-2705.45	145.34	6942.0	-4659.0	9655.2	-4804.8	1.0000	-0.9003	-0.12951	-0.32985	20.254	0.002000
7.2440	-2705.29	145.35	6944.0	-4661.0	9657.0	-4806.8	1.0000	-0.8950	-0.12955	-0.32997	20.261	0.002000
7.2460	-2705.12	145.37	6946.0	-4663.0	9658.8	-4808.8	1.0000	-0.8897	-0.12959	-0.33009	20.268	0.002000
7.2480	-2704.96	146.38	6948.0	-4664.0	9660.7	-4810.8	1.0000	-0.8952	-0.12960	-0.33020	20.274	0.002000
7.2500	-2703.80	145.40	6951.0	-4667.0	9662.5	-4812.8	1.0000	-0.8899	-0.12966	-0.33038	20.285	0.002000
7.2520	-2703.63	146.41	6953.0	-4668.0	9664.3	-4814.8	1.0000	-0.8954	-0.12967	-0.33050	20.292	0.002000
7.2540	-2703.47	145.43	6955.0	-4671.0	9666.1	-4816.8	1.0000	-0.8902	-0.12974	-0.33062	20.300	0.002000
7.2560	-2703.30	145.44	6957.0	-4673.0	9667.9	-4818.9	1.0000	-0.8850	-0.12978	-0.33074	20.307	0.002000
7.2580	-2703.13	145.46	6959.0	-4675.0	9669.8	-4820.9	1.0000	-0.8893	-0.12983	-0.33086	20.314	0.002000
7.2600	-2702.96	145.48	6961.0	-4677.0	9671.6	-4822.9	1.0000	-0.8940	-0.12987	-0.33098	20.321	0.002000
7.2620	-2702.80	145.49	6963.0	-4679.0	9673.4	-4824.9	1.0000	-0.8988	-0.12991	-0.33111	20.329	0.002000
7.2640	-2702.63	145.51	6965.0	-4681.0	9675.2	-4826.9	1.0000	-0.9037	-0.12995	-0.33123	20.336	0.002000
7.2660	-2701.46	145.53	6968.0	-4683.0	9677.0	-4828.9	1.0000	-0.8994	-0.12998	-0.33140	20.346	0.002000
7.2680	-2701.29	145.55	6970.0	-4685.0	9678.8	-4831.0	1.0000	-0.8949	-0.13002	-0.33152	20.353	0.002000
7.2700	-2701.12	145.56	6972.0	-4687.0	9680.7	-4833.0	1.0000	-0.8995	-0.13006	-0.33164	20.360	0.002000
7.2720	-2700.95	145.58	6974.0	-4689.0	9682.5	-4835.0	1.0000	-0.9043	-0.13010	-0.33176	20.368	0.002000
7.2740	-2700.78	145.60	6976.0	-4691.0	9684.3	-4837.0	1.0000	-0.9000	-0.13014	-0.33188	20.375	0.002000
7.2760	-2700.61	145.62	6978.0	-4693.0	9686.1	-4839.0	1.0000	-0.8956	-0.13018	-0.33200	20.382	0.002000
7.2780	-2700.44	145.64	6980.0	-4695.0	9687.9	-4841.0	1.0000	-0.9001	-0.13022	-0.33212	20.389	0.002000
7.2800	-2699.27	145.66	6983.0	-4697.0	9689.7	-4843.1	1.0000	-0.9049	-0.13025	-0.33230	20.399	0.002000
7.2820	-2700.09	145.68	6984.0	-4699.0	9691.5	-4845.1	1.0000	-0.9006	-0.13031	-0.33237	20.404	0.002000
7.2840	-2698.92	145.70	6987.0	-4701.0	9693.3	-4847.1	1.0000	-0.8962	-0.13033	-0.33254	20.414	0.002000
7.2860	-2698.75	145.72	6989.0	-4703.0	9695.2	-4849.1	1.0000	-0.9008	-0.13038	-0.33266	20.421	0.002000
7.2880	-2698.57	145.75	6991.0	-4705.0	9697.0	-4851.1	1.0000	-0.9055	-0.13042	-0.33278	20.428	0.002000
7.2900	-2698.40	145.77	6993.0	-4707.0	9698.8	-4853.2	1.0000	-0.9013	-0.13046	-0.33290	20.435	0.002000
7.2920	-2698.22	145.79	6995.0	-4709.0	9700.6	-4855.2	1.0000	-0.8969	-0.13050	-0.33302	20.443	0.002000
7.2940	-2698.05	145.81	6997.0	-4711.0	9702.4	-4857.2	1.0000	-0.9014	-0.13054	-0.33314	20.450	0.002000
7.2960	-2697.87	145.83	6999.0	-4713.0	9704.2	-4859.2	1.0000	-0.9062	-0.13058	-0.33326	20.457	0.002000
7.2980	-2697.69	145.86	7001.0	-4715.0	9706.0	-4861.3	1.0000	-0.9020	-0.13062	-0.33339	20.464	0.002000
7.3000	-2697.51	145.88	7003.0	-4717.0	9707.8	-4863.3	1.0000	-0.8975	-0.13066	-0.33351	20.472	0.002000
7.3020	-2697.34	145.91	7005.0	-4719.0	9709.6	-4865.3	1.0000	-0.9021	-0.13070	-0.33363	20.479	0.002000
7.3040	-2697.16	145.93	7007.0	-4721.0	9711.4	-4867.3	1.0000	-0.9069	-0.13074	-0.33375	20.486	0.002000
7.3060	-2695.98	145.95	7010.0	-4723.0	9713.2	-4869.3	1.0000	-0.9027	-0.13077	-0.33392	20.496	0.002000
7.3080	-2695.80	145.98	7012.0	-4725.0	9715.0	-4871.4	1.0000	-0.8983	-0.13081	-0.33404	20.503	0.002000
7.3100	-2695.62	146.00	7014.0	-4727.0	9716.8	-4873.4	1.0000	-0.9029	-0.13085	-0.33417	20.510	0.002000
7.3120	-2695.44	146.03	7016.0	-4729.0	9718.6	-4875.4	1.0000	-0.9077	-0.13089	-0.33429	20.518	0.002000
7.3140	-2695.26	146.06	7018.0	-4731.0	9720.4	-4877.4	1.0000	-0.9034	-0.13094	-0.33441	20.525	0.002000
7.3160	-2695.08	146.08	7020.0	-4733.0	9722.3	-4879.5	1.0000	-0.8990	-0.13098	-0.33453	20.532	0.002000
7.3180	-2694.89	146.11	7022.0	-4735.0	9724.1	-4881.5	1.0000	-0.9036	-0.13102	-0.33465	20.539	0.002000
7.3200	-2694.71	146.14	7024.0	-4737.0	9725.9	-4883.5	1.0000	-0.9084	-0.13106	-0.33477	20.547	0.002000
7.3220	-2693.53	146.16	7027.0	-4739.0	9727.7	-4885.5	1.0000	-0.9042	-0.13108	-0.33495	20.557	0.002000
7.3240	-2694.34	146.19	7028.0	-4741.0	9729.5	-4887.6	1.0000	-0.8998	-0.13114	-0.33501	20.561	0.002000
7.3260	-2693.16	146.22	7031.0	-4743.0	9731.3	-4889.6	1.0000	-0.9044	-0.13117	-0.33519	20.571	0.002000
7.3280	-2692.98	146.25	7033.0	-4745.0	9733.1	-4891.6	1.0000	-0.9092	-0.13121	-0.33531	20.578	0.002000
7.3300	-2692.79	146.28	7035.0	-4747.0	9734.9	-4893.7	1.0000	-0.9050	-0.13125	-0.33543	20.586	0.002000
7.3320	-2692.61	146.30	7037.0	-4749.0	9736.7	-4895.7	1.0000	-0.9006	-0.13129	-0.33555	20.593	0.002000
7.3340	-2692.42	145.34	7039.0	-4752.0	9738.5	-4897.7	1.0000	-0.8947	-0.13136	-0.33568	20.601	0.002000
7.3360	-2692.23	146.36	7041.0	-4753.0	9740.3	-4899.7	1.0000	-0.8997	-0.13137	-0.33579	20.607	0.002000
7.3380	-2692.05	145.40	7043.0	-4756.0	9742.1	-4901.8	1.0000	-0.8940	-0.13144	-0.33592	20.616	0.002000
7.3400	-2690.86	146.42	7046.0	-4757.0	9743.9	-4903.8	1.0000	-0.8993	-0.13144	-0.33609	20.625	0.002000
7.3420	-2690.67	146.45	7048.0	-4759.0	9745.7	-4905.8	1.0000	-0.9047	-0.13148	-0.33621	20.632	0.002000
7.3440	-2690.48	146.49	7050.0	-4761.0	9747.5	-4907.9	1.0000	-0.9101	-0.13152	-0.33633	20.639	0.002000
7.3460	-2690.29	145.52	7052.0	-4764.0	9749.2	-4909.9	1.0000	-0.9047	-0.13159	-0.33646	20.647	0.002000
7.3480	-2690.10	146.55	7054.0	-4765.0	9751.0	-4911.9	1.0000	-0.9102	-0.13160	-0.33658	20.654	0.002000
7.3500	-2689.91	145.58	7056.0	-4768.0	9752.8	-4914.0	1.0000	-0.9048	-0.13167	-0.33670	20.662	0.002000
7.3520	-2689.72	145.62	7058.0	-4770.0	9754.6	-4916.0	1.0000	-0.8995	-0.13171	-0.33683	20.669	0.002000
7.3540	-2689.53	145.65	7060.0	-4772.0	9756.4	-4918.0	1.0000	-0.8942	-0.13176	-0.33695	20.677	0.002000
7.3560	-2688.34	146.68	7063.0	-4773.0	9758.2	-4920.1	1.0000	-0.8998	-0.13175	-0.33712	20.685	0.002000
7.3580	-2688.15	145.72	7065.0	-4776.0	9760.0	-4922.1	1.0000	-0.8945	-0.13182	-0.33724	20.694	0.002000
7.3600	-2687.96	146.75	7067.0	-4777.0	9761.8	-4924.1	1.0000	-0.9001	-0.13183	-0.33736	20.700	0.002000
7.3620	-2687.76	145.78	7069.0	-4780.0	9763.6	-4926.2	1.0000	-0.8949	-0.13190	-0.33749	20.708	0.002000
7.3640	-2687.57	145.82	7071.0	-4782.0	9765.4	-4928.2	1.0000	-0.8899	-0.13194	-0.33761	20.716	0.002000
7.3660	-2687.38	145.85	7073.0	-4784.0	9767.2	-4930.2	1.0000	-0.8943	-0.13198	-0.33773	20.723	0.002000
7.3680	-2687.18	145.89	7075.0	-4786.0	9769.0	-4932.3	1.0000	-0.8990	-0.13202	-0.33785	20.730	0.002000
7.3700	-2686.99	145.92	7077.0	-4788.0	9770.8	-4934.3	1.0000	-0.9040	-0.13207	-0.33797	20.737	0.002000
7.3720	-2686.79	145.96	7079.0	-4790.0	9772.6	-4936.3	1.0000	-0.9090	-0.13211	-0.33809	20.745	0.002000
7.3740	-2686.59	146.00	7081.0	-4792.0	9774.3	-4938.4	1.0000	-0.9139	-0.13215	-0.33822	20.752	0.002000
7.3760	-2686.40	146.03	7083.0	-4794.0	9776.1	-4940.4	1.0000	-0.9098	-0.13219	-0.33834	20.759	0.002000
7.3780	-2685.20	146.07	7086.0	-4796.0	9777.9	-4942.4	1.0000	-0.9054	-0.13221	-0.33851	20.769	0.002000
7.3800	-2685.00	146.11	7088.0	-4798.0	9779.7	-4944.5	1.0000	-0.9010	-0.13225	-0.33864	20.776	0.002000
7.3820	-2684.80	146.14	7090.0	-4800.0	9781.5	-4946.5	1.0000	-0.9057	-0.13229	-0.33876	20.784	0.002000
7.3840	-2684.61	146.18	7092.0	-4802.0	9783.3	-4948.5	1.0000	-0.9105	-0.13233	-0.33888	20.791	0.002000
7.3860	-2684.41	146.22	7094.0	-4804.0	9785.1	-4950.6	1.0000	-0.9064	-0.13237	-0.33900	20.798	0.002000
7.3880	-2684.21	146.26	7096.0	-4806.0	9786.9	-4952.6	1.0000	-0.9020	-0.13241	-0.33912	20.806	0.002000
7.3900	-2683.01	146.30	7099.0	-4808.0	9788.6	-4954.7	1.0000	-0.9067	-0.13244	-0.33930	20.815	0.002000
7.3920	-2683.80	146.34	7100.0	-4810.0	9790.4	-4956.7	1.0000	-0.9115	-0.13249	-0.33937	20.820	0.002000
7.3940	-2682.60	146.38	7103.0	-4812.0	9792.2	-4958.7	1.0000	-0.9074	-0.13252	-0.33954	20.830	0.002000
7.3960	-2683.40	146.42	7104.0	-4814.0	9794.0	-4960.8	1.0000	-0.9030	-0.13257	-0.33961	20.835	0.002000
7.3980	-2682.20	146.46	7107.0	-4816.0	9795.8	-4962.8	1.0000	-0.9077	-0.13260	-0.33979	20.845	0.002000
7.4000	-2682.00	146.50	7109.0	-4818.0	9797.6	-4964.9	1.0000	-0.9126	-0.13264	-0.33991	20.852	0.002000
7.4020	-2681.79	146.54	7111.0	-4820.0	9799.3	-4966.9	1.0000	-0.9085	-0.13268	-0.34003	20.859	0.002000
7.4040	-2681.59	146.58	7113.0	-4822.0	9801.1	-4968.9	1.0000	-0.9041	-0.13272	-0.34015	20.866	0.002000
7.4060	-2681.38	146.62	7115.0	-4824.0	9802.9	-4971.0	1.0000	-0.9087	-0.13276	-0.34027	20.874	0.002000
7.4080	-2681.18	146.66	7117.0	-4826.0	9804.7	-4973.0	1.0000	-0.9136	-0.13280	-0.34040	20.881	0.002000
7.4100	-2680.97	146.71	7119.0	-4828.0	9806.5	-4975.1	1.0000	-0.9185	-0.13284	-0.34052	20.888	0.002000
7.4120	-2680.77	145.75	7121.0	-4831.0	9808.3	-4977.1	1.0000	-0.9132	-0.13292	-0.34065	20.897	0.002000
7.4140	-2679.56	145.80	7124.0	-4833.0	9810.0	-4979.1	1.0000	-0.9078	-0.13294	-0.34082	20.907	0.002000
7.4160	-2679.36	145.84	7126.0	-4835.0	9811.8	-4981.2	1.0000	-0.9025	-0.13298	-0.34095	20.914	0.002000
7.4180	-2679.15	145.88	7128.0	-4837.0	9813.6	-4983.2	1.0000	-0.8972	-0.13302	-0.34107	20.921	0.002000
7.4200	-2678.94	145.93	7130.0	-4839.0	9815.4	-4985.3	1.0000	-0.8921	-0.13306	-0.34119	20.928	0.002000
7.4220	-2678.73	145.97	7132.0	-4841.0	9817.1	-4987.3	1.0000	-0.8965	-0.13310	-0.34131	20.936	0.002000
7.4240	-2678.52	146.02	7134.0	-4843.0	9818.9	-4989.4	1.0000	-0.9013	-0.13314	-0.34143	20.943	0.002000
7.4260	-2678.31	146.06	7136.0	-4845.0	9820.7	-4991.4	1.0000	-0.9062	-0.13318	-0.34156	20.950	0.002000
7.4280	-2678.10	146.11	7138.0	-4847.0	9822.5	-4993.5	1.0000	-0.9113	-0.13322	-0.34168	20.958	0.002000
7.4300	-2677.89	146.15	7140.0	-4849.0	9824.3	-4995.5	1.0000	-0.9163	-0.13326	-0.34180	20.965	0.002000
7.4320	-2676.68	146.20	7143.0	-4851.0	9826.0	-4997.5	1.0000	-0.9123	-0.13329	-0.34198	20.975	0.002000
7.4340	-2676.47	146.25	7145.0	-4853.0	9827.8	-4999.6	1.0000	-0.9079	-0.13333	-0.34210	20.982	0.002000
7.4360	-2676.26	146.29	7147.0	-4855.0	9829.6	-5001.6	1.0000	-0.9037	-0.13337	-0.34222	20.989	0.002000
7.4380	-2676.05	146.34	7149.0	-4857.0	9831.4	-5003.7	1.0000	-0.9083	-0.13341	-0.34234	20.997	0.002000
7.4400	-2675.83	146.39	7151.0	-4859.0	9833.1	-5005.7	1.0000	-0.9132	-0.13345	-0.34247	21.004	0.002000
7.4420	-2675.62	146.44	7153.0	-4861.0	9834.9	-5007.8	1.0000	-0.9181	-0.13349	-0.34259	21.011	0.002000
7.4440	-2675.41	146.48	7155.0	-4863.0	9836.7	-5009.8	1.0000	-0.9140	-0.13353	-0.34271	21.019	0.002000
7.4460	-2675.19	146.53	7157.0	-4865.0	9838.4	-5011.9	1.0000	-0.9097	-0.13356	-0.34283	21.026	0.002000
7.4480	-2673.98	146.58	7160.0	-4867.0	9840.2	-5013.9	1.0000	-0.9143	-0.13359	-0.34301	21.036	0.002000
7.4500	-2673.76	146.63	7162.0	-4869.0	9842.0	-5016.0	1.0000	-0.9193	-0.13363	-0.34313	21.043	0.002000
7.4520	-2673.55	146.68	7164.0	-4871.0	9843.8	-5018.0	1.0000	-0.9152	-0.13367	-0.34326	21.051	0.002000
7.4540	-2673.33	146.73	7166.0	-4873.0	9845.5	-5020.1	1.0000	-0.9109	-0.13371	-0.34338	21.058	0.002000
7.4560	-2673.11	145.78	7168.0	-4876.0	9847.3	-5022.1	1.0000	-0.9052	-0.13378	-0.34351	21.066	0.002000
7.4580	-2672.89	145.83	7170.0	-4878.0	9849.1	-5024.2	1.0000	-0.8995	-0.13382	-0.34363	21.074	0.002000
7.4600	-2672.68	145.88	7172.0	-4880.0	9850.8	-5026.2	1.0000	-0.8940	-0.13386	-0.34375	21.081	0.002000
7.4620	-2672.46	145.94	7174.0	-4882.0	9852.6	-5028.3	1.0000	-0.8887	-0.13390	-0.34387	21.088	0.002000
7.4640	-2672.24	145.99	7176.0	-4884.0	9854.4	-5030.3	1.0000	-0.8931	-0.13394	-0.34400	21.095	0.002000
7.4660	-2671.02	146.04	7179.0	-4886.0	9856.1	-5032.4	1.0000	-0.8977	-0.13397	-0.34417	21.105	0.002000
7.4680	-2671.80	146.09	7180.0	-4888.0	9857.9	-5034.4	1.0000	-0.9026	-0.13402	-0.34424	21.110	0.002000
7.4700	-2670.58	146.14	7183.0	-4890.0	9859.7	-5036.5	1.0000	-0.9077	-0.13405	-0.34442	21.120	0.002000
7.4720	-2670.36	146.20	7185.0	-4892.0	9861.4	-5038.5	1.0000	-0.9129	-0.13409	-0.34454	21.127	0.002000
7.4740	-2670.14	146.25	7187.0	-4894.0	9863.2	-5040.6	1.0000	-0.9181	-0.13413	-0.34467	21.135	0.002000
7.4760	-2669.91	146.30	7189.0	-4896.0	9865.0	-5042.6	1.0000	-0.9141	-0.13416	-0.34479	21.142	0.002000
7.4780	-2669.69	146.36	7191.0	-4898.0	9866.7	-5044.7	1.0000	-0.9098	-0.13420	-0.34491	21.149	0.002000
7.4800	-2669.47	146.41	7193.0	-4900.0	9868.5	-5046.7	1.0000	-0.9145	-0.13424	-0.34503	21.157	0.002000
7.4820	-2669.24	146.47	7195.0	-4902.0	9870.3	-5048.8	1.0000	-0.9194	-0.13428	-0.34516	21.164	0.002000
7.4840	-2669.02	146.52	7197.0	-4904.0	9872.0	-5050.9	1.0000	-0.9154	-0.13432	-0.34528	21.171	0.002000
7.4860	-2668.80	146.58	7199.0	-4906.0	9873.8	-5052.9	1.0000	-0.9111	-0.13436	-0.34540	21.179	0.002000
7.4880	-2668.57	146.63	7201.0	-4908.0	9875.6	-5055.0	1.0000	-0.9158	-0.13440	-0.34552	21.186	0.002000
7.4900	-2667.35	146.69	7204.0	-4910.0	9877.3	-5057.0	1.0000	-0.9208	-0.13443	-0.34570	21.196	0.002000
7.4920	-2667.12	146.75	7206.0	-4912.0	9879.1	-5059.1	1.0000	-0.9167	-0.13447	-0.34583	21.203	0.002000
7.4940	-2666.89	145.81	7208.0	-4915.0	9880.8	-5061.1	1.0000	-0.9112	-0.13454	-0.34595	21.212	0.002000
7.4960	-2666.67	145.86	7210.0	-4917.0	9882.6	-5063.2	1.0000	-0.9057	-0.13458	-0.34608	21.219	0.002000
7.4980	-2666.44	145.92	7212.0	-4919.0	9884.4	-5065.2	1.0000	-0.9002	-0.13462	-0.34620	21.226	0.002000
7.5000	-2666.21	145.98	7214.0	-4921.0	9886.1	-5067.3	1.0000	-0.8950	-0.13466	-0.34632	21.234	0.002000
7.5020	-2665.98	146.04	7216.0	-4923.0	9887.9	-5069.4	1.0000	-0.8993	-0.13470	-0.34645	21.241	0.002000
7.5040	-2664.75	146.10	7219.0	-4925.0	9889.6	-5071.4	1.0000	-0.9040	-0.13472	-0.34662	21.251	0.002000
7.5060	-2665.52	146.15	7220.0	-4927.0	9891.4	-5073.5	1.0000	-0.9090	-0.13477	-0.34669	21.256	0.002000
7.5080	-2664.29	146.21	7223.0	-4929.0	9893.1	-5075.5	1.0000	-0.9141	-0.13480	-0.34687	21.265	0.002000
7.5100	-2664.06	146.27	7225.0	-4931.0	9894.9	-5077.6	1.0000	-0.9193	-0.13484	-0.34699	21.273	0.002000
7.5120	-2663.83	146.33	7227.0	-4933.0	9896.7	-5079.7	1.0000	-0.9152	-0.13488	-0.34712	21.280	0.002000
7.5140	-2663.60	146.39	7229.0	-4935.0	9898.4	-5081.7	1.0000	-0.9110	-0.13492	-0.34724	21.287	0.002000
7.5160	-2663.37	146.45	7231.0	-4937.0	9900.2	-5083.8	1.0000	-0.9158	-0.13496	-0.34736	21.295	0.002000
7.5180	-2663.13	146.52	7233.0	-4939.0	9901.9	-5085.8	1.0000	-0.9207	-0.13500	-0.34749	21.302	0.002000
7.5200	-2662.90	146.58	7235.0	-4941.0	9903.7	-5087.9	1.0000	-0.9167	-0.13503	-0.34761	21.309	0.002000
7.5220	-2662.67	146.64	7237.0	-4943.0	9905.4	-5090.0	1.0000	-0.9124	-0.13507	-0.34773	21.317	0.002000
7.5240	-2661.43	146.70	7240.0	-4945.0	9907.2	-5092.0	1.0000	-0.9172	-0.13510	-0.34791	21.327	0.002000
7.5260	-2661.20	146.76	7242.0	-4947.0	9908.9	-5094.1	1.0000	-0.9222	-0.13514	-0.34803	21.334	0.002000
7.5280	-2660.96	146.83	7244.0	-4949.0	9910.7	-5096.1	1.0000	-0.9182	-0.13518	-0.34816	21.341	0.002000
7.5300	-2660.73	146.89	7246.0	-4951.0	9912.4	-5098.2	1.0000	-0.9139	-0.13521	-0.34828	21.349	0.002000
7.5320	-2660.49	146.95	7248.0	-4953.0	9914.2	-5100.3	1.0000	-0.9187	-0.13525	-0.34840	21.356	0.002000
7.5340	-2660.26	146.02	7250.0	-4956.0	9915.9	-5102.3	1.0000	-0.9132	-0.13533	-0.34853	21.365	0.002000
7.5360	-2660.02	146.08	7252.0	-4958.0	9917.7	-5104.4	1.0000	-0.9077	-0.13537	-0.34866	21.372	0.002000
7.5380	-2658.78	146.15	7255.0	-4960.0	9919.5	-5106.5	1.0000	-0.9024	-0.13539	-0.34884	21.382	0.002000
7.5400	-2659.54	146.21	7256.0	-4962.0	9921.2	-5108.5	1.0000	-0.8972	-0.13544	-0.34890	21.387	0.002000
7.5420	-2658.30	146.28	7259.0	-4964.0	9922.9	-5110.6	1.0000	-0.9016	-0.13547	-0.34908	21.397	0.002000
7.5440	-2659.06	146.34	7260.0	-4966.0	9924.7	-5112.7	1.0000	-0.9064	-0.13552	-0.34915	21.401	0.002000
7.5460	-2657.83	146.41	7263.0	-4968.0	9926.4	-5114.7	1.0000	-0.9114	-0.13555	-0.34933	21.411	0.002000
7.5480	-2657.58	146.47	7265.0	-4970.0	9928.2	-5116.8	1.0000	-0.9165	-0.13558	-0.34945	21.419	0.002000
7.5500	-2657.34	146.54	7267.0	-4972.0	9929.9	-5118.8	1.0000	-0.9217	-0.13562	-0.34958	21.426	0.002000
7.5520	-2657.10	146.61	7269.0	-4974.0	9931.7	-5120.9	1.0000	-0.9178	-0.13566	-0.34970	21.433	0.002000
7.5540	-2656.86	146.67	7271.0	-4976.0	9933.4	-5123.0	1.0000	-0.9136	-0.13570	-0.34982	21.441	0.002000
7.5560	-2656.62	146.74	7273.0	-4978.0	9935.2	-5125.0	1.0000	-0.9184	-0.13574	-0.34995	21.448	0.002000
7.5580	-2656.37	146.81	7275.0	-4980.0	9936.9	-5127.1	1.0000	-0.9234	-0.13578	-0.35007	21.455	0.002000
7.5600	-2656.13	145.88	7277.0	-4983.0	9938.7	-5129.2	1.0000	-0.9181	-0.13585	-0.35020	21.464	0.002000
7.5620	-2655.89	146.94	7279.0	-4984.0	9940.4	-5131.3	1.0000	-0.9236	-0.13586	-0.35032	21.470	0.002000
7.5640	-2654.64	147.01	7282.0	-4986.0	9942.2	-5133.3	1.0000	-0.9291	-0.13588	-0.35050	21.480	0.002000
7.5660	-2654.40	147.08	7284.0	-4988.0	9943.9	-5135.4	1.0000	-0.9252	-0.13592	-0.35062	21.487	0.002000
7.5680	-2654.15	146.15	7286.0	-4991.0	9945.6	-5137.5	1.0000	-0.9199	-0.13599	-0.35075	21.496	0.002000
7.5700	-2653.91	146.22	7288.0	-4993.0	9947.4	-5139.5	1.0000	-0.9145	-0.13603	-0.35087	21.503	0.002000
7.5720	-2653.66	146.29	7290.0	-4995.0	9949.1	-5141.6	1.0000	-0.9092	-0.13607	-0.35100	21.510	0.002000
7.5740	-2653.41	146.37	7292.0	-4997.0	9950.9	-5143.7	1.0000	-0.9040	-0.13611	-0.35112	21.518	0.002000
7.5760	-2653.17	146.44	7294.0	-4999.0	9952.6	-5145.7	1.0000	-0.8992	-0.13615	-0.35125	21.525	0.002000
7.5780	-2652.92	146.51	7296.0	-5001.0	9954.4	-5147.8	1.0000	-0.9037	-0.13618	-0.35137	21.533	0.002000
7.5800	-2651.67	146.58	7299.0	-5003.0	9956.1	-5149.9	1.0000	-0.9085	-0.13621	-0.35155	21.543	0.002000
7.5820	-2652.42	146.65	7300.0	-5005.0	9957.8	-5151.9	1.0000	-0.9136	-0.13626	-0.35162	21.547	0.002000
7.5840	-2651.17	146.72	7303.0	-5007.0	9959.6	-5154.0	1.0000	-0.9187	-0.13629	-0.35180	21.557	0.002000
7.5860	-2650.92	146.80	7305.0	-5009.0	9961.3	-5156.1	1.0000	-0.9240	-0.13632	-0.35192	21.565	0.002000
7.5880	-2650.67	145.87	7307.0	-5012.0	9963.0	-5158.2	1.0000	-0.9187	-0.13640	-0.35205	21.573	0.002000
7.5900	-2650.42	146.94	7309.0	-5013.0	9964.8	-5160.2	1.0000	-0.9243	-0.13640	-0.35217	21.579	0.002000
7.5920	-2650.17	147.02	7311.0	-5015.0	9966.5	-5162.3	1.0000	-0.9298	-0.13644	-0.35229	21.587	0.002000
7.5940	-2649.92	147.09	7313.0	-5017.0	9968.3	-5164.4	1.0000	-0.9261	-0.13648	-0.35242	21.594	0.002000
7.5960	-2649.67	146.17	7315.0	-5020.0	9970.0	-5166.5	1.0000	-0.9207	-0.13655	-0.35255	21.602	0.002000
7.5980	-2648.42	146.24	7318.0	-5022.0	9971.7	-5168.5	1.0000	-0.9154	-0.13657	-0.35273	21.613	0.002000
7.6000	-2648.16	146.32	7320.0	-5024.0	9973.5	-5170.6	1.0000	-0.9101	-0.13661	-0.35285	21.620	0.002000
7.6020	-2647.91	146.39	7322.0	-5026.0	9975.2	-5172.7	1.0000	-0.9049	-0.13665	-0.35297	21.627	0.002000
7.6040	-2647.65	146.47	7324.0	-5028.0	9976.9	-5174.8	1.0000	-0.9091	-0.13669	-0.35310	21.635	0.002000
7.6060	-2647.40	146.54	7326.0	-5030.0	9978.7	-5176.8	1.0000	-0.9140	-0.13673	-0.35322	21.642	0.002000
7.6080	-2647.14	146.62	7328.0	-5032.0	9980.4	-5178.9	1.0000	-0.9191	-0.13677	-0.35335	21.649	0.002000
7.6100	-2646.89	146.70	7330.0	-5034.0	9982.1	-5181.0	1.0000	-0.9243	-0.13680	-0.35347	21.657	0.002000
7.6120	-2646.63	146.77	7332.0	-5036.0	9983.9	-5183.1	1.0000	-0.9293	-0.13684	-0.35359	21.664	0.002000
7.6140	-2645.38	146.85	7335.0	-5038.0	9985.6	-5185.1	1.0000	-0.9255	-0.13687	-0.35377	21.674	0.002000
7.6160	-2646.12	146.93	7336.0	-5040.0	9987.3	-5187.2	1.0000	-0.9213	-0.13692	-0.35384	21.679	0.002000
7.6180	-2644.86	146.01	7339.0	-5043.0	9989.1	-5189.3	1.0000	-0.9158	-0.13698	-0.35403	21.690	0.002000
7.6200	-2644.60	146.09	7341.0	-5045.0	9990.8	-5191.4	1.0000	-0.9103	-0.13701	-0.35415	21.697	0.002000
7.6220	-2644.34	146.16	7343.0	-5047.0	9992.5	-5193.5	1.0000	-0.9049	-0.13705	-0.35428	21.705	0.002000
7.6240	-2644.08	146.24	7345.0	-5049.0	9994.3	-5195.5	1.0000	-0.8998	-0.13709	-0.35440	21.712	0.002000
7.6260	-2643.82	146.32	7347.0	-5051.0	9996.0	-5197.6	1.0000	-0.9042	-0.13713	-0.35453	21.719	0.002000
7.6280	-2643.56	146.40	7349.0	-5053.0	9997.7	-5199.7	1.0000	-0.9090	-0.13717	-0.35465	21.727	0.002000
7.6300	-2643.30	146.48	7351.0	-5055.0	9999.4	-5201.8	1.0000	-0.9141	-0.13721	-0.35477	21.734	0.002000
7.6320	-2643.04	146.56	7353.0	-5057.0	10001.2	-5203.8	1.0000	-0.9193	-0.13724	-0.35490	21.742	0.002000
7.6340	-2642.78	146.64	7355.0	-5059.0	10002.9	-5205.9	1.0000	-0.9246	-0.13728	-0.35502	21.749	0.002000
7.6360	-2642.51	146.72	7357.0	-5061.0	10004.6	-5208.0	1.0000	-0.9299	-0.13732	-0.35515	21.756	0.002000
7.6380	-2641.25	146.81	7360.0	-5063.0	10006.3	-5210.1	1.0000	-0.9260	-0.13734	-0.35533	21.766	0.002000
7.6400	-2640.99	146.89	7362.0	-5065.0	10008.1	-5212.2	1.0000	-0.9218	-0.13738	-0.35545	21.774	0.002000
7.6420	-2640.73	146.97	7364.0	-5067.0	10009.8	-5214.3	1.0000	-0.9176	-0.13742	-0.35558	21.781	0.002000
7.6440	-2640.46	147.05	7366.0	-5069.0	10011.5	-5216.3	1.0000	-0.9225	-0.13746	-0.35570	21.788	0.002000
7.6460	-2640.20	146.14	7368.0	-5072.0	10013.2	-5218.4	1.0000	-0.9170	-0.13753	-0.35583	21.797	0.002000
7.6480	-2639.93	147.22	7370.0	-5073.0	10015.0	-5220.5	1.0000	-0.9225	-0.13753	-0.35595	21.803	0.002000
7.6500	-2639.66	146.30	7372.0	-5076.0	10016.7	-5222.6	1.0000	-0.9172	-0.13761	-0.35608	21.812	0.002000
7.6520	-2638.40	147.39	7375.0	-5077.0	10018.4	-5224.7	1.0000	-0.9228	-0.13759	-0.35626	21.821	0.002000
7.6540	-2639.13	146.47	7376.0	-5080.0	10020.1	-5226.8	1.0000	-0.9176	-0.13768	-0.35633	21.826	0.002000
7.6560	-2637.86	146.56	7379.0	-5082.0	10021.9	-5228.8	1.0000	-0.9124	-0.13770	-0.35651	21.836	0.002000
7.6580	-2637.60	146.64	7381.0	-5084.0	10023.6	-5230.9	1.0000	-0.9074	-0.13774	-0.35664	21.844	0.002000
