# URI 2026 Dual Actuator TVC Experiment
# Mode: Circle
# Controller: PID
# Circle: tilt 10.0 deg, W1=0.2 rad/s
# Geometry[in]: H1=13.28 H2=9.51 R=6.2 ELL=0.6 measured=True
# TiltLimit: 45.0 deg   Ts: 0.002s   Duration: 60s
# t	e1	e2	x1	x2	xd1	xd2	u1	u2	phi	theta	tilt	dt	G11	G22	d1	d2	y1	y2
0.0020	0.00	0.00	2.0	-1.0	-4793.8	-348.8	-0.0000	-0.0000	-0.00004	-0.00008	0.005	0.002001	80000.000000	80000.000000	0.0000	0.0000	0.0000	0.0000
0.0043	0.02	0.00	2.0	-1.0	-4793.8	-350.9	-0.0001	-0.0000	-0.00004	-0.00008	0.005	0.002348	80000.000000	80000.000000	0.0000	0.0000	0.0000	0.0000
0.0060	0.04	0.00	2.0	-1.0	-4793.8	-352.4	-0.0002	-0.0000	-0.00004	-0.00008	0.005	0.001651	80000.000000	80000.000000	0.0000	0.0000	0.0000	0.0000
0.0080	0.08	0.01	2.0	-1.0	-4793.8	-354.1	-0.0003	-0.0000	-0.00004	-0.00008	0.005	0.002000	80000.000000	80000.000000	0.0000	0.0000	0.0000	0.0000
0.0100	0.12	0.01	2.0	-1.0	-4793.8	-355.9	-0.0005	-0.0000	-0.00004	-0.00008	0.005	0.002000	80000.000000	80000.000000	0.0000	0.0000	0.0000	0.0000
0.0120	0.17	0.01	2.0	-1.0	-4793.8	-357.7	-0.0007	-0.0001	-0.00004	-0.00008	0.005	0.002000	80000.000000	80000.000000	0.0000	0.0000	0.0000	0.0000
0.0140	0.23	0.02	2.0	-1.0	-4793.8	-359.4	-0.0010	-0.0001	-0.00004	-0.00008	0.005	0.002000	80000.000000	80000.000000	0.0000	0.0000	0.0000	0.0000
0.0160	0.31	0.02	2.0	-1.0	-4793.8	-361.2	-0.0013	-0.0001	-0.00004	-0.00008	0.005	0.002000	80000.000000	80000.000000	0.0000	0.0000	0.0000	0.0000
0.0180	0.39	0.03	2.0	-1.0	-4793.8	-362.9	-0.0016	-0.0001	-0.00004	-0.00008	0.005	0.002000	80000.000000	80000.000000	0.0000	0.0000	0.0000	0.0000
0.0200	0.48	0.04	2.0	-1.0	-4793.8	-364.7	-0.0020	-0.0001	-0.00004	-0.00008	0.005	0.002000	80000.000000	80000.000000	0.0000	0.0000	0.0000	0.0000
0.0220	0.58	0.04	2.0	-1.0	-4793.8	-366.5	-0.0024	-0.0002	-0.00004	-0.00008	0.005	0.002000	80000.000000	80000.000000	0.0000	0.0000	0.0000	0.0000
0.0240	0.69	0.05	2.0	-1.0	-4793.8	-368.2	-0.0028	-0.0002	-0.00004	-0.00008	0.005	0.002000	80000.000000	80000.000000	0.0000	0.0000	0.0000	0.0000
0.0260	0.81	0.06	2.0	-1.0	-4793.7	-370.0	-0.0033	-0.0003	-0.00004	-0.00008	0.005	0.002000	80000.000000	80000.000000	0.0000	0.0000	0.0000	0.0000
0.0280	0.94	0.07	2.0	-1.0	-4793.7	-371.8	-0.0038	-0.0003	-0.00004	-0.00008	0.005	0.002000	80000.000000	80000.000000	0.0000	0.0000	0.0000	0.0000
0.0300	1.08	0.08	2.0	-1.0	-4793.7	-373.5	-0.0044	-0.0003	-0.00004	-0.00008	0.005	0.002000	80000.000000	80000.000000	0.0000	0.0000	0.0000	0.0000
0.0320	1.23	0.10	2.0	-1.0	-4793.7	-375.3	-0.0050	-0.0004	-0.00004	-0.00008	0.005	0.002000	80000.000000	80000.000000	0.0000	0.0000	0.0000	0.0000
0.0340	1.39	0.11	2.0	-1.0	-4793.7	-377.1	-0.0056	-0.0004	-0.00004	-0.00008	0.005	0.002000	80000.000000	80000.000000	0.0000	0.0000	0.0000	0.0000
0.0360	1.55	0.12	2.0	-1.0	-4793.7	-378.8	-0.0063	-0.0005	-0.00004	-0.00008	0.005	0.002000	80000.000000	80000.000000	0.0000	0.0000	0.0000	0.0000
0.0380	1.73	0.14	2.0	-1.0	-4793.7	-380.6	-0.0070	-0.0006	-0.00004	-0.00008	0.005	0.002000	80000.000000	80000.000000	0.0000	0.0000	0.0000	0.0000
0.0400	1.92	0.15	2.0	-1.0	-4793.7	-382.3	-0.0078	-0.0006	-0.00004	-0.00008	0.005	0.002000	80000.000000	80000.000000	0.0000	0.0000	0.0000	0.0000
0.0420	2.11	0.17	2.0	-1.0	-4793.6	-384.1	-0.0086	-0.0007	-0.00004	-0.00008	0.005	0.002000	80000.000000	80000.000000	0.0000	0.0000	0.0000	0.0000
0.0440	2.32	0.19	2.0	-1.0	-4793.6	-385.9	-0.0094	-0.0008	-0.00004	-0.00008	0.005	0.002000	80000.000000	80000.000000	0.0000	0.0000	0.0000	0.0000
0.0460	2.54	0.20	2.0	-1.0	-4793.6	-387.6	-0.0103	-0.0008	-0.00004	-0.00008	0.005	0.002000	80000.000000	80000.000000	0.0000	0.0000	0.0000	0.0000
0.0480	2.76	0.22	2.0	-1.0	-4793.6	-389.4	-0.0112	-0.0009	-0.00004	-0.00008	0.005	0.002000	80000.000000	80000.000000	0.0000	0.0000	0.0000	0.0000
0.0500	3.00	0.24	2.0	-1.0	-4793.6	-391.2	-0.0121	-0.0010	-0.00004	-0.00008	0.005	0.002000	80000.000000	80000.000000	0.0000	0.0000	0.0000	0.0000
0.0520	3.24	0.26	2.0	-1.0	-4793.6	-392.9	-0.0131	-0.0011	-0.00004	-0.00008	0.005	0.002000	80000.000000	80000.000000	0.0000	0.0000	0.0000	0.0000
0.0540	3.49	0.29	2.0	-1.0	-4793.5	-394.7	-0.0141	-0.0012	-0.00004	-0.00008	0.005	0.002000	80000.000000	80000.000000	0.0000	0.0000	0.0000	0.0000
0.0560	3.76	0.31	2.0	-1.0	-4793.5	-396.4	-0.0152	-0.0013	-0.00004	-0.00008	0.005	0.002000	80000.000000	80000.000000	0.0000	0.0000	0.0000	0.0000
0.0580	4.03	0.33	2.0	-1.0	-4793.5	-398.2	-0.0163	-0.0013	-0.00004	-0.00008	0.005	0.002000	80000.000000	80000.000000	0.0000	0.0000	0.0000	0.0000
0.0600	4.31	0.36	2.0	-1.0	-4793.5	-400.0	-0.0174	-0.0014	-0.00004	-0.00008	0.005	0.002000	80000.000000	80000.000000	0.0000	0.0000	0.0000	0.0000
0.0620	4.61	0.38	2.0	-1.0	-4793.5	-401.7	-0.0186	-0.0016	-0.00004	-0.00008	0.005	0.002000	80000.000000	80000.000000	0.0000	0.0000	0.0000	0.0000
0.0640	4.91	0.41	2.0	-1.0	-4793.4	-403.5	-0.0198	-0.0017	-0.00004	-0.00008	0.005	0.002000	80000.000000	80000.000000	0.0000	0.0000	0.0000	0.0000
0.0660	5.22	0.44	2.0	-1.0	-4793.4	-405.3	-0.0210	-0.0018	-0.00004	-0.00008	0.005	0.002000	80000.000000	80000.000000	0.0000	0.0000	0.0000	0.0000
0.0680	5.54	0.47	2.0	-1.0	-4793.4	-407.0	-0.0223	-0.0019	-0.00004	-0.00008	0.005	0.002000	80000.000000	80000.000000	0.0000	0.0000	0.0000	0.0000
0.0700	5.87	0.50	2.0	-1.0	-4793.4	-408.8	-0.0236	-0.0020	-0.00004	-0.00008	0.005	0.002000	80000.000000	80000.000000	0.0000	0.0000	0.0000	0.0000
0.0720	6.21	0.53	2.0	-1.0	-4793.3	-410.5	-0.0250	-0.0021	-0.00004	-0.00008	0.005	0.002000	80000.000000	80000.000000	0.0000	0.0000	0.0000	0.0000
0.0740	6.56	0.56	2.0	-1.0	-4793.3	-412.3	-0.0264	-0.0023	-0.00004	-0.00008	0.005	0.002000	80000.000000	80000.000000	0.0000	0.0000	0.0000	0.0000
0.0760	6.92	0.60	2.0	-1.0	-4793.3	-414.1	-0.0279	-0.0024	-0.00004	-0.00008	0.005	0.002000	80000.000000	80000.000000	0.0000	0.0000	0.0000	0.0000
0.0780	7.29	0.63	2.0	-1.0	-4793.3	-415.8	-0.0293	-0.0025	-0.00004	-0.00008	0.005	0.002000	80000.000000	80000.000000	0.0000	0.0000	0.0000	0.0000
0.0800	7.66	0.67	2.0	-1.0	-4793.2	-417.6	-0.0309	-0.0027	-0.00004	-0.00008	0.005	0.002000	80000.000000	80000.000000	0.0000	0.0000	0.0000	0.0000
0.0820	8.05	0.70	2.0	-1.0	-4793.2	-419.4	-0.0324	-0.0028	-0.00004	-0.00008	0.005	0.002000	80000.000000	80000.000000	0.0000	0.0000	0.0000	0.0000
0.0840	8.45	0.74	2.0	-1.0	-4793.2	-421.1	-0.0340	-0.0030	-0.00004	-0.00008	0.005	0.002000	80000.000000	80000.000000	0.0000	0.0000	0.0000	0.0000
0.0860	8.86	0.78	2.0	-1.0	-4793.2	-422.9	-0.0356	-0.0031	-0.00004	-0.00008	0.005	0.002000	80000.000000	80000.000000	0.0000	0.0000	0.0000	0.0000
0.0880	9.27	0.82	2.0	-1.0	-4793.1	-424.6	-0.0373	-0.0033	-0.00004	-0.00008	0.005	0.002000	80000.000000	80000.000000	0.0000	0.0000	0.0000	0.0000
0.0900	9.70	0.86	2.0	-1.0	-4793.1	-426.4	-0.0390	-0.0035	-0.00004	-0.00008	0.005	0.002000	80000.000000	80000.000000	0.0000	0.0000	0.0000	0.0000
0.0920	10.13	0.90	2.0	-1.0	-4793.1	-428.2	-0.0408	-0.0036	-0.00004	-0.00008	0.005	0.002000	80000.000000	80000.000000	0.0000	0.0000	0.0000	0.0000
0.0940	10.58	0.95	2.0	-1.0	-4793.0	-429.9	-0.0425	-0.0038	-0.00004	-0.00008	0.005	0.002000	80000.000000	80000.000000	0.0000	0.0000	0.0000	0.0000
0.0960	11.03	0.99	2.0	-1.0	-4793.0	-431.7	-0.0444	-0.0040	-0.00004	-0.00008	0.005	0.002000	80000.000000	80000.000000	0.0000	0.0000	0.0000	0.0000
0.0980	11.49	1.04	2.0	-1.0	-4793.0	-433.5	-0.0462	-0.0042	-0.00004	-0.00008	0.005	0.002000	80000.000000	80000.000000	0.0000	0.0000	0.0000	0.0000
0.1000	11.97	1.08	2.0	-1.0	-4792.9	-435.2	-0.0481	-0.0044	-0.00004	-0.00008	0.005	0.002000	80000.000000	80000.000000	0.0000	0.0000	0.0000	0.0000
0.1020	12.45	1.13	2.0	-1.0	-4792.9	-437.0	-0.0500	-0.0046	-0.00004	-0.00008	0.005	0.002000	80000.000000	80000.000000	0.0000	0.0000	0.0000	0.0000
0.1040	12.94	1.18	2.0	-1.0	-4792.9	-438.7	-0.0520	-0.0048	-0.00004	-0.00008	0.005	0.002000	80000.000000	80000.000000	0.0000	0.0000	0.0000	0.0000
0.1060	13.44	1.23	2.0	-1.0	-4792.8	-440.5	-0.0540	-0.0050	-0.00004	-0.00008	0.005	0.002000	80000.000000	80000.000000	0.0000	0.0000	0.0000	0.0000
0.1080	13.95	1.28	2.0	-1.0	-4792.8	-442.3	-0.0561	-0.0052	-0.00004	-0.00008	0.005	0.002000	80000.000000	80000.000000	0.0000	0.0000	0.0000	0.0000
0.1100	14.47	1.34	2.0	-1.0	-4792.7	-444.0	-0.0582	-0.0054	-0.00004	-0.00008	0.005	0.002000	80000.000000	80000.000000	0.0000	0.0000	0.0000	0.0000
0.1120	15.00	1.39	2.0	-1.0	-4792.7	-445.8	-0.0603	-0.0056	-0.00004	-0.00008	0.005	0.002000	80000.000000	80000.000000	0.0000	0.0000	0.0000	0.0000
0.1140	15.54	1.45	2.0	-1.0	-4792.7	-447.6	-0.0625	-0.0058	-0.00004	-0.00008	0.005	0.002000	80000.000000	80000.000000	0.0000	0.0000	0.0000	0.0000
0.1160	16.09	1.50	2.0	-1.0	-4792.6	-449.3	-0.0647	-0.0060	-0.00004	-0.00008	0.005	0.002000	80000.000000	80000.000000	0.0000	0.0000	0.0000	0.0000
0.1180	16.65	1.56	2.0	-1.0	-4792.6	-451.1	-0.0669	-0.0063	-0.00004	-0.00008	0.005	0.002000	80000.000000	80000.000000	0.0000	0.0000	0.0000	0.0000
0.1200	17.22	1.62	2.0	-1.0	-4792.5	-452.8	-0.0692	-0.0065	-0.00004	-0.00008	0.005	0.002000	80000.000000	80000.000000	0.0000	0.0000	0.0000	0.0000
0.1220	17.80	1.68	2.0	-1.0	-4792.5	-454.6	-0.0715	-0.0068	-0.00004	-0.00008	0.005	0.002000	80000.000000	80000.000000	0.0000	0.0000	0.0000	0.0000
0.1240	18.38	1.75	2.0	-1.0	-4792.5	-456.4	-0.0738	-0.0070	-0.00004	-0.00008	0.005	0.002000	80000.000000	80000.000000	0.0000	0.0000	0.0000	0.0000
0.1260	18.98	1.81	2.0	-1.0	-4792.4	-458.1	-0.0762	-0.0073	-0.00004	-0.00008	0.005	0.002000	80000.000000	80000.000000	0.0000	0.0000	0.0000	0.0000
0.1280	19.58	1.87	2.0	-1.0	-4792.4	-459.9	-0.0787	-0.0075	-0.00004	-0.00008	0.005	0.002000	80000.000000	80000.000000	0.0000	0.0000	0.0000	0.0000
0.1300	20.20	1.94	2.0	-1.0	-4792.3	-461.7	-0.0811	-0.0078	-0.00004	-0.00008	0.005	0.002000	80000.000000	80000.000000	0.0000	0.0000	0.0000	0.0000
0.1320	20.82	2.01	2.0	-1.0	-4792.3	-463.4	-0.0836	-0.0081	-0.00004	-0.00008	0.005	0.002000	80000.000000	80000.000000	0.0000	0.0000	0.0000	0.0000
0.1340	21.46	2.08	2.0	-1.0	-4792.2	-465.2	-0.0862	-0.0083	-0.00004	-0.00008	0.005	0.002000	80000.000000	80000.000000	0.0000	0.0000	0.0000	0.0000
0.1360	22.10	2.15	2.0	-1.0	-4792.2	-466.9	-0.0887	-0.0086	-0.00004	-0.00008	0.005	0.002000	80000.000000	80000.000000	0.0000	0.0000	0.0000	0.0000
0.1380	22.75	2.22	2.0	-1.0	-4792.1	-468.7	-0.0914	-0.0089	-0.00004	-0.00008	0.005	0.002000	80000.000000	80000.000000	0.0000	0.0000	0.0000	0.0000
0.1400	23.41	2.29	2.0	-1.0	-4792.1	-470.5	-0.0940	-0.0092	-0.00004	-0.00008	0.005	0.002000	80000.000000	80000.000000	0.0000	0.0000	0.0000	0.0000
0.1420	24.09	2.37	2.0	-1.0	-4792.0	-472.2	-0.0967	-0.0095	-0.00004	-0.00008	0.005	0.002000	80000.000000	80000.000000	0.0000	0.0000	0.0000	0.0000
0.1440	24.77	2.44	2.0	-1.0	-4792.0	-474.0	-0.0994	-0.0098	-0.00004	-0.00008	0.005	0.002000	80000.000000	80000.000000	0.0000	0.0000	0.0000	0.0000
0.1460	25.46	2.52	2.0	-1.0	-4791.9	-475.8	-0.1022	-0.0101	-0.00004	-0.00008	0.005	0.002000	80000.000000	80000.000000	0.0000	0.0000	0.0000	0.0000
0.1480	26.16	2.60	2.0	-1.0	-4791.9	-477.5	-0.1050	-0.0104	-0.00004	-0.00008	0.005	0.002000	80000.000000	80000.000000	0.0000	0.0000	0.0000	0.0000
0.1500	26.86	2.68	2.0	-1.0	-4791.8	-479.3	-0.1078	-0.0108	-0.00004	-0.00008	0.005	0.002000	80000.000000	80000.000000	0.0000	0.0000	0.0000	0.0000
0.1520	27.58	2.76	2.0	-1.0	-4791.8	-481.0	-0.1107	-0.0111	-0.00004	-0.00008	0.005	0.002000	80000.000000	80000.000000	0.0000	0.0000	0.0000	0.0000
0.1540	28.31	2.85	2.0	-1.0	-4791.7	-482.8	-0.1136	-0.0114	-0.00004	-0.00008	0.005	0.002000	80000.000000	80000.000000	0.0000	0.0000	0.0000	0.0000
0.1560	29.05	2.93	2.0	-1.0	-4791.7	-484.6	-0.1166	-0.0118	-0.00004	-0.00008	0.005	0.002000	80000.000000	80000.000000	0.0000	0.0000	0.0000	0.0000
0.1580	29.79	3.02	2.0	-1.0	-4791.6	-486.3	-0.1196	-0.0121	-0.00004	-0.00008	0.005	0.002000	80000.000000	80000.000000	0.0000	0.0000	0.0000	0.0000
0.1600	30.55	3.10	2.0	-1.0	-4791.6	-488.1	-0.1226	-0.0125	-0.00004	-0.00008	0.005	0.002000	80000.000000	80000.000000	0.0000	0.0000	0.0000	0.0000
0.1620	31.31	3.19	2.0	-1.0	-4791.5	-489.9	-0.1257	-0.0128	-0.00004	-0.00008	0.005	0.002000	80000.000000	80000.000000	0.0000	0.0000	0.0000	0.0000
0.1640	32.09	3.28	2.0	-1.0	-4791.5	-491.6	-0.1288	-0.0132	-0.00004	-0.00008	0.005	0.002000	80000.000000	80000.000000	0.0000	0.0000	0.0000	0.0000
0.1660	32.87	3.38	2.0	-1.0	-4791.4	-493.4	-0.1319	-0.0136	-0.00004	-0.00008	0.005	0.002000	80000.000000	80000.000000	0.0000	0.0000	0.0000	0.0000
0.1680	33.66	3.47	2.0	-1.0	-4791.3	-495.1	-0.1351	-0.0139	-0.00004	-0.00008	0.005	0.002000	80000.000000	80000.000000	0.0000	0.0000	0.0000	0.0000
0.1700	34.47	3.57	2.0	-1.0	-4791.3	-496.9	-0.1383	-0.0143	-0.00004	-0.00008	0.005	0.002000	80000.000000	80000.000000	0.0000	0.0000	0.0000	0.0000
0.1720	35.28	3.66	2.0	-1.0	-4791.2	-498.7	-0.1415	-0.0147	-0.00004	-0.00008	0.005	0.002000	80000.000000	80000.000000	0.0000	0.0000	0.0000	0.0000
0.1740	36.10	3.76	2.0	-1.0	-4791.2	-500.4	-0.1448	-0.0151	-0.00004	-0.00008	0.005	0.002000	80000.000000	80000.000000	0.0000	0.0000	0.0000	0.0000
0.1760	36.93	3.86	2.0	-1.0	-4791.1	-502.2	-0.1481	-0.0155	-0.00004	-0.00008	0.005	0.002000	80000.000000	80000.000000	0.0000	0.0000	0.0000	0.0000
0.1780	37.77	3.96	2.0	-1.0	-4791.0	-504.0	-0.1515	-0.0159	-0.00004	-0.00008	0.005	0.002000	80000.000000	80000.000000	0.0000	0.0000	0.0000	0.0000
0.1800	38.61	4.07	2.0	-1.0	-4791.0	-505.7	-0.1549	-0.0163	-0.00004	-0.00008	0.005	0.002000	80000.000000	80000.000000	0.0000	0.0000	0.0000	0.0000
0.1820	39.47	4.17	2.0	-1.0	-4790.9	-507.5	-0.1583	-0.0167	-0.00004	-0.00008	0.005	0.002000	80000.000000	80000.000000	0.0000	0.0000	0.0000	0.0000
0.1840	40.34	4.28	2.0	-1.0	-4790.8	-509.2	-0.1618	-0.0172	-0.00004	-0.00008	0.005	0.002000	80000.000000	80000.000000	0.0000	0.0000	0.0000	0.0000
0.1860	41.21	4.39	2.0	-1.0	-4790.8	-511.0	-0.1653	-0.0176	-0.00004	-0.00008	0.005	0.002000	80000.000000	80000.000000	0.0000	0.0000	0.0000	0.0000
0.1880	42.10	4.50	2.0	-1.0	-4790.7	-512.8	-0.1689	-0.0180	-0.00004	-0.00008	0.005	0.002000	80000.000000	80000.000000	0.0000	0.0000	0.0000	0.0000
0.1900	42.99	4.61	2.0	-1.0	-4790.6	-514.5	-0.1725	-0.0185	-0.00004	-0.00008	0.005	0.002000	80000.000000	80000.000000	0.0000	0.0000	0.0000	0.0000
0.1920	43.90	4.72	2.0	-1.0	-4790.6	-516.3	-0.1761	-0.0189	-0.00004	-0.00008	0.005	0.002000	80000.000000	80000.000000	0.0000	0.0000	0.0000	0.0000
0.1940	44.81	4.83	2.0	-1.0	-4790.5	-518.0	-0.1797	-0.0194	-0.00004	-0.00008	0.005	0.002000	80000.000000	80000.000000	0.0000	0.0000	0.0000	0.0000
0.1960	45.73	4.95	2.0	-1.0	-4790.4	-519.8	-0.1834	-0.0199	-0.00004	-0.00008	0.005	0.002000	80000.000000	80000.000000	0.0000	0.0000	0.0000	0.0000
0.1980	46.66	5.07	2.0	-1.0	-4790.4	-521.6	-0.1872	-0.0203	-0.00004	-0.00008	0.005	0.002000	80000.000000	80000.000000	0.0000	0.0000	0.0000	0.0000
0.2000	47.61	5.19	2.0	-1.0	-4790.3	-523.3	-0.1909	-0.0208	-0.00004	-0.00008	0.005	0.002000	80000.000000	80000.000000	0.0000	0.0000	0.0000	0.0000
0.2020	48.56	5.31	2.0	-1.0	-4790.2	-525.1	-0.1947	-0.0213	-0.00004	-0.00008	0.005	0.002000	80000.000000	80000.000000	0.0000	0.0000	0.0000	0.0000
0.2040	49.51	5.43	2.0	-1.0	-4790.2	-526.9	-0.1986	-0.0218	-0.00004	-0.00008	0.005	0.002000	80000.000000	80000.000000	0.0000	0.0000	0.0000	0.0000
0.2060	50.48	5.56	2.0	-1.0	-4790.1	-528.6	-0.2024	-0.0223	-0.00004	-0.00008	0.005	0.002000	80000.000000	80000.000000	0.0000	0.0000	0.0000	0.0000
0.2080	51.46	5.68	2.0	-1.0	-4790.0	-530.4	-0.2064	-0.0228	-0.00004	-0.00008	0.005	0.002000	80000.000000	80000.000000	0.0000	0.0000	0.0000	0.0000
0.2100	52.45	5.81	2.0	-1.0	-4789.9	-532.1	-0.2103	-0.0233	-0.00004	-0.00008	0.005	0.002000	80000.000000	80000.000000	0.0000	0.0000	0.0000	0.0000
0.2120	53.44	5.94	2.0	-1.0	-4789.9	-533.9	-0.2143	-0.0238	-0.00004	-0.00008	0.005	0.002000	80000.000000	80000.000000	0.0000	0.0000	0.0000	0.0000
0.2140	54.45	6.07	2.0	-1.0	-4789.8	-535.7	-0.2183	-0.0244	-0.00004	-0.00008	0.005	0.002000	80000.000000	80000.000000	0.0000	0.0000	0.0000	0.0000
0.2160	55.46	6.21	2.0	-1.0	-4789.7	-537.4	-0.2224	-0.0249	-0.00004	-0.00008	0.005	0.002000	80000.000000	80000.000000	0.0000	0.0000	0.0000	0.0000
0.2180	56.48	6.34	2.0	-1.0	-4789.6	-539.2	-0.2265	-0.0254	-0.00004	-0.00008	0.005	0.002000	80000.000000	80000.000000	0.0000	0.0000	0.0000	0.0000
0.2200	57.51	6.48	2.0	-1.0	-4789.6	-540.9	-0.2306	-0.0260	-0.00004	-0.00008	0.005	0.002000	80000.000000	80000.000000	0.0000	0.0000	0.0000	0.0000
0.2220	58.55	6.62	2.0	-1.0	-4789.5	-542.7	-0.2348	-0.0266	-0.00004	-0.00008	0.005	0.002000	80000.000000	80000.000000	0.0000	0.0000	0.0000	0.0000
0.2240	59.60	6.76	2.0	-1.0	-4789.4	-544.5	-0.2390	-0.0271	-0.00004	-0.00008	0.005	0.002000	80000.000000	80000.000000	0.0000	0.0000	0.0000	0.0000
0.2260	60.66	6.90	2.0	-1.0	-4789.3	-546.2	-0.2432	-0.0277	-0.00004	-0.00008	0.005	0.002000	80000.000000	80000.000000	0.0000	0.0000	0.0000	0.0000
0.2280	61.73	7.05	2.0	-1.0	-4789.3	-548.0	-0.2475	-0.0283	-0.00004	-0.00008	0.005	0.002000	80000.000000	80000.000000	0.0000	0.0000	0.0000	0.0000
0.2300	62.81	7.19	2.0	-1.0	-4789.2	-549.8	-0.2518	-0.0289	-0.00004	-0.00008	0.005	0.002000	80000.000000	80000.000000	0.0000	0.0000	0.0000	0.0000
0.2320	63.90	7.34	2.0	-1.0	-4789.1	-551.5	-0.2562	-0.0294	-0.00004	-0.00008	0.005	0.002000	80000.000000	80000.000000	0.0000	0.0000	0.0000	0.0000
0.2340	64.99	7.49	2.0	-1.0	-4789.0	-553.3	-0.2606	-0.0300	-0.00004	-0.00008	0.005	0.002000	80000.000000	80000.000000	0.0000	0.0000	0.0000	0.0000
0.2360	66.09	7.64	2.0	-1.0	-4788.9	-555.0	-0.2650	-0.0307	-0.00004	-0.00008	0.005	0.002000	80000.000000	80000.000000	0.0000	0.0000	0.0000	0.0000
0.2380	67.21	7.80	2.0	-1.0	-4788.9	-556.8	-0.2694	-0.0313	-0.00004	-0.00008	0.005	0.002000	80000.000000	80000.000000	0.0000	0.0000	0.0000	0.0000
0.2400	68.33	7.95	2.0	-1.0	-4788.8	-558.6	-0.2739	-0.0319	-0.00004	-0.00008	0.005	0.002000	80000.000000	80000.000000	0.0000	0.0000	0.0000	0.0000
0.2420	69.46	8.11	2.0	-1.0	-4788.7	-560.3	-0.2785	-0.0325	-0.00004	-0.00008	0.005	0.002000	80000.000000	80000.000000	0.0000	0.0000	0.0000	0.0000
0.2440	70.60	8.27	2.0	-1.0	-4788.6	-562.1	-0.2830	-0.0332	-0.00004	-0.00008	0.005	0.002000	80000.000000	80000.000000	0.0000	0.0000	0.0000	0.0000
0.2460	71.75	8.43	2.0	-1.0	-4788.5	-563.8	-0.2876	-0.0338	-0.00004	-0.00008	0.005	0.002000	80000.000000	80000.000000	0.0000	0.0000	0.0000	0.0000
0.2480	72.91	8.59	2.0	-1.0	-4788.4	-565.6	-0.2923	-0.0345	-0.00004	-0.00008	0.005	0.002000	80000.000000	80000.000000	0.0000	0.0000	0.0000	0.0000
0.2500	74.08	8.76	2.0	-1.0	-4788.3	-567.4	-0.2970	-0.0351	-0.00004	-0.00008	0.005	0.002000	80000.000000	80000.000000	0.0000	0.0000	0.0000	0.0000
0.2520	75.25	8.92	2.0	-1.0	-4788.3	-569.1	-0.3017	-0.0358	-0.00004	-0.00008	0.005	0.002000	80000.000000	80000.000000	0.0000	0.0000	0.0000	0.0000
0.2540	76.44	9.09	2.0	-1.0	-4788.2	-570.9	-0.3064	-0.0365	-0.00004	-0.00008	0.005	0.002000	80000.000000	80000.000000	0.0000	0.0000	0.0000	0.0000
0.2560	77.63	9.26	2.0	-1.0	-4788.1	-572.6	-0.3112	-0.0372	-0.00004	-0.00008	0.005	0.002000	80000.000000	80000.000000	0.0000	0.0000	0.0000	0.0000
0.2580	78.83	9.44	2.0	-1.0	-4788.0	-574.4	-0.3160	-0.0378	-0.00004	-0.00008	0.005	0.002000	80000.000000	80000.000000	0.0000	0.0000	0.0000	0.0000
0.2600	80.05	9.61	2.0	-1.0	-4787.9	-576.2	-0.3209	-0.0385	-0.00004	-0.00008	0.005	0.002000	80000.000000	80000.000000	0.0000	0.0000	0.0000	0.0000
0.2620	81.27	9.79	2.0	-1.0	-4787.8	-577.9	-0.3258	-0.0393	-0.00004	-0.00008	0.005	0.002000	80000.000000	80000.000000	0.0000	0.0000	0.0000	0.0000
0.2640	82.50	9.97	2.0	-1.0	-4787.7	-579.7	-0.3307	-0.0400	-0.00004	-0.00008	0.005	0.002000	80000.000000	80000.000000	0.0000	0.0000	0.0000	0.0000
0.2660	83.73	10.15	2.0	-1.0	-4787.6	-581.4	-0.3356	-0.0407	-0.00004	-0.00008	0.005	0.002000	80000.000000	80000.000000	0.0000	0.0000	0.0000	0.0000
0.2680	84.98	10.33	2.0	-1.0	-4787.5	-583.2	-0.3406	-0.0414	-0.00004	-0.00008	0.005	0.002000	80000.000000	80000.000000	0.0000	0.0000	0.0000	0.0000
0.2700	86.24	10.51	2.0	-1.0	-4787.4	-585.0	-0.3457	-0.0422	-0.00004	-0.00008	0.005	0.002000	80000.000000	80000.000000	0.0000	0.0000	0.0000	0.0000
0.2720	87.50	10.70	2.0	-1.0	-4787.3	-586.7	-0.3507	-0.0429	-0.00004	-0.00008	0.005	0.002000	80000.000000	80000.000000	0.0000	0.0000	0.0000	0.0000
0.2740	88.78	10.89	2.0	-1.0	-4787.2	-588.5	-0.3558	-0.0437	-0.00004	-0.00008	0.005	0.002000	80000.000000	80000.000000	0.0000	0.0000	0.0000	0.0000
0.2760	90.06	11.08	2.0	-1.0	-4787.1	-590.2	-0.3610	-0.0444	-0.00004	-0.00008	0.005	0.002000	80000.000000	80000.000000	0.0000	0.0000	0.0000	0.0000
0.2780	91.35	11.27	2.0	-1.0	-4787.0	-592.0	-0.3661	-0.0452	-0.00004	-0.00008	0.005	0.002000	80000.000000	80000.000000	0.0000	0.0000	0.0000	0.0000
0.2800	92.65	11.47	2.0	-1.0	-4787.0	-593.8	-0.3713	-0.0460	-0.00004	-0.00008	0.005	0.002000	80000.000000	80000.000000	0.0000	0.0000	0.0000	0.0000
0.2820	93.96	11.66	2.0	-1.0	-4786.9	-595.5	-0.3766	-0.0468	-0.00004	-0.00008	0.005	0.002000	80000.000000	80000.000000	0.0000	0.0000	0.0000	0.0000
0.2840	95.28	11.86	2.0	-1.0	-4786.8	-597.3	-0.3819	-0.0476	-0.00004	-0.00008	0.005	0.002000	80000.000000	80000.000000	0.0000	0.0000	0.0000	0.0000
0.2860	96.62	12.06	3.0	-1.0	-4786.7	-599.0	-0.3873	-0.0484	-0.00004	-0.00012	0.007	0.002000	80000.000000	80000.000000	0.0000	0.0000	0.0000	0.0000
0.2880	97.94	12.27	2.0	-1.0	-4786.6	-600.8	-0.3925	-0.0492	-0.00004	-0.00008	0.005	0.002000	80000.000000	80000.000000	0.0000	0.0000	0.0000	0.0000
0.2900	99.28	12.49	2.0	0.0	-4786.5	-602.6	-0.3979	-0.0501	0.00000	-0.00008	0.004	0.002000	80000.000000	80000.000000	0.0000	0.0000	0.0000	0.0000
0.2920	100.64	12.68	2.0	-1.0	-4786.4	-604.3	-0.4033	-0.0508	-0.00004	-0.00008	0.005	0.002000	80000.000000	80000.000000	0.0000	0.0000	0.0000	0.0000
0.2940	102.00	12.89	2.0	-1.0	-4786.2	-606.1	-0.4088	-0.0517	-0.00004	-0.00008	0.005	0.002000	80000.000000	80000.000000	0.0000	0.0000	0.0000	0.0000
0.2960	103.37	13.10	2.0	-1.0	-4786.1	-607.8	-0.4142	-0.0525	-0.00004	-0.00008	0.005	0.002000	80000.000000	80000.000000	0.0000	0.0000	0.0000	0.0000
0.2980	104.75	13.31	2.0	-1.0	-4786.0	-609.6	-0.4198	-0.0534	-0.00004	-0.00008	0.005	0.002000	80000.000000	80000.000000	0.0000	0.0000	0.0000	0.0000
0.3000	106.13	13.53	2.0	-1.0	-4785.9	-611.4	-0.4253	-0.0542	-0.00004	-0.00008	0.005	0.002000	80000.000000	80000.000000	0.0000	0.0000	0.0000	0.0000
0.3020	107.53	13.75	2.0	-1.0	-4785.8	-613.1	-0.4310	-0.0552	-0.00004	-0.00008	0.005	0.002000	80000.000000	80000.000000	0.0000	0.0000	0.0000	0.0000
0.3040	108.93	13.97	2.0	-1.0	-4785.7	-614.9	-0.4365	-0.0560	-0.00004	-0.00008	0.005	0.002000	80000.000000	80000.000000	0.0000	0.0000	0.0000	0.0000
0.3060	110.35	14.19	2.0	-1.0	-4785.6	-616.6	-0.4423	-0.0569	-0.00004	-0.00008	0.005	0.002000	80000.000000	80000.000000	0.0000	0.0000	0.0000	0.0000
0.3080	111.75	14.41	1.0	-1.0	-4785.5	-618.4	-0.4478	-0.0577	-0.00004	-0.00004	0.003	0.002000	80000.000000	80000.000000	0.0000	0.0000	0.0000	0.0000
0.3100	113.20	14.64	2.0	-1.0	-4785.4	-620.2	-0.4537	-0.0587	-0.00004	-0.00008	0.005	0.002000	80000.000000	80000.000000	0.0000	0.0000	0.0000	0.0000
0.3120	114.64	14.87	2.0	-1.0	-4785.3	-621.9	-0.4593	-0.0596	-0.00004	-0.00008	0.005	0.002000	80000.000000	80000.000000	0.0000	0.0000	0.0000	0.0000
0.3140	116.09	15.10	2.0	-1.0	-4785.2	-623.7	-0.4653	-0.0606	-0.00004	-0.00008	0.005	0.002000	80000.000000	80000.000000	0.0000	0.0000	0.0000	0.0000
0.3160	117.54	15.33	2.0	-1.0	-4785.1	-625.4	-0.4709	-0.0614	-0.00004	-0.00008	0.005	0.002000	80000.000000	80000.000000	0.0000	0.0000	0.0000	0.0000
0.3180	119.01	15.57	2.0	-1.0	-4785.0	-627.2	-0.4770	-0.0624	-0.00004	-0.00008	0.005	0.002000	80000.000000	80000.000000	0.0000	0.0000	0.0000	0.0000
0.3200	120.48	15.81	2.0	-1.0	-4784.9	-629.0	-0.4827	-0.0633	-0.00004	-0.00008	0.005	0.002000	80000.000000	80000.000000	0.0000	0.0000	0.0000	0.0000
0.3220	121.96	16.05	2.0	-1.0	-4784.7	-630.7	-0.4888	-0.0644	-0.00004	-0.00008	0.005	0.002000	80000.000000	80000.000000	0.0000	0.0000	0.0000	0.0000
0.3240	123.45	16.29	2.0	-1.0	-4784.6	-632.5	-0.4946	-0.0652	-0.00004	-0.00008	0.005	0.002000	80000.000000	80000.000000	0.0000	0.0000	0.0000	0.0000
0.3260	124.95	16.53	2.0	-1.0	-4784.5	-634.2	-0.5008	-0.0663	-0.00004	-0.00008	0.005	0.002000	80000.000000	80000.000000	0.0000	0.0000	0.0000	0.0000
0.3280	126.46	16.78	2.0	-1.0	-4784.4	-636.0	-0.5067	-0.0672	-0.00004	-0.00008	0.005	0.002000	80000.000000	80000.000000	0.0000	0.0000	0.0000	0.0000
0.3300	127.98	17.03	2.0	-1.0	-4784.3	-637.8	-0.5129	-0.0683	-0.00004	-0.00008	0.005	0.002000	80000.000000	80000.000000	0.0000	0.0000	0.0000	0.0000
0.3320	129.50	17.28	2.0	-1.0	-4784.2	-639.5	-0.5188	-0.0692	-0.00004	-0.00008	0.005	0.002000	80000.000000	80000.000000	0.0000	0.0000	0.0000	0.0000
0.3340	131.04	17.53	2.0	-1.0	-4784.1	-641.3	-0.5251	-0.0703	-0.00004	-0.00008	0.005	0.002000	80000.000000	80000.000000	0.0000	0.0000	0.0000	0.0000
0.3360	132.58	17.79	2.0	-1.0	-4783.9	-643.0	-0.5311	-0.0712	-0.00004	-0.00008	0.005	0.002000	80000.000000	80000.000000	0.0000	0.0000	0.0000	0.0000
0.3380	134.13	18.04	2.0	-1.0	-4783.8	-644.8	-0.5375	-0.0724	-0.00004	-0.00008	0.005	0.002000	80000.000000	80000.000000	0.0000	0.0000	0.0000	0.0000
0.3400	135.69	18.30	2.0	-1.0	-4783.7	-646.6	-0.5436	-0.0733	-0.00004	-0.00008	0.005	0.002000	80000.000000	80000.000000	0.0000	0.0000	0.0000	0.0000
0.3420	137.25	18.57	2.0	-1.0	-4783.6	-648.3	-0.5500	-0.0745	-0.00004	-0.00008	0.005	0.002000	80000.000000	80000.000000	0.0000	0.0000	0.0000	0.0000
0.3440	138.83	18.83	2.0	-1.0	-4783.5	-650.1	-0.5562	-0.0754	-0.00004	-0.00008	0.005	0.002000	80000.000000	80000.000000	0.0000	0.0000	0.0000	0.0000
0.3460	140.41	19.10	2.0	-1.0	-4783.3	-651.8	-0.5627	-0.0766	-0.00004	-0.00008	0.005	0.002000	80000.000000	80000.000000	0.0000	0.0000	0.0000	0.0000
0.3480	142.00	19.37	2.0	-1.0	-4783.2	-653.6	-0.5689	-0.0776	-0.00004	-0.00008	0.005	0.002000	80000.000000	80000.000000	0.0000	0.0000	0.0000	0.0000
0.3500	143.60	19.64	2.0	-1.0	-4783.1	-655.4	-0.5755	-0.0787	-0.00004	-0.00008	0.005	0.002000	80000.000000	80000.000000	0.0000	0.0000	0.0000	0.0000
0.3520	145.21	19.91	2.0	-1.0	-4783.0	-657.1	-0.5817	-0.0798	-0.00004	-0.00008	0.005	0.002000	80000.000000	80000.000000	0.0000	0.0000	0.0000	0.0000
0.3540	146.83	20.19	2.0	-1.0	-4782.9	-658.9	-0.5884	-0.0810	-0.00004	-0.00008	0.005	0.002000	80000.000000	80000.000000	0.0000	0.0000	0.0000	0.0000
0.3560	148.45	20.47	2.0	-1.0	-4782.7	-660.6	-0.5947	-0.0820	-0.00004	-0.00008	0.005	0.002000	80000.000000	80000.000000	0.0000	0.0000	0.0000	0.0000
0.3580	150.09	20.75	2.0	-1.0	-4782.6	-662.4	-0.6014	-0.0832	-0.00004	-0.00008	0.005	0.002000	80000.000000	80000.000000	0.0000	0.0000	0.0000	0.0000
0.3600	151.73	21.03	2.0	-1.0	-4782.5	-664.1	-0.6078	-0.0842	-0.00004	-0.00008	0.005	0.002000	80000.000000	80000.000000	0.0000	0.0000	0.0000	0.0000
0.3620	153.38	21.32	2.0	-1.0	-4782.4	-665.9	-0.6146	-0.0855	-0.00004	-0.00008	0.005	0.002000	80000.000000	80000.000000	0.0000	0.0000	0.0000	0.0000
0.3640	155.04	21.60	2.0	-1.0	-4782.2	-667.7	-0.6211	-0.0865	-0.00004	-0.00008	0.005	0.002000	80000.000000	80000.000000	0.0000	0.0000	0.0000	0.0000
0.3660	156.70	21.89	2.0	-1.0	-4782.1	-669.4	-0.6279	-0.0878	-0.00004	-0.00008	0.005	0.002000	80000.000000	80000.000000	0.0000	0.0000	0.0000	0.0000
0.3680	158.38	22.19	2.0	-1.0	-4782.0	-671.2	-0.6345	-0.0889	-0.00004	-0.00008	0.005	0.002000	80000.000000	80000.000000	0.0000	0.0000	0.0000	0.0000
0.3700	160.06	22.48	2.0	-1.0	-4781.8	-672.9	-0.6414	-0.0901	-0.00004	-0.00008	0.005	0.002000	80000.000000	80000.000000	0.0000	0.0000	0.0000	0.0000
0.3720	161.75	22.78	2.0	-1.0	-4781.7	-674.7	-0.6480	-0.0913	-0.00004	-0.00008	0.005	0.002000	80000.000000	80000.000000	0.0000	0.0000	0.0000	0.0000
0.3740	163.45	23.08	2.0	-1.0	-4781.6	-676.5	-0.6550	-0.0925	-0.00004	-0.00008	0.005	0.002000	80000.000000	80000.000000	0.0000	0.0000	0.0000	0.0000
0.3760	165.16	23.38	2.0	-1.0	-4781.5	-678.2	-0.6616	-0.0937	-0.00004	-0.00008	0.005	0.002000	80000.000000	80000.000000	0.0000	0.0000	0.0000	0.0000
0.3780	166.88	23.69	2.0	-1.0	-4781.3	-680.0	-0.6687	-0.0950	-0.00004	-0.00008	0.005	0.002000	80000.000000	80000.000000	0.0000	0.0000	0.0000	0.0000
0.3800	168.60	23.99	2.0	-1.0	-4781.2	-681.7	-0.6754	-0.0961	-0.00004	-0.00008	0.005	0.002000	80000.000000	80000.000000	0.0000	0.0000	0.0000	0.0000
0.3820	170.33	24.30	2.0	-1.0	-4781.1	-683.5	-0.6825	-0.0974	-0.00004	-0.00008	0.005	0.002000	80000.000000	80000.000000	0.0000	0.0000	0.0000	0.0000
0.3840	172.07	24.62	2.0	-1.0	-4780.9	-685.2	-0.6893	-0.0986	-0.00004	-0.00008	0.005	0.002000	80000.000000	80000.000000	0.0000	0.0000	0.0000	0.0000
0.3860	173.82	24.93	2.0	-1.0	-4780.8	-687.0	-0.6965	-0.1000	-0.00004	-0.00008	0.005	0.002000	80000.000000	80000.000000	0.0000	0.0000	0.0000	0.0000
0.3880	175.58	25.25	2.0	-1.0	-4780.6	-688.8	-0.7033	-0.1011	-0.00004	-0.00008	0.005	0.002000	80000.000000	80000.000000	0.0000	0.0000	0.0000	0.0000
0.3900	177.34	25.57	2.0	-1.0	-4780.5	-690.5	-0.7106	-0.1025	-0.00004	-0.00008	0.005	0.002000	80000.000000	80000.000000	0.0000	0.0000	0.0000	0.0000
0.3920	179.08	25.89	1.0	-1.0	-4780.4	-692.3	-0.7173	-0.1037	-0.00004	-0.00004	0.003	0.002000	80000.000000	80000.000000	0.0000	0.0000	0.0000	0.0000
0.3940	180.90	26.22	2.0	-1.0	-4780.2	-694.0	-0.7249	-0.1051	-0.00004	-0.00008	0.005	0.002000	80000.000000	80000.000000	0.0000	0.0000	0.0000	0.0000
0.3960	182.68	26.54	2.0	-1.0	-4780.1	-695.8	-0.7317	-0.1063	-0.00004	-0.00008	0.005	0.002000	80000.000000	80000.000000	0.0000	0.0000	0.0000	0.0000
0.3980	184.48	26.87	2.0	-1.0	-4780.0	-697.6	-0.7392	-0.1077	-0.00004	-0.00008	0.005	0.002000	80000.000000	80000.000000	0.0000	0.0000	0.0000	0.0000
0.4000	186.29	27.20	2.0	-1.0	-4779.8	-699.3	-0.7461	-0.1090	-0.00004	-0.00008	0.005	0.002000	80000.000000	80000.000000	0.0000	0.0000	0.0000	0.0000
0.4020	188.10	27.54	2.0	-1.0	-4779.7	-701.1	-0.7537	-0.1104	-0.00004	-0.00008	0.005	0.002000	80000.000000	80000.000000	0.0000	0.0000	0.0000	0.0000
0.4040	189.92	27.88	2.0	-1.0	-4779.5	-702.8	-0.7607	-0.1117	-0.00004	-0.00008	0.005	0.002000	80000.000000	80000.000000	0.0000	0.0000	0.0000	0.0000
0.4060	191.75	28.22	2.0	-1.0	-4779.4	-704.6	-0.7683	-0.1131	-0.00004	-0.00008	0.005	0.002000	80000.000000	80000.000000	0.0000	0.0000	0.0000	0.0000
0.4080	193.58	28.56	2.0	-1.0	-4779.3	-706.3	-0.7754	-0.1144	-0.00004	-0.00008	0.005	0.002000	80000.000000	80000.000000	0.0000	0.0000	0.0000	0.0000
0.4100	195.43	28.90	2.0	-1.0	-4779.1	-708.1	-0.7831	-0.1159	-0.00004	-0.00008	0.005	0.002000	80000.000000	80000.000000	0.0000	0.0000	0.0000	0.0000
0.4120	197.28	29.25	2.0	-1.0	-4779.0	-709.9	-0.7902	-0.1172	-0.00004	-0.00008	0.005	0.002000	80000.000000	80000.000000	0.0000	0.0000	0.0000	0.0000
0.4140	199.14	29.60	2.0	-1.0	-4778.8	-711.6	-0.7979	-0.1187	-0.00004	-0.00008	0.005	0.002000	80000.000000	80000.000000	0.0000	0.0000	0.0000	0.0000
0.4160	201.01	29.95	2.0	-1.0	-4778.7	-713.4	-0.8051	-0.1200	-0.00004	-0.00008	0.005	0.002000	80000.000000	80000.000000	0.0000	0.0000	0.0000	0.0000
0.4180	202.89	30.31	2.0	-1.0	-4778.5	-715.1	-0.8129	-0.1215	-0.00004	-0.00008	0.005	0.002000	80000.000000	80000.000000	0.0000	0.0000	0.0000	0.0000
0.4200	204.77	30.66	2.0	-1.0	-4778.4	-716.9	-0.8202	-0.1228	-0.00004	-0.00008	0.005	0.002000	80000.000000	80000.000000	0.0000	0.0000	0.0000	0.0000
0.4220	206.66	31.03	2.0	-1.0	-4778.2	-718.6	-0.8280	-0.1244	-0.00004	-0.00008	0.005	0.002000	80000.000000	80000.000000	0.0000	0.0000	0.0000	0.0000
0.4240	208.56	31.39	2.0	-1.0	-4778.1	-720.4	-0.8353	-0.1257	-0.00004	-0.00008	0.005	0.002000	80000.000000	80000.000000	0.0000	0.0000	0.0000	0.0000
0.4260	210.47	31.75	2.0	-1.0	-4777.9	-722.2	-0.8433	-0.1273	-0.00004	-0.00008	0.005	0.002000	80000.000000	80000.000000	0.0000	0.0000	0.0000	0.0000
0.4280	212.38	32.12	2.0	-1.0	-4777.8	-723.9	-0.8506	-0.1287	-0.00004	-0.00008	0.005	0.002000	80000.000000	80000.000000	0.0000	0.0000	0.0000	0.0000
0.4300	214.26	32.49	1.0	-1.0	-4777.7	-725.7	-0.8584	-0.1302	-0.00004	-0.00004	0.003	0.002000	80000.000000	80000.000000	0.0000	0.0000	0.0000	0.0000
0.4320	216.24	32.86	2.0	-1.0	-4777.5	-727.4	-0.8662	-0.1316	-0.00004	-0.00008	0.005	0.002000	80000.000000	80000.000000	0.0000	0.0000	0.0000	0.0000
0.4340	218.17	33.29	2.0	0.0	-4777.3	-729.2	-0.8741	-0.1335	0.00000	-0.00008	0.004	0.002000	80000.000000	80000.000000	0.0000	0.0000	0.0000	0.0000
0.4360	220.12	33.62	2.0	-1.0	-4777.2	-730.9	-0.8817	-0.1346	-0.00004	-0.00008	0.005	0.002000	80000.000000	80000.000000	0.0000	0.0000	0.0000	0.0000
0.4380	222.12	34.05	3.0	0.0	-4777.0	-732.7	-0.8899	-0.1366	0.00000	-0.00012	0.007	0.002000	80000.000000	80000.000000	0.0000	0.0000	0.0000	0.0000
0.4400	224.03	34.38	2.0	-1.0	-4776.9	-734.4	-0.8973	-0.1375	-0.00004	-0.00008	0.005	0.002000	80000.000000	80000.000000	0.0000	0.0000	0.0000	0.0000
0.4420	225.96	34.82	1.0	0.0	-4776.7	-736.2	-0.9053	-0.1398	0.00000	-0.00004	0.002	0.002000	80000.000000	80000.000000	0.0000	0.0000	0.0000	0.0000
0.4440	227.98	35.16	2.0	-1.0	-4776.6	-738.0	-0.9132	-0.1406	-0.00004	-0.00008	0.005	0.002000	80000.000000	80000.000000	0.0000	0.0000	0.0000	0.0000
0.4460	229.97	35.55	2.0	-1.0	-4776.4	-739.7	-0.9213	-0.1428	-0.00004	-0.00008	0.005	0.002000	80000.000000	80000.000000	0.0000	0.0000	0.0000	0.0000
0.4480	231.96	35.95	2.0	-1.0	-4776.3	-741.5	-0.9291	-0.1437	-0.00004	-0.00008	0.005	0.002000	80000.000000	80000.000000	0.0000	0.0000	0.0000	0.0000
0.4500	233.96	36.34	2.0	-1.0	-4776.1	-743.2	-0.9373	-0.1459	-0.00004	-0.00008	0.005	0.002000	80000.000000	80000.000000	0.0000	0.0000	0.0000	0.0000
0.4520	235.96	36.74	2.0	-1.0	-4776.0	-745.0	-0.9452	-0.1469	-0.00004	-0.00008	0.005	0.002000	80000.000000	80000.000000	0.0000	0.0000	0.0000	0.0000
0.4540	237.98	37.14	2.0	-1.0	-4775.8	-746.7	-0.9534	-0.1492	-0.00004	-0.00008	0.005	0.002000	80000.000000	80000.000000	0.0000	0.0000	0.0000	0.0000
0.4560	240.00	37.55	2.0	-1.0	-4775.6	-748.5	-0.9613	-0.1501	-0.00004	-0.00008	0.005	0.002000	80000.000000	80000.000000	0.0000	0.0000	0.0000	0.0000
0.4580	242.03	37.96	2.0	-1.0	-4775.5	-750.3	-0.9696	-0.1524	-0.00004	-0.00008	0.005	0.002000	80000.000000	80000.000000	0.0000	0.0000	0.0000	0.0000
0.4600	244.07	38.37	2.0	-1.0	-4775.3	-752.0	-0.9776	-0.1534	-0.00004	-0.00008	0.005	0.002000	80000.000000	80000.000000	0.0000	0.0000	0.0000	0.0000
0.4620	246.11	38.78	2.0	-1.0	-4775.2	-753.8	-0.9859	-0.1557	-0.00004	-0.00008	0.005	0.002000	80000.000000	80000.000000	0.0000	0.0000	0.0000	0.0000
0.4640	248.16	39.20	2.0	-1.0	-4775.0	-755.5	-0.9940	-0.1567	-0.00004	-0.00008	0.005	0.002000	80000.000000	80000.000000	0.0000	0.0000	0.0000	0.0000
0.4660	250.22	39.62	2.0	-1.0	-4774.8	-757.3	-1.0000	-0.1590	-0.00004	-0.00008	0.005	0.002000	80000.000000	80000.000000	0.0000	0.0000	0.0000	0.0000
0.4680	252.29	40.04	2.0	-1.0	-4774.7	-759.0	-1.0000	-0.1601	-0.00004	-0.00008	0.005	0.002000	80000.000000	80000.000000	0.0000	0.0000	0.0000	0.0000
0.4700	254.37	40.46	2.0	-1.0	-4774.5	-760.8	-1.0000	-0.1624	-0.00004	-0.00008	0.005	0.002000	80000.000000	80000.000000	0.0000	0.0000	0.0000	0.0000
0.4720	256.45	40.89	2.0	-1.0	-4774.3	-762.5	-1.0000	-0.1635	-0.00004	-0.00008	0.005	0.002000	80000.000000	80000.000000	0.0000	0.0000	0.0000	0.0000
0.4740	258.54	41.32	2.0	-1.0	-4774.2	-764.3	-1.0000	-0.1659	-0.00004	-0.00008	0.005	0.002000	80000.000000	80000.000000	0.0000	0.0000	0.0000	0.0000
0.4760	260.64	41.75	2.0	-1.0	-4774.0	-766.1	-1.0000	-0.1670	-0.00004	-0.00008	0.005	0.002000	80000.000000	80000.000000	0.0000	0.0000	0.0000	0.0000
0.4780	262.74	42.19	2.0	-1.0	-4773.8	-767.8	-1.0000	-0.1693	-0.00004	-0.00008	0.005	0.002000	80000.000000	80000.000000	0.0000	0.0000	0.0000	0.0000
0.4800	264.85	42.62	2.0	-1.0	-4773.7	-769.6	-1.0000	-0.1705	-0.00004	-0.00008	0.005	0.002000	80000.000000	80000.000000	0.0000	0.0000	0.0000	0.0000
0.4820	266.97	43.06	2.0	-1.0	-4773.5	-771.3	-1.0000	-0.1729	-0.00004	-0.00008	0.005	0.002000	80000.000000	80000.000000	0.0000	0.0000	0.0000	0.0000
0.4840	269.10	43.51	2.0	-1.0	-4773.3	-773.1	-1.0000	-0.1740	-0.00004	-0.00008	0.005	0.002000	80000.000000	80000.000000	0.0000	0.0000	0.0000	0.0000
0.4860	271.23	43.95	2.0	-1.0	-4773.2	-774.8	-1.0000	-0.1764	-0.00004	-0.00008	0.005	0.002000	80000.000000	80000.000000	0.0000	0.0000	0.0000	0.0000
0.4880	273.37	44.40	2.0	-1.0	-4773.0	-776.6	-1.0000	-0.1776	-0.00004	-0.00008	0.005	0.002000	80000.000000	80000.000000	0.0000	0.0000	0.0000	0.0000
0.4900	275.52	44.85	2.0	-1.0	-4772.8	-778.3	-1.0000	-0.1800	-0.00004	-0.00008	0.005	0.002000	80000.000000	80000.000000	0.0000	0.0000	0.0000	0.0000
0.4920	277.67	45.31	2.0	-1.0	-4772.7	-780.1	-1.0000	-0.1812	-0.00004	-0.00008	0.005	0.002000	80000.000000	80000.000000	0.0000	0.0000	0.0000	0.0000
0.4940	279.84	45.77	2.0	-1.0	-4772.5	-781.8	-1.0000	-0.1837	-0.00004	-0.00008	0.005	0.002000	80000.000000	80000.000000	0.0000	0.0000	0.0000	0.0000
0.4960	282.01	46.23	2.0	-1.0	-4772.3	-783.6	-1.0000	-0.1849	-0.00004	-0.00008	0.005	0.002000	80000.000000	80000.000000	0.0000	0.0000	0.0000	0.0000
0.4980	284.18	46.69	2.0	-1.0	-4772.1	-785.4	-1.0000	-0.1874	-0.00004	-0.00008	0.005	0.002000	80000.000000	80000.000000	0.0000	0.0000	0.0000	0.0000
0.5000	286.37	47.16	2.0	-1.0	-4772.0	-787.1	-1.0000	-0.1886	-0.00004	-0.00008	0.005	0.002000	80000.000000	80000.000000	0.0000	0.0000	0.0000	0.0000
0.5020	288.56	47.62	2.0	-1.0	-4771.8	-788.9	-1.0000	-0.1911	-0.00004	-0.00008	0.005	0.002000	80000.000000	80000.000000	0.0000	0.0000	0.0000	0.0000
0.5040	290.76	48.10	2.0	-1.0	-4771.6	-790.6	-1.0000	-0.1924	-0.00004	-0.00008	0.005	0.002000	80000.000000	80000.000000	0.0000	0.0000	0.0000	0.0000
0.5060	292.96	48.57	2.0	-1.0	-4771.4	-792.4	-1.0000	-0.1949	-0.00004	-0.00008	0.005	0.002000	80000.000000	80000.000000	0.0000	0.0000	0.0000	0.0000
0.5080	295.18	49.05	2.0	-1.0	-4771.3	-794.1	-1.0000	-0.1962	-0.00004	-0.00008	0.005	0.002000	80000.000000	80000.000000	0.0000	0.0000	0.0000	0.0000
0.5100	297.40	49.53	2.0	-1.0	-4771.1	-795.9	-1.0000	-0.1987	-0.00004	-0.00008	0.005	0.002000	80000.000000	80000.000000	0.0000	0.0000	0.0000	0.0000
0.5120	299.62	50.01	2.0	-1.0	-4770.9	-797.6	-1.0000	-0.2000	-0.00004	-0.00008	0.005	0.002000	80000.000000	80000.000000	0.0000	0.0000	0.0000	0.0000
0.5140	301.86	50.50	2.0	-1.0	-4770.7	-799.4	-1.0000	-0.2026	-0.00004	-0.00008	0.005	0.002000	80000.000000	80000.000000	0.0000	0.0000	0.0000	0.0000
0.5160	304.10	50.98	2.0	-1.0	-4770.5	-801.1	-1.0000	-0.2039	-0.00004	-0.00008	0.005	0.002000	80000.000000	80000.000000	0.0000	0.0000	0.0000	0.0000
0.5180	306.34	51.48	2.0	-1.0	-4770.4	-802.9	-1.0000	-0.2065	-0.00004	-0.00008	0.005	0.002000	80000.000000	80000.000000	0.0000	0.0000	0.0000	0.0000
0.5200	308.60	51.97	2.0	-1.0	-4770.2	-804.7	-1.0000	-0.2079	-0.00004	-0.00008	0.005	0.002000	80000.000000	80000.000000	0.0000	0.0000	0.0000	0.0000
0.5220	310.86	52.47	2.0	-1.0	-4770.0	-806.4	-1.0000	-0.2105	-0.00004	-0.00008	0.005	0.002000	80000.000000	80000.000000	0.0000	0.0000	0.0000	0.0000
0.5240	313.13	52.97	2.0	-1.0	-4769.8	-808.2	-1.0000	-0.2119	-0.00004	-0.00008	0.005	0.002000	80000.000000	80000.000000	0.0000	0.0000	0.0000	0.0000
0.5260	315.41	53.47	2.0	-1.0	-4769.6	-809.9	-1.0000	-0.2145	-0.00004	-0.00008	0.005	0.002000	80000.000000	80000.000000	0.0000	0.0000	0.0000	0.0000
0.5280	317.69	53.98	2.0	-1.0	-4769.5	-811.7	-1.0000	-0.2159	-0.00004	-0.00008	0.005	0.002000	80000.000000	80000.000000	0.0000	0.0000	0.0000	0.0000
0.5300	319.98	54.48	2.0	-1.0	-4769.3	-813.4	-1.0000	-0.2186	-0.00004	-0.00008	0.005	0.002000	80000.000000	80000.000000	0.0000	0.0000	0.0000	0.0000
0.5320	322.27	55.00	2.0	-1.0	-4769.1	-815.2	-1.0000	-0.2200	-0.00004	-0.00008	0.005	0.002000	80000.000000	80000.000000	0.0000	0.0000	0.0000	0.0000
0.5340	324.58	55.51	2.0	-1.0	-4768.9	-816.9	-1.0000	-0.2227	-0.00004	-0.00008	0.005	0.002000	80000.000000	80000.000000	0.0000	0.0000	0.0000	0.0000
0.5360	326.89	56.03	2.0	-1.0	-4768.7	-818.7	-1.0000	-0.2241	-0.00004	-0.00008	0.005	0.002000	80000.000000	80000.000000	0.0000	0.0000	0.0000	0.0000
0.5380	329.21	56.55	2.0	-1.0	-4768.5	-820.4	-1.0000	-0.2269	-0.00004	-0.00008	0.005	0.002000	80000.000000	80000.000000	0.0000	0.0000	0.0000	0.0000
0.5400	331.53	57.07	2.0	-1.0	-4768.3	-822.2	-1.0000	-0.2283	-0.00004	-0.00008	0.005	0.002000	80000.000000	80000.000000	0.0000	0.0000	0.0000	0.0000
0.5420	333.86	57.60	2.0	-1.0	-4768.1	-823.9	-1.0000	-0.2311	-0.00004	-0.00008	0.005	0.002000	80000.000000	80000.000000	0.0000	0.0000	0.0000	0.0000
0.5440	336.20	58.13	2.0	-1.0	-4768.0	-825.7	-1.0000	-0.2325	-0.00004	-0.00008	0.005	0.002000	80000.000000	80000.000000	0.0000	0.0000	0.0000	0.0000
0.5460	338.54	58.66	2.0	-1.0	-4767.8	-827.4	-1.0000	-0.2353	-0.00004	-0.00008	0.005	0.002000	80000.000000	80000.000000	0.0000	0.0000	0.0000	0.0000
0.5480	340.89	59.19	2.0	-1.0	-4767.6	-829.2	-1.0000	-0.2368	-0.00004	-0.00008	0.005	0.002000	80000.000000	80000.000000	0.0000	0.0000	0.0000	0.0000
0.5500	343.25	59.73	2.0	-1.0	-4767.4	-831.0	-1.0000	-0.2396	-0.00004	-0.00008	0.005	0.002000	80000.000000	80000.000000	0.0000	0.0000	0.0000	0.0000
0.5520	345.61	60.27	2.0	-1.0	-4767.2	-832.7	-1.0000	-0.2411	-0.00004	-0.00008	0.005	0.002000	80000.000000	80000.000000	0.0000	0.0000	0.0000	0.0000
0.5540	347.99	60.82	2.0	-1.0	-4767.0	-834.5	-1.0000	-0.2440	-0.00004	-0.00008	0.005	0.002000	80000.000000	80000.000000	0.0000	0.0000	0.0000	0.0000
0.5560	350.36	61.36	2.0	-1.0	-4766.8	-836.2	-1.0000	-0.2455	-0.00004	-0.00008	0.005	0.002000	80000.000000	80000.000000	0.0000	0.0000	0.0000	0.0000
0.5580	352.75	61.91	2.0	-1.0	-4766.6	-838.0	-1.0000	-0.2483	-0.00004	-0.00008	0.005	0.002000	80000.000000	80000.000000	0.0000	0.0000	0.0000	0.0000
0.5600	355.14	62.47	2.0	-1.0	-4766.4	-839.7	-1.0000	-0.2499	-0.00004	-0.00008	0.005	0.002000	80000.000000	80000.000000	0.0000	0.0000	0.0000	0.0000
0.5620	357.54	63.02	2.0	-1.0	-4766.2	-841.5	-1.0000	-0.2528	-0.00004	-0.00008	0.005	0.002000	80000.000000	80000.000000	0.0000	0.0000	0.0000	0.0000
0.5640	359.86	63.58	1.0	-1.0	-4766.0	-843.2	-1.0000	-0.2544	-0.00004	-0.00004	0.003	0.002000	80000.000000	80000.000000	0.0000	0.0000	0.0000	0.0000
0.5660	362.35	64.14	2.0	-1.0	-4765.8	-845.0	-1.0000	-0.2573	-0.00004	-0.00008	0.005	0.002000	80000.000000	80000.000000	0.0000	0.0000	0.0000	0.0000
0.5680	364.77	64.71	2.0	-1.0	-4765.6	-846.7	-1.0000	-0.2589	-0.00004	-0.00008	0.005	0.002000	80000.000000	80000.000000	0.0000	0.0000	0.0000	0.0000
0.5700	367.19	65.27	2.0	-1.0	-4765.4	-848.5	-1.0000	-0.2618	-0.00004	-0.00008	0.005	0.002000	80000.000000	80000.000000	0.0000	0.0000	0.0000	0.0000
0.5720	369.62	65.84	2.0	-1.0	-4765.2	-850.2	-1.0000	-0.2635	-0.00004	-0.00008	0.005	0.002000	80000.000000	80000.000000	0.0000	0.0000	0.0000	0.0000
0.5740	372.06	66.42	2.0	-1.0	-4765.0	-852.0	-1.0000	-0.2664	-0.00004	-0.00008	0.005	0.002000	80000.000000	80000.000000	0.0000	0.0000	0.0000	0.0000
0.5760	374.50	66.99	2.0	-1.0	-4764.8	-853.7	-1.0000	-0.2681	-0.00004	-0.00008	0.005	0.002000	80000.000000	80000.000000	0.0000	0.0000	0.0000	0.0000
0.5780	376.95	67.57	2.0	-1.0	-4764.6	-855.5	-1.0000	-0.2710	-0.00004	-0.00008	0.005	0.002000	80000.000000	80000.000000	0.0000	0.0000	0.0000	0.0000
0.5800	379.41	68.16	2.0	-1.0	-4764.4	-857.2	-1.0000	-0.2727	-0.00004	-0.00008	0.005	0.002000	80000.000000	80000.000000	0.0000	0.0000	0.0000	0.0000
0.5820	381.87	68.74	2.0	-1.0	-4764.2	-859.0	-1.0000	-0.2757	-0.00004	-0.00008	0.005	0.002000	80000.000000	80000.000000	0.0000	0.0000	0.0000	0.0000
0.5840	384.34	69.33	2.0	-1.0	-4764.0	-860.7	-1.0000	-0.2774	-0.00004	-0.00008	0.005	0.002000	80000.000000	80000.000000	0.0000	0.0000	0.0000	0.0000
0.5860	386.82	69.92	2.0	-1.0	-4763.8	-862.5	-1.0000	-0.2804	-0.00004	-0.00008	0.005	0.002000	80000.000000	80000.000000	0.0000	0.0000	0.0000	0.0000
0.5880	389.30	70.52	2.0	-1.0	-4763.6	-864.2	-1.0000	-0.2822	-0.00004	-0.00008	0.005	0.002000	80000.000000	80000.000000	0.0000	0.0000	0.0000	0.0000
0.5900	391.78	71.11	2.0	-1.0	-4763.4	-866.0	-1.0000	-0.2852	-0.00004	-0.00008	0.005	0.002000	80000.000000	80000.000000	0.0000	0.0000	0.0000	0.0000
0.5920	394.28	71.72	2.0	-1.0	-4763.2	-867.7	-1.0000	-0.2870	-0.00004	-0.00008	0.005	0.002000	80000.000000	80000.000000	0.0000	0.0000	0.0000	0.0000
0.5940	396.78	72.32	2.0	-1.0	-4763.0	-869.5	-1.0000	-0.2900	-0.00004	-0.00008	0.005	0.002000	80000.000000	80000.000000	0.0000	0.0000	0.0000	0.0000
0.5960	399.29	72.93	2.0	-1.0	-4762.8	-871.2	-1.0000	-0.2918	-0.00004	-0.00008	0.005	0.002000	80000.000000	80000.000000	0.0000	0.0000	0.0000	0.0000
0.5980	401.80	73.54	2.0	-1.0	-4762.6	-873.0	-1.0000	-0.2949	-0.00004	-0.00008	0.005	0.002000	80000.000000	80000.000000	0.0000	0.0000	0.0000	0.0000
0.6000	404.32	74.15	2.0	-1.0	-4762.4	-874.7	-1.0000	-0.2967	-0.00004	-0.00008	0.005	0.002000	80000.000000	80000.000000	0.0000	0.0000	0.0000	0.0000
0.6020	406.84	74.76	2.0	-1.0	-4762.2	-876.5	-1.0000	-0.2998	-0.00004	-0.00008	0.005	0.002000	80000.000000	80000.000000	0.0000	0.0000	0.0000	0.0000
0.6040	409.38	75.38	2.0	-1.0	-4762.0	-878.2	-1.0000	-0.3017	-0.00004	-0.00008	0.005	0.002000	80000.000000	80000.000000	0.0000	0.0000	0.0000	0.0000
0.6060	411.91	76.01	2.0	-1.0	-4761.7	-880.0	-1.0000	-0.3048	-0.00004	-0.00008	0.005	0.002000	80000.000000	80000.000000	0.0000	0.0000	0.0000	0.0000
0.6080	414.46	76.63	2.0	-1.0	-4761.5	-881.8	-1.0000	-0.3067	-0.00004	-0.00008	0.005	0.002000	80000.000000	80000.000000	0.0000	0.0000	0.0000	0.0000
0.6100	417.01	77.26	2.0	-1.0	-4761.3	-883.5	-1.0000	-0.3098	-0.00004	-0.00008	0.005	0.002000	80000.000000	80000.000000	0.0000	0.0000	0.0000	0.0000
0.6120	419.57	77.89	2.0	-1.0	-4761.1	-885.3	-1.0000	-0.3117	-0.00004	-0.00008	0.005	0.002000	80000.000000	80000.000000	0.0000	0.0000	0.0000	0.0000
0.6140	422.13	78.53	2.0	-1.0	-4760.9	-887.0	-1.0000	-0.3149	-0.00004	-0.00008	0.005	0.002000	80000.000000	80000.000000	0.0000	0.0000	0.0000	0.0000
0.6160	424.70	79.16	2.0	-1.0	-4760.7	-888.8	-1.0000	-0.3168	-0.00004	-0.00008	0.005	0.002000	80000.000000	80000.000000	0.0000	0.0000	0.0000	0.0000
0.6180	427.27	79.80	2.0	-1.0	-4760.5	-890.5	-1.0000	-0.3200	-0.00004	-0.00008	0.005	0.002000	80000.000000	80000.000000	0.0000	0.0000	0.0000	0.0000
0.6200	429.85	80.45	2.0	-1.0	-4760.2	-892.3	-1.0000	-0.3219	-0.00004	-0.00008	0.005	0.002000	80000.000000	80000.000000	0.0000	0.0000	0.0000	0.0000
0.6220	432.44	81.09	2.0	-1.0	-4760.0	-894.0	-1.0000	-0.3252	-0.00004	-0.00008	0.005	0.002000	80000.000000	80000.000000	0.0000	0.0000	0.0000	0.0000
0.6240	435.03	81.74	2.0	-1.0	-4759.8	-895.8	-1.0000	-0.3271	-0.00004	-0.00008	0.005	0.002000	80000.000000	80000.000000	0.0000	0.0000	0.0000	0.0000
0.6260	437.63	82.40	2.0	-1.0	-4759.6	-897.5	-1.0000	-0.3304	-0.00004	-0.00008	0.005	0.002000	80000.000000	80000.000000	0.0000	0.0000	0.0000	0.0000
0.6280	440.23	83.05	2.0	-1.0	-4759.4	-899.3	-1.0000	-0.3324	-0.00004	-0.00008	0.005	0.002000	80000.000000	80000.000000	0.0000	0.0000	0.0000	0.0000
0.6300	442.85	83.71	2.0	-1.0	-4759.2	-901.0	-1.0000	-0.3356	-0.00004	-0.00008	0.005	0.002000	80000.000000	80000.000000	0.0000	0.0000	0.0000	0.0000
0.6320	445.46	84.37	2.0	-1.0	-4758.9	-902.8	-1.0000	-0.3377	-0.00004	-0.00008	0.005	0.002000	80000.000000	80000.000000	0.0000	0.0000	0.0000	0.0000
0.6340	448.08	85.04	2.0	-1.0	-4758.7	-904.5	-1.0000	-0.3410	-0.00004	-0.00008	0.005	0.002000	80000.000000	80000.000000	0.0000	0.0000	0.0000	0.0000
0.6360	450.71	85.71	2.0	-1.0	-4758.5	-906.3	-1.0000	-0.3430	-0.00004	-0.00008	0.005	0.002000	80000.000000	80000.000000	0.0000	0.0000	0.0000	0.0000
0.6380	453.35	86.38	2.0	-1.0	-4758.3	-908.0	-1.0000	-0.3463	-0.00004	-0.00008	0.005	0.002000	80000.000000	80000.000000	0.0000	0.0000	0.0000	0.0000
0.6400	455.99	87.05	2.0	-1.0	-4758.0	-909.7	-1.0000	-0.3484	-0.00004	-0.00008	0.005	0.002000	80000.000000	80000.000000	0.0000	0.0000	0.0000	0.0000
0.6420	458.63	87.73	2.0	-1.0	-4757.8	-911.5	-1.0000	-0.3517	-0.00004	-0.00008	0.005	0.002000	80000.000000	80000.000000	0.0000	0.0000	0.0000	0.0000
0.6440	461.28	88.41	2.0	-1.0	-4757.6	-913.2	-1.0000	-0.3538	-0.00004	-0.00008	0.005	0.002000	80000.000000	80000.000000	0.0000	0.0000	0.0000	0.0000
0.6460	463.94	89.10	2.0	-1.0	-4757.4	-915.0	-1.0000	-0.3572	-0.00004	-0.00008	0.005	0.002000	80000.000000	80000.000000	0.0000	0.0000	0.0000	0.0000
0.6480	466.60	89.78	2.0	-1.0	-4757.1	-916.7	-1.0000	-0.3593	-0.00004	-0.00008	0.005	0.002000	80000.000000	80000.000000	0.0000	0.0000	0.0000	0.0000
0.6500	469.27	90.47	2.0	-1.0	-4756.9	-918.5	-1.0000	-0.3627	-0.00004	-0.00008	0.005	0.002000	80000.000000	80000.000000	0.0000	0.0000	0.0000	0.0000
0.6520	471.95	91.17	2.0	-1.0	-4756.7	-920.2	-1.0000	-0.3649	-0.00004	-0.00008	0.005	0.002000	80000.000000	80000.000000	0.0000	0.0000	0.0000	0.0000
0.6540	474.63	91.86	2.0	-1.0	-4756.5	-922.0	-1.0000	-0.3683	-0.00004	-0.00008	0.005	0.002000	80000.000000	80000.000000	0.0000	0.0000	0.0000	0.0000
0.6560	477.31	92.56	2.0	-1.0	-4756.2	-923.7	-1.0000	-0.3705	-0.00004	-0.00008	0.005	0.002000	80000.000000	80000.000000	0.0000	0.0000	0.0000	0.0000
0.6580	480.01	93.27	2.0	-1.0	-4756.0	-925.5	-1.0000	-0.3739	-0.00004	-0.00008	0.005	0.002000	80000.000000	80000.000000	0.0000	0.0000	0.0000	0.0000
0.6600	482.70	93.97	2.0	-1.0	-4755.8	-927.2	-1.0000	-0.3761	-0.00004	-0.00008	0.005	0.002000	80000.000000	80000.000000	0.0000	0.0000	0.0000	0.0000
0.6620	485.41	94.68	2.0	-1.0	-4755.5	-929.0	-1.0000	-0.3796	-0.00004	-0.00008	0.005	0.002000	80000.000000	80000.000000	0.0000	0.0000	0.0000	0.0000
0.6640	488.11	95.39	2.0	-1.0	-4755.3	-930.7	-1.0000	-0.3818	-0.00004	-0.00008	0.005	0.002000	80000.000000	80000.000000	0.0000	0.0000	0.0000	0.0000
0.6660	490.83	96.11	2.0	-1.0	-4755.1	-932.5	-1.0000	-0.3853	-0.00004	-0.00008	0.005	0.002000	80000.000000	80000.000000	0.0000	0.0000	0.0000	0.0000
0.6680	493.55	96.83	2.0	-1.0	-4754.9	-934.2	-1.0000	-0.3875	-0.00004	-0.00008	0.005	0.002000	80000.000000	80000.000000	0.0000	0.0000	0.0000	0.0000
0.6700	496.27	97.55	2.0	-1.0	-4754.6	-936.0	-1.0000	-0.3911	-0.00004	-0.00008	0.005	0.002000	80000.000000	80000.000000	0.0000	0.0000	0.0000	0.0000
0.6720	499.00	98.27	2.0	-1.0	-4754.4	-937.7	-1.0000	-0.3933	-0.00004	-0.00008	0.005	0.002000	80000.000000	80000.000000	0.0000	0.0000	0.0000	0.0000
0.6740	501.74	99.00	2.0	-1.0	-4754.2	-939.5	-1.0000	-0.3969	-0.00004	-0.00008	0.005	0.002000	80000.000000	80000.000000	0.0000	0.0000	0.0000	0.0000
0.6760	504.48	99.73	2.0	-1.0	-4753.9	-941.2	-1.0000	-0.3992	-0.00004	-0.00008	0.005	0.002000	80000.000000	80000.000000	0.0000	0.0000	0.0000	0.0000
0.6780	507.23	100.47	2.0	-1.0	-4753.7	-943.0	-1.0000	-0.4028	-0.00004	-0.00008	0.005	0.002000	80000.000000	80000.000000	0.0000	0.0000	0.0000	0.0000
0.6800	509.98	101.21	2.0	-1.0	-4753.4	-944.7	-1.0000	-0.4051	-0.00004	-0.00008	0.005	0.002000	80000.000000	80000.000000	0.0000	0.0000	0.0000	0.0000
0.6820	512.74	101.95	2.0	-1.0	-4753.2	-946.5	-1.0000	-0.4087	-0.00004	-0.00008	0.005	0.002000	80000.000000	80000.000000	0.0000	0.0000	0.0000	0.0000
0.6840	515.50	102.69	2.0	-1.0	-4753.0	-948.2	-1.0000	-0.4110	-0.00004	-0.00008	0.005	0.002000	80000.000000	80000.000000	0.0000	0.0000	0.0000	0.0000
0.6860	518.27	103.44	2.0	-1.0	-4752.7	-950.0	-1.0000	-0.4146	-0.00004	-0.00008	0.005	0.002000	80000.000000	80000.000000	0.0000	0.0000	0.0000	0.0000
0.6880	521.04	104.19	2.0	-1.0	-4752.5	-951.7	-1.0000	-0.4170	-0.00004	-0.00008	0.005	0.002000	80000.000000	80000.000000	0.0000	0.0000	0.0000	0.0000
0.6900	523.82	104.94	2.0	-1.0	-4752.2	-953.5	-1.0000	-0.4207	-0.00004	-0.00008	0.005	0.002000	80000.000000	80000.000000	0.0000	0.0000	0.0000	0.0000
0.6920	526.61	105.70	2.0	-1.0	-4752.0	-955.2	-1.0000	-0.4231	-0.00004	-0.00008	0.005	0.002000	80000.000000	80000.000000	0.0000	0.0000	0.0000	0.0000
0.6940	529.40	106.46	2.0	-1.0	-4751.8	-956.9	-1.0000	-0.4267	-0.00004	-0.00008	0.005	0.002000	80000.000000	80000.000000	0.0000	0.0000	0.0000	0.0000
0.6960	532.19	107.22	2.0	-1.0	-4751.5	-958.7	-1.0000	-0.4292	-0.00004	-0.00008	0.005	0.002000	80000.000000	80000.000000	0.0000	0.0000	0.0000	0.0000
0.6980	534.99	107.99	2.0	-1.0	-4751.3	-960.4	-1.0000	-0.4329	-0.00004	-0.00008	0.005	0.002000	80000.000000	80000.000000	0.0000	0.0000	0.0000	0.0000
0.7000	537.80	108.76	2.0	-1.0	-4751.0	-962.2	-1.0000	-0.4353	-0.00004	-0.00008	0.005	0.002000	80000.000000	80000.000000	0.0000	0.0000	0.0000	0.0000
0.7020	540.61	109.53	2.0	-1.0	-4750.8	-963.9	-1.0000	-0.4390	-0.00004	-0.00008	0.005	0.002000	80000.000000	80000.000000	0.0000	0.0000	0.0000	0.0000
0.7040	543.43	110.31	2.0	-1.0	-4750.5	-965.7	-1.0000	-0.4415	-0.00004	-0.00008	0.005	0.002000	80000.000000	80000.000000	0.0000	0.0000	0.0000	0.0000
0.7060	546.25	111.08	2.0	-1.0	-4750.3	-967.4	-1.0000	-0.4453	-0.00004	-0.00008	0.005	0.002000	80000.000000	80000.000000	0.0000	0.0000	0.0000	0.0000
0.7080	549.07	111.87	2.0	-1.0	-4750.1	-969.2	-1.0000	-0.4478	-0.00004	-0.00008	0.005	0.002000	80000.000000	80000.000000	0.0000	0.0000	0.0000	0.0000
0.7100	551.90	112.65	2.0	-1.0	-4749.8	-970.9	-1.0000	-0.4516	-0.00004	-0.00008	0.005	0.002000	80000.000000	80000.000000	0.0000	0.0000	0.0000	0.0000
0.7120	554.74	113.44	2.0	-1.0	-4749.6	-972.7	-1.0000	-0.4541	-0.00004	-0.00008	0.005	0.002000	80000.000000	80000.000000	0.0000	0.0000	0.0000	0.0000
0.7140	557.58	114.23	2.0	-1.0	-4749.3	-974.4	-1.0000	-0.4579	-0.00004	-0.00008	0.005	0.002000	80000.000000	80000.000000	0.0000	0.0000	0.0000	0.0000
0.7160	560.43	115.03	2.0	-1.0	-4749.1	-976.2	-1.0000	-0.4604	-0.00004	-0.00008	0.005	0.002000	80000.000000	80000.000000	0.0000	0.0000	0.0000	0.0000
0.7180	563.28	115.83	2.0	-1.0	-4748.8	-977.9	-1.0000	-0.4643	-0.00004	-0.00008	0.005	0.002000	80000.000000	80000.000000	0.0000	0.0000	0.0000	0.0000
0.7200	566.14	116.63	2.0	-1.0	-4748.6	-979.6	-1.0000	-0.4668	-0.00004	-0.00008	0.005	0.002000	80000.000000	80000.000000	0.0000	0.0000	0.0000	0.0000
0.7220	569.00	117.43	2.0	-1.0	-4748.3	-981.4	-1.0000	-0.4707	-0.00004	-0.00008	0.005	0.002000	80000.000000	80000.000000	0.0000	0.0000	0.0000	0.0000
0.7240	571.87	118.24	2.0	-1.0	-4748.1	-983.1	-1.0000	-0.4733	-0.00004	-0.00008	0.005	0.002000	80000.000000	80000.000000	0.0000	0.0000	0.0000	0.0000
0.7260	574.74	119.05	2.0	-1.0	-4747.8	-984.9	-1.0000	-0.4772	-0.00004	-0.00008	0.005	0.002000	80000.000000	80000.000000	0.0000	0.0000	0.0000	0.0000
0.7280	578.10	119.87	6.0	-1.0	-4747.6	-986.6	-1.0000	-0.4798	-0.00004	-0.00024	0.014	0.002000	80000.000000	80000.000000	0.0000	0.0000	0.0000	0.0000
0.7300	580.98	120.68	6.0	-1.0	-4747.3	-988.4	-1.0000	-0.4837	-0.00004	-0.00024	0.014	0.002000	80000.000000	80000.000000	0.0000	0.0000	0.0000	0.0000
0.7320	583.87	121.50	6.0	-1.0	-4747.0	-990.1	-1.0000	-0.4864	-0.00004	-0.00024	0.014	0.002000	80000.000000	80000.000000	0.0000	0.0000	0.0000	0.0000
0.7340	586.77	122.33	6.0	-1.0	-4746.8	-991.9	-1.0000	-0.4903	-0.00004	-0.00024	0.014	0.002000	80000.000000	80000.000000	0.0000	0.0000	0.0000	0.0000
0.7360	589.66	123.16	6.0	-1.0	-4746.5	-993.6	-1.0000	-0.4930	-0.00004	-0.00024	0.014	0.002000	80000.000000	80000.000000	0.0000	0.0000	0.0000	0.0000
0.7380	592.57	123.99	6.0	-1.0	-4746.3	-995.3	-1.0000	-0.4969	-0.00004	-0.00024	0.014	0.002000	80000.000000	80000.000000	0.0000	0.0000	0.0000	0.0000
0.7400	595.48	124.82	6.0	-1.0	-4746.0	-997.1	-1.0000	-0.4996	-0.00004	-0.00024	0.014	0.002000	80000.000000	80000.000000	0.0000	0.0000	0.0000	0.0000
0.7420	598.39	125.66	6.0	-1.0	-4745.8	-998.8	-1.0000	-0.5036	-0.00004	-0.00024	0.014	0.002000	80000.000000	80000.000000	0.0000	0.0000	0.0000	0.0000
0.7440	601.31	126.50	6.0	-1.0	-4745.5	-1000.6	-1.0000	-0.5064	-0.00004	-0.00024	0.014	0.002000	80000.000000	80000.000000	0.0000	0.0000	0.0000	0.0000
0.7460	604.23	127.34	6.0	-1.0	-4745.2	-1002.3	-1.0000	-0.5104	-0.00004	-0.00024	0.014	0.002000	80000.000000	80000.000000	0.0000	0.0000	0.0000	0.0000
0.7480	607.16	128.19	6.0	-1.0	-4745.0	-1004.1	-1.0000	-0.5131	-0.00004	-0.00024	0.014	0.002000	80000.000000	80000.000000	0.0000	0.0000	0.0000	0.0000
0.7500	610.09	129.04	6.0	-1.0	-4744.7	-1005.8	-1.0000	-0.5172	-0.00004	-0.00024	0.014	0.002000	80000.000000	80000.000000	0.0000	0.0000	0.0000	0.0000
0.7520	613.02	129.89	6.0	-1.0	-4744.5	-1007.6	-1.0000	-0.5200	-0.00004	-0.00024	0.014	0.002000	80000.000000	80000.000000	0.0000	0.0000	0.0000	0.0000
0.7540	615.97	130.75	6.0	-1.0	-4744.2	-1009.3	-1.0000	-0.5240	-0.00004	-0.00024	0.014	0.002000	80000.000000	80000.000000	0.0000	0.0000	0.0000	0.0000
0.7560	618.91	131.61	6.0	-1.0	-4743.9	-1011.0	-1.0000	-0.5268	-0.00004	-0.00024	0.014	0.002000	80000.000000	80000.000000	0.0000	0.0000	0.0000	0.0000
0.7580	621.86	132.47	6.0	-1.0	-4743.7	-1012.8	-1.0000	-0.5309	-0.00004	-0.00024	0.014	0.002000	80000.000000	80000.000000	0.0000	0.0000	0.0000	0.0000
0.7600	624.82	133.34	6.0	-1.0	-4743.4	-1014.5	-1.0000	-0.5338	-0.00004	-0.00024	0.014	0.002000	80000.000000	80000.000000	0.0000	0.0000	0.0000	0.0000
0.7620	627.78	134.21	6.0	-1.0	-4743.1	-1016.3	-1.0000	-0.5379	-0.00004	-0.00024	0.014	0.002000	80000.000000	80000.000000	0.0000	0.0000	0.0000	0.0000
0.7640	630.74	135.08	6.0	-1.0	-4742.9	-1018.0	-1.0000	-0.5407	-0.00004	-0.00024	0.014	0.002000	80000.000000	80000.000000	0.0000	0.0000	0.0000	0.0000
0.7660	633.71	135.96	6.0	-1.0	-4742.6	-1019.8	-1.0000	-0.5449	-0.00004	-0.00024	0.014	0.002000	80000.000000	80000.000000	0.0000	0.0000	0.0000	0.0000
0.7680	636.68	136.83	6.0	-1.0	-4742.3	-1021.5	-1.0000	-0.5478	-0.00004	-0.00024	0.014	0.002000	80000.000000	80000.000000	0.0000	0.0000	0.0000	0.0000
0.7700	639.66	137.72	6.0	-1.0	-4742.1	-1023.3	-1.0000	-0.5519	-0.00004	-0.00024	0.014	0.002000	80000.000000	80000.000000	0.0000	0.0000	0.0000	0.0000
0.7720	642.64	138.60	6.0	-1.0	-4741.8	-1025.0	-1.0000	-0.5548	-0.00004	-0.00024	0.014	0.002000	80000.000000	80000.000000	0.0000	0.0000	0.0000	0.0000
0.7740	645.63	139.49	6.0	-1.0	-4741.5	-1026.7	-1.0000	-0.5590	-0.00004	-0.00024	0.014	0.002000	80000.000000	80000.000000	0.0000	0.0000	0.0000	0.0000
0.7760	648.62	140.38	6.0	-1.0	-4741.3	-1028.5	-1.0000	-0.5620	-0.00004	-0.00024	0.014	0.002000	80000.000000	80000.000000	0.0000	0.0000	0.0000	0.0000
0.7780	651.61	141.28	6.0	-1.0	-4741.0	-1030.2	-1.0000	-0.5662	-0.00004	-0.00024	0.014	0.002000	80000.000000	80000.000000	0.0000	0.0000	0.0000	0.0000
0.7800	654.61	142.18	6.0	-1.0	-4740.7	-1032.0	-1.0000	-0.5692	-0.00004	-0.00024	0.014	0.002000	80000.000000	80000.000000	0.0000	0.0000	0.0000	0.0000
0.7820	657.62	143.08	6.0	-1.0	-4740.4	-1033.7	-1.0000	-0.5734	-0.00004	-0.00024	0.014	0.002000	80000.000000	80000.000000	0.0000	0.0000	0.0000	0.0000
0.7840	660.63	143.99	6.0	-1.0	-4740.2	-1035.4	-1.0000	-0.5764	-0.00004	-0.00024	0.014	0.002000	80000.000000	80000.000000	0.0000	0.0000	0.0000	0.0000
0.7860	663.64	144.89	6.0	-1.0	-4739.9	-1037.2	-1.0000	-0.5807	-0.00004	-0.00024	0.014	0.002000	80000.000000	80000.000000	0.0000	0.0000	0.0000	0.0000
0.7880	666.51	145.81	5.0	-1.0	-4739.6	-1038.9	-1.0000	-0.5837	-0.00004	-0.00020	0.011	0.002000	80000.000000	80000.000000	0.0000	0.0000	0.0000	0.0000
0.7900	669.68	146.72	6.0	-1.0	-4739.4	-1040.7	-1.0000	-0.5880	-0.00004	-0.00024	0.014	0.002000	80000.000000	80000.000000	0.0000	0.0000	0.0000	0.0000
0.7920	672.70	147.64	6.0	-1.0	-4739.1	-1042.4	-1.0000	-0.5910	-0.00004	-0.00024	0.014	0.002000	80000.000000	80000.000000	0.0000	0.0000	0.0000	0.0000
0.7940	675.73	148.56	6.0	-1.0	-4738.8	-1044.2	-1.0000	-0.5954	-0.00004	-0.00024	0.014	0.002000	80000.000000	80000.000000	0.0000	0.0000	0.0000	0.0000
0.7960	678.77	149.49	6.0	-1.0	-4738.5	-1045.9	-1.0000	-0.5984	-0.00004	-0.00024	0.014	0.002000	80000.000000	80000.000000	0.0000	0.0000	0.0000	0.0000
0.7980	681.80	150.41	6.0	-1.0	-4738.2	-1047.6	-1.0000	-0.6028	-0.00004	-0.00024	0.014	0.002000	80000.000000	80000.000000	0.0000	0.0000	0.0000	0.0000
0.8000	684.85	151.35	6.0	-1.0	-4738.0	-1049.4	-1.0000	-0.6059	-0.00004	-0.00024	0.014	0.002000	80000.000000	80000.000000	0.0000	0.0000	0.0000	0.0000
0.8020	687.89	152.28	6.0	-1.0	-4737.7	-1051.1	-1.0000	-0.6103	-0.00004	-0.00024	0.014	0.002000	80000.000000	80000.000000	0.0000	0.0000	0.0000	0.0000
0.8040	690.94	153.22	6.0	-1.0	-4737.4	-1052.9	-1.0000	-0.6134	-0.00004	-0.00024	0.014	0.002000	80000.000000	80000.000000	0.0000	0.0000	0.0000	0.0000
0.8060	694.00	154.16	6.0	-1.0	-4737.1	-1054.6	-1.0000	-0.6178	-0.00004	-0.00024	0.014	0.002000	80000.000000	80000.000000	0.0000	0.0000	0.0000	0.0000
0.8080	697.06	155.10	6.0	-1.0	-4736.8	-1056.3	-1.0000	-0.6209	-0.00004	-0.00024	0.014	0.002000	80000.000000	80000.000000	0.0000	0.0000	0.0000	0.0000
0.8100	700.12	156.05	6.0	-1.0	-4736.6	-1058.1	-1.0000	-0.6254	-0.00004	-0.00024	0.014	0.002000	80000.000000	80000.000000	0.0000	0.0000	0.0000	0.0000
0.8120	703.19	157.00	6.0	-1.0	-4736.3	-1059.8	-1.0000	-0.6285	-0.00004	-0.00024	0.014	0.002000	80000.000000	80000.000000	0.0000	0.0000	0.0000	0.0000
0.8140	706.26	157.96	6.0	-1.0	-4736.0	-1061.6	-1.0000	-0.6330	-0.00004	-0.00024	0.014	0.002000	80000.000000	80000.000000	0.0000	0.0000	0.0000	0.0000
0.8160	709.33	158.92	6.0	-1.0	-4735.7	-1063.3	-1.0000	-0.6362	-0.00004	-0.00024	0.014	0.002000	80000.000000	80000.000000	0.0000	0.0000	0.0000	0.0000
0.8180	712.41	159.88	6.0	-1.0	-4735.4	-1065.1	-1.0000	-0.6407	-0.00004	-0.00024	0.014	0.002000	80000.000000	80000.000000	0.0000	0.0000	0.0000	0.0000
0.8200	715.49	160.84	6.0	-1.0	-4735.1	-1066.8	-1.0000	-0.6439	-0.00004	-0.00024	0.014	0.002000	80000.000000	80000.000000	0.0000	0.0000	0.0000	0.0000
0.8220	718.58	161.81	6.0	-1.0	-4734.9	-1068.5	-1.0000	-0.6484	-0.00004	-0.00024	0.014	0.002000	80000.000000	80000.000000	0.0000	0.0000	0.0000	0.0000
0.8240	721.67	162.78	6.0	-1.0	-4734.6	-1070.3	-1.0000	-0.6517	-0.00004	-0.00024	0.014	0.002000	80000.000000	80000.000000	0.0000	0.0000	0.0000	0.0000
0.8260	724.76	163.75	6.0	-1.0	-4734.3	-1072.0	-1.0000	-0.6562	-0.00004	-0.00024	0.014	0.002000	80000.000000	80000.000000	0.0000	0.0000	0.0000	0.0000
0.8280	727.86	164.73	6.0	-1.0	-4734.0	-1073.8	-1.0000	-0.6595	-0.00004	-0.00024	0.014	0.002000	80000.000000	80000.000000	0.0000	0.0000	0.0000	0.0000
0.8300	730.96	165.71	6.0	-1.0	-4733.7	-1075.5	-1.0000	-0.6640	-0.00004	-0.00024	0.014	0.002000	80000.000000	80000.000000	0.0000	0.0000	0.0000	0.0000
0.8320	734.07	166.69	6.0	-1.0	-4733.4	-1077.2	-1.0000	-0.6673	-0.00004	-0.00024	0.014	0.002000	80000.000000	80000.000000	0.0000	0.0000	0.0000	0.0000
0.8340	737.18	167.68	6.0	-1.0	-4733.1	-1079.0	-1.0000	-0.6719	-0.00004	-0.00024	0.014	0.002000	80000.000000	80000.000000	0.0000	0.0000	0.0000	0.0000
0.8360	740.29	168.67	6.0	-1.0	-4732.8	-1080.7	-1.0000	-0.6753	-0.00004	-0.00024	0.014	0.002000	80000.000000	80000.000000	0.0000	0.0000	0.0000	0.0000
0.8380	743.41	169.66	6.0	-1.0	-4732.6	-1082.5	-1.0000	-0.6799	-0.00004	-0.00024	0.014	0.002000	80000.000000	80000.000000	0.0000	0.0000	0.0000	0.0000
0.8400	746.53	170.66	6.0	-1.0	-4732.3	-1084.2	-1.0000	-0.6832	-0.00004	-0.00024	0.014	0.002000	80000.000000	80000.000000	0.0000	0.0000	0.0000	0.0000
0.8420	749.66	171.66	6.0	-1.0	-4732.0	-1085.9	-1.0000	-0.6879	-0.00004	-0.00024	0.014	0.002000	80000.000000	80000.000000	0.0000	0.0000	0.0000	0.0000
0.8440	752.78	172.66	6.0	-1.0	-4731.7	-1087.7	-1.0000	-0.6913	-0.00004	-0.00024	0.014	0.002000	80000.000000	80000.000000	0.0000	0.0000	0.0000	0.0000
0.8460	755.92	173.67	6.0	-1.0	-4731.4	-1089.4	-1.0000	-0.6959	-0.00004	-0.00024	0.014	0.002000	80000.000000	80000.000000	0.0000	0.0000	0.0000	0.0000
0.8480	759.69	174.68	10.0	-1.0	-4731.1	-1091.1	-1.0000	-0.6993	-0.00004	-0.00039	0.023	0.002000	80000.000000	80000.000000	0.0000	0.0000	0.0000	0.0000
0.8500	762.83	175.69	10.0	-1.0	-4730.8	-1092.9	-1.0000	-0.7040	-0.00004	-0.00039	0.023	0.002000	80000.000000	80000.000000	0.0000	0.0000	0.0000	0.0000
0.8520	765.98	176.71	10.0	-1.0	-4730.5	-1094.6	-1.0000	-0.7075	-0.00004	-0.00039	0.023	0.002000	80000.000000	80000.000000	0.0000	0.0000	0.0000	0.0000
0.8540	769.13	177.73	10.0	-1.0	-4730.2	-1096.4	-1.0000	-0.7122	-0.00004	-0.00039	0.023	0.002000	80000.000000	80000.000000	0.0000	0.0000	0.0000	0.0000
0.8560	772.28	178.75	10.0	-1.0	-4729.9	-1098.1	-1.0000	-0.7156	-0.00004	-0.00039	0.023	0.002000	80000.000000	80000.000000	0.0000	0.0000	0.0000	0.0000
0.8580	775.44	179.78	10.0	-1.0	-4729.6	-1099.8	-1.0000	-0.7204	-0.00004	-0.00039	0.023	0.002000	80000.000000	80000.000000	0.0000	0.0000	0.0000	0.0000
0.8600	778.60	180.81	10.0	-1.0	-4729.3	-1101.6	-1.0000	-0.7239	-0.00004	-0.00039	0.023	0.002000	80000.000000	80000.000000	0.0000	0.0000	0.0000	0.0000
0.8620	781.76	181.84	10.0	-1.0	-4729.0	-1103.3	-1.0000	-0.7287	-0.00004	-0.00039	0.023	0.002000	80000.000000	80000.000000	0.0000	0.0000	0.0000	0.0000
0.8640	784.93	182.88	10.0	-1.0	-4728.7	-1105.1	-1.0000	-0.7322	-0.00004	-0.00039	0.023	0.002000	80000.000000	80000.000000	0.0000	0.0000	0.0000	0.0000
0.8660	788.10	183.92	10.0	-1.0	-4728.4	-1106.8	-1.0000	-0.7370	-0.00004	-0.00039	0.023	0.002000	80000.000000	80000.000000	0.0000	0.0000	0.0000	0.0000
0.8680	791.27	184.96	10.0	-1.0	-4728.1	-1108.5	-1.0000	-0.7405	-0.00004	-0.00039	0.023	0.002000	80000.000000	80000.000000	0.0000	0.0000	0.0000	0.0000
0.8700	794.45	186.01	10.0	-1.0	-4727.8	-1110.3	-1.0000	-0.7453	-0.00004	-0.00039	0.023	0.002000	80000.000000	80000.000000	0.0000	0.0000	0.0000	0.0000
0.8720	797.63	187.05	10.0	-1.0	-4727.5	-1112.0	-1.0000	-0.7489	-0.00004	-0.00039	0.023	0.002000	80000.000000	80000.000000	0.0000	0.0000	0.0000	0.0000
0.8740	800.81	188.11	10.0	-1.0	-4727.2	-1113.7	-1.0000	-0.7538	-0.00004	-0.00039	0.023	0.002000	80000.000000	80000.000000	0.0000	0.0000	0.0000	0.0000
0.8760	804.00	189.16	10.0	-1.0	-4726.9	-1115.5	-1.0000	-0.7573	-0.00004	-0.00039	0.023	0.002000	80000.000000	80000.000000	0.0000	0.0000	0.0000	0.0000
0.8780	807.19	190.22	10.0	-1.0	-4726.6	-1117.2	-1.0000	-0.7622	-0.00004	-0.00039	0.023	0.002000	80000.000000	80000.000000	0.0000	0.0000	0.0000	0.0000
0.8800	810.38	191.28	10.0	-1.0	-4726.3	-1119.0	-1.0000	-0.7658	-0.00004	-0.00039	0.023	0.002000	80000.000000	80000.000000	0.0000	0.0000	0.0000	0.0000
0.8820	813.58	192.35	10.0	-1.0	-4726.0	-1120.7	-1.0000	-0.7707	-0.00004	-0.00039	0.023	0.002000	80000.000000	80000.000000	0.0000	0.0000	0.0000	0.0000
0.8840	816.78	193.42	10.0	-1.0	-4725.7	-1122.4	-1.0000	-0.7744	-0.00004	-0.00039	0.023	0.002000	80000.000000	80000.000000	0.0000	0.0000	0.0000	0.0000
0.8860	819.99	194.49	10.0	-1.0	-4725.3	-1124.2	-1.0000	-0.7793	-0.00004	-0.00039	0.023	0.002000	80000.000000	80000.000000	0.0000	0.0000	0.0000	0.0000
0.8880	823.19	195.57	10.0	-1.0	-4725.0	-1125.9	-1.0000	-0.7830	-0.00004	-0.00039	0.023	0.002000	80000.000000	80000.000000	0.0000	0.0000	0.0000	0.0000
0.8900	826.40	196.64	10.0	-1.0	-4724.7	-1127.6	-1.0000	-0.7879	-0.00004	-0.00039	0.023	0.002000	80000.000000	80000.000000	0.0000	0.0000	0.0000	0.0000
0.8920	829.62	197.73	10.0	-1.0	-4724.4	-1129.4	-1.0000	-0.7916	-0.00004	-0.00039	0.023	0.002000	80000.000000	80000.000000	0.0000	0.0000	0.0000	0.0000
0.8940	832.83	198.81	10.0	-1.0	-4724.1	-1131.1	-1.0000	-0.7966	-0.00004	-0.00039	0.023	0.002000	80000.000000	80000.000000	0.0000	0.0000	0.0000	0.0000
0.8960	836.05	199.90	10.0	-1.0	-4723.8	-1132.8	-1.0000	-0.8003	-0.00004	-0.00039	0.023	0.002000	80000.000000	80000.000000	0.0000	0.0000	0.0000	0.0000
0.8980	839.45	200.99	11.0	-1.0	-4723.5	-1134.6	-1.0000	-0.8054	-0.00004	-0.00043	0.025	0.002000	80000.000000	80000.000000	0.0000	0.0000	0.0000	0.0000
0.9000	842.50	202.09	10.0	-1.0	-4723.2	-1136.3	-1.0000	-0.8091	-0.00004	-0.00039	0.023	0.002000	80000.000000	80000.000000	0.0000	0.0000	0.0000	0.0000
0.9020	845.73	203.18	10.0	-1.0	-4722.9	-1138.1	-1.0000	-0.8141	-0.00004	-0.00039	0.023	0.002000	80000.000000	80000.000000	0.0000	0.0000	0.0000	0.0000
0.9040	848.96	204.28	10.0	-1.0	-4722.5	-1139.8	-1.0000	-0.8179	-0.00004	-0.00039	0.023	0.002000	80000.000000	80000.000000	0.0000	0.0000	0.0000	0.0000
0.9060	852.19	205.39	10.0	-1.0	-4722.2	-1141.5	-1.0000	-0.8230	-0.00004	-0.00039	0.023	0.002000	80000.000000	80000.000000	0.0000	0.0000	0.0000	0.0000
0.9080	855.43	206.50	10.0	-1.0	-4721.9	-1143.3	-1.0000	-0.8268	-0.00004	-0.00039	0.023	0.002000	80000.000000	80000.000000	0.0000	0.0000	0.0000	0.0000
0.9100	858.67	207.61	10.0	-1.0	-4721.6	-1145.0	-1.0000	-0.8319	-0.00004	-0.00039	0.023	0.002000	80000.000000	80000.000000	0.0000	0.0000	0.0000	0.0000
0.9120	861.92	208.72	10.0	-1.0	-4721.3	-1146.7	-1.0000	-0.8357	-0.00004	-0.00039	0.023	0.002000	80000.000000	80000.000000	0.0000	0.0000	0.0000	0.0000
0.9140	865.16	209.84	10.0	-1.0	-4721.0	-1148.5	-1.0000	-0.8408	-0.00004	-0.00039	0.023	0.002000	80000.000000	80000.000000	0.0000	0.0000	0.0000	0.0000
0.9160	868.41	210.96	10.0	-1.0	-4720.6	-1150.2	-1.0000	-0.8446	-0.00004	-0.00039	0.023	0.002000	80000.000000	80000.000000	0.0000	0.0000	0.0000	0.0000
0.9180	871.67	212.09	10.0	-1.0	-4720.3	-1151.9	-1.0000	-0.8498	-0.00004	-0.00039	0.023	0.002000	80000.000000	80000.000000	0.0000	0.0000	0.0000	0.0000
0.9200	874.92	213.21	10.0	-1.0	-4720.0	-1153.7	-1.0000	-0.8537	-0.00004	-0.00039	0.023	0.002000	80000.000000	80000.000000	0.0000	0.0000	0.0000	0.0000
0.9220	878.18	214.34	10.0	-1.0	-4719.7	-1155.4	-1.0000	-0.8588	-0.00004	-0.00039	0.023	0.002000	80000.000000	80000.000000	0.0000	0.0000	0.0000	0.0000
0.9240	881.44	215.48	10.0	-1.0	-4719.4	-1157.1	-1.0000	-0.8627	-0.00004	-0.00039	0.023	0.002000	80000.000000	80000.000000	0.0000	0.0000	0.0000	0.0000
0.9260	884.70	216.61	10.0	-1.0	-4719.0	-1158.9	-1.0000	-0.8679	-0.00004	-0.00039	0.023	0.002000	80000.000000	80000.000000	0.0000	0.0000	0.0000	0.0000
0.9280	887.97	217.75	10.0	-1.0	-4718.7	-1160.6	-1.0000	-0.8719	-0.00004	-0.00039	0.023	0.002000	80000.000000	80000.000000	0.0000	0.0000	0.0000	0.0000
0.9300	891.24	218.90	10.0	-1.0	-4718.4	-1162.3	-1.0000	-0.8771	-0.00004	-0.00039	0.023	0.002000	80000.000000	80000.000000	0.0000	0.0000	0.0000	0.0000
0.9320	894.51	220.04	10.0	-1.0	-4718.1	-1164.1	-1.0000	-0.8810	-0.00004	-0.00039	0.023	0.002000	80000.000000	80000.000000	0.0000	0.0000	0.0000	0.0000
0.9340	897.79	221.19	10.0	-1.0	-4717.8	-1165.8	-1.0000	-0.8863	-0.00004	-0.00039	0.023	0.002000	80000.000000	80000.000000	0.0000	0.0000	0.0000	0.0000
0.9360	901.07	222.35	10.0	-1.0	-4717.4	-1167.5	-1.0000	-0.8903	-0.00004	-0.00039	0.023	0.002000	80000.000000	80000.000000	0.0000	0.0000	0.0000	0.0000
0.9380	904.35	223.50	10.0	-1.0	-4717.1	-1169.3	-1.0000	-0.8955	-0.00004	-0.00039	0.023	0.002000	80000.000000	80000.000000	0.0000	0.0000	0.0000	0.0000
0.9400	907.63	224.66	10.0	-1.0	-4716.8	-1171.0	-1.0000	-0.8995	-0.00004	-0.00039	0.023	0.002000	80000.000000	80000.000000	0.0000	0.0000	0.0000	0.0000
0.9420	910.91	225.83	10.0	-1.0	-4716.4	-1172.7	-1.0000	-0.9048	-0.00004	-0.00039	0.023	0.002000	80000.000000	80000.000000	0.0000	0.0000	0.0000	0.0000
0.9440	914.20	226.99	10.0	-1.0	-4716.1	-1174.5	-1.0000	-0.9089	-0.00004	-0.00039	0.023	0.002000	80000.000000	80000.000000	0.0000	0.0000	0.0000	0.0000
0.9460	917.49	228.16	10.0	-1.0	-4715.8	-1176.2	-1.0000	-0.9142	-0.00004	-0.00039	0.023	0.002000	80000.000000	80000.000000	0.0000	0.0000	0.0000	0.0000
0.9480	920.79	229.34	10.0	-1.0	-4715.5	-1177.9	-1.0000	-0.9182	-0.00004	-0.00039	0.023	0.002000	80000.000000	80000.000000	0.0000	0.0000	0.0000	0.0000
0.9500	924.08	230.51	10.0	-1.0	-4715.1	-1179.7	-1.0000	-0.9236	-0.00004	-0.00039	0.023	0.002000	80000.000000	80000.000000	0.0000	0.0000	0.0000	0.0000
0.9520	927.38	231.69	10.0	-1.0	-4714.8	-1181.4	-1.0000	-0.9277	-0.00004	-0.00039	0.023	0.002000	80000.000000	80000.000000	0.0000	0.0000	0.0000	0.0000
0.9540	930.68	232.87	10.0	-1.0	-4714.5	-1183.1	-1.0000	-0.9330	-0.00004	-0.00039	0.023	0.002000	80000.000000	80000.000000	0.0000	0.0000	0.0000	0.0000
0.9560	933.99	234.06	10.0	-1.0	-4714.1	-1184.9	-1.0000	-0.9372	-0.00004	-0.00039	0.023	0.002000	80000.000000	80000.000000	0.0000	0.0000	0.0000	0.0000
0.9580	937.09	235.25	9.0	-1.0	-4713.8	-1186.6	-1.0000	-0.9426	-0.00004	-0.00035	0.020	0.002000	80000.000000	80000.000000	0.0000	0.0000	0.0000	0.0000
0.9600	940.60	236.44	10.0	-1.0	-4713.5	-1188.3	-1.0000	-0.9467	-0.00004	-0.00039	0.023	0.002000	80000.000000	80000.000000	0.0000	0.0000	0.0000	0.0000
0.9620	943.91	237.63	10.0	-1.0	-4713.1	-1190.1	-1.0000	-0.9521	-0.00004	-0.00039	0.023	0.002000	80000.000000	80000.000000	0.0000	0.0000	0.0000	0.0000
0.9640	947.22	238.83	10.0	-1.0	-4712.8	-1191.8	-1.0000	-0.9563	-0.00004	-0.00039	0.023	0.002000	80000.000000	80000.000000	0.0000	0.0000	0.0000	0.0000
0.9660	950.34	240.03	9.0	-1.0	-4712.5	-1193.5	-1.0000	-0.9617	-0.00004	-0.00035	0.020	0.002000	80000.000000	80000.000000	0.0000	0.0000	0.0000	0.0000
0.9680	953.86	241.24	10.0	-1.0	-4712.1	-1195.3	-1.0000	-0.9659	-0.00004	-0.00039	0.023	0.002000	80000.000000	80000.000000	0.0000	0.0000	0.0000	0.0000
0.9700	957.18	242.45	10.0	-1.0	-4711.8	-1197.0	-1.0000	-0.9714	-0.00004	-0.00039	0.023	0.002000	80000.000000	80000.000000	0.0000	0.0000	0.0000	0.0000
0.9720	960.50	243.66	10.0	-1.0	-4711.5	-1198.7	-1.0000	-0.9756	-0.00004	-0.00039	0.023	0.002000	80000.000000	80000.000000	0.0000	0.0000	0.0000	0.0000
0.9740	963.83	244.87	10.0	-1.0	-4711.1	-1200.5	-1.0000	-0.9811	-0.00004	-0.00039	0.023	0.002000	80000.000000	80000.000000	0.0000	0.0000	0.0000	0.0000
0.9760	967.15	246.09	10.0	-1.0	-4710.8	-1202.2	-1.0000	-0.9853	-0.00004	-0.00039	0.023	0.002000	80000.000000	80000.000000	0.0000	0.0000	0.0000	0.0000
0.9780	970.48	247.31	10.0	-1.0	-4710.4	-1203.9	-1.0000	-0.9909	-0.00004	-0.00039	0.023	0.002000	80000.000000	80000.000000	0.0000	0.0000	0.0000	0.0000
0.9800	973.82	248.53	10.0	-1.0	-4710.1	-1205.7	-1.0000	-0.9951	-0.00004	-0.00039	0.023	0.002000	80000.000000	80000.000000	0.0000	0.0000	0.0000	0.0000
0.9820	977.15	249.76	10.0	-1.0	-4709.8	-1207.4	-1.0000	-1.0000	-0.00004	-0.00039	0.023	0.002000	80000.000000	80000.000000	0.0000	0.0000	0.0000	0.0000
0.9840	980.49	250.99	10.0	-1.0	-4709.4	-1209.1	-1.0000	-1.0000	-0.00004	-0.00039	0.023	0.002000	80000.000000	80000.000000	0.0000	0.0000	0.0000	0.0000
0.9860	983.82	252.23	10.0	-1.0	-4709.1	-1210.8	-1.0000	-1.0000	-0.00004	-0.00039	0.023	0.002000	80000.000000	80000.000000	0.0000	0.0000	0.0000	0.0000
0.9880	987.16	253.46	10.0	-1.0	-4708.7	-1212.6	-1.0000	-1.0000	-0.00004	-0.00039	0.023	0.002000	80000.000000	80000.000000	0.0000	0.0000	0.0000	0.0000
0.9900	990.51	254.70	10.0	-1.0	-4708.4	-1214.3	-1.0000	-1.0000	-0.00004	-0.00039	0.023	0.002000	80000.000000	80000.000000	0.0000	0.0000	0.0000	0.0000
0.9920	993.85	255.95	10.0	-1.0	-4708.0	-1216.0	-1.0000	-1.0000	-0.00004	-0.00039	0.023	0.002000	80000.000000	80000.000000	0.0000	0.0000	0.0000	0.0000
0.9940	997.20	257.19	10.0	-1.0	-4707.7	-1217.8	-1.0000	-1.0000	-0.00004	-0.00039	0.023	0.002000	80000.000000	80000.000000	0.0000	0.0000	0.0000	0.0000
0.9960	1000.55	258.44	10.0	-1.0	-4707.3	-1219.5	-1.0000	-1.0000	-0.00004	-0.00039	0.023	0.002000	80000.000000	80000.000000	0.0000	0.0000	0.0000	0.0000
0.9980	1003.90	259.69	10.0	-1.0	-4707.0	-1221.2	-1.0000	-1.0000	-0.00004	-0.00039	0.023	0.002000	80000.000000	80000.000000	0.0000	0.0000	0.0000	0.0000
1.0000	1007.25	260.95	10.0	-1.0	-4706.7	-1223.0	-1.0000	-1.0000	-0.00004	-0.00039	0.023	0.002000	80000.000000	80000.000000	0.0000	0.0000	0.0000	0.0000
1.0020	1010.61	262.21	10.0	-1.0	-4706.3	-1224.7	-1.0000	-1.0000	-0.00004	-0.00039	0.023	0.002000	80000.000000	80000.000000	0.0000	0.0000	0.0000	0.0000
1.0040	1013.96	263.47	10.0	-1.0	-4706.0	-1226.4	-1.0000	-1.0000	-0.00004	-0.00039	0.023	0.002000	80000.000000	80000.000000	0.0000	0.0000	0.0000	0.0000
1.0060	1017.32	264.74	10.0	-1.0	-4705.6	-1228.1	-1.0000	-1.0000	-0.00004	-0.00039	0.023	0.002000	80000.000000	80000.000000	0.0000	0.0000	0.0000	0.0000
1.0080	1020.68	266.01	10.0	-1.0	-4705.3	-1229.9	-1.0000	-1.0000	-0.00004	-0.00039	0.023	0.002000	80000.000000	80000.000000	0.0000	0.0000	0.0000	0.0000
1.0100	1024.05	267.28	10.0	-1.0	-4704.9	-1231.6	-1.0000	-1.0000	-0.00004	-0.00039	0.023	0.002000	80000.000000	80000.000000	0.0000	0.0000	0.0000	0.0000
1.0120	1027.41	268.55	10.0	-1.0	-4704.6	-1233.3	-1.0000	-1.0000	-0.00004	-0.00039	0.023	0.002000	80000.000000	80000.000000	0.0000	0.0000	0.0000	0.0000
1.0140	1030.78	269.83	10.0	-1.0	-4704.2	-1235.1	-1.0000	-1.0000	-0.00004	-0.00039	0.023	0.002000	80000.000000	80000.000000	0.0000	0.0000	0.0000	0.0000
1.0160	1034.15	271.11	10.0	-1.0	-4703.9	-1236.8	-1.0000	-1.0000	-0.00004	-0.00039	0.023	0.002000	80000.000000	80000.000000	0.0000	0.0000	0.0000	0.0000
1.0180	1037.52	272.40	10.0	-1.0	-4703.5	-1238.5	-1.0000	-1.0000	-0.00004	-0.00039	0.023	0.002000	80000.000000	80000.000000	0.0000	0.0000	0.0000	0.0000
1.0200	1040.89	273.68	10.0	-1.0	-4703.1	-1240.2	-1.0000	-1.0000	-0.00004	-0.00039	0.023	0.002000	80000.000000	80000.000000	0.0000	0.0000	0.0000	0.0000
1.0220	1044.27	274.98	10.0	-1.0	-4702.8	-1242.0	-1.0000	-1.0000	-0.00004	-0.00039	0.023	0.002000	80000.000000	80000.000000	0.0000	0.0000	0.0000	0.0000
1.0240	1047.64	276.27	10.0	-1.0	-4702.4	-1243.7	-1.0000	-1.0000	-0.00004	-0.00039	0.023	0.002000	80000.000000	80000.000000	0.0000	0.0000	0.0000	0.0000
1.0260	1051.02	277.57	10.0	-1.0	-4702.1	-1245.4	-1.0000	-1.0000	-0.00004	-0.00039	0.023	0.002000	80000.000000	80000.000000	0.0000	0.0000	0.0000	0.0000
1.0280	1054.40	278.87	10.0	-1.0	-4701.7	-1247.2	-1.0000	-1.0000	-0.00004	-0.00039	0.023	0.002000	80000.000000	80000.000000	0.0000	0.0000	0.0000	0.0000
1.0300	1057.78	280.17	10.0	-1.0	-4701.4	-1248.9	-1.0000	-1.0000	-0.00004	-0.00039	0.023	0.002000	80000.000000	80000.000000	0.0000	0.0000	0.0000	0.0000
1.0320	1061.16	281.48	10.0	-1.0	-4701.0	-1250.6	-1.0000	-1.0000	-0.00004	-0.00039	0.023	0.002000	80000.000000	80000.000000	0.0000	0.0000	0.0000	0.0000
1.0340	1064.55	282.79	10.0	-1.0	-4700.6	-1252.3	-1.0000	-1.0000	-0.00004	-0.00039	0.023	0.002000	80000.000000	80000.000000	0.0000	0.0000	0.0000	0.0000
1.0360	1067.93	284.10	10.0	-1.0	-4700.3	-1254.1	-1.0000	-1.0000	-0.00004	-0.00039	0.023	0.002000	80000.000000	80000.000000	0.0000	0.0000	0.0000	0.0000
1.0380	1071.32	285.41	10.0	-1.0	-4699.9	-1255.8	-1.0000	-1.0000	-0.00004	-0.00039	0.023	0.002000	80000.000000	80000.000000	0.0000	0.0000	0.0000	0.0000
1.0400	1074.71	286.73	10.0	-1.0	-4699.6	-1257.5	-1.0000	-1.0000	-0.00004	-0.00039	0.023	0.002000	80000.000000	80000.000000	0.0000	0.0000	0.0000	0.0000
1.0420	1078.10	288.06	10.0	-1.0	-4699.2	-1259.2	-1.0000	-1.0000	-0.00004	-0.00039	0.023	0.002000	80000.000000	80000.000000	0.0000	0.0000	0.0000	0.0000
1.0440	1081.49	289.38	10.0	-1.0	-4698.8	-1261.0	-1.0000	-1.0000	-0.00004	-0.00039	0.023	0.002000	80000.000000	80000.000000	0.0000	0.0000	0.0000	0.0000
1.0460	1084.89	290.71	10.0	-1.0	-4698.5	-1262.7	-1.0000	-1.0000	-0.00004	-0.00039	0.023	0.002000	80000.000000	80000.000000	0.0000	0.0000	0.0000	0.0000
1.0480	1088.28	292.04	10.0	-1.0	-4698.1	-1264.4	-1.0000	-1.0000	-0.00004	-0.00039	0.023	0.002000	80000.000000	80000.000000	0.0000	0.0000	0.0000	0.0000
1.0500	1091.68	293.38	10.0	-1.0	-4697.7	-1266.1	-1.0000	-1.0000	-0.00004	-0.00039	0.023	0.002000	80000.000000	80000.000000	0.0000	0.0000	0.0000	0.0000
1.0520	1095.08	294.71	10.0	-1.0	-4697.4	-1267.9	-1.0000	-1.0000	-0.00004	-0.00039	0.023	0.002000	80000.000000	80000.000000	0.0000	0.0000	0.0000	0.0000
1.0540	1098.48	296.05	10.0	-1.0	-4697.0	-1269.6	-1.0000	-1.0000	-0.00004	-0.00039	0.023	0.002000	80000.000000	80000.000000	0.0000	0.0000	0.0000	0.0000
1.0560	1101.88	297.40	10.0	-1.0	-4696.7	-1271.3	-1.0000	-1.0000	-0.00004	-0.00039	0.023	0.002000	80000.000000	80000.000000	0.0000	0.0000	0.0000	0.0000
1.0580	1105.29	298.74	10.0	-1.0	-4696.3	-1273.0	-1.0000	-1.0000	-0.00004	-0.00039	0.023	0.002000	80000.000000	80000.000000	0.0000	0.0000	0.0000	0.0000
1.0600	1108.69	300.09	10.0	-1.0	-4695.9	-1274.8	-1.0000	-1.0000	-0.00004	-0.00039	0.023	0.002000	80000.000000	80000.000000	0.0000	0.0000	0.0000	0.0000
1.0620	1112.10	301.45	10.0	-1.0	-4695.5	-1276.5	-1.0000	-1.0000	-0.00004	-0.00039	0.023	0.002000	80000.000000	80000.000000	0.0000	0.0000	0.0000	0.0000
1.0640	1115.50	302.80	10.0	-1.0	-4695.2	-1278.2	-1.0000	-1.0000	-0.00004	-0.00039	0.023	0.002000	80000.000000	80000.000000	0.0000	0.0000	0.0000	0.0000
1.0660	1118.91	304.16	10.0	-1.0	-4694.8	-1279.9	-1.0000	-1.0000	-0.00004	-0.00039	0.023	0.002000	80000.000000	80000.000000	0.0000	0.0000	0.0000	0.0000
1.0680	1122.32	305.53	10.0	-1.0	-4694.4	-1281.7	-1.0000	-1.0000	-0.00004	-0.00039	0.023	0.002000	80000.000000	80000.000000	0.0000	0.0000	0.0000	0.0000
1.0700	1125.73	306.89	10.0	-1.0	-4694.1	-1283.4	-1.0000	-1.0000	-0.00004	-0.00039	0.023	0.002000	80000.000000	80000.000000	0.0000	0.0000	0.0000	0.0000
1.0720	1129.15	308.26	10.0	-1.0	-4693.7	-1285.1	-1.0000	-1.0000	-0.00004	-0.00039	0.023	0.002000	80000.000000	80000.000000	0.0000	0.0000	0.0000	0.0000
1.0740	1132.56	309.63	10.0	-1.0	-4693.3	-1286.8	-1.0000	-1.0000	-0.00004	-0.00039	0.023	0.002000	80000.000000	80000.000000	0.0000	0.0000	0.0000	0.0000
1.0760	1136.22	311.01	11.0	-1.0	-4692.9	-1288.6	-1.0000	-1.0000	-0.00004	-0.00043	0.025	0.002000	80000.000000	80000.000000	0.0000	0.0000	0.0000	0.0000
1.0780	1139.39	312.38	10.0	-1.0	-4692.6	-1290.3	-1.0000	-1.0000	-0.00004	-0.00039	0.023	0.002000	80000.000000	80000.000000	0.0000	0.0000	0.0000	0.0000
1.0800	1142.81	313.77	10.0	-1.0	-4692.2	-1292.0	-1.0000	-1.0000	-0.00004	-0.00039	0.023	0.002000	80000.000000	80000.000000	0.0000	0.0000	0.0000	0.0000
1.0820	1146.23	315.15	10.0	-1.0	-4691.8	-1293.7	-1.0000	-1.0000	-0.00004	-0.00039	0.023	0.002000	80000.000000	80000.000000	0.0000	0.0000	0.0000	0.0000
1.0840	1149.65	316.54	10.0	-1.0	-4691.4	-1295.5	-1.0000	-1.0000	-0.00004	-0.00039	0.023	0.002000	80000.000000	80000.000000	0.0000	0.0000	0.0000	0.0000
1.0860	1153.07	317.93	10.0	-1.0	-4691.1	-1297.2	-1.0000	-1.0000	-0.00004	-0.00039	0.023	0.002000	80000.000000	80000.000000	0.0000	0.0000	0.0000	0.0000
1.0880	1156.49	319.32	10.0	-1.0	-4690.7	-1298.9	-1.0000	-1.0000	-0.00004	-0.00039	0.023	0.002000	80000.000000	80000.000000	0.0000	0.0000	0.0000	0.0000
1.0900	1159.92	320.72	10.0	-1.0	-4690.3	-1300.6	-1.0000	-1.0000	-0.00004	-0.00039	0.023	0.002000	80000.000000	80000.000000	0.0000	0.0000	0.0000	0.0000
1.0920	1163.34	322.12	10.0	-1.0	-4689.9	-1302.4	-1.0000	-1.0000	-0.00004	-0.00039	0.023	0.002000	80000.000000	80000.000000	0.0000	0.0000	0.0000	0.0000
1.0940	1166.77	323.52	10.0	-1.0	-4689.6	-1304.1	-1.0000	-1.0000	-0.00004	-0.00039	0.023	0.002000	80000.000000	80000.000000	0.0000	0.0000	0.0000	0.0000
1.0960	1170.19	324.92	10.0	-1.0	-4689.2	-1305.8	-1.0000	-1.0000	-0.00004	-0.00039	0.023	0.002000	80000.000000	80000.000000	0.0000	0.0000	0.0000	0.0000
1.0980	1173.62	326.33	10.0	-1.0	-4688.8	-1307.5	-1.0000	-1.0000	-0.00004	-0.00039	0.023	0.002000	80000.000000	80000.000000	0.0000	0.0000	0.0000	0.0000
1.1000	1177.05	327.74	10.0	-1.0	-4688.4	-1309.3	-1.0000	-1.0000	-0.00004	-0.00039	0.023	0.002000	80000.000000	80000.000000	0.0000	0.0000	0.0000	0.0000
1.1020	1180.48	329.16	10.0	-1.0	-4688.0	-1311.0	-1.0000	-1.0000	-0.00004	-0.00039	0.023	0.002000	80000.000000	80000.000000	0.0000	0.0000	0.0000	0.0000
1.1040	1183.91	330.58	10.0	-1.0	-4687.7	-1312.7	-1.0000	-1.0000	-0.00004	-0.00039	0.023	0.002000	80000.000000	80000.000000	0.0000	0.0000	0.0000	0.0000
1.1060	1187.34	332.00	10.0	-1.0	-4687.3	-1314.4	-1.0000	-1.0000	-0.00004	-0.00039	0.023	0.002000	80000.000000	80000.000000	0.0000	0.0000	0.0000	0.0000
1.1080	1190.77	333.42	10.0	-1.0	-4686.9	-1316.1	-1.0000	-1.0000	-0.00004	-0.00039	0.023	0.002000	80000.000000	80000.000000	0.0000	0.0000	0.0000	0.0000
1.1100	1194.21	334.85	10.0	-1.0	-4686.5	-1317.9	-1.0000	-1.0000	-0.00004	-0.00039	0.023	0.002000	80000.000000	80000.000000	0.0000	0.0000	0.0000	0.0000
1.1120	1197.64	336.28	10.0	-1.0	-4686.1	-1319.6	-1.0000	-1.0000	-0.00004	-0.00039	0.023	0.002000	80000.000000	80000.000000	0.0000	0.0000	0.0000	0.0000
1.1140	1201.08	337.71	10.0	-1.0	-4685.7	-1321.3	-1.0000	-1.0000	-0.00004	-0.00039	0.023	0.002000	80000.000000	80000.000000	0.0000	0.0000	0.0000	0.0000
1.1160	1204.52	339.15	10.0	-1.0	-4685.3	-1323.0	-1.0000	-1.0000	-0.00004	-0.00039	0.023	0.002000	80000.000000	80000.000000	0.0000	0.0000	0.0000	0.0000
1.1180	1207.95	340.58	10.0	-1.0	-4685.0	-1324.7	-1.0000	-1.0000	-0.00004	-0.00039	0.023	0.002000	80000.000000	80000.000000	0.0000	0.0000	0.0000	0.0000
1.1200	1211.39	342.03	10.0	-1.0	-4684.6	-1326.5	-1.0000	-1.0000	-0.00004	-0.00039	0.023	0.002000	80000.000000	80000.000000	0.0000	0.0000	0.0000	0.0000
1.1220	1214.83	343.47	10.0	-1.0	-4684.2	-1328.2	-1.0000	-1.0000	-0.00004	-0.00039	0.023	0.002000	80000.000000	80000.000000	0.0000	0.0000	0.0000	0.0000
1.1240	1218.27	344.92	10.0	-1.0	-4683.8	-1329.9	-1.0000	-1.0000	-0.00004	-0.00039	0.023	0.002000	80000.000000	80000.000000	0.0000	0.0000	0.0000	0.0000
1.1260	1221.71	346.37	10.0	-1.0	-4683.4	-1331.6	-1.0000	-1.0000	-0.00004	-0.00039	0.023	0.002000	80000.000000	80000.000000	0.0000	0.0000	0.0000	0.0000
1.1280	1225.15	347.82	10.0	-1.0	-4683.0	-1333.4	-1.0000	-1.0000	-0.00004	-0.00039	0.023	0.002000	80000.000000	80000.000000	0.0000	0.0000	0.0000	0.0000
1.1300	1228.85	349.28	11.0	-1.0	-4682.6	-1335.1	-1.0000	-1.0000	-0.00004	-0.00043	0.025	0.002000	80000.000000	80000.000000	0.0000	0.0000	0.0000	0.0000
1.1320	1232.03	350.74	10.0	-1.0	-4682.2	-1336.8	-1.0000	-1.0000	-0.00004	-0.00039	0.023	0.002000	80000.000000	80000.000000	0.0000	0.0000	0.0000	0.0000
1.1340	1235.48	352.20	10.0	-1.0	-4681.8	-1338.5	-1.0000	-1.0000	-0.00004	-0.00039	0.023	0.002000	80000.000000	80000.000000	0.0000	0.0000	0.0000	0.0000
1.1360	1238.92	353.67	10.0	-1.0	-4681.4	-1340.2	-1.0000	-1.0000	-0.00004	-0.00039	0.023	0.002000	80000.000000	80000.000000	0.0000	0.0000	0.0000	0.0000
1.1380	1242.37	355.14	10.0	-1.0	-4681.0	-1342.0	-1.0000	-1.0000	-0.00004	-0.00039	0.023	0.002000	80000.000000	80000.000000	0.0000	0.0000	0.0000	0.0000
1.1400	1245.81	356.61	10.0	-1.0	-4680.6	-1343.7	-1.0000	-1.0000	-0.00004	-0.00039	0.023	0.002000	80000.000000	80000.000000	0.0000	0.0000	0.0000	0.0000
1.1420	1249.52	358.08	11.0	-1.0	-4680.2	-1345.4	-1.0000	-1.0000	-0.00004	-0.00043	0.025	0.002000	80000.000000	80000.000000	0.0000	0.0000	0.0000	0.0000
1.1440	1252.70	359.56	10.0	-1.0	-4679.8	-1347.1	-1.0000	-1.0000	-0.00004	-0.00039	0.023	0.002000	80000.000000	80000.000000	0.0000	0.0000	0.0000	0.0000
1.1460	1256.42	361.04	11.0	-1.0	-4679.5	-1348.8	-1.0000	-1.0000	-0.00004	-0.00043	0.025	0.002000	80000.000000	80000.000000	0.0000	0.0000	0.0000	0.0000
1.1480	1259.60	362.52	10.0	-1.0	-4679.1	-1350.5	-1.0000	-1.0000	-0.00004	-0.00039	0.023	0.002000	80000.000000	80000.000000	0.0000	0.0000	0.0000	0.0000
1.1500	1263.05	364.01	10.0	-1.0	-4678.7	-1352.3	-1.0000	-1.0000	-0.00004	-0.00039	0.023	0.002000	80000.000000	80000.000000	0.0000	0.0000	0.0000	0.0000
1.1520	1266.50	365.50	10.0	-1.0	-4678.3	-1354.0	-1.0000	-1.0000	-0.00004	-0.00039	0.023	0.002000	80000.000000	80000.000000	0.0000	0.0000	0.0000	0.0000
1.1540	1269.95	366.99	10.0	-1.0	-4677.9	-1355.7	-1.0000	-1.0000	-0.00004	-0.00039	0.023	0.002000	80000.000000	80000.000000	0.0000	0.0000	0.0000	0.0000
1.1560	1273.39	368.49	10.0	-1.0	-4677.5	-1357.4	-1.0000	-1.0000	-0.00004	-0.00039	0.023	0.002000	80000.000000	80000.000000	0.0000	0.0000	0.0000	0.0000
1.1580	1276.85	369.98	10.0	-1.0	-4677.1	-1359.1	-1.0000	-1.0000	-0.00004	-0.00039	0.023	0.002000	80000.000000	80000.000000	0.0000	0.0000	0.0000	0.0000
1.1600	1280.30	371.48	10.0	-1.0	-4676.7	-1360.9	-1.0000	-1.0000	-0.00004	-0.00039	0.023	0.002000	80000.000000	80000.000000	0.0000	0.0000	0.0000	0.0000
1.1620	1283.75	372.99	10.0	-1.0	-4676.2	-1362.6	-1.0000	-1.0000	-0.00004	-0.00039	0.023	0.002000	80000.000000	80000.000000	0.0000	0.0000	0.0000	0.0000
1.1640	1287.20	374.50	10.0	-1.0	-4675.8	-1364.3	-1.0000	-1.0000	-0.00004	-0.00039	0.023	0.002000	80000.000000	80000.000000	0.0000	0.0000	0.0000	0.0000
1.1660	1290.65	376.01	10.0	-1.0	-4675.4	-1366.0	-1.0000	-1.0000	-0.00004	-0.00039	0.023	0.002000	80000.000000	80000.000000	0.0000	0.0000	0.0000	0.0000
1.1680	1294.10	377.52	10.0	-1.0	-4675.0	-1367.7	-1.0000	-1.0000	-0.00004	-0.00039	0.023	0.002000	80000.000000	80000.000000	0.0000	0.0000	0.0000	0.0000
1.1700	1297.55	379.03	10.0	-1.0	-4674.6	-1369.4	-1.0000	-1.0000	-0.00004	-0.00039	0.023	0.002000	80000.000000	80000.000000	0.0000	0.0000	0.0000	0.0000
1.1720	1301.01	380.55	10.0	-1.0	-4674.2	-1371.2	-1.0000	-1.0000	-0.00004	-0.00039	0.023	0.002000	80000.000000	80000.000000	0.0000	0.0000	0.0000	0.0000
1.1740	1304.46	382.07	10.0	-1.0	-4673.8	-1372.9	-1.0000	-1.0000	-0.00004	-0.00039	0.023	0.002000	80000.000000	80000.000000	0.0000	0.0000	0.0000	0.0000
1.1760	1307.91	383.60	10.0	-1.0	-4673.4	-1374.6	-1.0000	-1.0000	-0.00004	-0.00039	0.023	0.002000	80000.000000	80000.000000	0.0000	0.0000	0.0000	0.0000
1.1780	1311.37	385.13	10.0	-1.0	-4673.0	-1376.3	-1.0000	-1.0000	-0.00004	-0.00039	0.023	0.002000	80000.000000	80000.000000	0.0000	0.0000	0.0000	0.0000
1.1800	1314.82	386.66	10.0	-1.0	-4672.6	-1378.0	-1.0000	-1.0000	-0.00004	-0.00039	0.023	0.002000	80000.000000	80000.000000	0.0000	0.0000	0.0000	0.0000
1.1820	1318.28	388.19	10.0	-1.0	-4672.2	-1379.7	-1.0000	-1.0000	-0.00004	-0.00039	0.023	0.002000	80000.000000	80000.000000	0.0000	0.0000	0.0000	0.0000
1.1840	1321.73	389.72	10.0	-1.0	-4671.8	-1381.5	-1.0000	-1.0000	-0.00004	-0.00039	0.023	0.002000	80000.000000	80000.000000	0.0000	0.0000	0.0000	0.0000
1.1860	1325.19	391.26	10.0	-1.0	-4671.4	-1383.2	-1.0000	-1.0000	-0.00004	-0.00039	0.023	0.002000	80000.000000	80000.000000	0.0000	0.0000	0.0000	0.0000
1.1880	1328.64	392.80	10.0	-1.0	-4671.0	-1384.9	-1.0000	-1.0000	-0.00004	-0.00039	0.023	0.002000	80000.000000	80000.000000	0.0000	0.0000	0.0000	0.0000
1.1900	1332.10	394.35	10.0	-1.0	-4670.5	-1386.6	-1.0000	-1.0000	-0.00004	-0.00039	0.023	0.002000	80000.000000	80000.000000	0.0000	0.0000	0.0000	0.0000
1.1920	1335.55	395.90	10.0	-1.0	-4670.1	-1388.3	-1.0000	-1.0000	-0.00004	-0.00039	0.023	0.002000	80000.000000	80000.000000	0.0000	0.0000	0.0000	0.0000
1.1940	1339.01	397.45	10.0	-1.0	-4669.7	-1390.0	-1.0000	-1.0000	-0.00004	-0.00039	0.023	0.002000	80000.000000	80000.000000	0.0000	0.0000	0.0000	0.0000
1.1960	1342.46	399.00	10.0	-1.0	-4669.3	-1391.8	-1.0000	-1.0000	-0.00004	-0.00039	0.023	0.002000	80000.000000	80000.000000	0.0000	0.0000	0.0000	0.0000
1.1980	1345.92	400.56	10.0	-1.0	-4668.9	-1393.5	-1.0000	-1.0000	-0.00004	-0.00039	0.023	0.002000	80000.000000	80000.000000	0.0000	0.0000	0.0000	0.0000
1.2000	1349.37	402.11	10.0	-1.0	-4668.5	-1395.2	-1.0000	-1.0000	-0.00004	-0.00039	0.023	0.002000	80000.000000	80000.000000	0.0000	0.0000	0.0000	0.0000
1.2020	1352.83	403.68	10.0	-1.0	-4668.0	-1396.9	-1.0000	-1.0000	-0.00004	-0.00039	0.023	0.002000	80000.000000	80000.000000	0.0000	0.0000	0.0000	0.0000
1.2040	1356.29	405.24	10.0	-1.0	-4667.6	-1398.6	-1.0000	-1.0000	-0.00004	-0.00039	0.023	0.002000	80000.000000	80000.000000	0.0000	0.0000	0.0000	0.0000
1.2060	1359.74	406.81	10.0	-1.0	-4667.2	-1400.3	-1.0000	-1.0000	-0.00004	-0.00039	0.023	0.002000	80000.000000	80000.000000	0.0000	0.0000	0.0000	0.0000
1.2080	1363.20	408.38	10.0	-1.0	-4666.8	-1402.0	-1.0000	-1.0000	-0.00004	-0.00039	0.023	0.002000	80000.000000	80000.000000	0.0000	0.0000	0.0000	0.0000
1.2100	1366.65	409.95	10.0	-1.0	-4666.4	-1403.8	-1.0000	-1.0000	-0.00004	-0.00039	0.023	0.002000	80000.000000	80000.000000	0.0000	0.0000	0.0000	0.0000
1.2120	1370.11	411.53	10.0	-1.0	-4666.0	-1405.5	-1.0000	-1.0000	-0.00004	-0.00039	0.023	0.002000	80000.000000	80000.000000	0.0000	0.0000	0.0000	0.0000
1.2140	1373.56	413.10	10.0	-1.0	-4665.5	-1407.2	-1.0000	-1.0000	-0.00004	-0.00039	0.023	0.002000	80000.000000	80000.000000	0.0000	0.0000	0.0000	0.0000
1.2160	1377.02	414.69	10.0	-1.0	-4665.1	-1408.9	-1.0000	-1.0000	-0.00004	-0.00039	0.023	0.002000	80000.000000	80000.000000	0.0000	0.0000	0.0000	0.0000
1.2180	1380.48	416.27	10.0	-1.0	-4664.7	-1410.6	-1.0000	-1.0000	-0.00004	-0.00039	0.023	0.002000	80000.000000	80000.000000	0.0000	0.0000	0.0000	0.0000
1.2200	1383.93	417.86	10.0	-1.0	-4664.3	-1412.3	-1.0000	-1.0000	-0.00004	-0.00039	0.023	0.002000	80000.000000	80000.000000	0.0000	0.0000	0.0000	0.0000
1.2220	1387.39	419.45	10.0	-1.0	-4663.8	-1414.0	-1.0000	-1.0000	-0.00004	-0.00039	0.023	0.002000	80000.000000	80000.000000	0.0000	0.0000	0.0000	0.0000
1.2240	1390.84	421.04	10.0	-1.0	-4663.4	-1415.8	-1.0000	-1.0000	-0.00004	-0.00039	0.023	0.002000	80000.000000	80000.000000	0.0000	0.0000	0.0000	0.0000
1.2260	1394.30	422.63	10.0	-1.0	-4663.0	-1417.5	-1.0000	-1.0000	-0.00004	-0.00039	0.023	0.002000	80000.000000	80000.000000	0.0000	0.0000	0.0000	0.0000
1.2280	1397.75	424.23	10.0	-1.0	-4662.6	-1419.2	-1.0000	-1.0000	-0.00004	-0.00039	0.023	0.002000	80000.000000	80000.000000	0.0000	0.0000	0.0000	0.0000
1.2300	1401.21	425.83	10.0	-1.0	-4662.1	-1420.9	-1.0000	-1.0000	-0.00004	-0.00039	0.023	0.002000	80000.000000	80000.000000	0.0000	0.0000	0.0000	0.0000
1.2320	1404.66	427.44	10.0	-1.0	-4661.7	-1422.6	-1.0000	-1.0000	-0.00004	-0.00039	0.023	0.002000	80000.000000	80000.000000	0.0000	0.0000	0.0000	0.0000
1.2340	1408.12	429.04	10.0	-1.0	-4661.3	-1424.3	-1.0000	-1.0000	-0.00004	-0.00039	0.023	0.002000	80000.000000	80000.000000	0.0000	0.0000	0.0000	0.0000
1.2360	1411.57	430.65	10.0	-1.0	-4660.9	-1426.0	-1.0000	-1.0000	-0.00004	-0.00039	0.023	0.002000	80000.000000	80000.000000	0.0000	0.0000	0.0000	0.0000
1.2380	1415.02	432.27	10.0	-1.0	-4660.4	-1427.7	-1.0000	-1.0000	-0.00004	-0.00039	0.023	0.002000	80000.000000	80000.000000	0.0000	0.0000	0.0000	0.0000
1.2400	1418.48	433.88	10.0	-1.0	-4660.0	-1429.4	-1.0000	-1.0000	-0.00004	-0.00039	0.023	0.002000	80000.000000	80000.000000	0.0000	0.0000	0.0000	0.0000
1.2420	1421.93	435.50	10.0	-1.0	-4659.6	-1431.2	-1.0000	-1.0000	-0.00004	-0.00039	0.023	0.002000	80000.000000	80000.000000	0.0000	0.0000	0.0000	0.0000
1.2440	1425.38	437.12	10.0	-1.0	-4659.1	-1432.9	-1.0000	-1.0000	-0.00004	-0.00039	0.023	0.002000	80000.000000	80000.000000	0.0000	0.0000	0.0000	0.0000
1.2460	1428.84	438.74	10.0	-1.0	-4658.7	-1434.6	-1.0000	-1.0000	-0.00004	-0.00039	0.023	0.002000	80000.000000	80000.000000	0.0000	0.0000	0.0000	0.0000
1.2480	1432.29	440.37	10.0	-1.0	-4658.3	-1436.3	-1.0000	-1.0000	-0.00004	-0.00039	0.023	0.002000	80000.000000	80000.000000	0.0000	0.0000	0.0000	0.0000
1.2500	1435.74	441.99	10.0	-1.0	-4657.9	-1438.0	-1.0000	-1.0000	-0.00004	-0.00039	0.023	0.002000	80000.000000	80000.000000	0.0000	0.0000	0.0000	0.0000
1.2520	1439.19	443.63	10.0	-1.0	-4657.4	-1439.7	-1.0000	-1.0000	-0.00004	-0.00039	0.023	0.002000	80000.000000	80000.000000	0.0000	0.0000	0.0000	0.0000
1.2540	1442.64	445.26	10.0	-1.0	-4657.0	-1441.4	-1.0000	-1.0000	-0.00004	-0.00039	0.023	0.002000	80000.000000	80000.000000	0.0000	0.0000	0.0000	0.0000
1.2560	1446.10	446.90	10.0	-1.0	-4656.5	-1443.1	-1.0000	-1.0000	-0.00004	-0.00039	0.023	0.002000	80000.000000	80000.000000	0.0000	0.0000	0.0000	0.0000
1.2580	1449.55	448.54	10.0	-1.0	-4656.1	-1444.8	-1.0000	-1.0000	-0.00004	-0.00039	0.023	0.002000	80000.000000	80000.000000	0.0000	0.0000	0.0000	0.0000
1.2600	1453.00	450.18	10.0	-1.0	-4655.7	-1446.6	-1.0000	-1.0000	-0.00004	-0.00039	0.023	0.002000	80000.000000	80000.000000	0.0000	0.0000	0.0000	0.0000
1.2620	1456.45	451.82	10.0	-1.0	-4655.2	-1448.3	-1.0000	-1.0000	-0.00004	-0.00039	0.023	0.002000	80000.000000	80000.000000	0.0000	0.0000	0.0000	0.0000
1.2640	1459.89	453.47	10.0	-1.0	-4654.8	-1450.0	-1.0000	-1.0000	-0.00004	-0.00039	0.023	0.002000	80000.000000	80000.000000	0.0000	0.0000	0.0000	0.0000
1.2660	1463.34	455.12	10.0	-1.0	-4654.4	-1451.7	-1.0000	-1.0000	-0.00004	-0.00039	0.023	0.002000	80000.000000	80000.000000	0.0000	0.0000	0.0000	0.0000
1.2680	1466.79	456.77	10.0	-1.0	-4653.9	-1453.4	-1.0000	-1.0000	-0.00004	-0.00039	0.023	0.002000	80000.000000	80000.000000	0.0000	0.0000	0.0000	0.0000
1.2700	1470.24	458.43	10.0	-1.0	-4653.5	-1455.1	-1.0000	-1.0000	-0.00004	-0.00039	0.023	0.002000	80000.000000	80000.000000	0.0000	0.0000	0.0000	0.0000
1.2720	1473.69	460.09	10.0	-1.0	-4653.0	-1456.8	-1.0000	-1.0000	-0.00004	-0.00039	0.023	0.002000	80000.000000	80000.000000	0.0000	0.0000	0.0000	0.0000
1.2740	1477.13	461.75	10.0	-1.0	-4652.6	-1458.5	-1.0000	-1.0000	-0.00004	-0.00039	0.023	0.002000	80000.000000	80000.000000	0.0000	0.0000	0.0000	0.0000
1.2760	1480.58	463.41	10.0	-1.0	-4652.2	-1460.2	-1.0000	-1.0000	-0.00004	-0.00039	0.023	0.002000	80000.000000	80000.000000	0.0000	0.0000	0.0000	0.0000
1.2780	1484.02	465.08	10.0	-1.0	-4651.7	-1461.9	-1.0000	-1.0000	-0.00004	-0.00039	0.023	0.002000	80000.000000	80000.000000	0.0000	0.0000	0.0000	0.0000
1.2800	1487.47	466.75	10.0	-1.0	-4651.3	-1463.6	-1.0000	-1.0000	-0.00004	-0.00039	0.023	0.002000	80000.000000	80000.000000	0.0000	0.0000	0.0000	0.0000
1.2820	1490.91	468.42	10.0	-1.0	-4650.8	-1465.4	-1.0000	-1.0000	-0.00004	-0.00039	0.023	0.002000	80000.000000	80000.000000	0.0000	0.0000	0.0000	0.0000
1.2840	1494.36	470.09	10.0	-1.0	-4650.4	-1467.1	-1.0000	-1.0000	-0.00004	-0.00039	0.023	0.002000	80000.000000	80000.000000	0.0000	0.0000	0.0000	0.0000
1.2860	1497.80	471.77	10.0	-1.0	-4649.9	-1468.8	-1.0000	-1.0000	-0.00004	-0.00039	0.023	0.002000	80000.000000	80000.000000	0.0000	0.0000	0.0000	0.0000
1.2880	1500.92	473.45	9.0	-1.0	-4649.5	-1470.5	-1.0000	-1.0000	-0.00004	-0.00035	0.020	0.002000	80000.000000	80000.000000	0.0000	0.0000	0.0000	0.0000
1.2900	1504.68	475.13	10.0	-1.0	-4649.1	-1472.2	-1.0000	-1.0000	-0.00004	-0.00039	0.023	0.002000	80000.000000	80000.000000	0.0000	0.0000	0.0000	0.0000
1.2939	1511.34	478.40	10.0	-1.0	-4648.2	-1475.5	-1.0000	-1.0000	-0.00004	-0.00039	0.023	0.003874	80000.000000	80000.000000	0.0000	0.0000	0.0000	0.0000
1.2945	1512.39	478.91	10.0	-1.0	-4648.0	-1476.0	-1.0000	-1.0000	-0.00004	-0.00039	0.023	0.000610	80000.000000	80000.000000	0.0000	0.0000	0.0000	0.0000
1.2960	1515.00	480.19	10.0	-1.0	-4647.7	-1477.3	-1.0000	-1.0000	-0.00004	-0.00039	0.023	0.001516	80000.000000	80000.000000	0.0000	0.0000	0.0000	0.0000
1.2980	1518.44	481.89	10.0	-1.0	-4647.3	-1479.0	-1.0000	-1.0000	-0.00004	-0.00039	0.023	0.002000	80000.000000	80000.000000	0.0000	0.0000	0.0000	0.0000
1.3000	1521.88	483.58	10.0	-1.0	-4646.8	-1480.7	-1.0000	-1.0000	-0.00004	-0.00039	0.023	0.002000	80000.000000	80000.000000	0.0000	0.0000	0.0000	0.0000
1.3020	1525.31	485.28	10.0	-1.0	-4646.4	-1482.4	-1.0000	-1.0000	-0.00004	-0.00039	0.023	0.002000	80000.000000	80000.000000	0.0000	0.0000	0.0000	0.0000
1.3040	1528.75	486.98	10.0	-1.0	-4645.9	-1484.1	-1.0000	-1.0000	-0.00004	-0.00039	0.023	0.002000	80000.000000	80000.000000	0.0000	0.0000	0.0000	0.0000
1.3060	1532.18	488.68	10.0	-1.0	-4645.5	-1485.8	-1.0000	-1.0000	-0.00004	-0.00039	0.023	0.002000	80000.000000	80000.000000	0.0000	0.0000	0.0000	0.0000
1.3080	1535.62	490.39	10.0	-1.0	-4645.0	-1487.5	-1.0000	-1.0000	-0.00004	-0.00039	0.023	0.002000	80000.000000	80000.000000	0.0000	0.0000	0.0000	0.0000
1.3100	1539.05	492.10	10.0	-1.0	-4644.6	-1489.2	-1.0000	-1.0000	-0.00004	-0.00039	0.023	0.002000	80000.000000	80000.000000	0.0000	0.0000	0.0000	0.0000
1.3120	1542.49	493.81	10.0	-1.0	-4644.1	-1491.0	-1.0000	-1.0000	-0.00004	-0.00039	0.023	0.002000	80000.000000	80000.000000	0.0000	0.0000	0.0000	0.0000
1.3140	1545.92	495.52	10.0	-1.0	-4643.6	-1492.7	-1.0000	-1.0000	-0.00004	-0.00039	0.023	0.002000	80000.000000	80000.000000	0.0000	0.0000	0.0000	0.0000
1.3160	1549.35	497.24	10.0	-1.0	-4643.2	-1494.4	-1.0000	-1.0000	-0.00004	-0.00039	0.023	0.002000	80000.000000	80000.000000	0.0000	0.0000	0.0000	0.0000
1.3180	1552.78	498.96	10.0	-1.0	-4642.7	-1496.1	-1.0000	-1.0000	-0.00004	-0.00039	0.023	0.002000	80000.000000	80000.000000	0.0000	0.0000	0.0000	0.0000
1.3200	1556.21	500.68	10.0	-1.0	-4642.3	-1497.8	-1.0000	-1.0000	-0.00004	-0.00039	0.023	0.002000	80000.000000	80000.000000	0.0000	0.0000	0.0000	0.0000
1.3220	1559.63	502.40	10.0	-1.0	-4641.8	-1499.5	-1.0000	-1.0000	-0.00004	-0.00039	0.023	0.002000	80000.000000	80000.000000	0.0000	0.0000	0.0000	0.0000
1.3240	1563.06	504.13	10.0	-1.0	-4641.4	-1501.2	-1.0000	-1.0000	-0.00004	-0.00039	0.023	0.002000	80000.000000	80000.000000	0.0000	0.0000	0.0000	0.0000
1.3260	1566.49	505.86	10.0	-1.0	-4640.9	-1502.9	-1.0000	-1.0000	-0.00004	-0.00039	0.023	0.002000	80000.000000	80000.000000	0.0000	0.0000	0.0000	0.0000
1.3280	1569.91	507.59	10.0	-1.0	-4640.4	-1504.6	-1.0000	-1.0000	-0.00004	-0.00039	0.023	0.002000	80000.000000	80000.000000	0.0000	0.0000	0.0000	0.0000
1.3300	1573.34	509.32	10.0	-1.0	-4640.0	-1506.3	-1.0000	-1.0000	-0.00004	-0.00039	0.023	0.002000	80000.000000	80000.000000	0.0000	0.0000	0.0000	0.0000
1.3320	1576.76	511.06	10.0	-1.0	-4639.5	-1508.0	-1.0000	-1.0000	-0.00004	-0.00039	0.023	0.002000	80000.000000	80000.000000	0.0000	0.0000	0.0000	0.0000
1.3340	1580.18	512.80	10.0	-1.0	-4639.1	-1509.7	-1.0000	-1.0000	-0.00004	-0.00039	0.023	0.002000	80000.000000	80000.000000	0.0000	0.0000	0.0000	0.0000
1.3360	1583.60	514.54	10.0	-1.0	-4638.6	-1511.4	-1.0000	-1.0000	-0.00004	-0.00039	0.023	0.002000	80000.000000	80000.000000	0.0000	0.0000	0.0000	0.0000
1.3380	1587.02	516.28	10.0	-1.0	-4638.1	-1513.1	-1.0000	-1.0000	-0.00004	-0.00039	0.023	0.002000	80000.000000	80000.000000	0.0000	0.0000	0.0000	0.0000
1.3400	1590.44	518.03	10.0	-1.0	-4637.7	-1514.8	-1.0000	-1.0000	-0.00004	-0.00039	0.023	0.002000	80000.000000	80000.000000	0.0000	0.0000	0.0000	0.0000
1.3420	1593.86	519.78	10.0	-1.0	-4637.2	-1516.5	-1.0000	-1.0000	-0.00004	-0.00039	0.023	0.002000	80000.000000	80000.000000	0.0000	0.0000	0.0000	0.0000
1.3440	1597.27	521.53	10.0	-1.0	-4636.7	-1518.2	-1.0000	-1.0000	-0.00004	-0.00039	0.023	0.002000	80000.000000	80000.000000	0.0000	0.0000	0.0000	0.0000
1.3460	1600.69	523.28	10.0	-1.0	-4636.3	-1519.9	-1.0000	-1.0000	-0.00004	-0.00039	0.023	0.002000	80000.000000	80000.000000	0.0000	0.0000	0.0000	0.0000
1.3480	1604.10	525.04	10.0	-1.0	-4635.8	-1521.6	-1.0000	-1.0000	-0.00004	-0.00039	0.023	0.002000	80000.000000	80000.000000	0.0000	0.0000	0.0000	0.0000
1.3500	1607.52	526.80	10.0	-1.0	-4635.3	-1523.3	-1.0000	-1.0000	-0.00004	-0.00039	0.023	0.002000	80000.000000	80000.000000	0.0000	0.0000	0.0000	0.0000
1.3520	1610.93	528.56	10.0	-1.0	-4634.9	-1525.0	-1.0000	-1.0000	-0.00004	-0.00039	0.023	0.002000	80000.000000	80000.000000	0.0000	0.0000	0.0000	0.0000
1.3540	1614.34	530.32	10.0	-1.0	-4634.4	-1526.7	-1.0000	-1.0000	-0.00004	-0.00039	0.023	0.002000	80000.000000	80000.000000	0.0000	0.0000	0.0000	0.0000
1.3560	1617.75	532.09	10.0	-1.0	-4633.9	-1528.4	-1.0000	-1.0000	-0.00004	-0.00039	0.023	0.002000	80000.000000	80000.000000	0.0000	0.0000	0.0000	0.0000
1.3580	1621.16	533.86	10.0	-1.0	-4633.5	-1530.1	-1.0000	-1.0000	-0.00004	-0.00039	0.023	0.002000	80000.000000	80000.000000	0.0000	0.0000	0.0000	0.0000
1.3600	1624.56	535.63	10.0	-1.0	-4633.0	-1531.8	-1.0000	-1.0000	-0.00004	-0.00039	0.023	0.002000	80000.000000	80000.000000	0.0000	0.0000	0.0000	0.0000
1.3620	1627.97	537.41	10.0	-1.0	-4632.5	-1533.5	-1.0000	-1.0000	-0.00004	-0.00039	0.023	0.002000	80000.000000	80000.000000	0.0000	0.0000	0.0000	0.0000
1.3640	1631.37	539.18	10.0	-1.0	-4632.1	-1535.2	-1.0000	-1.0000	-0.00004	-0.00039	0.023	0.002000	80000.000000	80000.000000	0.0000	0.0000	0.0000	0.0000
1.3660	1634.78	540.96	10.0	-1.0	-4631.6	-1536.9	-1.0000	-1.0000	-0.00004	-0.00039	0.023	0.002000	80000.000000	80000.000000	0.0000	0.0000	0.0000	0.0000
1.3680	1638.18	542.74	10.0	-1.0	-4631.1	-1538.6	-1.0000	-1.0000	-0.00004	-0.00039	0.023	0.002000	80000.000000	80000.000000	0.0000	0.0000	0.0000	0.0000
1.3700	1641.58	544.52	10.0	-1.0	-4630.6	-1540.3	-1.0000	-1.0000	-0.00004	-0.00039	0.023	0.002000	80000.000000	80000.000000	0.0000	0.0000	0.0000	0.0000
1.3720	1644.98	546.31	10.0	-1.0	-4630.2	-1542.0	-1.0000	-1.0000	-0.00004	-0.00039	0.023	0.002000	80000.000000	80000.000000	0.0000	0.0000	0.0000	0.0000
1.3740	1648.38	548.10	10.0	-1.0	-4629.7	-1543.7	-1.0000	-1.0000	-0.00004	-0.00039	0.023	0.002000	80000.000000	80000.000000	0.0000	0.0000	0.0000	0.0000
1.3760	1651.77	549.89	10.0	-1.0	-4629.2	-1545.4	-1.0000	-1.0000	-0.00004	-0.00039	0.023	0.002000	80000.000000	80000.000000	0.0000	0.0000	0.0000	0.0000
1.3780	1655.17	551.68	10.0	-1.0	-4628.7	-1547.1	-1.0000	-1.0000	-0.00004	-0.00039	0.023	0.002000	80000.000000	80000.000000	0.0000	0.0000	0.0000	0.0000
1.3800	1658.56	553.48	10.0	-1.0	-4628.3	-1548.8	-1.0000	-1.0000	-0.00004	-0.00039	0.023	0.002000	80000.000000	80000.000000	0.0000	0.0000	0.0000	0.0000
1.3820	1661.95	555.28	10.0	-1.0	-4627.8	-1550.5	-1.0000	-1.0000	-0.00004	-0.00039	0.023	0.002000	80000.000000	80000.000000	0.0000	0.0000	0.0000	0.0000
1.3840	1665.35	557.08	10.0	-1.0	-4627.3	-1552.2	-1.0000	-1.0000	-0.00004	-0.00039	0.023	0.002000	80000.000000	80000.000000	0.0000	0.0000	0.0000	0.0000
1.3860	1668.73	558.88	10.0	-1.0	-4626.8	-1553.9	-1.0000	-1.0000	-0.00004	-0.00039	0.023	0.002000	80000.000000	80000.000000	0.0000	0.0000	0.0000	0.0000
1.3880	1671.76	560.69	9.0	-1.0	-4626.4	-1555.6	-1.0000	-1.0000	-0.00004	-0.00035	0.020	0.002000	80000.000000	80000.000000	0.0000	0.0000	0.0000	0.0000
1.3900	1675.51	562.49	10.0	-1.0	-4625.9	-1557.3	-1.0000	-1.0000	-0.00004	-0.00039	0.023	0.002000	80000.000000	80000.000000	0.0000	0.0000	0.0000	0.0000
1.3920	1678.89	564.30	10.0	-1.0	-4625.4	-1559.0	-1.0000	-1.0000	-0.00004	-0.00039	0.023	0.002000	80000.000000	80000.000000	0.0000	0.0000	0.0000	0.0000
1.3940	1682.28	566.12	10.0	-1.0	-4624.9	-1560.7	-1.0000	-1.0000	-0.00004	-0.00039	0.023	0.002000	80000.000000	80000.000000	0.0000	0.0000	0.0000	0.0000
1.3960	1685.66	567.93	10.0	-1.0	-4624.4	-1562.4	-1.0000	-1.0000	-0.00004	-0.00039	0.023	0.002000	80000.000000	80000.000000	0.0000	0.0000	0.0000	0.0000
1.3980	1689.04	569.75	10.0	-1.0	-4623.9	-1564.1	-1.0000	-1.0000	-0.00004	-0.00039	0.023	0.002000	80000.000000	80000.000000	0.0000	0.0000	0.0000	0.0000
1.4000	1692.42	571.57	10.0	-1.0	-4623.5	-1565.8	-1.0000	-1.0000	-0.00004	-0.00039	0.023	0.002000	80000.000000	80000.000000	0.0000	0.0000	0.0000	0.0000
1.4020	1695.80	573.39	10.0	-1.0	-4623.0	-1567.5	-1.0000	-1.0000	-0.00004	-0.00039	0.023	0.002000	80000.000000	80000.000000	0.0000	0.0000	0.0000	0.0000
1.4040	1699.17	575.21	10.0	-1.0	-4622.5	-1569.2	-1.0000	-1.0000	-0.00004	-0.00039	0.023	0.002000	80000.000000	80000.000000	0.0000	0.0000	0.0000	0.0000
1.4060	1702.55	577.04	10.0	-1.0	-4622.0	-1570.9	-1.0000	-1.0000	-0.00004	-0.00039	0.023	0.002000	80000.000000	80000.000000	0.0000	0.0000	0.0000	0.0000
1.4080	1705.92	578.87	10.0	-1.0	-4621.5	-1572.6	-1.0000	-1.0000	-0.00004	-0.00039	0.023	0.002000	80000.000000	80000.000000	0.0000	0.0000	0.0000	0.0000
1.4100	1709.29	580.70	10.0	-1.0	-4621.0	-1574.3	-1.0000	-1.0000	-0.00004	-0.00039	0.023	0.002000	80000.000000	80000.000000	0.0000	0.0000	0.0000	0.0000
1.4120	1712.66	582.53	10.0	-1.0	-4620.5	-1576.0	-1.0000	-1.0000	-0.00004	-0.00039	0.023	0.002000	80000.000000	80000.000000	0.0000	0.0000	0.0000	0.0000
1.4140	1716.03	584.37	10.0	-1.0	-4620.1	-1577.7	-1.0000	-1.0000	-0.00004	-0.00039	0.023	0.002000	80000.000000	80000.000000	0.0000	0.0000	0.0000	0.0000
1.4160	1719.39	586.21	10.0	-1.0	-4619.6	-1579.4	-1.0000	-1.0000	-0.00004	-0.00039	0.023	0.002000	80000.000000	80000.000000	0.0000	0.0000	0.0000	0.0000
1.4180	1722.76	588.05	10.0	-1.0	-4619.1	-1581.1	-1.0000	-1.0000	-0.00004	-0.00039	0.023	0.002000	80000.000000	80000.000000	0.0000	0.0000	0.0000	0.0000
1.4200	1726.12	589.89	10.0	-1.0	-4618.6	-1582.8	-1.0000	-1.0000	-0.00004	-0.00039	0.023	0.002000	80000.000000	80000.000000	0.0000	0.0000	0.0000	0.0000
1.4220	1729.48	591.73	10.0	-1.0	-4618.1	-1584.5	-1.0000	-1.0000	-0.00004	-0.00039	0.023	0.002000	80000.000000	80000.000000	0.0000	0.0000	0.0000	0.0000
1.4240	1732.84	593.58	10.0	-1.0	-4617.6	-1586.2	-1.0000	-1.0000	-0.00004	-0.00039	0.023	0.002000	80000.000000	80000.000000	0.0000	0.0000	0.0000	0.0000
1.4260	1736.20	595.43	10.0	-1.0	-4617.1	-1587.9	-1.0000	-1.0000	-0.00004	-0.00039	0.023	0.002000	80000.000000	80000.000000	0.0000	0.0000	0.0000	0.0000
1.4280	1739.55	597.28	10.0	-1.0	-4616.6	-1589.6	-1.0000	-1.0000	-0.00004	-0.00039	0.023	0.002000	80000.000000	80000.000000	0.0000	0.0000	0.0000	0.0000
1.4300	1742.91	599.14	10.0	-1.0	-4616.1	-1591.3	-1.0000	-1.0000	-0.00004	-0.00039	0.023	0.002000	80000.000000	80000.000000	0.0000	0.0000	0.0000	0.0000
1.4320	1746.26	600.99	10.0	-1.0	-4615.6	-1593.0	-1.0000	-1.0000	-0.00004	-0.00039	0.023	0.002000	80000.000000	80000.000000	0.0000	0.0000	0.0000	0.0000
1.4340	1749.61	602.85	10.0	-1.0	-4615.1	-1594.7	-1.0000	-1.0000	-0.00004	-0.00039	0.023	0.002000	80000.000000	80000.000000	0.0000	0.0000	0.0000	0.0000
1.4360	1752.96	604.71	10.0	-1.0	-4614.6	-1596.3	-1.0000	-1.0000	-0.00004	-0.00039	0.023	0.002000	80000.000000	80000.000000	0.0000	0.0000	0.0000	0.0000
1.4380	1756.31	606.58	10.0	-1.0	-4614.1	-1598.0	-1.0000	-1.0000	-0.00004	-0.00039	0.023	0.002000	80000.000000	80000.000000	0.0000	0.0000	0.0000	0.0000
1.4400	1759.65	608.44	10.0	-1.0	-4613.6	-1599.7	-1.0000	-1.0000	-0.00004	-0.00039	0.023	0.002000	80000.000000	80000.000000	0.0000	0.0000	0.0000	0.0000
1.4420	1763.00	610.31	10.0	-1.0	-4613.1	-1601.4	-1.0000	-1.0000	-0.00004	-0.00039	0.023	0.002000	80000.000000	80000.000000	0.0000	0.0000	0.0000	0.0000
1.4440	1766.34	612.18	10.0	-1.0	-4612.6	-1603.1	-1.0000	-1.0000	-0.00004	-0.00039	0.023	0.002000	80000.000000	80000.000000	0.0000	0.0000	0.0000	0.0000
1.4460	1769.68	614.05	10.0	-1.0	-4612.1	-1604.8	-1.0000	-1.0000	-0.00004	-0.00039	0.023	0.002000	80000.000000	80000.000000	0.0000	0.0000	0.0000	0.0000
1.4480	1773.02	615.92	10.0	-1.0	-4611.6	-1606.5	-1.0000	-1.0000	-0.00004	-0.00039	0.023	0.002000	80000.000000	80000.000000	0.0000	0.0000	0.0000	0.0000
1.4500	1776.35	617.80	10.0	-1.0	-4611.1	-1608.2	-1.0000	-1.0000	-0.00004	-0.00039	0.023	0.002000	80000.000000	80000.000000	0.0000	0.0000	0.0000	0.0000
1.4520	1779.69	619.68	10.0	-1.0	-4610.6	-1609.9	-1.0000	-1.0000	-0.00004	-0.00039	0.023	0.002000	80000.000000	80000.000000	0.0000	0.0000	0.0000	0.0000
1.4540	1783.02	621.56	10.0	-1.0	-4610.1	-1611.6	-1.0000	-1.0000	-0.00004	-0.00039	0.023	0.002000	80000.000000	80000.000000	0.0000	0.0000	0.0000	0.0000
1.4560	1786.35	623.44	10.0	-1.0	-4609.6	-1613.3	-1.0000	-1.0000	-0.00004	-0.00039	0.023	0.002000	80000.000000	80000.000000	0.0000	0.0000	0.0000	0.0000
1.4580	1789.68	625.33	10.0	-1.0	-4609.1	-1615.0	-1.0000	-1.0000	-0.00004	-0.00039	0.023	0.002000	80000.000000	80000.000000	0.0000	0.0000	0.0000	0.0000
1.4600	1793.00	627.22	10.0	-1.0	-4608.6	-1616.7	-1.0000	-1.0000	-0.00004	-0.00039	0.023	0.002000	80000.000000	80000.000000	0.0000	0.0000	0.0000	0.0000
1.4620	1796.33	629.11	10.0	-1.0	-4608.1	-1618.4	-1.0000	-1.0000	-0.00004	-0.00039	0.023	0.002000	80000.000000	80000.000000	0.0000	0.0000	0.0000	0.0000
1.4640	1799.65	631.00	10.0	-1.0	-4607.6	-1620.0	-1.0000	-1.0000	-0.00004	-0.00039	0.023	0.002000	80000.000000	80000.000000	0.0000	0.0000	0.0000	0.0000
1.4660	1802.97	632.89	10.0	-1.0	-4607.1	-1621.7	-1.0000	-1.0000	-0.00004	-0.00039	0.023	0.002000	80000.000000	80000.000000	0.0000	0.0000	0.0000	0.0000
1.4680	1806.29	634.79	10.0	-1.0	-4606.6	-1623.4	-1.0000	-1.0000	-0.00004	-0.00039	0.023	0.002000	80000.000000	80000.000000	0.0000	0.0000	0.0000	0.0000
1.4700	1809.60	636.69	10.0	-1.0	-4606.1	-1625.1	-1.0000	-1.0000	-0.00004	-0.00039	0.023	0.002000	80000.000000	80000.000000	0.0000	0.0000	0.0000	0.0000
1.4720	1812.92	638.59	10.0	-1.0	-4605.6	-1626.8	-1.0000	-1.0000	-0.00004	-0.00039	0.023	0.002000	80000.000000	80000.000000	0.0000	0.0000	0.0000	0.0000
1.4740	1816.23	640.49	10.0	-1.0	-4605.1	-1628.5	-1.0000	-1.0000	-0.00004	-0.00039	0.023	0.002000	80000.000000	80000.000000	0.0000	0.0000	0.0000	0.0000
1.4760	1819.54	642.39	10.0	-1.0	-4604.6	-1630.2	-1.0000	-1.0000	-0.00004	-0.00039	0.023	0.002000	80000.000000	80000.000000	0.0000	0.0000	0.0000	0.0000
1.4780	1822.85	644.30	10.0	-1.0	-4604.1	-1631.9	-1.0000	-1.0000	-0.00004	-0.00039	0.023	0.002000	80000.000000	80000.000000	0.0000	0.0000	0.0000	0.0000
1.4800	1826.16	646.21	10.0	-1.0	-4603.6	-1633.6	-1.0000	-1.0000	-0.00004	-0.00039	0.023	0.002000	80000.000000	80000.000000	0.0000	0.0000	0.0000	0.0000
1.4820	1829.46	648.12	10.0	-1.0	-4603.0	-1635.3	-1.0000	-1.0000	-0.00004	-0.00039	0.023	0.002000	80000.000000	80000.000000	0.0000	0.0000	0.0000	0.0000
1.4840	1832.76	650.03	10.0	-1.0	-4602.5	-1636.9	-1.0000	-1.0000	-0.00004	-0.00039	0.023	0.002000	80000.000000	80000.000000	0.0000	0.0000	0.0000	0.0000
1.4860	1836.06	651.95	10.0	-1.0	-4602.0	-1638.6	-1.0000	-1.0000	-0.00004	-0.00039	0.023	0.002000	80000.000000	80000.000000	0.0000	0.0000	0.0000	0.0000
1.4880	1839.36	653.87	10.0	-1.0	-4601.5	-1640.3	-1.0000	-1.0000	-0.00004	-0.00039	0.023	0.002000	80000.000000	80000.000000	0.0000	0.0000	0.0000	0.0000
1.4900	1842.66	655.79	10.0	-1.0	-4601.0	-1642.0	-1.0000	-1.0000	-0.00004	-0.00039	0.023	0.002000	80000.000000	80000.000000	0.0000	0.0000	0.0000	0.0000
1.4920	1845.95	657.71	10.0	-1.0	-4600.5	-1643.7	-1.0000	-1.0000	-0.00004	-0.00039	0.023	0.002000	80000.000000	80000.000000	0.0000	0.0000	0.0000	0.0000
1.4940	1849.24	659.63	10.0	-1.0	-4600.0	-1645.4	-1.0000	-1.0000	-0.00004	-0.00039	0.023	0.002000	80000.000000	80000.000000	0.0000	0.0000	0.0000	0.0000
1.4960	1852.53	661.56	10.0	-1.0	-4599.5	-1647.1	-1.0000	-1.0000	-0.00004	-0.00039	0.023	0.002000	80000.000000	80000.000000	0.0000	0.0000	0.0000	0.0000
1.4980	1855.82	663.48	10.0	-1.0	-4598.9	-1648.8	-1.0000	-1.0000	-0.00004	-0.00039	0.023	0.002000	80000.000000	80000.000000	0.0000	0.0000	0.0000	0.0000
1.5000	1859.10	665.41	10.0	-1.0	-4598.4	-1650.5	-1.0000	-1.0000	-0.00004	-0.00039	0.023	0.002000	80000.000000	80000.000000	0.0000	0.0000	0.0000	0.0000
1.5020	1862.38	667.35	10.0	-1.0	-4597.9	-1652.1	-1.0000	-1.0000	-0.00004	-0.00039	0.023	0.002000	80000.000000	80000.000000	0.0000	0.0000	0.0000	0.0000
1.5040	1865.66	669.28	10.0	-1.0	-4597.4	-1653.8	-1.0000	-1.0000	-0.00004	-0.00039	0.023	0.002000	80000.000000	80000.000000	0.0000	0.0000	0.0000	0.0000
1.5060	1868.94	671.22	10.0	-1.0	-4596.9	-1655.5	-1.0000	-1.0000	-0.00004	-0.00039	0.023	0.002000	80000.000000	80000.000000	0.0000	0.0000	0.0000	0.0000
1.5080	1872.22	673.15	10.0	-1.0	-4596.3	-1657.2	-1.0000	-1.0000	-0.00004	-0.00039	0.023	0.002000	80000.000000	80000.000000	0.0000	0.0000	0.0000	0.0000
1.5100	1875.49	675.09	10.0	-1.0	-4595.8	-1658.9	-1.0000	-1.0000	-0.00004	-0.00039	0.023	0.002000	80000.000000	80000.000000	0.0000	0.0000	0.0000	0.0000
1.5120	1878.76	677.04	10.0	-1.0	-4595.3	-1660.6	-1.0000	-1.0000	-0.00004	-0.00039	0.023	0.002000	80000.000000	80000.000000	0.0000	0.0000	0.0000	0.0000
1.5140	1882.03	678.98	10.0	-1.0	-4594.8	-1662.3	-1.0000	-1.0000	-0.00004	-0.00039	0.023	0.002000	80000.000000	80000.000000	0.0000	0.0000	0.0000	0.0000
1.5160	1885.30	680.93	10.0	-1.0	-4594.3	-1664.0	-1.0000	-1.0000	-0.00004	-0.00039	0.023	0.002000	80000.000000	80000.000000	0.0000	0.0000	0.0000	0.0000
1.5180	1888.56	682.88	10.0	-1.0	-4593.7	-1665.6	-1.0000	-1.0000	-0.00004	-0.00039	0.023	0.002000	80000.000000	80000.000000	0.0000	0.0000	0.0000	0.0000
1.5200	1891.82	684.83	10.0	-1.0	-4593.2	-1667.3	-1.0000	-1.0000	-0.00004	-0.00039	0.023	0.002000	80000.000000	80000.000000	0.0000	0.0000	0.0000	0.0000
1.5220	1895.08	686.78	10.0	-1.0	-4592.7	-1669.0	-1.0000	-1.0000	-0.00004	-0.00039	0.023	0.002000	80000.000000	80000.000000	0.0000	0.0000	0.0000	0.0000
1.5240	1898.34	688.73	10.0	-1.0	-4592.2	-1670.7	-1.0000	-1.0000	-0.00004	-0.00039	0.023	0.002000	80000.000000	80000.000000	0.0000	0.0000	0.0000	0.0000
1.5260	1902.01	690.69	11.0	-1.0	-4591.6	-1672.4	-1.0000	-1.0000	-0.00004	-0.00043	0.025	0.002000	80000.000000	80000.000000	0.0000	0.0000	0.0000	0.0000
1.5280	1904.85	692.65	10.0	-1.0	-4591.1	-1674.1	-1.0000	-1.0000	-0.00004	-0.00039	0.023	0.002000	80000.000000	80000.000000	0.0000	0.0000	0.0000	0.0000
1.5300	1908.10	694.61	10.0	-1.0	-4590.6	-1675.8	-1.0000	-1.0000	-0.00004	-0.00039	0.023	0.002000	80000.000000	80000.000000	0.0000	0.0000	0.0000	0.0000
1.5320	1911.35	696.57	10.0	-1.0	-4590.0	-1677.4	-1.0000	-1.0000	-0.00004	-0.00039	0.023	0.002000	80000.000000	80000.000000	0.0000	0.0000	0.0000	0.0000
1.5340	1914.59	698.53	10.0	-1.0	-4589.5	-1679.1	-1.0000	-1.0000	-0.00004	-0.00039	0.023	0.002000	80000.000000	80000.000000	0.0000	0.0000	0.0000	0.0000
1.5360	1917.84	700.50	10.0	-1.0	-4589.0	-1680.8	-1.0000	-1.0000	-0.00004	-0.00039	0.023	0.002000	80000.000000	80000.000000	0.0000	0.0000	0.0000	0.0000
1.5380	1921.08	702.47	10.0	-1.0	-4588.5	-1682.5	-1.0000	-1.0000	-0.00004	-0.00039	0.023	0.002000	80000.000000	80000.000000	0.0000	0.0000	0.0000	0.0000
1.5400	1924.31	704.44	10.0	-1.0	-4587.9	-1684.2	-1.0000	-1.0000	-0.00004	-0.00039	0.023	0.002000	80000.000000	80000.000000	0.0000	0.0000	0.0000	0.0000
1.5420	1927.55	706.41	10.0	-1.0	-4587.4	-1685.9	-1.0000	-1.0000	-0.00004	-0.00039	0.023	0.002000	80000.000000	80000.000000	0.0000	0.0000	0.0000	0.0000
1.5440	1930.78	708.38	10.0	-1.0	-4586.9	-1687.5	-1.0000	-1.0000	-0.00004	-0.00039	0.023	0.002000	80000.000000	80000.000000	0.0000	0.0000	0.0000	0.0000
1.5460	1934.01	710.36	10.0	-1.0	-4586.3	-1689.2	-1.0000	-1.0000	-0.00004	-0.00039	0.023	0.002000	80000.000000	80000.000000	0.0000	0.0000	0.0000	0.0000
1.5480	1937.24	712.34	10.0	-1.0	-4585.8	-1690.9	-1.0000	-1.0000	-0.00004	-0.00039	0.023	0.002000	80000.000000	80000.000000	0.0000	0.0000	0.0000	0.0000
1.5500	1940.47	714.32	10.0	-1.0	-4585.3	-1692.6	-1.0000	-1.0000	-0.00004	-0.00039	0.023	0.002000	80000.000000	80000.000000	0.0000	0.0000	0.0000	0.0000
1.5520	1943.69	716.30	10.0	-1.0	-4584.7	-1694.3	-1.0000	-1.0000	-0.00004	-0.00039	0.023	0.002000	80000.000000	80000.000000	0.0000	0.0000	0.0000	0.0000
1.5540	1946.91	718.28	10.0	-1.0	-4584.2	-1696.0	-1.0000	-1.0000	-0.00004	-0.00039	0.023	0.002000	80000.000000	80000.000000	0.0000	0.0000	0.0000	0.0000
1.5560	1950.13	720.27	10.0	-1.0	-4583.7	-1697.6	-1.0000	-1.0000	-0.00004	-0.00039	0.023	0.002000	80000.000000	80000.000000	0.0000	0.0000	0.0000	0.0000
1.5580	1953.35	722.26	10.0	-1.0	-4583.1	-1699.3	-1.0000	-1.0000	-0.00004	-0.00039	0.023	0.002000	80000.000000	80000.000000	0.0000	0.0000	0.0000	0.0000
1.5600	1956.56	724.25	10.0	-1.0	-4582.6	-1701.0	-1.0000	-1.0000	-0.00004	-0.00039	0.023	0.002000	80000.000000	80000.000000	0.0000	0.0000	0.0000	0.0000
1.5620	1959.77	726.24	10.0	-1.0	-4582.0	-1702.7	-1.0000	-1.0000	-0.00004	-0.00039	0.023	0.002000	80000.000000	80000.000000	0.0000	0.0000	0.0000	0.0000
1.5640	1962.98	728.23	10.0	-1.0	-4581.5	-1704.4	-1.0000	-1.0000	-0.00004	-0.00039	0.023	0.002000	80000.000000	80000.000000	0.0000	0.0000	0.0000	0.0000
1.5660	1966.18	730.22	10.0	-1.0	-4581.0	-1706.0	-1.0000	-1.0000	-0.00004	-0.00039	0.023	0.002000	80000.000000	80000.000000	0.0000	0.0000	0.0000	0.0000
1.5680	1969.39	732.22	10.0	-1.0	-4580.4	-1707.7	-1.0000	-1.0000	-0.00004	-0.00039	0.023	0.002000	80000.000000	80000.000000	0.0000	0.0000	0.0000	0.0000
1.5700	1972.59	734.22	10.0	-1.0	-4579.9	-1709.4	-1.0000	-1.0000	-0.00004	-0.00039	0.023	0.002000	80000.000000	80000.000000	0.0000	0.0000	0.0000	0.0000
1.5720	1975.79	736.22	10.0	-1.0	-4579.3	-1711.1	-1.0000	-1.0000	-0.00004	-0.00039	0.023	0.002000	80000.000000	80000.000000	0.0000	0.0000	0.0000	0.0000
1.5740	1978.98	738.22	10.0	-1.0	-4578.8	-1712.8	-1.0000	-1.0000	-0.00004	-0.00039	0.023	0.002000	80000.000000	80000.000000	0.0000	0.0000	0.0000	0.0000
1.5760	1982.17	740.23	10.0	-1.0	-4578.3	-1714.4	-1.0000	-1.0000	-0.00004	-0.00039	0.023	0.002000	80000.000000	80000.000000	0.0000	0.0000	0.0000	0.0000
1.5780	1985.36	742.23	10.0	-1.0	-4577.7	-1716.1	-1.0000	-1.0000	-0.00004	-0.00039	0.023	0.002000	80000.000000	80000.000000	0.0000	0.0000	0.0000	0.0000
1.5800	1988.55	744.24	10.0	-1.0	-4577.2	-1717.8	-1.0000	-1.0000	-0.00004	-0.00039	0.023	0.002000	80000.000000	80000.000000	0.0000	0.0000	0.0000	0.0000
1.5820	1991.74	746.25	10.0	-1.0	-4576.6	-1719.5	-1.0000	-1.0000	-0.00004	-0.00039	0.023	0.002000	80000.000000	80000.000000	0.0000	0.0000	0.0000	0.0000
1.5840	1994.92	748.26	10.0	-1.0	-4576.1	-1721.2	-1.0000	-1.0000	-0.00004	-0.00039	0.023	0.002000	80000.000000	80000.000000	0.0000	0.0000	0.0000	0.0000
1.5860	1998.10	750.28	10.0	-1.0	-4575.5	-1722.8	-1.0000	-1.0000	-0.00004	-0.00039	0.023	0.002000	80000.000000	80000.000000	0.0000	0.0000	0.0000	0.0000
1.5880	2001.27	752.29	10.0	-1.0	-4575.0	-1724.5	-1.0000	-1.0000	-0.00004	-0.00039	0.023	0.002000	80000.000000	80000.000000	0.0000	0.0000	0.0000	0.0000
1.5900	2004.45	754.31	10.0	-1.0	-4574.4	-1726.2	-1.0000	-1.0000	-0.00004	-0.00039	0.023	0.002000	80000.000000	80000.000000	0.0000	0.0000	0.0000	0.0000
1.5920	2007.62	756.33	10.0	-1.0	-4573.9	-1727.9	-1.0000	-1.0000	-0.00004	-0.00039	0.023	0.002000	80000.000000	80000.000000	0.0000	0.0000	0.0000	0.0000
1.5940	2010.79	758.35	10.0	-1.0	-4573.3	-1729.6	-1.0000	-1.0000	-0.00004	-0.00039	0.023	0.002000	80000.000000	80000.000000	0.0000	0.0000	0.0000	0.0000
1.5960	2013.95	760.37	10.0	-1.0	-4572.8	-1731.2	-1.0000	-1.0000	-0.00004	-0.00039	0.023	0.002000	80000.000000	80000.000000	0.0000	0.0000	0.0000	0.0000
1.5980	2017.11	762.39	10.0	-1.0	-4572.2	-1732.9	-1.0000	-1.0000	-0.00004	-0.00039	0.023	0.002000	80000.000000	80000.000000	0.0000	0.0000	0.0000	0.0000
1.6000	2020.27	764.42	10.0	-1.0	-4571.7	-1734.6	-1.0000	-1.0000	-0.00004	-0.00039	0.023	0.002000	80000.000000	80000.000000	0.0000	0.0000	0.0000	0.0000
1.6020	2023.43	766.45	10.0	-1.0	-4571.1	-1736.3	-1.0000	-1.0000	-0.00004	-0.00039	0.023	0.002000	80000.000000	80000.000000	0.0000	0.0000	0.0000	0.0000
1.6040	2026.59	768.48	10.0	-1.0	-4570.6	-1738.0	-1.0000	-1.0000	-0.00004	-0.00039	0.023	0.002000	80000.000000	80000.000000	0.0000	0.0000	0.0000	0.0000
1.6060	2029.74	770.51	10.0	-1.0	-4570.0	-1739.6	-1.0000	-1.0000	-0.00004	-0.00039	0.023	0.002000	80000.000000	80000.000000	0.0000	0.0000	0.0000	0.0000
1.6080	2032.89	772.54	10.0	-1.0	-4569.5	-1741.3	-1.0000	-1.0000	-0.00004	-0.00039	0.023	0.002000	80000.000000	80000.000000	0.0000	0.0000	0.0000	0.0000
1.6100	2036.03	774.58	10.0	-1.0	-4568.9	-1743.0	-1.0000	-1.0000	-0.00004	-0.00039	0.023	0.002000	80000.000000	80000.000000	0.0000	0.0000	0.0000	0.0000
1.6120	2039.18	776.61	10.0	-1.0	-4568.4	-1744.7	-1.0000	-1.0000	-0.00004	-0.00039	0.023	0.002000	80000.000000	80000.000000	0.0000	0.0000	0.0000	0.0000
1.6140	2042.32	778.65	10.0	-1.0	-4567.8	-1746.3	-1.0000	-1.0000	-0.00004	-0.00039	0.023	0.002000	80000.000000	80000.000000	0.0000	0.0000	0.0000	0.0000
1.6160	2045.45	780.69	10.0	-1.0	-4567.3	-1748.0	-1.0000	-1.0000	-0.00004	-0.00039	0.023	0.002000	80000.000000	80000.000000	0.0000	0.0000	0.0000	0.0000
1.6180	2048.59	782.73	10.0	-1.0	-4566.7	-1749.7	-1.0000	-1.0000	-0.00004	-0.00039	0.023	0.002000	80000.000000	80000.000000	0.0000	0.0000	0.0000	0.0000
1.6200	2051.72	784.78	10.0	-1.0	-4566.1	-1751.4	-1.0000	-1.0000	-0.00004	-0.00039	0.023	0.002000	80000.000000	80000.000000	0.0000	0.0000	0.0000	0.0000
1.6220	2054.85	786.82	10.0	-1.0	-4565.6	-1753.0	-1.0000	-1.0000	-0.00004	-0.00039	0.023	0.002000	80000.000000	80000.000000	0.0000	0.0000	0.0000	0.0000
1.6240	2057.98	788.87	10.0	-1.0	-4565.0	-1754.7	-1.0000	-1.0000	-0.00004	-0.00039	0.023	0.002000	80000.000000	80000.000000	0.0000	0.0000	0.0000	0.0000
1.6260	2061.10	790.92	10.0	-1.0	-4564.5	-1756.4	-1.0000	-1.0000	-0.00004	-0.00039	0.023	0.002000	80000.000000	80000.000000	0.0000	0.0000	0.0000	0.0000
1.6280	2064.22	792.97	10.0	-1.0	-4563.9	-1758.1	-1.0000	-1.0000	-0.00004	-0.00039	0.023	0.002000	80000.000000	80000.000000	0.0000	0.0000	0.0000	0.0000
1.6300	2067.34	795.02	10.0	-1.0	-4563.3	-1759.7	-1.0000	-1.0000	-0.00004	-0.00039	0.023	0.002000	80000.000000	80000.000000	0.0000	0.0000	0.0000	0.0000
1.6320	2070.45	797.07	10.0	-1.0	-4562.8	-1761.4	-1.0000	-1.0000	-0.00004	-0.00039	0.023	0.002000	80000.000000	80000.000000	0.0000	0.0000	0.0000	0.0000
1.6340	2073.56	799.13	10.0	-1.0	-4562.2	-1763.1	-1.0000	-1.0000	-0.00004	-0.00039	0.023	0.002000	80000.000000	80000.000000	0.0000	0.0000	0.0000	0.0000
1.6360	2076.67	801.19	10.0	-1.0	-4561.7	-1764.8	-1.0000	-1.0000	-0.00004	-0.00039	0.023	0.002000	80000.000000	80000.000000	0.0000	0.0000	0.0000	0.0000
1.6380	2079.78	803.24	10.0	-1.0	-4561.1	-1766.4	-1.0000	-1.0000	-0.00004	-0.00039	0.023	0.002000	80000.000000	80000.000000	0.0000	0.0000	0.0000	0.0000
1.6400	2082.88	805.30	10.0	-1.0	-4560.5	-1768.1	-1.0000	-1.0000	-0.00004	-0.00039	0.023	0.002000	80000.000000	80000.000000	0.0000	0.0000	0.0000	0.0000
1.6420	2086.44	807.37	11.0	-1.0	-4560.0	-1769.8	-1.0000	-1.0000	-0.00004	-0.00043	0.025	0.002000	80000.000000	80000.000000	0.0000	0.0000	0.0000	0.0000
1.6440	2089.08	809.43	10.0	-1.0	-4559.4	-1771.5	-1.0000	-1.0000	-0.00004	-0.00039	0.023	0.002000	80000.000000	80000.000000	0.0000	0.0000	0.0000	0.0000
1.6460	2092.17	811.49	10.0	-1.0	-4558.8	-1773.1	-1.0000	-1.0000	-0.00004	-0.00039	0.023	0.002000	80000.000000	80000.000000	0.0000	0.0000	0.0000	0.0000
1.6480	2095.26	813.56	10.0	-1.0	-4558.3	-1774.8	-1.0000	-1.0000	-0.00004	-0.00039	0.023	0.002000	80000.000000	80000.000000	0.0000	0.0000	0.0000	0.0000
1.6500	2098.35	815.63	10.0	-1.0	-4557.7	-1776.5	-1.0000	-1.0000	-0.00004	-0.00039	0.023	0.002000	80000.000000	80000.000000	0.0000	0.0000	0.0000	0.0000
1.6520	2101.44	817.70	10.0	-1.0	-4557.1	-1778.1	-1.0000	-1.0000	-0.00004	-0.00039	0.023	0.002000	80000.000000	80000.000000	0.0000	0.0000	0.0000	0.0000
1.6540	2104.52	819.77	10.0	-1.0	-4556.6	-1779.8	-1.0000	-1.0000	-0.00004	-0.00039	0.023	0.002000	80000.000000	80000.000000	0.0000	0.0000	0.0000	0.0000
1.6560	2107.60	821.85	10.0	-1.0	-4556.0	-1781.5	-1.0000	-1.0000	-0.00004	-0.00039	0.023	0.002000	80000.000000	80000.000000	0.0000	0.0000	0.0000	0.0000
1.6580	2110.67	823.92	10.0	-1.0	-4555.4	-1783.2	-1.0000	-1.0000	-0.00004	-0.00039	0.023	0.002000	80000.000000	80000.000000	0.0000	0.0000	0.0000	0.0000
1.6600	2113.75	826.00	10.0	-1.0	-4554.9	-1784.8	-1.0000	-1.0000	-0.00004	-0.00039	0.023	0.002000	80000.000000	80000.000000	0.0000	0.0000	0.0000	0.0000
1.6620	2116.82	828.08	10.0	-1.0	-4554.3	-1786.5	-1.0000	-1.0000	-0.00004	-0.00039	0.023	0.002000	80000.000000	80000.000000	0.0000	0.0000	0.0000	0.0000
1.6640	2119.88	830.16	10.0	-1.0	-4553.7	-1788.2	-1.0000	-1.0000	-0.00004	-0.00039	0.023	0.002000	80000.000000	80000.000000	0.0000	0.0000	0.0000	0.0000
1.6660	2122.95	832.24	10.0	-1.0	-4553.1	-1789.8	-1.0000	-1.0000	-0.00004	-0.00039	0.023	0.002000	80000.000000	80000.000000	0.0000	0.0000	0.0000	0.0000
1.6680	2126.01	834.32	10.0	-1.0	-4552.6	-1791.5	-1.0000	-1.0000	-0.00004	-0.00039	0.023	0.002000	80000.000000	80000.000000	0.0000	0.0000	0.0000	0.0000
1.6700	2129.06	836.40	10.0	-1.0	-4552.0	-1793.2	-1.0000	-1.0000	-0.00004	-0.00039	0.023	0.002000	80000.000000	80000.000000	0.0000	0.0000	0.0000	0.0000
1.6720	2132.12	838.49	10.0	-1.0	-4551.4	-1794.9	-1.0000	-1.0000	-0.00004	-0.00039	0.023	0.002000	80000.000000	80000.000000	0.0000	0.0000	0.0000	0.0000
1.6740	2135.17	840.58	10.0	-1.0	-4550.8	-1796.5	-1.0000	-1.0000	-0.00004	-0.00039	0.023	0.002000	80000.000000	80000.000000	0.0000	0.0000	0.0000	0.0000
1.6760	2138.22	842.67	10.0	-1.0	-4550.3	-1798.2	-1.0000	-1.0000	-0.00004	-0.00039	0.023	0.002000	80000.000000	80000.000000	0.0000	0.0000	0.0000	0.0000
1.6780	2141.26	844.76	10.0	-1.0	-4549.7	-1799.9	-1.0000	-1.0000	-0.00004	-0.00039	0.023	0.002000	80000.000000	80000.000000	0.0000	0.0000	0.0000	0.0000
1.6800	2144.31	846.85	10.0	-1.0	-4549.1	-1801.5	-1.0000	-1.0000	-0.00004	-0.00039	0.023	0.002000	80000.000000	80000.000000	0.0000	0.0000	0.0000	0.0000
1.6820	2147.34	848.94	10.0	-1.0	-4548.5	-1803.2	-1.0000	-1.0000	-0.00004	-0.00039	0.023	0.002000	80000.000000	80000.000000	0.0000	0.0000	0.0000	0.0000
1.6840	2150.38	851.04	10.0	-1.0	-4548.0	-1804.9	-1.0000	-1.0000	-0.00004	-0.00039	0.023	0.002000	80000.000000	80000.000000	0.0000	0.0000	0.0000	0.0000
1.6860	2153.41	853.14	10.0	-1.0	-4547.4	-1806.5	-1.0000	-1.0000	-0.00004	-0.00039	0.023	0.002000	80000.000000	80000.000000	0.0000	0.0000	0.0000	0.0000
1.6880	2156.44	855.23	10.0	-1.0	-4546.8	-1808.2	-1.0000	-1.0000	-0.00004	-0.00039	0.023	0.002000	80000.000000	80000.000000	0.0000	0.0000	0.0000	0.0000
1.6900	2159.47	857.33	10.0	-1.0	-4546.2	-1809.9	-1.0000	-1.0000	-0.00004	-0.00039	0.023	0.002000	80000.000000	80000.000000	0.0000	0.0000	0.0000	0.0000
1.6920	2162.49	859.44	10.0	-1.0	-4545.6	-1811.5	-1.0000	-1.0000	-0.00004	-0.00039	0.023	0.002000	80000.000000	80000.000000	0.0000	0.0000	0.0000	0.0000
1.6940	2165.51	861.54	10.0	-1.0	-4545.0	-1813.2	-1.0000	-1.0000	-0.00004	-0.00039	0.023	0.002000	80000.000000	80000.000000	0.0000	0.0000	0.0000	0.0000
1.6960	2168.53	863.64	10.0	-1.0	-4544.5	-1814.9	-1.0000	-1.0000	-0.00004	-0.00039	0.023	0.002000	80000.000000	80000.000000	0.0000	0.0000	0.0000	0.0000
1.6980	2171.54	865.75	10.0	-1.0	-4543.9	-1816.5	-1.0000	-1.0000	-0.00004	-0.00039	0.023	0.002000	80000.000000	80000.000000	0.0000	0.0000	0.0000	0.0000
1.7000	2174.55	867.86	10.0	-1.0	-4543.3	-1818.2	-1.0000	-1.0000	-0.00004	-0.00039	0.023	0.002000	80000.000000	80000.000000	0.0000	0.0000	0.0000	0.0000
1.7020	2177.56	869.96	10.0	-1.0	-4542.7	-1819.9	-1.0000	-1.0000	-0.00004	-0.00039	0.023	0.002000	80000.000000	80000.000000	0.0000	0.0000	0.0000	0.0000
1.7040	2180.56	872.07	10.0	-1.0	-4542.1	-1821.5	-1.0000	-1.0000	-0.00004	-0.00039	0.023	0.002000	80000.000000	80000.000000	0.0000	0.0000	0.0000	0.0000
1.7060	2183.56	874.19	10.0	-1.0	-4541.5	-1823.2	-1.0000	-1.0000	-0.00004	-0.00039	0.023	0.002000	80000.000000	80000.000000	0.0000	0.0000	0.0000	0.0000
1.7080	2186.56	876.30	10.0	-1.0	-4541.0	-1824.9	-1.0000	-1.0000	-0.00004	-0.00039	0.023	0.002000	80000.000000	80000.000000	0.0000	0.0000	0.0000	0.0000
1.7100	2189.55	878.41	10.0	-1.0	-4540.4	-1826.5	-1.0000	-1.0000	-0.00004	-0.00039	0.023	0.002000	80000.000000	80000.000000	0.0000	0.0000	0.0000	0.0000
1.7120	2192.54	880.53	10.0	-1.0	-4539.8	-1828.2	-1.0000	-1.0000	-0.00004	-0.00039	0.023	0.002000	80000.000000	80000.000000	0.0000	0.0000	0.0000	0.0000
1.7140	2195.53	882.65	10.0	-1.0	-4539.2	-1829.9	-1.0000	-1.0000	-0.00004	-0.00039	0.023	0.002000	80000.000000	80000.000000	0.0000	0.0000	0.0000	0.0000
1.7160	2198.52	884.77	10.0	-1.0	-4538.6	-1831.5	-1.0000	-1.0000	-0.00004	-0.00039	0.023	0.002000	80000.000000	80000.000000	0.0000	0.0000	0.0000	0.0000
1.7180	2201.50	886.89	10.0	-1.0	-4538.0	-1833.2	-1.0000	-1.0000	-0.00004	-0.00039	0.023	0.002000	80000.000000	80000.000000	0.0000	0.0000	0.0000	0.0000
1.7200	2204.47	889.01	10.0	-1.0	-4537.4	-1834.9	-1.0000	-1.0000	-0.00004	-0.00039	0.023	0.002000	80000.000000	80000.000000	0.0000	0.0000	0.0000	0.0000
1.7220	2207.45	891.13	10.0	-1.0	-4536.8	-1836.5	-1.0000	-1.0000	-0.00004	-0.00039	0.023	0.002000	80000.000000	80000.000000	0.0000	0.0000	0.0000	0.0000
1.7240	2210.42	893.26	10.0	-1.0	-4536.2	-1838.2	-1.0000	-1.0000	-0.00004	-0.00039	0.023	0.002000	80000.000000	80000.000000	0.0000	0.0000	0.0000	0.0000
1.7260	2213.39	895.38	10.0	-1.0	-4535.6	-1839.9	-1.0000	-1.0000	-0.00004	-0.00039	0.023	0.002000	80000.000000	80000.000000	0.0000	0.0000	0.0000	0.0000
1.7280	2216.35	897.51	10.0	-1.0	-4535.0	-1841.5	-1.0000	-1.0000	-0.00004	-0.00039	0.023	0.002000	80000.000000	80000.000000	0.0000	0.0000	0.0000	0.0000
1.7300	2219.31	899.64	10.0	-1.0	-4534.5	-1843.2	-1.0000	-1.0000	-0.00004	-0.00039	0.023	0.002000	80000.000000	80000.000000	0.0000	0.0000	0.0000	0.0000
1.7320	2222.27	901.77	10.0	-1.0	-4533.9	-1844.8	-1.0000	-1.0000	-0.00004	-0.00039	0.023	0.002000	80000.000000	80000.000000	0.0000	0.0000	0.0000	0.0000
1.7340	2225.23	903.90	10.0	-1.0	-4533.3	-1846.5	-1.0000	-1.0000	-0.00004	-0.00039	0.023	0.002000	80000.000000	80000.000000	0.0000	0.0000	0.0000	0.0000
1.7360	2228.18	906.04	10.0	-1.0	-4532.7	-1848.2	-1.0000	-1.0000	-0.00004	-0.00039	0.023	0.002000	80000.000000	80000.000000	0.0000	0.0000	0.0000	0.0000
1.7380	2231.12	908.17	10.0	-1.0	-4532.1	-1849.8	-1.0000	-1.0000	-0.00004	-0.00039	0.023	0.002000	80000.000000	80000.000000	0.0000	0.0000	0.0000	0.0000
1.7400	2234.07	910.31	10.0	-1.0	-4531.5	-1851.5	-1.0000	-1.0000	-0.00004	-0.00039	0.023	0.002000	80000.000000	80000.000000	0.0000	0.0000	0.0000	0.0000
1.7420	2237.01	912.44	10.0	-1.0	-4530.9	-1853.2	-1.0000	-1.0000	-0.00004	-0.00039	0.023	0.002000	80000.000000	80000.000000	0.0000	0.0000	0.0000	0.0000
1.7440	2239.95	914.58	10.0	-1.0	-4530.3	-1854.8	-1.0000	-1.0000	-0.00004	-0.00039	0.023	0.002000	80000.000000	80000.000000	0.0000	0.0000	0.0000	0.0000
1.7460	2242.88	916.72	10.0	-1.0	-4529.7	-1856.5	-1.0000	-1.0000	-0.00004	-0.00039	0.023	0.002000	80000.000000	80000.000000	0.0000	0.0000	0.0000	0.0000
1.7480	2245.81	918.86	10.0	-1.0	-4529.1	-1858.1	-1.0000	-1.0000	-0.00004	-0.00039	0.023	0.002000	80000.000000	80000.000000	0.0000	0.0000	0.0000	0.0000
1.7500	2248.74	921.00	10.0	-1.0	-4528.5	-1859.8	-1.0000	-1.0000	-0.00004	-0.00039	0.023	0.002000	80000.000000	80000.000000	0.0000	0.0000	0.0000	0.0000
1.7520	2251.66	923.15	10.0	-1.0	-4527.9	-1861.5	-1.0000	-1.0000	-0.00004	-0.00039	0.023	0.002000	80000.000000	80000.000000	0.0000	0.0000	0.0000	0.0000
1.7540	2254.58	925.29	10.0	-1.0	-4527.3	-1863.1	-1.0000	-1.0000	-0.00004	-0.00039	0.023	0.002000	80000.000000	80000.000000	0.0000	0.0000	0.0000	0.0000
1.7560	2257.50	927.44	10.0	-1.0	-4526.7	-1864.8	-1.0000	-1.0000	-0.00004	-0.00039	0.023	0.002000	80000.000000	80000.000000	0.0000	0.0000	0.0000	0.0000
1.7580	2260.41	929.59	10.0	-1.0	-4526.1	-1866.4	-1.0000	-1.0000	-0.00004	-0.00039	0.023	0.002000	80000.000000	80000.000000	0.0000	0.0000	0.0000	0.0000
1.7600	2263.32	931.74	10.0	-1.0	-4525.5	-1868.1	-1.0000	-1.0000	-0.00004	-0.00039	0.023	0.002000	80000.000000	80000.000000	0.0000	0.0000	0.0000	0.0000
1.7620	2266.23	933.89	10.0	-1.0	-4524.9	-1869.8	-1.0000	-1.0000	-0.00004	-0.00039	0.023	0.002000	80000.000000	80000.000000	0.0000	0.0000	0.0000	0.0000
1.7640	2269.13	936.04	10.0	-1.0	-4524.3	-1871.4	-1.0000	-1.0000	-0.00004	-0.00039	0.023	0.002000	80000.000000	80000.000000	0.0000	0.0000	0.0000	0.0000
1.7660	2272.03	938.19	10.0	-1.0	-4523.6	-1873.1	-1.0000	-1.0000	-0.00004	-0.00039	0.023	0.002000	80000.000000	80000.000000	0.0000	0.0000	0.0000	0.0000
1.7680	2274.93	940.35	10.0	-1.0	-4523.0	-1874.7	-1.0000	-1.0000	-0.00004	-0.00039	0.023	0.002000	80000.000000	80000.000000	0.0000	0.0000	0.0000	0.0000
1.7700	2277.82	942.50	10.0	-1.0	-4522.4	-1876.4	-1.0000	-1.0000	-0.00004	-0.00039	0.023	0.002000	80000.000000	80000.000000	0.0000	0.0000	0.0000	0.0000
1.7720	2280.71	944.66	10.0	-1.0	-4521.8	-1878.1	-1.0000	-1.0000	-0.00004	-0.00039	0.023	0.002000	80000.000000	80000.000000	0.0000	0.0000	0.0000	0.0000
1.7740	2283.60	946.82	10.0	-1.0	-4521.2	-1879.7	-1.0000	-1.0000	-0.00004	-0.00039	0.023	0.002000	80000.000000	80000.000000	0.0000	0.0000	0.0000	0.0000
1.7760	2286.48	948.98	10.0	-1.0	-4520.6	-1881.4	-1.0000	-1.0000	-0.00004	-0.00039	0.023	0.002000	80000.000000	80000.000000	0.0000	0.0000	0.0000	0.0000
1.7780	2289.36	951.14	10.0	-1.0	-4520.0	-1883.0	-1.0000	-1.0000	-0.00004	-0.00039	0.023	0.002000	80000.000000	80000.000000	0.0000	0.0000	0.0000	0.0000
1.7800	2292.24	953.30	10.0	-1.0	-4519.4	-1884.7	-1.0000	-1.0000	-0.00004	-0.00039	0.023	0.002000	80000.000000	80000.000000	0.0000	0.0000	0.0000	0.0000
1.7820	2295.11	955.46	10.0	-1.0	-4518.8	-1886.3	-1.0000	-1.0000	-0.00004	-0.00039	0.023	0.002000	80000.000000	80000.000000	0.0000	0.0000	0.0000	0.0000
1.7840	2297.98	957.63	10.0	-1.0	-4518.2	-1888.0	-1.0000	-1.0000	-0.00004	-0.00039	0.023	0.002000	80000.000000	80000.000000	0.0000	0.0000	0.0000	0.0000
1.7860	2300.84	959.79	10.0	-1.0	-4517.5	-1889.7	-1.0000	-1.0000	-0.00004	-0.00039	0.023	0.002000	80000.000000	80000.000000	0.0000	0.0000	0.0000	0.0000
1.7880	2303.70	961.96	10.0	-1.0	-4516.9	-1891.3	-1.0000	-1.0000	-0.00004	-0.00039	0.023	0.002000	80000.000000	80000.000000	0.0000	0.0000	0.0000	0.0000
1.7900	2306.56	964.13	10.0	-1.0	-4516.3	-1893.0	-1.0000	-1.0000	-0.00004	-0.00039	0.023	0.002000	80000.000000	80000.000000	0.0000	0.0000	0.0000	0.0000
1.7920	2309.42	966.30	10.0	-1.0	-4515.7	-1894.6	-1.0000	-1.0000	-0.00004	-0.00039	0.023	0.002000	80000.000000	80000.000000	0.0000	0.0000	0.0000	0.0000
1.7940	2312.27	968.47	10.0	-1.0	-4515.1	-1896.3	-1.0000	-1.0000	-0.00004	-0.00039	0.023	0.002000	80000.000000	80000.000000	0.0000	0.0000	0.0000	0.0000
1.7960	2315.11	970.64	10.0	-1.0	-4514.5	-1897.9	-1.0000	-1.0000	-0.00004	-0.00039	0.023	0.002000	80000.000000	80000.000000	0.0000	0.0000	0.0000	0.0000
1.7980	2317.96	972.81	10.0	-1.0	-4513.9	-1899.6	-1.0000	-1.0000	-0.00004	-0.00039	0.023	0.002000	80000.000000	80000.000000	0.0000	0.0000	0.0000	0.0000
1.8000	2320.80	974.99	10.0	-1.0	-4513.2	-1901.3	-1.0000	-1.0000	-0.00004	-0.00039	0.023	0.002000	80000.000000	80000.000000	0.0000	0.0000	0.0000	0.0000
1.8020	2323.63	977.16	10.0	-1.0	-4512.6	-1902.9	-1.0000	-1.0000	-0.00004	-0.00039	0.023	0.002000	80000.000000	80000.000000	0.0000	0.0000	0.0000	0.0000
1.8040	2326.47	979.34	10.0	-1.0	-4512.0	-1904.6	-1.0000	-1.0000	-0.00004	-0.00039	0.023	0.002000	80000.000000	80000.000000	0.0000	0.0000	0.0000	0.0000
1.8060	2329.30	981.52	10.0	-1.0	-4511.4	-1906.2	-1.0000	-1.0000	-0.00004	-0.00039	0.023	0.002000	80000.000000	80000.000000	0.0000	0.0000	0.0000	0.0000
1.8080	2332.12	983.70	10.0	-1.0	-4510.8	-1907.9	-1.0000	-1.0000	-0.00004	-0.00039	0.023	0.002000	80000.000000	80000.000000	0.0000	0.0000	0.0000	0.0000
1.8100	2334.94	986.39	10.0	0.0	-4510.1	-1909.5	-1.0000	-1.0000	0.00000	-0.00039	0.022	0.002000	80000.000000	80000.000000	0.0000	0.0000	0.0000	0.0000
1.8120	2337.76	988.06	10.0	-1.0	-4509.5	-1911.2	-1.0000	-1.0000	-0.00004	-0.00039	0.023	0.002000	80000.000000	80000.000000	0.0000	0.0000	0.0000	0.0000
1.8140	2340.58	990.24	10.0	-1.0	-4508.9	-1912.8	-1.0000	-1.0000	-0.00004	-0.00039	0.023	0.002000	80000.000000	80000.000000	0.0000	0.0000	0.0000	0.0000
1.8160	2343.39	992.42	10.0	-1.0	-4508.3	-1914.5	-1.0000	-1.0000	-0.00004	-0.00039	0.023	0.002000	80000.000000	80000.000000	0.0000	0.0000	0.0000	0.0000
1.8180	2346.20	994.61	10.0	-1.0	-4507.7	-1916.1	-1.0000	-1.0000	-0.00004	-0.00039	0.023	0.002000	80000.000000	80000.000000	0.0000	0.0000	0.0000	0.0000
1.8200	2349.00	996.79	10.0	-1.0	-4507.0	-1917.8	-1.0000	-1.0000	-0.00004	-0.00039	0.023	0.002000	80000.000000	80000.000000	0.0000	0.0000	0.0000	0.0000
1.8220	2351.80	998.98	10.0	-1.0	-4506.4	-1919.4	-1.0000	-1.0000	-0.00004	-0.00039	0.023	0.002000	80000.000000	80000.000000	0.0000	0.0000	0.0000	0.0000
1.8240	2354.60	1001.17	10.0	-1.0	-4505.8	-1921.1	-1.0000	-1.0000	-0.00004	-0.00039	0.023	0.002000	80000.000000	80000.000000	0.0000	0.0000	0.0000	0.0000
1.8260	2357.39	1003.36	10.0	-1.0	-4505.2	-1922.7	-1.0000	-1.0000	-0.00004	-0.00039	0.023	0.002000	80000.000000	80000.000000	0.0000	0.0000	0.0000	0.0000
1.8280	2360.18	1005.55	10.0	-1.0	-4504.5	-1924.4	-1.0000	-1.0000	-0.00004	-0.00039	0.023	0.002000	80000.000000	80000.000000	0.0000	0.0000	0.0000	0.0000
1.8300	2362.97	1007.74	10.0	-1.0	-4503.9	-1926.1	-1.0000	-1.0000	-0.00004	-0.00039	0.023	0.002000	80000.000000	80000.000000	0.0000	0.0000	0.0000	0.0000
1.8320	2365.75	1009.93	10.0	-1.0	-4503.3	-1927.7	-1.0000	-1.0000	-0.00004	-0.00039	0.023	0.002000	80000.000000	80000.000000	0.0000	0.0000	0.0000	0.0000
1.8340	2368.53	1012.12	10.0	-1.0	-4502.6	-1929.4	-1.0000	-1.0000	-0.00004	-0.00039	0.023	0.002000	80000.000000	80000.000000	0.0000	0.0000	0.0000	0.0000
1.8360	2371.30	1014.32	10.0	-1.0	-4502.0	-1931.0	-1.0000	-1.0000	-0.00004	-0.00039	0.023	0.002000	80000.000000	80000.000000	0.0000	0.0000	0.0000	0.0000
1.8380	2374.07	1016.51	10.0	-1.0	-4501.4	-1932.7	-1.0000	-1.0000	-0.00004	-0.00039	0.023	0.002000	80000.000000	80000.000000	0.0000	0.0000	0.0000	0.0000
1.8400	2376.84	1018.71	10.0	-1.0	-4500.8	-1934.3	-1.0000	-1.0000	-0.00004	-0.00039	0.023	0.002000	80000.000000	80000.000000	0.0000	0.0000	0.0000	0.0000
1.8420	2379.08	1020.91	9.0	-1.0	-4500.1	-1936.0	-1.0000	-1.0000	-0.00004	-0.00035	0.020	0.002000	80000.000000	80000.000000	0.0000	0.0000	0.0000	0.0000
1.8440	2382.36	1023.11	10.0	-1.0	-4499.5	-1937.6	-1.0000	-1.0000	-0.00004	-0.00039	0.023	0.002000	80000.000000	80000.000000	0.0000	0.0000	0.0000	0.0000
1.8460	2385.12	1025.31	10.0	-1.0	-4498.9	-1939.3	-1.0000	-1.0000	-0.00004	-0.00039	0.023	0.002000	80000.000000	80000.000000	0.0000	0.0000	0.0000	0.0000
1.8480	2387.87	1027.51	10.0	-1.0	-4498.2	-1940.9	-1.0000	-1.0000	-0.00004	-0.00039	0.023	0.002000	80000.000000	80000.000000	0.0000	0.0000	0.0000	0.0000
1.8500	2390.62	1029.71	10.0	-1.0	-4497.6	-1942.6	-1.0000	-1.0000	-0.00004	-0.00039	0.023	0.002000	80000.000000	80000.000000	0.0000	0.0000	0.0000	0.0000
1.8520	2393.37	1031.92	10.0	-1.0	-4497.0	-1944.2	-1.0000	-1.0000	-0.00004	-0.00039	0.023	0.002000	80000.000000	80000.000000	0.0000	0.0000	0.0000	0.0000
1.8540	2396.11	1034.12	10.0	-1.0	-4496.3	-1945.9	-1.0000	-1.0000	-0.00004	-0.00039	0.023	0.002000	80000.000000	80000.000000	0.0000	0.0000	0.0000	0.0000
1.8560	2398.85	1036.32	10.0	-1.0	-4495.7	-1947.5	-1.0000	-1.0000	-0.00004	-0.00039	0.023	0.002000	80000.000000	80000.000000	0.0000	0.0000	0.0000	0.0000
1.8580	2401.58	1038.53	10.0	-1.0	-4495.1	-1949.1	-1.0000	-1.0000	-0.00004	-0.00039	0.023	0.002000	80000.000000	80000.000000	0.0000	0.0000	0.0000	0.0000
1.8600	2404.31	1040.74	10.0	-1.0	-4494.4	-1950.8	-1.0000	-1.0000	-0.00004	-0.00039	0.023	0.002000	80000.000000	80000.000000	0.0000	0.0000	0.0000	0.0000
1.8620	2407.04	1042.95	10.0	-1.0	-4493.8	-1952.4	-1.0000	-1.0000	-0.00004	-0.00039	0.023	0.002000	80000.000000	80000.000000	0.0000	0.0000	0.0000	0.0000
1.8640	2409.76	1045.16	10.0	-1.0	-4493.1	-1954.1	-1.0000	-1.0000	-0.00004	-0.00039	0.023	0.002000	80000.000000	80000.000000	0.0000	0.0000	0.0000	0.0000
1.8660	2412.48	1047.37	10.0	-1.0	-4492.5	-1955.7	-1.0000	-1.0000	-0.00004	-0.00039	0.023	0.002000	80000.000000	80000.000000	0.0000	0.0000	0.0000	0.0000
1.8680	2415.19	1049.58	10.0	-1.0	-4491.9	-1957.4	-1.0000	-1.0000	-0.00004	-0.00039	0.023	0.002000	80000.000000	80000.000000	0.0000	0.0000	0.0000	0.0000
1.8700	2417.90	1051.79	10.0	-1.0	-4491.2	-1959.0	-1.0000	-1.0000	-0.00004	-0.00039	0.023	0.002000	80000.000000	80000.000000	0.0000	0.0000	0.0000	0.0000
1.8720	2420.61	1054.00	10.0	-1.0	-4490.6	-1960.7	-1.0000	-1.0000	-0.00004	-0.00039	0.023	0.002000	80000.000000	80000.000000	0.0000	0.0000	0.0000	0.0000
1.8740	2423.32	1056.22	10.0	-1.0	-4489.9	-1962.3	-1.0000	-1.0000	-0.00004	-0.00039	0.023	0.002000	80000.000000	80000.000000	0.0000	0.0000	0.0000	0.0000
1.8760	2426.02	1058.43	10.0	-1.0	-4489.3	-1964.0	-1.0000	-1.0000	-0.00004	-0.00039	0.023	0.002000	80000.000000	80000.000000	0.0000	0.0000	0.0000	0.0000
1.8780	2428.71	1060.65	10.0	-1.0	-4488.7	-1965.6	-1.0000	-1.0000	-0.00004	-0.00039	0.023	0.002000	80000.000000	80000.000000	0.0000	0.0000	0.0000	0.0000
1.8800	2431.41	1062.87	10.0	-1.0	-4488.0	-1967.3	-1.0000	-1.0000	-0.00004	-0.00039	0.023	0.002000	80000.000000	80000.000000	0.0000	0.0000	0.0000	0.0000
1.8820	2434.09	1065.09	10.0	-1.0	-4487.4	-1968.9	-1.0000	-1.0000	-0.00004	-0.00039	0.023	0.002000	80000.000000	80000.000000	0.0000	0.0000	0.0000	0.0000
1.8840	2436.78	1067.30	10.0	-1.0	-4486.7	-1970.6	-1.0000	-1.0000	-0.00004	-0.00039	0.023	0.002000	80000.000000	80000.000000	0.0000	0.0000	0.0000	0.0000
1.8860	2439.46	1069.53	10.0	-1.0	-4486.1	-1972.2	-1.0000	-1.0000	-0.00004	-0.00039	0.023	0.002000	80000.000000	80000.000000	0.0000	0.0000	0.0000	0.0000
1.8880	2442.14	1071.75	10.0	-1.0	-4485.4	-1973.8	-1.0000	-1.0000	-0.00004	-0.00039	0.023	0.002000	80000.000000	80000.000000	0.0000	0.0000	0.0000	0.0000
1.8900	2444.81	1073.97	10.0	-1.0	-4484.8	-1975.5	-1.0000	-1.0000	-0.00004	-0.00039	0.023	0.002000	80000.000000	80000.000000	0.0000	0.0000	0.0000	0.0000
1.8920	2447.48	1076.19	10.0	-1.0	-4484.1	-1977.1	-1.0000	-1.0000	-0.00004	-0.00039	0.023	0.002000	80000.000000	80000.000000	0.0000	0.0000	0.0000	0.0000
1.8940	2450.15	1078.42	10.0	-1.0	-4483.5	-1978.8	-1.0000	-1.0000	-0.00004	-0.00039	0.023	0.002000	80000.000000	80000.000000	0.0000	0.0000	0.0000	0.0000
1.8960	2452.81	1080.64	10.0	-1.0	-4482.8	-1980.4	-1.0000	-1.0000	-0.00004	-0.00039	0.023	0.002000	80000.000000	80000.000000	0.0000	0.0000	0.0000	0.0000
1.8980	2455.47	1082.87	10.0	-1.0	-4482.2	-1982.1	-1.0000	-1.0000	-0.00004	-0.00039	0.023	0.002000	80000.000000	80000.000000	0.0000	0.0000	0.0000	0.0000
1.9000	2458.12	1085.09	10.0	-1.0	-4481.5	-1983.7	-1.0000	-1.0000	-0.00004	-0.00039	0.023	0.002000	80000.000000	80000.000000	0.0000	0.0000	0.0000	0.0000
1.9020	2460.77	1087.32	10.0	-1.0	-4480.9	-1985.3	-1.0000	-1.0000	-0.00004	-0.00039	0.023	0.002000	80000.000000	80000.000000	0.0000	0.0000	0.0000	0.0000
1.9040	2462.87	1089.55	9.0	-1.0	-4480.2	-1987.0	-1.0000	-1.0000	-0.00004	-0.00035	0.020	0.002000	80000.000000	80000.000000	0.0000	0.0000	0.0000	0.0000
1.9060	2466.06	1091.78	10.0	-1.0	-4479.6	-1988.6	-1.0000	-1.0000	-0.00004	-0.00039	0.023	0.002000	80000.000000	80000.000000	0.0000	0.0000	0.0000	0.0000
1.9080	2468.70	1094.01	10.0	-1.0	-4478.9	-1990.3	-1.0000	-1.0000	-0.00004	-0.00039	0.023	0.002000	80000.000000	80000.000000	0.0000	0.0000	0.0000	0.0000
1.9100	2471.34	1096.24	10.0	-1.0	-4478.3	-1991.9	-1.0000	-1.0000	-0.00004	-0.00039	0.023	0.002000	80000.000000	80000.000000	0.0000	0.0000	0.0000	0.0000
1.9120	2473.97	1098.47	10.0	-1.0	-4477.6	-1993.6	-1.0000	-1.0000	-0.00004	-0.00039	0.023	0.002000	80000.000000	80000.000000	0.0000	0.0000	0.0000	0.0000
1.9140	2476.60	1100.71	10.0	-1.0	-4477.0	-1995.2	-1.0000	-1.0000	-0.00004	-0.00039	0.023	0.002000	80000.000000	80000.000000	0.0000	0.0000	0.0000	0.0000
1.9160	2479.22	1102.94	10.0	-1.0	-4476.3	-1996.8	-1.0000	-1.0000	-0.00004	-0.00039	0.023	0.002000	80000.000000	80000.000000	0.0000	0.0000	0.0000	0.0000
1.9180	2481.84	1105.17	10.0	-1.0	-4475.7	-1998.5	-1.0000	-1.0000	-0.00004	-0.00039	0.023	0.002000	80000.000000	80000.000000	0.0000	0.0000	0.0000	0.0000
1.9200	2484.45	1107.41	10.0	-1.0	-4475.0	-2000.1	-1.0000	-1.0000	-0.00004	-0.00039	0.023	0.002000	80000.000000	80000.000000	0.0000	0.0000	0.0000	0.0000
1.9220	2487.07	1109.65	10.0	-1.0	-4474.3	-2001.8	-1.0000	-1.0000	-0.00004	-0.00039	0.023	0.002000	80000.000000	80000.000000	0.0000	0.0000	0.0000	0.0000
1.9240	2489.67	1111.88	10.0	-1.0	-4473.7	-2003.4	-1.0000	-1.0000	-0.00004	-0.00039	0.023	0.002000	80000.000000	80000.000000	0.0000	0.0000	0.0000	0.0000
1.9260	2492.28	1114.12	10.0	-1.0	-4473.0	-2005.0	-1.0000	-1.0000	-0.00004	-0.00039	0.023	0.002000	80000.000000	80000.000000	0.0000	0.0000	0.0000	0.0000
1.9280	2494.88	1116.36	10.0	-1.0	-4472.4	-2006.7	-1.0000	-1.0000	-0.00004	-0.00039	0.023	0.002000	80000.000000	80000.000000	0.0000	0.0000	0.0000	0.0000
1.9300	2497.48	1118.60	10.0	-1.0	-4471.7	-2008.3	-1.0000	-1.0000	-0.00004	-0.00039	0.023	0.002000	80000.000000	80000.000000	0.0000	0.0000	0.0000	0.0000
1.9320	2500.07	1120.84	10.0	-1.0	-4471.0	-2010.0	-1.0000	-1.0000	-0.00004	-0.00039	0.023	0.002000	80000.000000	80000.000000	0.0000	0.0000	0.0000	0.0000
1.9340	2502.66	1123.08	10.0	-1.0	-4470.4	-2011.6	-1.0000	-1.0000	-0.00004	-0.00039	0.023	0.002000	80000.000000	80000.000000	0.0000	0.0000	0.0000	0.0000
1.9360	2505.24	1125.32	10.0	-1.0	-4469.7	-2013.2	-1.0000	-1.0000	-0.00004	-0.00039	0.023	0.002000	80000.000000	80000.000000	0.0000	0.0000	0.0000	0.0000
1.9380	2507.82	1127.57	10.0	-1.0	-4469.1	-2014.9	-1.0000	-1.0000	-0.00004	-0.00039	0.023	0.002000	80000.000000	80000.000000	0.0000	0.0000	0.0000	0.0000
1.9400	2510.40	1129.81	10.0	-1.0	-4468.4	-2016.5	-1.0000	-1.0000	-0.00004	-0.00039	0.023	0.002000	80000.000000	80000.000000	0.0000	0.0000	0.0000	0.0000
1.9420	2512.97	1132.06	10.0	-1.0	-4467.7	-2018.2	-1.0000	-1.0000	-0.00004	-0.00039	0.023	0.002000	80000.000000	80000.000000	0.0000	0.0000	0.0000	0.0000
1.9440	2515.54	1134.30	10.0	-1.0	-4467.1	-2019.8	-1.0000	-1.0000	-0.00004	-0.00039	0.023	0.002000	80000.000000	80000.000000	0.0000	0.0000	0.0000	0.0000
1.9460	2518.11	1136.55	10.0	-1.0	-4466.4	-2021.4	-1.0000	-1.0000	-0.00004	-0.00039	0.023	0.002000	80000.000000	80000.000000	0.0000	0.0000	0.0000	0.0000
1.9480	2520.67	1138.80	10.0	-1.0	-4465.7	-2023.1	-1.0000	-1.0000	-0.00004	-0.00039	0.023	0.002000	80000.000000	80000.000000	0.0000	0.0000	0.0000	0.0000
1.9500	2523.22	1141.04	10.0	-1.0	-4465.1	-2024.7	-1.0000	-1.0000	-0.00004	-0.00039	0.023	0.002000	80000.000000	80000.000000	0.0000	0.0000	0.0000	0.0000
1.9520	2525.78	1143.29	10.0	-1.0	-4464.4	-2026.3	-1.0000	-1.0000	-0.00004	-0.00039	0.023	0.002000	80000.000000	80000.000000	0.0000	0.0000	0.0000	0.0000
1.9540	2528.33	1145.54	10.0	-1.0	-4463.7	-2028.0	-1.0000	-1.0000	-0.00004	-0.00039	0.023	0.002000	80000.000000	80000.000000	0.0000	0.0000	0.0000	0.0000
1.9560	2530.87	1147.79	10.0	-1.0	-4463.1	-2029.6	-1.0000	-1.0000	-0.00004	-0.00039	0.023	0.002000	80000.000000	80000.000000	0.0000	0.0000	0.0000	0.0000
1.9580	2533.41	1150.04	10.0	-1.0	-4462.4	-2031.2	-1.0000	-1.0000	-0.00004	-0.00039	0.023	0.002000	80000.000000	80000.000000	0.0000	0.0000	0.0000	0.0000
1.9600	2535.95	1152.29	10.0	-1.0	-4461.7	-2032.9	-1.0000	-1.0000	-0.00004	-0.00039	0.023	0.002000	80000.000000	80000.000000	0.0000	0.0000	0.0000	0.0000
1.9620	2538.48	1154.55	10.0	-1.0	-4461.1	-2034.5	-1.0000	-1.0000	-0.00004	-0.00039	0.023	0.002000	80000.000000	80000.000000	0.0000	0.0000	0.0000	0.0000
1.9640	2541.01	1156.80	10.0	-1.0	-4460.4	-2036.1	-1.0000	-1.0000	-0.00004	-0.00039	0.023	0.002000	80000.000000	80000.000000	0.0000	0.0000	0.0000	0.0000
1.9660	2543.54	1159.05	10.0	-1.0	-4459.7	-2037.8	-1.0000	-1.0000	-0.00004	-0.00039	0.023	0.002000	80000.000000	80000.000000	0.0000	0.0000	0.0000	0.0000
1.9680	2546.06	1161.31	10.0	-1.0	-4459.0	-2039.4	-1.0000	-1.0000	-0.00004	-0.00039	0.023	0.002000	80000.000000	80000.000000	0.0000	0.0000	0.0000	0.0000
1.9700	2548.58	1163.56	10.0	-1.0	-4458.4	-2041.1	-1.0000	-1.0000	-0.00004	-0.00039	0.023	0.002000	80000.000000	80000.000000	0.0000	0.0000	0.0000	0.0000
1.9720	2551.09	1165.82	10.0	-1.0	-4457.7	-2042.7	-1.0000	-1.0000	-0.00004	-0.00039	0.023	0.002000	80000.000000	80000.000000	0.0000	0.0000	0.0000	0.0000
1.9740	2553.60	1168.08	10.0	-1.0	-4457.0	-2044.3	-1.0000	-1.0000	-0.00004	-0.00039	0.023	0.002000	80000.000000	80000.000000	0.0000	0.0000	0.0000	0.0000
1.9760	2556.11	1170.34	10.0	-1.0	-4456.3	-2046.0	-1.0000	-1.0000	-0.00004	-0.00039	0.023	0.002000	80000.000000	80000.000000	0.0000	0.0000	0.0000	0.0000
1.9780	2558.61	1172.59	10.0	-1.0	-4455.7	-2047.6	-1.0000	-1.0000	-0.00004	-0.00039	0.023	0.002000	80000.000000	80000.000000	0.0000	0.0000	0.0000	0.0000
1.9800	2561.11	1174.85	10.0	-1.0	-4455.0	-2049.2	-1.0000	-1.0000	-0.00004	-0.00039	0.023	0.002000	80000.000000	80000.000000	0.0000	0.0000	0.0000	0.0000
1.9820	2563.60	1177.11	10.0	-1.0	-4454.3	-2050.9	-1.0000	-1.0000	-0.00004	-0.00039	0.023	0.002000	80000.000000	80000.000000	0.0000	0.0000	0.0000	0.0000
1.9840	2566.09	1179.37	10.0	-1.0	-4453.6	-2052.5	-1.0000	-1.0000	-0.00004	-0.00039	0.023	0.002000	80000.000000	80000.000000	0.0000	0.0000	0.0000	0.0000
1.9860	2568.57	1181.63	10.0	-1.0	-4453.0	-2054.1	-1.0000	-1.0000	-0.00004	-0.00039	0.023	0.002000	80000.000000	80000.000000	0.0000	0.0000	0.0000	0.0000
1.9880	2571.06	1183.90	10.0	-1.0	-4452.3	-2055.7	-1.0000	-1.0000	-0.00004	-0.00039	0.023	0.002000	80000.000000	80000.000000	0.0000	0.0000	0.0000	0.0000
1.9900	2573.53	1186.16	10.0	-1.0	-4451.6	-2057.4	-1.0000	-1.0000	-0.00004	-0.00039	0.023	0.002000	80000.000000	80000.000000	0.0000	0.0000	0.0000	0.0000
1.9920	2576.01	1188.42	10.0	-1.0	-4450.9	-2059.0	-1.0000	-1.0000	-0.00004	-0.00039	0.023	0.002000	80000.000000	80000.000000	0.0000	0.0000	0.0000	0.0000
1.9940	2578.48	1190.69	10.0	-1.0	-4450.2	-2060.6	-1.0000	-1.0000	-0.00004	-0.00039	0.023	0.002000	80000.000000	80000.000000	0.0000	0.0000	0.0000	0.0000
1.9960	2580.94	1192.95	10.0	-1.0	-4449.6	-2062.3	-1.0000	-1.0000	-0.00004	-0.00039	0.023	0.002000	80000.000000	80000.000000	0.0000	0.0000	0.0000	0.0000
1.9980	2583.40	1195.22	10.0	-1.0	-4448.9	-2063.9	-1.0000	-1.0000	-0.00004	-0.00039	0.023	0.002000	80000.000000	80000.000000	0.0000	0.0000	0.0000	0.0000
2.0000	2585.86	1197.48	10.0	-1.0	-4448.2	-2065.5	-1.0000	-1.0000	-0.00004	-0.00039	0.023	0.002000	80000.000000	80000.000000	0.0000	0.0000	0.0000	0.0000
2.0020	2588.32	1199.75	10.0	-1.0	-4447.5	-2067.2	-1.0000	-1.0000	-0.00004	-0.00039	0.023	0.002000	80000.000000	80000.000000	0.0000	0.0000	0.0000	0.0000
2.0040	2590.77	1202.01	10.0	-1.0	-4446.8	-2068.8	-1.0000	-1.0000	-0.00004	-0.00039	0.023	0.002000	80000.000000	80000.000000	0.0000	0.0000	0.0000	0.0000
2.0060	2593.21	1204.28	10.0	-1.0	-4446.1	-2070.4	-1.0000	-1.0000	-0.00004	-0.00039	0.023	0.002000	80000.000000	80000.000000	0.0000	0.0000	0.0000	0.0000
2.0080	2595.65	1206.55	10.0	-1.0	-4445.4	-2072.0	-1.0000	-1.0000	-0.00004	-0.00039	0.023	0.002000	80000.000000	80000.000000	0.0000	0.0000	0.0000	0.0000
2.0100	2598.09	1208.82	10.0	-1.0	-4444.8	-2073.7	-1.0000	-1.0000	-0.00004	-0.00039	0.023	0.002000	80000.000000	80000.000000	0.0000	0.0000	0.0000	0.0000
2.0120	2600.52	1211.09	10.0	-1.0	-4444.1	-2075.3	-1.0000	-1.0000	-0.00004	-0.00039	0.023	0.002000	80000.000000	80000.000000	0.0000	0.0000	0.0000	0.0000
2.0140	2602.95	1213.36	10.0	-1.0	-4443.4	-2076.9	-1.0000	-1.0000	-0.00004	-0.00039	0.023	0.002000	80000.000000	80000.000000	0.0000	0.0000	0.0000	0.0000
2.0160	2605.38	1215.63	10.0	-1.0	-4442.7	-2078.6	-1.0000	-1.0000	-0.00004	-0.00039	0.023	0.002000	80000.000000	80000.000000	0.0000	0.0000	0.0000	0.0000
2.0180	2607.80	1217.90	10.0	-1.0	-4442.0	-2080.2	-1.0000	-1.0000	-0.00004	-0.00039	0.023	0.002000	80000.000000	80000.000000	0.0000	0.0000	0.0000	0.0000
2.0200	2610.22	1220.17	10.0	-1.0	-4441.3	-2081.8	-1.0000	-1.0000	-0.00004	-0.00039	0.023	0.002000	80000.000000	80000.000000	0.0000	0.0000	0.0000	0.0000
2.0220	2612.63	1222.45	10.0	-1.0	-4440.6	-2083.4	-1.0000	-1.0000	-0.00004	-0.00039	0.023	0.002000	80000.000000	80000.000000	0.0000	0.0000	0.0000	0.0000
2.0240	2615.04	1224.72	10.0	-1.0	-4439.9	-2085.1	-1.0000	-1.0000	-0.00004	-0.00039	0.023	0.002000	80000.000000	80000.000000	0.0000	0.0000	0.0000	0.0000
2.0260	2617.44	1226.99	10.0	-1.0	-4439.2	-2086.7	-1.0000	-1.0000	-0.00004	-0.00039	0.023	0.002000	80000.000000	80000.000000	0.0000	0.0000	0.0000	0.0000
2.0280	2619.84	1229.27	10.0	-1.0	-4438.6	-2088.3	-1.0000	-1.0000	-0.00004	-0.00039	0.023	0.002000	80000.000000	80000.000000	0.0000	0.0000	0.0000	0.0000
2.0300	2622.24	1231.54	10.0	-1.0	-4437.9	-2090.0	-1.0000	-1.0000	-0.00004	-0.00039	0.023	0.002000	80000.000000	80000.000000	0.0000	0.0000	0.0000	0.0000
2.0320	2624.63	1233.82	10.0	-1.0	-4437.2	-2091.6	-1.0000	-1.0000	-0.00004	-0.00039	0.023	0.002000	80000.000000	80000.000000	0.0000	0.0000	0.0000	0.0000
2.0340	2627.02	1236.10	10.0	-1.0	-4436.5	-2093.2	-1.0000	-1.0000	-0.00004	-0.00039	0.023	0.002000	80000.000000	80000.000000	0.0000	0.0000	0.0000	0.0000
2.0360	2629.41	1238.37	10.0	-1.0	-4435.8	-2094.8	-1.0000	-1.0000	-0.00004	-0.00039	0.023	0.002000	80000.000000	80000.000000	0.0000	0.0000	0.0000	0.0000
2.0380	2631.79	1240.65	10.0	-1.0	-4435.1	-2096.5	-1.0000	-1.0000	-0.00004	-0.00039	0.023	0.002000	80000.000000	80000.000000	0.0000	0.0000	0.0000	0.0000
2.0400	2634.17	1242.93	10.0	-1.0	-4434.4	-2098.1	-1.0000	-1.0000	-0.00004	-0.00039	0.023	0.002000	80000.000000	80000.000000	0.0000	0.0000	0.0000	0.0000
2.0420	2636.54	1245.21	10.0	-1.0	-4433.7	-2099.7	-1.0000	-1.0000	-0.00004	-0.00039	0.023	0.002000	80000.000000	80000.000000	0.0000	0.0000	0.0000	0.0000
2.0440	2638.91	1247.48	10.0	-1.0	-4433.0	-2101.3	-1.0000	-1.0000	-0.00004	-0.00039	0.023	0.002000	80000.000000	80000.000000	0.0000	0.0000	0.0000	0.0000
2.0460	2641.27	1249.76	10.0	-1.0	-4432.3	-2103.0	-1.0000	-1.0000	-0.00004	-0.00039	0.023	0.002000	80000.000000	80000.000000	0.0000	0.0000	0.0000	0.0000
2.0480	2643.63	1252.04	10.0	-1.0	-4431.6	-2104.6	-1.0000	-1.0000	-0.00004	-0.00039	0.023	0.002000	80000.000000	80000.000000	0.0000	0.0000	0.0000	0.0000
2.0500	2645.99	1254.32	10.0	-1.0	-4430.9	-2106.2	-1.0000	-1.0000	-0.00004	-0.00039	0.023	0.002000	80000.000000	80000.000000	0.0000	0.0000	0.0000	0.0000
2.0520	2648.34	1256.61	10.0	-1.0	-4430.2	-2107.8	-1.0000	-1.0000	-0.00004	-0.00039	0.023	0.002000	80000.000000	80000.000000	0.0000	0.0000	0.0000	0.0000
2.0540	2650.69	1258.89	10.0	-1.0	-4429.5	-2109.4	-1.0000	-1.0000	-0.00004	-0.00039	0.023	0.002000	80000.000000	80000.000000	0.0000	0.0000	0.0000	0.0000
2.0560	2653.03	1261.17	10.0	-1.0	-4428.8	-2111.1	-1.0000	-1.0000	-0.00004	-0.00039	0.023	0.002000	80000.000000	80000.000000	0.0000	0.0000	0.0000	0.0000
2.0580	2655.37	1263.45	10.0	-1.0	-4428.1	-2112.7	-1.0000	-1.0000	-0.00004	-0.00039	0.023	0.002000	80000.000000	80000.000000	0.0000	0.0000	0.0000	0.0000
2.0600	2657.71	1265.74	10.0	-1.0	-4427.4	-2114.3	-1.0000	-1.0000	-0.00004	-0.00039	0.023	0.002000	80000.000000	80000.000000	0.0000	0.0000	0.0000	0.0000
2.0620	2660.04	1268.02	10.0	-1.0	-4426.7	-2115.9	-1.0000	-1.0000	-0.00004	-0.00039	0.023	0.002000	80000.000000	80000.000000	0.0000	0.0000	0.0000	0.0000
2.0640	2662.37	1270.30	10.0	-1.0	-4426.0	-2117.6	-1.0000	-1.0000	-0.00004	-0.00039	0.023	0.002000	80000.000000	80000.000000	0.0000	0.0000	0.0000	0.0000
2.0660	2664.69	1272.59	10.0	-1.0	-4425.3	-2119.2	-1.0000	-1.0000	-0.00004	-0.00039	0.023	0.002000	80000.000000	80000.000000	0.0000	0.0000	0.0000	0.0000
2.0680	2667.01	1274.87	10.0	-1.0	-4424.6	-2120.8	-1.0000	-1.0000	-0.00004	-0.00039	0.023	0.002000	80000.000000	80000.000000	0.0000	0.0000	0.0000	0.0000
2.0700	2669.32	1277.16	10.0	-1.0	-4423.9	-2122.4	-1.0000	-1.0000	-0.00004	-0.00039	0.023	0.002000	80000.000000	80000.000000	0.0000	0.0000	0.0000	0.0000
2.0720	2671.64	1279.44	10.0	-1.0	-4423.2	-2124.0	-1.0000	-1.0000	-0.00004	-0.00039	0.023	0.002000	80000.000000	80000.000000	0.0000	0.0000	0.0000	0.0000
2.0740	2673.94	1281.73	10.0	-1.0	-4422.5	-2125.7	-1.0000	-1.0000	-0.00004	-0.00039	0.023	0.002000	80000.000000	80000.000000	0.0000	0.0000	0.0000	0.0000
2.0760	2676.25	1284.02	10.0	-1.0	-4421.8	-2127.3	-1.0000	-1.0000	-0.00004	-0.00039	0.023	0.002000	80000.000000	80000.000000	0.0000	0.0000	0.0000	0.0000
2.0780	2678.54	1286.31	10.0	-1.0	-4421.0	-2128.9	-1.0000	-1.0000	-0.00004	-0.00039	0.023	0.002000	80000.000000	80000.000000	0.0000	0.0000	0.0000	0.0000
2.0800	2680.84	1288.59	10.0	-1.0	-4420.3	-2130.5	-1.0000	-1.0000	-0.00004	-0.00039	0.023	0.002000	80000.000000	80000.000000	0.0000	0.0000	0.0000	0.0000
2.0820	2683.13	1290.88	10.0	-1.0	-4419.6	-2132.1	-1.0000	-1.0000	-0.00004	-0.00039	0.023	0.002000	80000.000000	80000.000000	0.0000	0.0000	0.0000	0.0000
2.0840	2685.42	1293.17	10.0	-1.0	-4418.9	-2133.8	-1.0000	-1.0000	-0.00004	-0.00039	0.023	0.002000	80000.000000	80000.000000	0.0000	0.0000	0.0000	0.0000
2.0860	2687.70	1295.46	10.0	-1.0	-4418.2	-2135.4	-1.0000	-1.0000	-0.00004	-0.00039	0.023	0.002000	80000.000000	80000.000000	0.0000	0.0000	0.0000	0.0000
2.0880	2689.98	1297.75	10.0	-1.0	-4417.5	-2137.0	-1.0000	-1.0000	-0.00004	-0.00039	0.023	0.002000	80000.000000	80000.000000	0.0000	0.0000	0.0000	0.0000
2.0900	2692.25	1300.04	10.0	-1.0	-4416.8	-2138.6	-1.0000	-1.0000	-0.00004	-0.00039	0.023	0.002000	80000.000000	80000.000000	0.0000	0.0000	0.0000	0.0000
2.0920	2694.52	1302.33	10.0	-1.0	-4416.1	-2140.2	-1.0000	-1.0000	-0.00004	-0.00039	0.023	0.002000	80000.000000	80000.000000	0.0000	0.0000	0.0000	0.0000
2.0940	2696.79	1304.62	10.0	-1.0	-4415.4	-2141.8	-1.0000	-1.0000	-0.00004	-0.00039	0.023	0.002000	80000.000000	80000.000000	0.0000	0.0000	0.0000	0.0000
2.0960	2699.05	1306.91	10.0	-1.0	-4414.6	-2143.5	-1.0000	-1.0000	-0.00004	-0.00039	0.023	0.002000	80000.000000	80000.000000	0.0000	0.0000	0.0000	0.0000
2.0980	2701.31	1309.20	10.0	-1.0	-4413.9	-2145.1	-1.0000	-1.0000	-0.00004	-0.00039	0.023	0.002000	80000.000000	80000.000000	0.0000	0.0000	0.0000	0.0000
2.1000	2703.56	1311.50	10.0	-1.0	-4413.2	-2146.7	-1.0000	-1.0000	-0.00004	-0.00039	0.023	0.002000	80000.000000	80000.000000	0.0000	0.0000	0.0000	0.0000
2.1020	2705.81	1313.79	10.0	-1.0	-4412.5	-2148.3	-1.0000	-1.0000	-0.00004	-0.00039	0.023	0.002000	80000.000000	80000.000000	0.0000	0.0000	0.0000	0.0000
2.1040	2708.05	1316.08	10.0	-1.0	-4411.8	-2149.9	-1.0000	-1.0000	-0.00004	-0.00039	0.023	0.002000	80000.000000	80000.000000	0.0000	0.0000	0.0000	0.0000
2.1060	2710.29	1318.38	10.0	-1.0	-4411.1	-2151.5	-1.0000	-1.0000	-0.00004	-0.00039	0.023	0.002000	80000.000000	80000.000000	0.0000	0.0000	0.0000	0.0000
2.1080	2712.53	1320.67	10.0	-1.0	-4410.3	-2153.2	-1.0000	-1.0000	-0.00004	-0.00039	0.023	0.002000	80000.000000	80000.000000	0.0000	0.0000	0.0000	0.0000
2.1100	2714.76	1322.96	10.0	-1.0	-4409.6	-2154.8	-1.0000	-1.0000	-0.00004	-0.00039	0.023	0.002000	80000.000000	80000.000000	0.0000	0.0000	0.0000	0.0000
2.1120	2716.99	1325.26	10.0	-1.0	-4408.9	-2156.4	-1.0000	-1.0000	-0.00004	-0.00039	0.023	0.002000	80000.000000	80000.000000	0.0000	0.0000	0.0000	0.0000
2.1140	2719.22	1327.55	10.0	-1.0	-4408.2	-2158.0	-1.0000	-1.0000	-0.00004	-0.00039	0.023	0.002000	80000.000000	80000.000000	0.0000	0.0000	0.0000	0.0000
2.1160	2721.44	1329.85	10.0	-1.0	-4407.5	-2159.6	-1.0000	-1.0000	-0.00004	-0.00039	0.023	0.002000	80000.000000	80000.000000	0.0000	0.0000	0.0000	0.0000
2.1180	2723.65	1332.14	10.0	-1.0	-4406.7	-2161.2	-1.0000	-1.0000	-0.00004	-0.00039	0.023	0.002000	80000.000000	80000.000000	0.0000	0.0000	0.0000	0.0000
2.1200	2725.87	1334.44	10.0	-1.0	-4406.0	-2162.9	-1.0000	-1.0000	-0.00004	-0.00039	0.023	0.002000	80000.000000	80000.000000	0.0000	0.0000	0.0000	0.0000
2.1220	2728.07	1336.74	10.0	-1.0	-4405.3	-2164.5	-1.0000	-1.0000	-0.00004	-0.00039	0.023	0.002000	80000.000000	80000.000000	0.0000	0.0000	0.0000	0.0000
2.1240	2730.28	1339.03	10.0	-1.0	-4404.6	-2166.1	-1.0000	-1.0000	-0.00004	-0.00039	0.023	0.002000	80000.000000	80000.000000	0.0000	0.0000	0.0000	0.0000
2.1260	2732.48	1341.33	10.0	-1.0	-4403.8	-2167.7	-1.0000	-1.0000	-0.00004	-0.00039	0.023	0.002000	80000.000000	80000.000000	0.0000	0.0000	0.0000	0.0000
2.1280	2734.67	1343.63	10.0	-1.0	-4403.1	-2169.3	-1.0000	-1.0000	-0.00004	-0.00039	0.023	0.002000	80000.000000	80000.000000	0.0000	0.0000	0.0000	0.0000
2.1300	2736.86	1345.93	10.0	-1.0	-4402.4	-2170.9	-1.0000	-1.0000	-0.00004	-0.00039	0.023	0.002000	80000.000000	80000.000000	0.0000	0.0000	0.0000	0.0000
2.1320	2739.05	1348.22	10.0	-1.0	-4401.7	-2172.5	-1.0000	-1.0000	-0.00004	-0.00039	0.023	0.002000	80000.000000	80000.000000	0.0000	0.0000	0.0000	0.0000
2.1340	2741.23	1350.52	10.0	-1.0	-4400.9	-2174.1	-1.0000	-1.0000	-0.00004	-0.00039	0.023	0.002000	80000.000000	80000.000000	0.0000	0.0000	0.0000	0.0000
2.1360	2743.41	1352.82	10.0	-1.0	-4400.2	-2175.8	-1.0000	-1.0000	-0.00004	-0.00039	0.023	0.002000	80000.000000	80000.000000	0.0000	0.0000	0.0000	0.0000
2.1380	2745.59	1355.12	10.0	-1.0	-4399.5	-2177.4	-1.0000	-1.0000	-0.00004	-0.00039	0.023	0.002000	80000.000000	80000.000000	0.0000	0.0000	0.0000	0.0000
2.1400	2747.76	1357.42	10.0	-1.0	-4398.8	-2179.0	-1.0000	-1.0000	-0.00004	-0.00039	0.023	0.002000	80000.000000	80000.000000	0.0000	0.0000	0.0000	0.0000
2.1420	2749.30	1359.72	9.0	-1.0	-4398.0	-2180.6	-1.0000	-1.0000	-0.00004	-0.00035	0.020	0.002000	80000.000000	80000.000000	0.0000	0.0000	0.0000	0.0000
2.1440	2752.09	1362.02	10.0	-1.0	-4397.3	-2182.2	-1.0000	-1.0000	-0.00004	-0.00039	0.023	0.002000	80000.000000	80000.000000	0.0000	0.0000	0.0000	0.0000
2.1460	2754.24	1364.32	10.0	-1.0	-4396.6	-2183.8	-1.0000	-1.0000	-0.00004	-0.00039	0.023	0.002000	80000.000000	80000.000000	0.0000	0.0000	0.0000	0.0000
2.1480	2756.40	1366.62	10.0	-1.0	-4395.8	-2185.4	-1.0000	-1.0000	-0.00004	-0.00039	0.023	0.002000	80000.000000	80000.000000	0.0000	0.0000	0.0000	0.0000
2.1500	2758.55	1368.92	10.0	-1.0	-4395.1	-2187.0	-1.0000	-1.0000	-0.00004	-0.00039	0.023	0.002000	80000.000000	80000.000000	0.0000	0.0000	0.0000	0.0000
2.1520	2760.69	1371.22	10.0	-1.0	-4394.4	-2188.6	-1.0000	-1.0000	-0.00004	-0.00039	0.023	0.002000	80000.000000	80000.000000	0.0000	0.0000	0.0000	0.0000
2.1540	2762.84	1373.53	10.0	-1.0	-4393.6	-2190.2	-1.0000	-1.0000	-0.00004	-0.00039	0.023	0.002000	80000.000000	80000.000000	0.0000	0.0000	0.0000	0.0000
2.1560	2764.97	1375.83	10.0	-1.0	-4392.9	-2191.9	-1.0000	-1.0000	-0.00004	-0.00039	0.023	0.002000	80000.000000	80000.000000	0.0000	0.0000	0.0000	0.0000
2.1580	2767.11	1378.13	10.0	-1.0	-4392.2	-2193.5	-1.0000	-1.0000	-0.00004	-0.00039	0.023	0.002000	80000.000000	80000.000000	0.0000	0.0000	0.0000	0.0000
2.1600	2769.23	1380.43	10.0	-1.0	-4391.4	-2195.1	-1.0000	-1.0000	-0.00004	-0.00039	0.023	0.002000	80000.000000	80000.000000	0.0000	0.0000	0.0000	0.0000
2.1620	2771.36	1382.73	10.0	-1.0	-4390.7	-2196.7	-1.0000	-1.0000	-0.00004	-0.00039	0.023	0.002000	80000.000000	80000.000000	0.0000	0.0000	0.0000	0.0000
2.1640	2773.48	1385.04	10.0	-1.0	-4390.0	-2198.3	-1.0000	-1.0000	-0.00004	-0.00039	0.023	0.002000	80000.000000	80000.000000	0.0000	0.0000	0.0000	0.0000
2.1660	2775.60	1387.34	10.0	-1.0	-4389.2	-2199.9	-1.0000	-1.0000	-0.00004	-0.00039	0.023	0.002000	80000.000000	80000.000000	0.0000	0.0000	0.0000	0.0000
2.1680	2777.71	1389.64	10.0	-1.0	-4388.5	-2201.5	-1.0000	-1.0000	-0.00004	-0.00039	0.023	0.002000	80000.000000	80000.000000	0.0000	0.0000	0.0000	0.0000
2.1700	2779.82	1391.95	10.0	-1.0	-4387.8	-2203.1	-1.0000	-1.0000	-0.00004	-0.00039	0.023	0.002000	80000.000000	80000.000000	0.0000	0.0000	0.0000	0.0000
2.1720	2781.92	1394.25	10.0	-1.0	-4387.0	-2204.7	-1.0000	-1.0000	-0.00004	-0.00039	0.023	0.002000	80000.000000	80000.000000	0.0000	0.0000	0.0000	0.0000
2.1740	2784.02	1396.56	10.0	-1.0	-4386.3	-2206.3	-1.0000	-1.0000	-0.00004	-0.00039	0.023	0.002000	80000.000000	80000.000000	0.0000	0.0000	0.0000	0.0000
2.1760	2786.12	1398.86	10.0	-1.0	-4385.5	-2207.9	-1.0000	-1.0000	-0.00004	-0.00039	0.023	0.002000	80000.000000	80000.000000	0.0000	0.0000	0.0000	0.0000
2.1780	2788.21	1401.17	10.0	-1.0	-4384.8	-2209.5	-1.0000	-1.0000	-0.00004	-0.00039	0.023	0.002000	80000.000000	80000.000000	0.0000	0.0000	0.0000	0.0000
2.1800	2790.29	1403.47	10.0	-1.0	-4384.1	-2211.1	-1.0000	-1.0000	-0.00004	-0.00039	0.023	0.002000	80000.000000	80000.000000	0.0000	0.0000	0.0000	0.0000
2.1820	2792.38	1405.78	10.0	-1.0	-4383.3	-2212.7	-1.0000	-1.0000	-0.00004	-0.00039	0.023	0.002000	80000.000000	80000.000000	0.0000	0.0000	0.0000	0.0000
2.1840	2794.46	1408.08	10.0	-1.0	-4382.6	-2214.3	-1.0000	-1.0000	-0.00004	-0.00039	0.023	0.002000	80000.000000	80000.000000	0.0000	0.0000	0.0000	0.0000
2.1860	2796.53	1410.39	10.0	-1.0	-4381.8	-2216.0	-1.0000	-1.0000	-0.00004	-0.00039	0.023	0.002000	80000.000000	80000.000000	0.0000	0.0000	0.0000	0.0000
2.1880	2798.60	1412.69	10.0	-1.0	-4381.1	-2217.6	-1.0000	-1.0000	-0.00004	-0.00039	0.023	0.002000	80000.000000	80000.000000	0.0000	0.0000	0.0000	0.0000
2.1900	2800.67	1415.00	10.0	-1.0	-4380.3	-2219.2	-1.0000	-1.0000	-0.00004	-0.00039	0.023	0.002000	80000.000000	80000.000000	0.0000	0.0000	0.0000	0.0000
2.1920	2802.73	1417.30	10.0	-1.0	-4379.6	-2220.8	-1.0000	-1.0000	-0.00004	-0.00039	0.023	0.002000	80000.000000	80000.000000	0.0000	0.0000	0.0000	0.0000
2.1940	2804.79	1419.61	10.0	-1.0	-4378.9	-2222.4	-1.0000	-1.0000	-0.00004	-0.00039	0.023	0.002000	80000.000000	80000.000000	0.0000	0.0000	0.0000	0.0000
2.1960	2806.84	1421.92	10.0	-1.0	-4378.1	-2224.0	-1.0000	-1.0000	-0.00004	-0.00039	0.023	0.002000	80000.000000	80000.000000	0.0000	0.0000	0.0000	0.0000
2.1980	2808.89	1424.22	10.0	-1.0	-4377.4	-2225.6	-1.0000	-1.0000	-0.00004	-0.00039	0.023	0.002000	80000.000000	80000.000000	0.0000	0.0000	0.0000	0.0000
2.2000	2810.94	1426.53	10.0	-1.0	-4376.6	-2227.2	-1.0000	-1.0000	-0.00004	-0.00039	0.023	0.002000	80000.000000	80000.000000	0.0000	0.0000	0.0000	0.0000
2.2020	2812.98	1428.84	10.0	-1.0	-4375.9	-2228.8	-1.0000	-1.0000	-0.00004	-0.00039	0.023	0.002000	80000.000000	80000.000000	0.0000	0.0000	0.0000	0.0000
2.2040	2815.02	1431.15	10.0	-1.0	-4375.1	-2230.4	-1.0000	-1.0000	-0.00004	-0.00039	0.023	0.002000	80000.000000	80000.000000	0.0000	0.0000	0.0000	0.0000
2.2060	2817.05	1433.45	10.0	-1.0	-4374.4	-2232.0	-1.0000	-1.0000	-0.00004	-0.00039	0.023	0.002000	80000.000000	80000.000000	0.0000	0.0000	0.0000	0.0000
2.2080	2819.08	1435.76	10.0	-1.0	-4373.6	-2233.6	-1.0000	-1.0000	-0.00004	-0.00039	0.023	0.002000	80000.000000	80000.000000	0.0000	0.0000	0.0000	0.0000
2.2100	2821.10	1438.07	10.0	-1.0	-4372.9	-2235.2	-1.0000	-1.0000	-0.00004	-0.00039	0.023	0.002000	80000.000000	80000.000000	0.0000	0.0000	0.0000	0.0000
2.2120	2823.12	1440.38	10.0	-1.0	-4372.1	-2236.8	-1.0000	-1.0000	-0.00004	-0.00039	0.023	0.002000	80000.000000	80000.000000	0.0000	0.0000	0.0000	0.0000
2.2140	2825.14	1442.68	10.0	-1.0	-4371.4	-2238.4	-1.0000	-1.0000	-0.00004	-0.00039	0.023	0.002000	80000.000000	80000.000000	0.0000	0.0000	0.0000	0.0000
2.2160	2827.15	1444.99	10.0	-1.0	-4370.6	-2240.0	-1.0000	-1.0000	-0.00004	-0.00039	0.023	0.002000	80000.000000	80000.000000	0.0000	0.0000	0.0000	0.0000
2.2180	2829.16	1447.30	10.0	-1.0	-4369.9	-2241.6	-1.0000	-1.0000	-0.00004	-0.00039	0.023	0.002000	80000.000000	80000.000000	0.0000	0.0000	0.0000	0.0000
2.2200	2831.16	1449.61	10.0	-1.0	-4369.1	-2243.2	-1.0000	-1.0000	-0.00004	-0.00039	0.023	0.002000	80000.000000	80000.000000	0.0000	0.0000	0.0000	0.0000
2.2220	2833.16	1451.92	10.0	-1.0	-4368.3	-2244.8	-1.0000	-1.0000	-0.00004	-0.00039	0.023	0.002000	80000.000000	80000.000000	0.0000	0.0000	0.0000	0.0000
2.2240	2835.16	1454.23	10.0	-1.0	-4367.6	-2246.4	-1.0000	-1.0000	-0.00004	-0.00039	0.023	0.002000	80000.000000	80000.000000	0.0000	0.0000	0.0000	0.0000
2.2260	2837.15	1456.54	10.0	-1.0	-4366.8	-2248.0	-1.0000	-1.0000	-0.00004	-0.00039	0.023	0.002000	80000.000000	80000.000000	0.0000	0.0000	0.0000	0.0000
2.2280	2839.13	1458.85	10.0	-1.0	-4366.1	-2249.6	-1.0000	-1.0000	-0.00004	-0.00039	0.023	0.002000	80000.000000	80000.000000	0.0000	0.0000	0.0000	0.0000
2.2300	2841.12	1461.16	10.0	-1.0	-4365.3	-2251.2	-1.0000	-1.0000	-0.00004	-0.00039	0.023	0.002000	80000.000000	80000.000000	0.0000	0.0000	0.0000	0.0000
2.2320	2843.10	1463.46	10.0	-1.0	-4364.6	-2252.8	-1.0000	-1.0000	-0.00004	-0.00039	0.023	0.002000	80000.000000	80000.000000	0.0000	0.0000	0.0000	0.0000
2.2340	2845.07	1465.77	10.0	-1.0	-4363.8	-2254.4	-1.0000	-1.0000	-0.00004	-0.00039	0.023	0.002000	80000.000000	80000.000000	0.0000	0.0000	0.0000	0.0000
2.2360	2847.04	1468.08	10.0	-1.0	-4363.0	-2256.0	-1.0000	-1.0000	-0.00004	-0.00039	0.023	0.002000	80000.000000	80000.000000	0.0000	0.0000	0.0000	0.0000
2.2380	2849.01	1470.39	10.0	-1.0	-4362.3	-2257.6	-1.0000	-1.0000	-0.00004	-0.00039	0.023	0.002000	80000.000000	80000.000000	0.0000	0.0000	0.0000	0.0000
2.2400	2850.97	1472.70	10.0	-1.0	-4361.5	-2259.2	-1.0000	-1.0000	-0.00004	-0.00039	0.023	0.002000	80000.000000	80000.000000	0.0000	0.0000	0.0000	0.0000
2.2420	2852.93	1475.01	10.0	-1.0	-4360.8	-2260.8	-1.0000	-1.0000	-0.00004	-0.00039	0.023	0.002000	80000.000000	80000.000000	0.0000	0.0000	0.0000	0.0000
2.2440	2854.88	1477.32	10.0	-1.0	-4360.0	-2262.4	-1.0000	-1.0000	-0.00004	-0.00039	0.023	0.002000	80000.000000	80000.000000	0.0000	0.0000	0.0000	0.0000
2.2460	2856.83	1479.63	10.0	-1.0	-4359.2	-2264.0	-1.0000	-1.0000	-0.00004	-0.00039	0.023	0.002000	80000.000000	80000.000000	0.0000	0.0000	0.0000	0.0000
2.2480	2858.77	1481.94	10.0	-1.0	-4358.5	-2265.6	-1.0000	-1.0000	-0.00004	-0.00039	0.023	0.002000	80000.000000	80000.000000	0.0000	0.0000	0.0000	0.0000
2.2500	2860.72	1484.25	10.0	-1.0	-4357.7	-2267.1	-1.0000	-1.0000	-0.00004	-0.00039	0.023	0.002000	80000.000000	80000.000000	0.0000	0.0000	0.0000	0.0000
2.2520	2862.65	1486.56	10.0	-1.0	-4357.0	-2268.7	-1.0000	-1.0000	-0.00004	-0.00039	0.023	0.002000	80000.000000	80000.000000	0.0000	0.0000	0.0000	0.0000
2.2540	2864.58	1488.87	10.0	-1.0	-4356.2	-2270.3	-1.0000	-1.0000	-0.00004	-0.00039	0.023	0.002000	80000.000000	80000.000000	0.0000	0.0000	0.0000	0.0000
2.2560	2866.51	1491.19	10.0	-1.0	-4355.4	-2271.9	-1.0000	-1.0000	-0.00004	-0.00039	0.023	0.002000	80000.000000	80000.000000	0.0000	0.0000	0.0000	0.0000
2.2580	2868.44	1493.50	10.0	-1.0	-4354.7	-2273.5	-1.0000	-1.0000	-0.00004	-0.00039	0.023	0.002000	80000.000000	80000.000000	0.0000	0.0000	0.0000	0.0000
2.2600	2870.36	1495.81	10.0	-1.0	-4353.9	-2275.1	-1.0000	-1.0000	-0.00004	-0.00039	0.023	0.002000	80000.000000	80000.000000	0.0000	0.0000	0.0000	0.0000
2.2620	2872.27	1498.12	10.0	-1.0	-4353.1	-2276.7	-1.0000	-1.0000	-0.00004	-0.00039	0.023	0.002000	80000.000000	80000.000000	0.0000	0.0000	0.0000	0.0000
2.2640	2874.19	1500.43	10.0	-1.0	-4352.4	-2278.3	-1.0000	-1.0000	-0.00004	-0.00039	0.023	0.002000	80000.000000	80000.000000	0.0000	0.0000	0.0000	0.0000
2.2660	2876.09	1502.74	10.0	-1.0	-4351.6	-2279.9	-1.0000	-1.0000	-0.00004	-0.00039	0.023	0.002000	80000.000000	80000.000000	0.0000	0.0000	0.0000	0.0000
2.2680	2878.00	1505.05	10.0	-1.0	-4350.8	-2281.5	-1.0000	-1.0000	-0.00004	-0.00039	0.023	0.002000	80000.000000	80000.000000	0.0000	0.0000	0.0000	0.0000
2.2700	2879.90	1507.36	10.0	-1.0	-4350.0	-2283.1	-1.0000	-1.0000	-0.00004	-0.00039	0.023	0.002000	80000.000000	80000.000000	0.0000	0.0000	0.0000	0.0000
2.2720	2881.79	1509.67	10.0	-1.0	-4349.3	-2284.7	-1.0000	-1.0000	-0.00004	-0.00039	0.023	0.002000	80000.000000	80000.000000	0.0000	0.0000	0.0000	0.0000
2.2740	2883.68	1511.98	10.0	-1.0	-4348.5	-2286.3	-1.0000	-1.0000	-0.00004	-0.00039	0.023	0.002000	80000.000000	80000.000000	0.0000	0.0000	0.0000	0.0000
2.2760	2885.57	1514.29	10.0	-1.0	-4347.7	-2287.9	-1.0000	-1.0000	-0.00004	-0.00039	0.023	0.002000	80000.000000	80000.000000	0.0000	0.0000	0.0000	0.0000
2.2780	2887.45	1516.60	10.0	-1.0	-4347.0	-2289.4	-1.0000	-1.0000	-0.00004	-0.00039	0.023	0.002000	80000.000000	80000.000000	0.0000	0.0000	0.0000	0.0000
2.2800	2889.33	1518.92	10.0	-1.0	-4346.2	-2291.0	-1.0000	-1.0000	-0.00004	-0.00039	0.023	0.002000	80000.000000	80000.000000	0.0000	0.0000	0.0000	0.0000
2.2820	2891.20	1521.23	10.0	-1.0	-4345.4	-2292.6	-1.0000	-1.0000	-0.00004	-0.00039	0.023	0.002000	80000.000000	80000.000000	0.0000	0.0000	0.0000	0.0000
2.2840	2893.07	1523.54	10.0	-1.0	-4344.6	-2294.2	-1.0000	-1.0000	-0.00004	-0.00039	0.023	0.002000	80000.000000	80000.000000	0.0000	0.0000	0.0000	0.0000
2.2860	2894.94	1525.85	10.0	-1.0	-4343.9	-2295.8	-1.0000	-1.0000	-0.00004	-0.00039	0.023	0.002000	80000.000000	80000.000000	0.0000	0.0000	0.0000	0.0000
2.2880	2896.80	1528.16	10.0	-1.0	-4343.1	-2297.4	-1.0000	-1.0000	-0.00004	-0.00039	0.023	0.002000	80000.000000	80000.000000	0.0000	0.0000	0.0000	0.0000
2.2900	2898.66	1530.47	10.0	-1.0	-4342.3	-2299.0	-1.0000	-1.0000	-0.00004	-0.00039	0.023	0.002000	80000.000000	80000.000000	0.0000	0.0000	0.0000	0.0000
2.2920	2900.51	1532.78	10.0	-1.0	-4341.5	-2300.6	-1.0000	-1.0000	-0.00004	-0.00039	0.023	0.002000	80000.000000	80000.000000	0.0000	0.0000	0.0000	0.0000
2.2940	2902.36	1535.09	10.0	-1.0	-4340.8	-2302.2	-1.0000	-1.0000	-0.00004	-0.00039	0.023	0.002000	80000.000000	80000.000000	0.0000	0.0000	0.0000	0.0000
2.2960	2904.20	1537.40	10.0	-1.0	-4340.0	-2303.8	-1.0000	-1.0000	-0.00004	-0.00039	0.023	0.002000	80000.000000	80000.000000	0.0000	0.0000	0.0000	0.0000
2.2980	2906.05	1539.72	10.0	-1.0	-4339.2	-2305.3	-1.0000	-1.0000	-0.00004	-0.00039	0.023	0.002000	80000.000000	80000.000000	0.0000	0.0000	0.0000	0.0000
2.3000	2907.88	1542.03	10.0	-1.0	-4338.4	-2306.9	-1.0000	-1.0000	-0.00004	-0.00039	0.023	0.002000	80000.000000	80000.000000	0.0000	0.0000	0.0000	0.0000
2.3020	2909.71	1544.34	10.0	-1.0	-4337.6	-2308.5	-1.0000	-1.0000	-0.00004	-0.00039	0.023	0.002000	80000.000000	80000.000000	0.0000	0.0000	0.0000	0.0000
2.3040	2911.54	1546.65	10.0	-1.0	-4336.9	-2310.1	-1.0000	-1.0000	-0.00004	-0.00039	0.023	0.002000	80000.000000	80000.000000	0.0000	0.0000	0.0000	0.0000
2.3060	2913.37	1548.96	10.0	-1.0	-4336.1	-2311.7	-1.0000	-1.0000	-0.00004	-0.00039	0.023	0.002000	80000.000000	80000.000000	0.0000	0.0000	0.0000	0.0000
2.3080	2915.19	1551.27	10.0	-1.0	-4335.3	-2313.3	-1.0000	-1.0000	-0.00004	-0.00039	0.023	0.002000	80000.000000	80000.000000	0.0000	0.0000	0.0000	0.0000
2.3100	2917.00	1553.58	10.0	-1.0	-4334.5	-2314.9	-1.0000	-1.0000	-0.00004	-0.00039	0.023	0.002000	80000.000000	80000.000000	0.0000	0.0000	0.0000	0.0000
2.3120	2918.81	1555.89	10.0	-1.0	-4333.7	-2316.5	-1.0000	-1.0000	-0.00004	-0.00039	0.023	0.002000	80000.000000	80000.000000	0.0000	0.0000	0.0000	0.0000
2.3140	2920.62	1558.20	10.0	-1.0	-4332.9	-2318.0	-1.0000	-1.0000	-0.00004	-0.00039	0.023	0.002000	80000.000000	80000.000000	0.0000	0.0000	0.0000	0.0000
2.3160	2922.42	1560.51	10.0	-1.0	-4332.2	-2319.6	-1.0000	-1.0000	-0.00004	-0.00039	0.023	0.002000	80000.000000	80000.000000	0.0000	0.0000	0.0000	0.0000
2.3180	2924.22	1562.83	10.0	-1.0	-4331.4	-2321.2	-1.0000	-1.0000	-0.00004	-0.00039	0.023	0.002000	80000.000000	80000.000000	0.0000	0.0000	0.0000	0.0000
2.3200	2926.02	1565.14	10.0	-1.0	-4330.6	-2322.8	-1.0000	-1.0000	-0.00004	-0.00039	0.023	0.002000	80000.000000	80000.000000	0.0000	0.0000	0.0000	0.0000
2.3220	2927.81	1567.45	10.0	-1.0	-4329.8	-2324.4	-1.0000	-1.0000	-0.00004	-0.00039	0.023	0.002000	80000.000000	80000.000000	0.0000	0.0000	0.0000	0.0000
2.3240	2929.60	1569.76	10.0	-1.0	-4329.0	-2326.0	-1.0000	-1.0000	-0.00004	-0.00039	0.023	0.002000	80000.000000	80000.000000	0.0000	0.0000	0.0000	0.0000
2.3260	2931.38	1572.07	10.0	-1.0	-4328.2	-2327.5	-1.0000	-1.0000	-0.00004	-0.00039	0.023	0.002000	80000.000000	80000.000000	0.0000	0.0000	0.0000	0.0000
2.3280	2933.16	1574.38	10.0	-1.0	-4327.4	-2329.1	-1.0000	-1.0000	-0.00004	-0.00039	0.023	0.002000	80000.000000	80000.000000	0.0000	0.0000	0.0000	0.0000
2.3300	2934.93	1576.69	10.0	-1.0	-4326.6	-2330.7	-1.0000	-1.0000	-0.00004	-0.00039	0.023	0.002000	80000.000000	80000.000000	0.0000	0.0000	0.0000	0.0000
2.3320	2936.70	1579.00	10.0	-1.0	-4325.9	-2332.3	-1.0000	-1.0000	-0.00004	-0.00039	0.023	0.002000	80000.000000	80000.000000	0.0000	0.0000	0.0000	0.0000
2.3340	2938.47	1581.31	10.0	-1.0	-4325.1	-2333.9	-1.0000	-1.0000	-0.00004	-0.00039	0.023	0.002000	80000.000000	80000.000000	0.0000	0.0000	0.0000	0.0000
2.3360	2940.23	1583.62	10.0	-1.0	-4324.3	-2335.5	-1.0000	-1.0000	-0.00004	-0.00039	0.023	0.002000	80000.000000	80000.000000	0.0000	0.0000	0.0000	0.0000
2.3380	2941.99	1585.93	10.0	-1.0	-4323.5	-2337.0	-1.0000	-1.0000	-0.00004	-0.00039	0.023	0.002000	80000.000000	80000.000000	0.0000	0.0000	0.0000	0.0000
2.3400	2943.74	1588.24	10.0	-1.0	-4322.7	-2338.6	-1.0000	-1.0000	-0.00004	-0.00039	0.023	0.002000	80000.000000	80000.000000	0.0000	0.0000	0.0000	0.0000
2.3420	2945.49	1590.55	10.0	-1.0	-4321.9	-2340.2	-1.0000	-1.0000	-0.00004	-0.00039	0.023	0.002000	80000.000000	80000.000000	0.0000	0.0000	0.0000	0.0000
2.3440	2947.23	1592.86	10.0	-1.0	-4321.1	-2341.8	-1.0000	-1.0000	-0.00004	-0.00039	0.023	0.002000	80000.000000	80000.000000	0.0000	0.0000	0.0000	0.0000
2.3460	2948.97	1595.17	10.0	-1.0	-4320.3	-2343.4	-1.0000	-1.0000	-0.00004	-0.00039	0.023	0.002000	80000.000000	80000.000000	0.0000	0.0000	0.0000	0.0000
2.3480	2950.71	1597.48	10.0	-1.0	-4319.5	-2344.9	-1.0000	-1.0000	-0.00004	-0.00039	0.023	0.002000	80000.000000	80000.000000	0.0000	0.0000	0.0000	0.0000
2.3500	2952.44	1599.79	10.0	-1.0	-4318.7	-2346.5	-1.0000	-1.0000	-0.00004	-0.00039	0.023	0.002000	80000.000000	80000.000000	0.0000	0.0000	0.0000	0.0000
2.3520	2954.17	1602.10	10.0	-1.0	-4317.9	-2348.1	-1.0000	-1.0000	-0.00004	-0.00039	0.023	0.002000	80000.000000	80000.000000	0.0000	0.0000	0.0000	0.0000
2.3540	2955.90	1604.41	10.0	-1.0	-4317.1	-2349.7	-1.0000	-1.0000	-0.00004	-0.00039	0.023	0.002000	80000.000000	80000.000000	0.0000	0.0000	0.0000	0.0000
2.3560	2957.62	1606.72	10.0	-1.0	-4316.3	-2351.3	-1.0000	-1.0000	-0.00004	-0.00039	0.023	0.002000	80000.000000	80000.000000	0.0000	0.0000	0.0000	0.0000
2.3580	2959.33	1609.03	10.0	-1.0	-4315.5	-2352.8	-1.0000	-1.0000	-0.00004	-0.00039	0.023	0.002000	80000.000000	80000.000000	0.0000	0.0000	0.0000	0.0000
2.3600	2961.04	1611.33	10.0	-1.0	-4314.7	-2354.4	-1.0000	-1.0000	-0.00004	-0.00039	0.023	0.002000	80000.000000	80000.000000	0.0000	0.0000	0.0000	0.0000
2.3620	2962.75	1613.64	10.0	-1.0	-4313.9	-2356.0	-1.0000	-1.0000	-0.00004	-0.00039	0.023	0.002000	80000.000000	80000.000000	0.0000	0.0000	0.0000	0.0000
2.3640	2964.46	1615.95	10.0	-1.0	-4313.1	-2357.6	-1.0000	-1.0000	-0.00004	-0.00039	0.023	0.002000	80000.000000	80000.000000	0.0000	0.0000	0.0000	0.0000
2.3660	2966.15	1618.26	10.0	-1.0	-4312.3	-2359.2	-1.0000	-1.0000	-0.00004	-0.00039	0.023	0.002000	80000.000000	80000.000000	0.0000	0.0000	0.0000	0.0000
2.3680	2967.85	1620.57	10.0	-1.0	-4311.5	-2360.7	-1.0000	-1.0000	-0.00004	-0.00039	0.023	0.002000	80000.000000	80000.000000	0.0000	0.0000	0.0000	0.0000
2.3700	2969.54	1622.88	10.0	-1.0	-4310.7	-2362.3	-1.0000	-1.0000	-0.00004	-0.00039	0.023	0.002000	80000.000000	80000.000000	0.0000	0.0000	0.0000	0.0000
2.3720	2971.23	1625.19	10.0	-1.0	-4309.9	-2363.9	-1.0000	-1.0000	-0.00004	-0.00039	0.023	0.002000	80000.000000	80000.000000	0.0000	0.0000	0.0000	0.0000
2.3740	2972.91	1627.49	10.0	-1.0	-4309.1	-2365.5	-1.0000	-1.0000	-0.00004	-0.00039	0.023	0.002000	80000.000000	80000.000000	0.0000	0.0000	0.0000	0.0000
2.3760	2974.59	1629.80	10.0	-1.0	-4308.3	-2367.0	-1.0000	-1.0000	-0.00004	-0.00039	0.023	0.002000	80000.000000	80000.000000	0.0000	0.0000	0.0000	0.0000
2.3780	2976.26	1632.11	10.0	-1.0	-4307.5	-2368.6	-1.0000	-1.0000	-0.00004	-0.00039	0.023	0.002000	80000.000000	80000.000000	0.0000	0.0000	0.0000	0.0000
2.3800	2977.93	1634.42	10.0	-1.0	-4306.7	-2370.2	-1.0000	-1.0000	-0.00004	-0.00039	0.023	0.002000	80000.000000	80000.000000	0.0000	0.0000	0.0000	0.0000
2.3820	2979.60	1636.72	10.0	-1.0	-4305.9	-2371.8	-1.0000	-1.0000	-0.00004	-0.00039	0.023	0.002000	80000.000000	80000.000000	0.0000	0.0000	0.0000	0.0000
2.3840	2981.26	1639.03	10.0	-1.0	-4305.1	-2373.3	-1.0000	-1.0000	-0.00004	-0.00039	0.023	0.002000	80000.000000	80000.000000	0.0000	0.0000	0.0000	0.0000
2.3860	2982.92	1641.34	10.0	-1.0	-4304.3	-2374.9	-1.0000	-1.0000	-0.00004	-0.00039	0.023	0.002000	80000.000000	80000.000000	0.0000	0.0000	0.0000	0.0000
2.3880	2984.58	1643.64	10.0	-1.0	-4303.5	-2376.5	-1.0000	-1.0000	-0.00004	-0.00039	0.023	0.002000	80000.000000	80000.000000	0.0000	0.0000	0.0000	0.0000
2.3900	2986.23	1645.95	10.0	-1.0	-4302.7	-2378.1	-1.0000	-1.0000	-0.00004	-0.00039	0.023	0.002000	80000.000000	80000.000000	0.0000	0.0000	0.0000	0.0000
2.3920	2987.87	1648.26	10.0	-1.0	-4301.9	-2379.6	-1.0000	-1.0000	-0.00004	-0.00039	0.023	0.002000	80000.000000	80000.000000	0.0000	0.0000	0.0000	0.0000
2.3940	2989.51	1650.56	10.0	-1.0	-4301.1	-2381.2	-1.0000	-1.0000	-0.00004	-0.00039	0.023	0.002000	80000.000000	80000.000000	0.0000	0.0000	0.0000	0.0000
2.3960	2991.15	1652.87	10.0	-1.0	-4300.3	-2382.8	-1.0000	-1.0000	-0.00004	-0.00039	0.023	0.002000	80000.000000	80000.000000	0.0000	0.0000	0.0000	0.0000
2.3980	2992.78	1655.18	10.0	-1.0	-4299.4	-2384.4	-1.0000	-1.0000	-0.00004	-0.00039	0.023	0.002000	80000.000000	80000.000000	0.0000	0.0000	0.0000	0.0000
2.4000	2994.41	1657.48	10.0	-1.0	-4298.6	-2385.9	-1.0000	-1.0000	-0.00004	-0.00039	0.023	0.002000	80000.000000	80000.000000	0.0000	0.0000	0.0000	0.0000
2.4020	2996.04	1659.79	10.0	-1.0	-4297.8	-2387.5	-1.0000	-1.0000	-0.00004	-0.00039	0.023	0.002000	80000.000000	80000.000000	0.0000	0.0000	0.0000	0.0000
2.4040	2997.66	1662.09	10.0	-1.0	-4297.0	-2389.1	-1.0000	-1.0000	-0.00004	-0.00039	0.023	0.002000	80000.000000	80000.000000	0.0000	0.0000	0.0000	0.0000
2.4060	2999.28	1664.40	10.0	-1.0	-4296.2	-2390.7	-1.0000	-1.0000	-0.00004	-0.00039	0.023	0.002000	80000.000000	80000.000000	0.0000	0.0000	0.0000	0.0000
2.4080	3000.89	1666.70	10.0	-1.0	-4295.4	-2392.2	-1.0000	-1.0000	-0.00004	-0.00039	0.023	0.002000	80000.000000	80000.000000	0.0000	0.0000	0.0000	0.0000
2.4100	3002.50	1669.01	10.0	-1.0	-4294.6	-2393.8	-1.0000	-1.0000	-0.00004	-0.00039	0.023	0.002000	80000.000000	80000.000000	0.0000	0.0000	0.0000	0.0000
2.4120	3004.10	1671.31	10.0	-1.0	-4293.8	-2395.4	-1.0000	-1.0000	-0.00004	-0.00039	0.023	0.002000	80000.000000	80000.000000	0.0000	0.0000	0.0000	0.0000
2.4140	3005.70	1673.62	10.0	-1.0	-4292.9	-2396.9	-1.0000	-1.0000	-0.00004	-0.00039	0.023	0.002000	80000.000000	80000.000000	0.0000	0.0000	0.0000	0.0000
2.4160	3007.30	1675.92	10.0	-1.0	-4292.1	-2398.5	-1.0000	-1.0000	-0.00004	-0.00039	0.023	0.002000	80000.000000	80000.000000	0.0000	0.0000	0.0000	0.0000
2.4180	3008.89	1678.22	10.0	-1.0	-4291.3	-2400.1	-1.0000	-1.0000	-0.00004	-0.00039	0.023	0.002000	80000.000000	80000.000000	0.0000	0.0000	0.0000	0.0000
2.4200	3010.48	1680.53	10.0	-1.0	-4290.5	-2401.6	-1.0000	-1.0000	-0.00004	-0.00039	0.023	0.002000	80000.000000	80000.000000	0.0000	0.0000	0.0000	0.0000
2.4220	3012.06	1682.83	10.0	-1.0	-4289.7	-2403.2	-1.0000	-1.0000	-0.00004	-0.00039	0.023	0.002000	80000.000000	80000.000000	0.0000	0.0000	0.0000	0.0000
2.4240	3013.64	1685.13	10.0	-1.0	-4288.8	-2404.8	-1.0000	-1.0000	-0.00004	-0.00039	0.023	0.002000	80000.000000	80000.000000	0.0000	0.0000	0.0000	0.0000
2.4260	3015.22	1687.44	10.0	-1.0	-4288.0	-2406.3	-1.0000	-1.0000	-0.00004	-0.00039	0.023	0.002000	80000.000000	80000.000000	0.0000	0.0000	0.0000	0.0000
2.4280	3016.79	1689.74	10.0	-1.0	-4287.2	-2407.9	-1.0000	-1.0000	-0.00004	-0.00039	0.023	0.002000	80000.000000	80000.000000	0.0000	0.0000	0.0000	0.0000
2.4300	3018.36	1692.04	10.0	-1.0	-4286.4	-2409.5	-1.0000	-1.0000	-0.00004	-0.00039	0.023	0.002000	80000.000000	80000.000000	0.0000	0.0000	0.0000	0.0000
2.4320	3019.92	1694.34	10.0	-1.0	-4285.6	-2411.1	-1.0000	-1.0000	-0.00004	-0.00039	0.023	0.002000	80000.000000	80000.000000	0.0000	0.0000	0.0000	0.0000
2.4340	3021.48	1696.65	10.0	-1.0	-4284.7	-2412.6	-1.0000	-1.0000	-0.00004	-0.00039	0.023	0.002000	80000.000000	80000.000000	0.0000	0.0000	0.0000	0.0000
2.4360	3023.04	1698.95	10.0	-1.0	-4283.9	-2414.2	-1.0000	-1.0000	-0.00004	-0.00039	0.023	0.002000	80000.000000	80000.000000	0.0000	0.0000	0.0000	0.0000
2.4380	3024.59	1701.25	10.0	-1.0	-4283.1	-2415.8	-1.0000	-1.0000	-0.00004	-0.00039	0.023	0.002000	80000.000000	80000.000000	0.0000	0.0000	0.0000	0.0000
2.4400	3026.14	1703.55	10.0	-1.0	-4282.3	-2417.3	-1.0000	-1.0000	-0.00004	-0.00039	0.023	0.002000	80000.000000	80000.000000	0.0000	0.0000	0.0000	0.0000
2.4420	3027.68	1705.85	10.0	-1.0	-4281.4	-2418.9	-1.0000	-1.0000	-0.00004	-0.00039	0.023	0.002000	80000.000000	80000.000000	0.0000	0.0000	0.0000	0.0000
2.4440	3029.22	1708.15	10.0	-1.0	-4280.6	-2420.4	-1.0000	-1.0000	-0.00004	-0.00039	0.023	0.002000	80000.000000	80000.000000	0.0000	0.0000	0.0000	0.0000
2.4460	3030.75	1710.45	10.0	-1.0	-4279.8	-2422.0	-1.0000	-1.0000	-0.00004	-0.00039	0.023	0.002000	80000.000000	80000.000000	0.0000	0.0000	0.0000	0.0000
2.4480	3032.28	1712.75	10.0	-1.0	-4279.0	-2423.6	-1.0000	-1.0000	-0.00004	-0.00039	0.023	0.002000	80000.000000	80000.000000	0.0000	0.0000	0.0000	0.0000
2.4500	3033.81	1715.05	10.0	-1.0	-4278.1	-2425.1	-1.0000	-1.0000	-0.00004	-0.00039	0.023	0.002000	80000.000000	80000.000000	0.0000	0.0000	0.0000	0.0000
2.4520	3035.33	1717.35	10.0	-1.0	-4277.3	-2426.7	-1.0000	-1.0000	-0.00004	-0.00039	0.023	0.002000	80000.000000	80000.000000	0.0000	0.0000	0.0000	0.0000
2.4540	3036.85	1719.65	10.0	-1.0	-4276.5	-2428.3	-1.0000	-1.0000	-0.00004	-0.00039	0.023	0.002000	80000.000000	80000.000000	0.0000	0.0000	0.0000	0.0000
2.4560	3038.37	1721.95	10.0	-1.0	-4275.7	-2429.8	-1.0000	-1.0000	-0.00004	-0.00039	0.023	0.002000	80000.000000	80000.000000	0.0000	0.0000	0.0000	0.0000
2.4580	3039.88	1724.25	10.0	-1.0	-4274.8	-2431.4	-1.0000	-1.0000	-0.00004	-0.00039	0.023	0.002000	80000.000000	80000.000000	0.0000	0.0000	0.0000	0.0000
2.4600	3041.38	1726.55	10.0	-1.0	-4274.0	-2433.0	-1.0000	-1.0000	-0.00004	-0.00039	0.023	0.002000	80000.000000	80000.000000	0.0000	0.0000	0.0000	0.0000
2.4620	3042.89	1728.84	10.0	-1.0	-4273.2	-2434.5	-1.0000	-1.0000	-0.00004	-0.00039	0.023	0.002000	80000.000000	80000.000000	0.0000	0.0000	0.0000	0.0000
2.4640	3044.38	1731.14	10.0	-1.0	-4272.3	-2436.1	-1.0000	-1.0000	-0.00004	-0.00039	0.023	0.002000	80000.000000	80000.000000	0.0000	0.0000	0.0000	0.0000
2.4660	3045.88	1733.44	10.0	-1.0	-4271.5	-2437.6	-1.0000	-1.0000	-0.00004	-0.00039	0.023	0.002000	80000.000000	80000.000000	0.0000	0.0000	0.0000	0.0000
2.4680	3047.37	1735.74	10.0	-1.0	-4270.7	-2439.2	-1.0000	-1.0000	-0.00004	-0.00039	0.023	0.002000	80000.000000	80000.000000	0.0000	0.0000	0.0000	0.0000
2.4700	3048.86	1738.03	10.0	-1.0	-4269.8	-2440.8	-1.0000	-1.0000	-0.00004	-0.00039	0.023	0.002000	80000.000000	80000.000000	0.0000	0.0000	0.0000	0.0000
2.4720	3050.34	1740.33	10.0	-1.0	-4269.0	-2442.3	-1.0000	-1.0000	-0.00004	-0.00039	0.023	0.002000	80000.000000	80000.000000	0.0000	0.0000	0.0000	0.0000
2.4740	3051.82	1742.63	10.0	-1.0	-4268.2	-2443.9	-1.0000	-1.0000	-0.00004	-0.00039	0.023	0.002000	80000.000000	80000.000000	0.0000	0.0000	0.0000	0.0000
2.4760	3053.29	1744.92	10.0	-1.0	-4267.3	-2445.5	-1.0000	-1.0000	-0.00004	-0.00039	0.023	0.002000	80000.000000	80000.000000	0.0000	0.0000	0.0000	0.0000
2.4780	3054.76	1747.22	10.0	-1.0	-4266.5	-2447.0	-1.0000	-1.0000	-0.00004	-0.00039	0.023	0.002000	80000.000000	80000.000000	0.0000	0.0000	0.0000	0.0000
2.4800	3056.23	1749.51	10.0	-1.0	-4265.7	-2448.6	-1.0000	-1.0000	-0.00004	-0.00039	0.023	0.002000	80000.000000	80000.000000	0.0000	0.0000	0.0000	0.0000
2.4820	3057.69	1751.81	10.0	-1.0	-4264.8	-2450.1	-1.0000	-1.0000	-0.00004	-0.00039	0.023	0.002000	80000.000000	80000.000000	0.0000	0.0000	0.0000	0.0000
2.4840	3059.15	1754.10	10.0	-1.0	-4264.0	-2451.7	-1.0000	-1.0000	-0.00004	-0.00039	0.023	0.002000	80000.000000	80000.000000	0.0000	0.0000	0.0000	0.0000
2.4860	3060.60	1756.40	10.0	-1.0	-4263.2	-2453.3	-1.0000	-1.0000	-0.00004	-0.00039	0.023	0.002000	80000.000000	80000.000000	0.0000	0.0000	0.0000	0.0000
2.4880	3062.05	1758.69	10.0	-1.0	-4262.3	-2454.8	-1.0000	-1.0000	-0.00004	-0.00039	0.023	0.002000	80000.000000	80000.000000	0.0000	0.0000	0.0000	0.0000
2.4900	3062.78	1760.99	9.0	-1.0	-4261.5	-2456.4	-1.0000	-1.0000	-0.00004	-0.00035	0.020	0.002000	80000.000000	80000.000000	0.0000	0.0000	0.0000	0.0000
2.4920	3064.94	1763.28	10.0	-1.0	-4260.6	-2457.9	-1.0000	-1.0000	-0.00004	-0.00039	0.023	0.002000	80000.000000	80000.000000	0.0000	0.0000	0.0000	0.0000
2.4940	3066.37	1765.57	10.0	-1.0	-4259.8	-2459.5	-1.0000	-1.0000	-0.00004	-0.00039	0.023	0.002000	80000.000000	80000.000000	0.0000	0.0000	0.0000	0.0000
2.4960	3067.81	1767.86	10.0	-1.0	-4259.0	-2461.0	-1.0000	-1.0000	-0.00004	-0.00039	0.023	0.002000	80000.000000	80000.000000	0.0000	0.0000	0.0000	0.0000
2.4980	3069.24	1770.16	10.0	-1.0	-4258.1	-2462.6	-1.0000	-1.0000	-0.00004	-0.00039	0.023	0.002000	80000.000000	80000.000000	0.0000	0.0000	0.0000	0.0000
2.5000	3070.66	1772.45	10.0	-1.0	-4257.3	-2464.2	-1.0000	-1.0000	-0.00004	-0.00039	0.023	0.002000	80000.000000	80000.000000	0.0000	0.0000	0.0000	0.0000
2.5020	3072.08	1774.74	10.0	-1.0	-4256.4	-2465.7	-1.0000	-1.0000	-0.00004	-0.00039	0.023	0.002000	80000.000000	80000.000000	0.0000	0.0000	0.0000	0.0000
2.5040	3073.50	1777.03	10.0	-1.0	-4255.6	-2467.3	-1.0000	-1.0000	-0.00004	-0.00039	0.023	0.002000	80000.000000	80000.000000	0.0000	0.0000	0.0000	0.0000
2.5060	3074.92	1779.32	10.0	-1.0	-4254.7	-2468.8	-1.0000	-1.0000	-0.00004	-0.00039	0.023	0.002000	80000.000000	80000.000000	0.0000	0.0000	0.0000	0.0000
2.5080	3076.33	1781.61	10.0	-1.0	-4253.9	-2470.4	-1.0000	-1.0000	-0.00004	-0.00039	0.023	0.002000	80000.000000	80000.000000	0.0000	0.0000	0.0000	0.0000
2.5100	3077.73	1783.90	10.0	-1.0	-4253.0	-2471.9	-1.0000	-1.0000	-0.00004	-0.00039	0.023	0.002000	80000.000000	80000.000000	0.0000	0.0000	0.0000	0.0000
2.5120	3079.13	1786.19	10.0	-1.0	-4252.2	-2473.5	-1.0000	-1.0000	-0.00004	-0.00039	0.023	0.002000	80000.000000	80000.000000	0.0000	0.0000	0.0000	0.0000
2.5140	3080.53	1788.48	10.0	-1.0	-4251.4	-2475.0	-1.0000	-1.0000	-0.00004	-0.00039	0.023	0.002000	80000.000000	80000.000000	0.0000	0.0000	0.0000	0.0000
2.5160	3081.92	1790.77	10.0	-1.0	-4250.5	-2476.6	-1.0000	-1.0000	-0.00004	-0.00039	0.023	0.002000	80000.000000	80000.000000	0.0000	0.0000	0.0000	0.0000
2.5180	3083.31	1793.06	10.0	-1.0	-4249.7	-2478.1	-1.0000	-1.0000	-0.00004	-0.00039	0.023	0.002000	80000.000000	80000.000000	0.0000	0.0000	0.0000	0.0000
2.5200	3084.70	1795.35	10.0	-1.0	-4248.8	-2479.7	-1.0000	-1.0000	-0.00004	-0.00039	0.023	0.002000	80000.000000	80000.000000	0.0000	0.0000	0.0000	0.0000
2.5220	3086.08	1797.64	10.0	-1.0	-4248.0	-2481.3	-1.0000	-1.0000	-0.00004	-0.00039	0.023	0.002000	80000.000000	80000.000000	0.0000	0.0000	0.0000	0.0000
2.5240	3087.46	1799.92	10.0	-1.0	-4247.1	-2482.8	-1.0000	-1.0000	-0.00004	-0.00039	0.023	0.002000	80000.000000	80000.000000	0.0000	0.0000	0.0000	0.0000
2.5260	3088.83	1802.21	10.0	-1.0	-4246.3	-2484.4	-1.0000	-1.0000	-0.00004	-0.00039	0.023	0.002000	80000.000000	80000.000000	0.0000	0.0000	0.0000	0.0000
2.5280	3090.20	1804.50	10.0	-1.0	-4245.4	-2485.9	-1.0000	-1.0000	-0.00004	-0.00039	0.023	0.002000	80000.000000	80000.000000	0.0000	0.0000	0.0000	0.0000
2.5300	3091.57	1806.78	10.0	-1.0	-4244.6	-2487.5	-1.0000	-1.0000	-0.00004	-0.00039	0.023	0.002000	80000.000000	80000.000000	0.0000	0.0000	0.0000	0.0000
2.5320	3092.93	1809.07	10.0	-1.0	-4243.7	-2489.0	-1.0000	-1.0000	-0.00004	-0.00039	0.023	0.002000	80000.000000	80000.000000	0.0000	0.0000	0.0000	0.0000
2.5340	3094.28	1811.35	10.0	-1.0	-4242.8	-2490.6	-1.0000	-1.0000	-0.00004	-0.00039	0.023	0.002000	80000.000000	80000.000000	0.0000	0.0000	0.0000	0.0000
2.5360	3095.64	1813.64	10.0	-1.0	-4242.0	-2492.1	-1.0000	-1.0000	-0.00004	-0.00039	0.023	0.002000	80000.000000	80000.000000	0.0000	0.0000	0.0000	0.0000
2.5380	3096.99	1815.92	10.0	-1.0	-4241.1	-2493.7	-1.0000	-1.0000	-0.00004	-0.00039	0.023	0.002000	80000.000000	80000.000000	0.0000	0.0000	0.0000	0.0000
2.5400	3098.33	1818.21	10.0	-1.0	-4240.3	-2495.2	-1.0000	-1.0000	-0.00004	-0.00039	0.023	0.002000	80000.000000	80000.000000	0.0000	0.0000	0.0000	0.0000
2.5420	3099.67	1820.49	10.0	-1.0	-4239.4	-2496.8	-1.0000	-1.0000	-0.00004	-0.00039	0.023	0.002000	80000.000000	80000.000000	0.0000	0.0000	0.0000	0.0000
2.5440	3101.01	1822.78	10.0	-1.0	-4238.6	-2498.3	-1.0000	-1.0000	-0.00004	-0.00039	0.023	0.002000	80000.000000	80000.000000	0.0000	0.0000	0.0000	0.0000
2.5460	3102.35	1825.06	10.0	-1.0	-4237.7	-2499.9	-1.0000	-1.0000	-0.00004	-0.00039	0.023	0.002000	80000.000000	80000.000000	0.0000	0.0000	0.0000	0.0000
2.5480	3103.67	1827.34	10.0	-1.0	-4236.9	-2501.4	-1.0000	-1.0000	-0.00004	-0.00039	0.023	0.002000	80000.000000	80000.000000	0.0000	0.0000	0.0000	0.0000
2.5500	3105.00	1829.62	10.0	-1.0	-4236.0	-2503.0	-1.0000	-1.0000	-0.00004	-0.00039	0.023	0.002000	80000.000000	80000.000000	0.0000	0.0000	0.0000	0.0000
2.5520	3106.32	1831.91	10.0	-1.0	-4235.1	-2504.5	-1.0000	-1.0000	-0.00004	-0.00039	0.023	0.002000	80000.000000	80000.000000	0.0000	0.0000	0.0000	0.0000
2.5540	3107.64	1834.19	10.0	-1.0	-4234.3	-2506.1	-1.0000	-1.0000	-0.00004	-0.00039	0.023	0.002000	80000.000000	80000.000000	0.0000	0.0000	0.0000	0.0000
2.5560	3108.95	1836.47	10.0	-1.0	-4233.4	-2507.6	-1.0000	-1.0000	-0.00004	-0.00039	0.023	0.002000	80000.000000	80000.000000	0.0000	0.0000	0.0000	0.0000
2.5580	3110.26	1838.75	10.0	-1.0	-4232.6	-2509.1	-1.0000	-1.0000	-0.00004	-0.00039	0.023	0.002000	80000.000000	80000.000000	0.0000	0.0000	0.0000	0.0000
2.5600	3111.57	1841.03	10.0	-1.0	-4231.7	-2510.7	-1.0000	-1.0000	-0.00004	-0.00039	0.023	0.002000	80000.000000	80000.000000	0.0000	0.0000	0.0000	0.0000
2.5620	3112.87	1843.31	10.0	-1.0	-4230.8	-2512.2	-1.0000	-1.0000	-0.00004	-0.00039	0.023	0.002000	80000.000000	80000.000000	0.0000	0.0000	0.0000	0.0000
2.5640	3114.17	1845.59	10.0	-1.0	-4230.0	-2513.8	-1.0000	-1.0000	-0.00004	-0.00039	0.023	0.002000	80000.000000	80000.000000	0.0000	0.0000	0.0000	0.0000
2.5660	3115.46	1847.87	10.0	-1.0	-4229.1	-2515.3	-1.0000	-1.0000	-0.00004	-0.00039	0.023	0.002000	80000.000000	80000.000000	0.0000	0.0000	0.0000	0.0000
2.5680	3116.75	1850.14	10.0	-1.0	-4228.2	-2516.9	-1.0000	-1.0000	-0.00004	-0.00039	0.023	0.002000	80000.000000	80000.000000	0.0000	0.0000	0.0000	0.0000
2.5700	3118.04	1852.42	10.0	-1.0	-4227.4	-2518.4	-1.0000	-1.0000	-0.00004	-0.00039	0.023	0.002000	80000.000000	80000.000000	0.0000	0.0000	0.0000	0.0000
2.5720	3119.32	1854.70	10.0	-1.0	-4226.5	-2520.0	-1.0000	-1.0000	-0.00004	-0.00039	0.023	0.002000	80000.000000	80000.000000	0.0000	0.0000	0.0000	0.0000
2.5740	3120.60	1856.98	10.0	-1.0	-4225.7	-2521.5	-1.0000	-1.0000	-0.00004	-0.00039	0.023	0.002000	80000.000000	80000.000000	0.0000	0.0000	0.0000	0.0000
2.5760	3121.87	1859.25	10.0	-1.0	-4224.8	-2523.1	-1.0000	-1.0000	-0.00004	-0.00039	0.023	0.002000	80000.000000	80000.000000	0.0000	0.0000	0.0000	0.0000
2.5780	3123.14	1861.53	10.0	-1.0	-4223.9	-2524.6	-1.0000	-1.0000	-0.00004	-0.00039	0.023	0.002000	80000.000000	80000.000000	0.0000	0.0000	0.0000	0.0000
2.5800	3124.41	1863.80	10.0	-1.0	-4223.1	-2526.1	-1.0000	-1.0000	-0.00004	-0.00039	0.023	0.002000	80000.000000	80000.000000	0.0000	0.0000	0.0000	0.0000
2.5820	3125.67	1866.08	10.0	-1.0	-4222.2	-2527.7	-1.0000	-1.0000	-0.00004	-0.00039	0.023	0.002000	80000.000000	80000.000000	0.0000	0.0000	0.0000	0.0000
2.5840	3126.93	1868.35	10.0	-1.0	-4221.3	-2529.2	-1.0000	-1.0000	-0.00004	-0.00039	0.023	0.002000	80000.000000	80000.000000	0.0000	0.0000	0.0000	0.0000
2.5860	3128.19	1870.63	10.0	-1.0	-4220.4	-2530.8	-1.0000	-1.0000	-0.00004	-0.00039	0.023	0.002000	80000.000000	80000.000000	0.0000	0.0000	0.0000	0.0000
2.5880	3129.44	1872.90	10.0	-1.0	-4219.6	-2532.3	-1.0000	-1.0000	-0.00004	-0.00039	0.023	0.002000	80000.000000	80000.000000	0.0000	0.0000	0.0000	0.0000
2.5900	3130.68	1875.17	10.0	-1.0	-4218.7	-2533.9	-1.0000	-1.0000	-0.00004	-0.00039	0.023	0.002000	80000.000000	80000.000000	0.0000	0.0000	0.0000	0.0000
2.5920	3131.93	1877.45	10.0	-1.0	-4217.8	-2535.4	-1.0000	-1.0000	-0.00004	-0.00039	0.023	0.002000	80000.000000	80000.000000	0.0000	0.0000	0.0000	0.0000
2.5940	3133.16	1879.72	10.0	-1.0	-4217.0	-2536.9	-1.0000	-1.0000	-0.00004	-0.00039	0.023	0.002000	80000.000000	80000.000000	0.0000	0.0000	0.0000	0.0000
2.5960	3134.40	1881.99	10.0	-1.0	-4216.1	-2538.5	-1.0000	-1.0000	-0.00004	-0.00039	0.023	0.002000	80000.000000	80000.000000	0.0000	0.0000	0.0000	0.0000
2.5980	3135.63	1884.26	10.0	-1.0	-4215.2	-2540.0	-1.0000	-1.0000	-0.00004	-0.00039	0.023	0.002000	80000.000000	80000.000000	0.0000	0.0000	0.0000	0.0000
2.6000	3136.86	1886.53	10.0	-1.0	-4214.3	-2541.6	-1.0000	-1.0000	-0.00004	-0.00039	0.023	0.002000	80000.000000	80000.000000	0.0000	0.0000	0.0000	0.0000
2.6020	3138.08	1888.80	10.0	-1.0	-4213.5	-2543.1	-1.0000	-1.0000	-0.00004	-0.00039	0.023	0.002000	80000.000000	80000.000000	0.0000	0.0000	0.0000	0.0000
2.6040	3139.30	1891.07	10.0	-1.0	-4212.6	-2544.6	-1.0000	-1.0000	-0.00004	-0.00039	0.023	0.002000	80000.000000	80000.000000	0.0000	0.0000	0.0000	0.0000
2.6060	3140.52	1893.34	10.0	-1.0	-4211.7	-2546.2	-1.0000	-1.0000	-0.00004	-0.00039	0.023	0.002000	80000.000000	80000.000000	0.0000	0.0000	0.0000	0.0000
2.6080	3141.73	1895.61	10.0	-1.0	-4210.8	-2547.7	-1.0000	-1.0000	-0.00004	-0.00039	0.023	0.002000	80000.000000	80000.000000	0.0000	0.0000	0.0000	0.0000
2.6100	3142.94	1897.88	10.0	-1.0	-4210.0	-2549.3	-1.0000	-1.0000	-0.00004	-0.00039	0.023	0.002000	80000.000000	80000.000000	0.0000	0.0000	0.0000	0.0000
2.6120	3144.14	1900.15	10.0	-1.0	-4209.1	-2550.8	-1.0000	-1.0000	-0.00004	-0.00039	0.023	0.002000	80000.000000	80000.000000	0.0000	0.0000	0.0000	0.0000
2.6140	3144.59	1902.41	9.0	-1.0	-4208.2	-2552.3	-1.0000	-1.0000	-0.00004	-0.00035	0.020	0.002000	80000.000000	80000.000000	0.0000	0.0000	0.0000	0.0000
2.6160	3146.54	1904.68	10.0	-1.0	-4207.3	-2553.9	-1.0000	-1.0000	-0.00004	-0.00039	0.023	0.002000	80000.000000	80000.000000	0.0000	0.0000	0.0000	0.0000
2.6180	3147.73	1906.95	10.0	-1.0	-4206.5	-2555.4	-1.0000	-1.0000	-0.00004	-0.00039	0.023	0.002000	80000.000000	80000.000000	0.0000	0.0000	0.0000	0.0000
2.6200	3148.92	1909.21	10.0	-1.0	-4205.6	-2556.9	-1.0000	-1.0000	-0.00004	-0.00039	0.023	0.002000	80000.000000	80000.000000	0.0000	0.0000	0.0000	0.0000
2.6220	3150.10	1911.48	10.0	-1.0	-4204.7	-2558.5	-1.0000	-1.0000	-0.00004	-0.00039	0.023	0.002000	80000.000000	80000.000000	0.0000	0.0000	0.0000	0.0000
2.6240	3151.28	1913.74	10.0	-1.0	-4203.8	-2560.0	-1.0000	-1.0000	-0.00004	-0.00039	0.023	0.002000	80000.000000	80000.000000	0.0000	0.0000	0.0000	0.0000
2.6260	3152.46	1916.01	10.0	-1.0	-4202.9	-2561.5	-1.0000	-1.0000	-0.00004	-0.00039	0.023	0.002000	80000.000000	80000.000000	0.0000	0.0000	0.0000	0.0000
2.6280	3153.63	1918.27	10.0	-1.0	-4202.0	-2563.1	-1.0000	-1.0000	-0.00004	-0.00039	0.023	0.002000	80000.000000	80000.000000	0.0000	0.0000	0.0000	0.0000
2.6300	3154.80	1920.53	10.0	-1.0	-4201.2	-2564.6	-1.0000	-1.0000	-0.00004	-0.00039	0.023	0.002000	80000.000000	80000.000000	0.0000	0.0000	0.0000	0.0000
2.6320	3155.96	1922.80	10.0	-1.0	-4200.3	-2566.1	-1.0000	-1.0000	-0.00004	-0.00039	0.023	0.002000	80000.000000	80000.000000	0.0000	0.0000	0.0000	0.0000
2.6340	3157.12	1925.06	10.0	-1.0	-4199.4	-2567.7	-1.0000	-1.0000	-0.00004	-0.00039	0.023	0.002000	80000.000000	80000.000000	0.0000	0.0000	0.0000	0.0000
2.6360	3158.28	1927.32	10.0	-1.0	-4198.5	-2569.2	-1.0000	-1.0000	-0.00004	-0.00039	0.023	0.002000	80000.000000	80000.000000	0.0000	0.0000	0.0000	0.0000
2.6380	3159.44	1929.58	10.0	-1.0	-4197.6	-2570.7	-1.0000	-1.0000	-0.00004	-0.00039	0.023	0.002000	80000.000000	80000.000000	0.0000	0.0000	0.0000	0.0000
2.6400	3160.59	1931.84	10.0	-1.0	-4196.7	-2572.3	-1.0000	-1.0000	-0.00004	-0.00039	0.023	0.002000	80000.000000	80000.000000	0.0000	0.0000	0.0000	0.0000
2.6420	3161.73	1934.10	10.0	-1.0	-4195.9	-2573.8	-1.0000	-1.0000	-0.00004	-0.00039	0.023	0.002000	80000.000000	80000.000000	0.0000	0.0000	0.0000	0.0000
2.6440	3162.87	1936.36	10.0	-1.0	-4195.0	-2575.3	-1.0000	-1.0000	-0.00004	-0.00039	0.023	0.002000	80000.000000	80000.000000	0.0000	0.0000	0.0000	0.0000
2.6460	3164.01	1938.62	10.0	-1.0	-4194.1	-2576.9	-1.0000	-1.0000	-0.00004	-0.00039	0.023	0.002000	80000.000000	80000.000000	0.0000	0.0000	0.0000	0.0000
2.6480	3165.15	1940.88	10.0	-1.0	-4193.2	-2578.4	-1.0000	-1.0000	-0.00004	-0.00039	0.023	0.002000	80000.000000	80000.000000	0.0000	0.0000	0.0000	0.0000
2.6500	3166.28	1943.14	10.0	-1.0	-4192.3	-2579.9	-1.0000	-1.0000	-0.00004	-0.00039	0.023	0.002000	80000.000000	80000.000000	0.0000	0.0000	0.0000	0.0000
2.6520	3167.40	1945.39	10.0	-1.0	-4191.4	-2581.5	-1.0000	-1.0000	-0.00004	-0.00039	0.023	0.002000	80000.000000	80000.000000	0.0000	0.0000	0.0000	0.0000
2.6540	3168.52	1947.65	10.0	-1.0	-4190.5	-2583.0	-1.0000	-1.0000	-0.00004	-0.00039	0.023	0.002000	80000.000000	80000.000000	0.0000	0.0000	0.0000	0.0000
2.6560	3169.64	1949.91	10.0	-1.0	-4189.6	-2584.5	-1.0000	-1.0000	-0.00004	-0.00039	0.023	0.002000	80000.000000	80000.000000	0.0000	0.0000	0.0000	0.0000
2.6580	3170.76	1952.16	10.0	-1.0	-4188.7	-2586.1	-1.0000	-1.0000	-0.00004	-0.00039	0.023	0.002000	80000.000000	80000.000000	0.0000	0.0000	0.0000	0.0000
2.6600	3171.87	1954.42	10.0	-1.0	-4187.8	-2587.6	-1.0000	-1.0000	-0.00004	-0.00039	0.023	0.002000	80000.000000	80000.000000	0.0000	0.0000	0.0000	0.0000
2.6620	3173.73	1956.67	11.0	-1.0	-4187.0	-2589.1	-1.0000	-1.0000	-0.00004	-0.00043	0.025	0.002000	80000.000000	80000.000000	0.0000	0.0000	0.0000	0.0000
2.6640	3174.08	1958.92	10.0	-1.0	-4186.1	-2590.7	-1.0000	-1.0000	-0.00004	-0.00039	0.023	0.002000	80000.000000	80000.000000	0.0000	0.0000	0.0000	0.0000
2.6660	3175.18	1961.18	10.0	-1.0	-4185.2	-2592.2	-1.0000	-1.0000	-0.00004	-0.00039	0.023	0.002000	80000.000000	80000.000000	0.0000	0.0000	0.0000	0.0000
2.6680	3176.28	1963.43	10.0	-1.0	-4184.3	-2593.7	-1.0000	-1.0000	-0.00004	-0.00039	0.023	0.002000	80000.000000	80000.000000	0.0000	0.0000	0.0000	0.0000
2.6700	3177.37	1965.68	10.0	-1.0	-4183.4	-2595.2	-1.0000	-1.0000	-0.00004	-0.00039	0.023	0.002000	80000.000000	80000.000000	0.0000	0.0000	0.0000	0.0000
2.6720	3178.46	1967.93	10.0	-1.0	-4182.5	-2596.8	-1.0000	-1.0000	-0.00004	-0.00039	0.023	0.002000	80000.000000	80000.000000	0.0000	0.0000	0.0000	0.0000
2.6740	3179.54	1970.18	10.0	-1.0	-4181.6	-2598.3	-1.0000	-1.0000	-0.00004	-0.00039	0.023	0.002000	80000.000000	80000.000000	0.0000	0.0000	0.0000	0.0000
2.6760	3180.62	1972.43	10.0	-1.0	-4180.7	-2599.8	-1.0000	-1.0000	-0.00004	-0.00039	0.023	0.002000	80000.000000	80000.000000	0.0000	0.0000	0.0000	0.0000
2.6780	3181.70	1974.68	10.0	-1.0	-4179.8	-2601.3	-1.0000	-1.0000	-0.00004	-0.00039	0.023	0.002000	80000.000000	80000.000000	0.0000	0.0000	0.0000	0.0000
2.6800	3182.77	1976.93	10.0	-1.0	-4178.9	-2602.9	-1.0000	-1.0000	-0.00004	-0.00039	0.023	0.002000	80000.000000	80000.000000	0.0000	0.0000	0.0000	0.0000
2.6820	3183.84	1979.18	10.0	-1.0	-4178.0	-2604.4	-1.0000	-1.0000	-0.00004	-0.00039	0.023	0.002000	80000.000000	80000.000000	0.0000	0.0000	0.0000	0.0000
2.6840	3184.91	1981.43	10.0	-1.0	-4177.1	-2605.9	-1.0000	-1.0000	-0.00004	-0.00039	0.023	0.002000	80000.000000	80000.000000	0.0000	0.0000	0.0000	0.0000
2.6860	3185.97	1983.68	10.0	-1.0	-4176.2	-2607.4	-1.0000	-1.0000	-0.00004	-0.00039	0.023	0.002000	80000.000000	80000.000000	0.0000	0.0000	0.0000	0.0000
2.6880	3186.27	1985.92	9.0	-1.0	-4175.3	-2609.0	-1.0000	-1.0000	-0.00004	-0.00035	0.020	0.002000	80000.000000	80000.000000	0.0000	0.0000	0.0000	0.0000
2.6900	3188.08	1988.17	10.0	-1.0	-4174.4	-2610.5	-1.0000	-1.0000	-0.00004	-0.00039	0.023	0.002000	80000.000000	80000.000000	0.0000	0.0000	0.0000	0.0000
2.6920	3189.13	1990.42	10.0	-1.0	-4173.5	-2612.0	-1.0000	-1.0000	-0.00004	-0.00039	0.023	0.002000	80000.000000	80000.000000	0.0000	0.0000	0.0000	0.0000
2.6940	3190.18	1992.66	10.0	-1.0	-4172.6	-2613.5	-1.0000	-1.0000	-0.00004	-0.00039	0.023	0.002000	80000.000000	80000.000000	0.0000	0.0000	0.0000	0.0000
2.6960	3191.22	1994.91	10.0	-1.0	-4171.7	-2615.1	-1.0000	-1.0000	-0.00004	-0.00039	0.023	0.002000	80000.000000	80000.000000	0.0000	0.0000	0.0000	0.0000
2.6980	3192.26	1997.15	10.0	-1.0	-4170.8	-2616.6	-1.0000	-1.0000	-0.00004	-0.00039	0.023	0.002000	80000.000000	80000.000000	0.0000	0.0000	0.0000	0.0000
2.7000	3193.30	1999.39	10.0	-1.0	-4169.9	-2618.1	-1.0000	-1.0000	-0.00004	-0.00039	0.023	0.002000	80000.000000	80000.000000	0.0000	0.0000	0.0000	0.0000
2.7020	3194.33	2001.64	10.0	-1.0	-4169.0	-2619.6	-1.0000	-1.0000	-0.00004	-0.00039	0.023	0.002000	80000.000000	80000.000000	0.0000	0.0000	0.0000	0.0000
2.7040	3195.35	2003.88	10.0	-1.0	-4168.1	-2621.2	-1.0000	-1.0000	-0.00004	-0.00039	0.023	0.002000	80000.000000	80000.000000	0.0000	0.0000	0.0000	0.0000
2.7060	3196.38	2006.12	10.0	-1.0	-4167.2	-2622.7	-1.0000	-1.0000	-0.00004	-0.00039	0.023	0.002000	80000.000000	80000.000000	0.0000	0.0000	0.0000	0.0000
2.7080	3197.40	2008.36	10.0	-1.0	-4166.3	-2624.2	-1.0000	-1.0000	-0.00004	-0.00039	0.023	0.002000	80000.000000	80000.000000	0.0000	0.0000	0.0000	0.0000
2.7100	3198.42	2010.60	10.0	-1.0	-4165.3	-2625.7	-1.0000	-1.0000	-0.00004	-0.00039	0.023	0.002000	80000.000000	80000.000000	0.0000	0.0000	0.0000	0.0000
2.7120	3199.43	2012.84	10.0	-1.0	-4164.4	-2627.2	-1.0000	-1.0000	-0.00004	-0.00039	0.023	0.002000	80000.000000	80000.000000	0.0000	0.0000	0.0000	0.0000
2.7140	3200.44	2015.08	10.0	-1.0	-4163.5	-2628.8	-1.0000	-1.0000	-0.00004	-0.00039	0.023	0.002000	80000.000000	80000.000000	0.0000	0.0000	0.0000	0.0000
2.7160	3201.44	2017.32	10.0	-1.0	-4162.6	-2630.3	-1.0000	-1.0000	-0.00004	-0.00039	0.023	0.002000	80000.000000	80000.000000	0.0000	0.0000	0.0000	0.0000
2.7180	3202.44	2019.56	10.0	-1.0	-4161.7	-2631.8	-1.0000	-1.0000	-0.00004	-0.00039	0.023	0.002000	80000.000000	80000.000000	0.0000	0.0000	0.0000	0.0000
2.7200	3203.44	2021.79	10.0	-1.0	-4160.8	-2633.3	-1.0000	-1.0000	-0.00004	-0.00039	0.023	0.002000	80000.000000	80000.000000	0.0000	0.0000	0.0000	0.0000
2.7220	3204.44	2024.03	10.0	-1.0	-4159.9	-2634.8	-1.0000	-1.0000	-0.00004	-0.00039	0.023	0.002000	80000.000000	80000.000000	0.0000	0.0000	0.0000	0.0000
2.7240	3205.43	2026.26	10.0	-1.0	-4159.0	-2636.4	-1.0000	-1.0000	-0.00004	-0.00039	0.023	0.002000	80000.000000	80000.000000	0.0000	0.0000	0.0000	0.0000
2.7260	3205.64	2028.50	9.0	-1.0	-4158.1	-2637.9	-1.0000	-1.0000	-0.00004	-0.00035	0.020	0.002000	80000.000000	80000.000000	0.0000	0.0000	0.0000	0.0000
2.7280	3207.40	2030.73	10.0	-1.0	-4157.1	-2639.4	-1.0000	-1.0000	-0.00004	-0.00039	0.023	0.002000	80000.000000	80000.000000	0.0000	0.0000	0.0000	0.0000
2.7300	3207.61	2032.97	9.0	-1.0	-4156.2	-2640.9	-1.0000	-1.0000	-0.00004	-0.00035	0.020	0.002000	80000.000000	80000.000000	0.0000	0.0000	0.0000	0.0000
2.7320	3209.35	2035.20	10.0	-1.0	-4155.3	-2642.4	-1.0000	-1.0000	-0.00004	-0.00039	0.023	0.002000	80000.000000	80000.000000	0.0000	0.0000	0.0000	0.0000
2.7340	3209.55	2037.43	9.0	-1.0	-4154.4	-2643.9	-1.0000	-1.0000	-0.00004	-0.00035	0.020	0.002000	80000.000000	80000.000000	0.0000	0.0000	0.0000	0.0000
2.7360	3211.29	2039.67	10.0	-1.0	-4153.5	-2645.5	-1.0000	-1.0000	-0.00004	-0.00039	0.023	0.002000	80000.000000	80000.000000	0.0000	0.0000	0.0000	0.0000
2.7380	3212.25	2041.90	10.0	-1.0	-4152.6	-2647.0	-1.0000	-1.0000	-0.00004	-0.00039	0.023	0.002000	80000.000000	80000.000000	0.0000	0.0000	0.0000	0.0000
2.7400	3213.22	2044.13	10.0	-1.0	-4151.7	-2648.5	-1.0000	-1.0000	-0.00004	-0.00039	0.023	0.002000	80000.000000	80000.000000	0.0000	0.0000	0.0000	0.0000
2.7420	3214.17	2046.36	10.0	-1.0	-4150.7	-2650.0	-1.0000	-1.0000	-0.00004	-0.00039	0.023	0.002000	80000.000000	80000.000000	0.0000	0.0000	0.0000	0.0000
2.7440	3215.13	2048.59	10.0	-1.0	-4149.8	-2651.5	-1.0000	-1.0000	-0.00004	-0.00039	0.023	0.002000	80000.000000	80000.000000	0.0000	0.0000	0.0000	0.0000
2.7460	3216.08	2050.82	10.0	-1.0	-4148.9	-2653.0	-1.0000	-1.0000	-0.00004	-0.00039	0.023	0.002000	80000.000000	80000.000000	0.0000	0.0000	0.0000	0.0000
2.7480	3217.02	2053.04	10.0	-1.0	-4148.0	-2654.6	-1.0000	-1.0000	-0.00004	-0.00039	0.023	0.002000	80000.000000	80000.000000	0.0000	0.0000	0.0000	0.0000
2.7500	3217.96	2055.27	10.0	-1.0	-4147.1	-2656.1	-1.0000	-1.0000	-0.00004	-0.00039	0.023	0.002000	80000.000000	80000.000000	0.0000	0.0000	0.0000	0.0000
2.7520	3218.90	2057.50	10.0	-1.0	-4146.1	-2657.6	-1.0000	-1.0000	-0.00004	-0.00039	0.023	0.002000	80000.000000	80000.000000	0.0000	0.0000	0.0000	0.0000
2.7540	3219.84	2059.73	10.0	-1.0	-4145.2	-2659.1	-1.0000	-1.0000	-0.00004	-0.00039	0.023	0.002000	80000.000000	80000.000000	0.0000	0.0000	0.0000	0.0000
2.7560	3220.77	2061.95	10.0	-1.0	-4144.3	-2660.6	-1.0000	-1.0000	-0.00004	-0.00039	0.023	0.002000	80000.000000	80000.000000	0.0000	0.0000	0.0000	0.0000
2.7580	3221.70	2064.18	10.0	-1.0	-4143.4	-2662.1	-1.0000	-1.0000	-0.00004	-0.00039	0.023	0.002000	80000.000000	80000.000000	0.0000	0.0000	0.0000	0.0000
2.7600	3222.62	2066.40	10.0	-1.0	-4142.5	-2663.6	-1.0000	-1.0000	-0.00004	-0.00039	0.023	0.002000	80000.000000	80000.000000	0.0000	0.0000	0.0000	0.0000
2.7620	3223.54	2068.62	10.0	-1.0	-4141.5	-2665.1	-1.0000	-1.0000	-0.00004	-0.00039	0.023	0.002000	80000.000000	80000.000000	0.0000	0.0000	0.0000	0.0000
2.7640	3224.46	2070.85	10.0	-1.0	-4140.6	-2666.7	-1.0000	-1.0000	-0.00004	-0.00039	0.023	0.002000	80000.000000	80000.000000	0.0000	0.0000	0.0000	0.0000
2.7660	3225.37	2073.07	10.0	-1.0	-4139.7	-2668.2	-1.0000	-1.0000	-0.00004	-0.00039	0.023	0.002000	80000.000000	80000.000000	0.0000	0.0000	0.0000	0.0000
2.7680	3226.28	2075.29	10.0	-1.0	-4138.8	-2669.7	-1.0000	-1.0000	-0.00004	-0.00039	0.023	0.002000	80000.000000	80000.000000	0.0000	0.0000	0.0000	0.0000
2.7700	3227.18	2077.51	10.0	-1.0	-4137.8	-2671.2	-1.0000	-1.0000	-0.00004	-0.00039	0.023	0.002000	80000.000000	80000.000000	0.0000	0.0000	0.0000	0.0000
2.7720	3228.08	2079.73	10.0	-1.0	-4136.9	-2672.7	-1.0000	-1.0000	-0.00004	-0.00039	0.023	0.002000	80000.000000	80000.000000	0.0000	0.0000	0.0000	0.0000
2.7740	3228.98	2081.95	10.0	-1.0	-4136.0	-2674.2	-1.0000	-1.0000	-0.00004	-0.00039	0.023	0.002000	80000.000000	80000.000000	0.0000	0.0000	0.0000	0.0000
2.7760	3229.88	2084.17	10.0	-1.0	-4135.1	-2675.7	-1.0000	-1.0000	-0.00004	-0.00039	0.023	0.002000	80000.000000	80000.000000	0.0000	0.0000	0.0000	0.0000
2.7780	3230.77	2086.39	10.0	-1.0	-4134.1	-2677.2	-1.0000	-1.0000	-0.00004	-0.00039	0.023	0.002000	80000.000000	80000.000000	0.0000	0.0000	0.0000	0.0000
2.7800	3231.66	2088.60	10.0	-1.0	-4133.2	-2678.7	-1.0000	-1.0000	-0.00004	-0.00039	0.023	0.002000	80000.000000	80000.000000	0.0000	0.0000	0.0000	0.0000
2.7820	3232.54	2090.82	10.0	-1.0	-4132.3	-2680.2	-1.0000	-1.0000	-0.00004	-0.00039	0.023	0.002000	80000.000000	80000.000000	0.0000	0.0000	0.0000	0.0000
2.7840	3233.42	2093.04	10.0	-1.0	-4131.3	-2681.7	-1.0000	-1.0000	-0.00004	-0.00039	0.023	0.002000	80000.000000	80000.000000	0.0000	0.0000	0.0000	0.0000
2.7860	3234.29	2095.25	10.0	-1.0	-4130.4	-2683.3	-1.0000	-1.0000	-0.00004	-0.00039	0.023	0.002000	80000.000000	80000.000000	0.0000	0.0000	0.0000	0.0000
2.7880	3235.17	2097.47	10.0	-1.0	-4129.5	-2684.8	-1.0000	-1.0000	-0.00004	-0.00039	0.023	0.002000	80000.000000	80000.000000	0.0000	0.0000	0.0000	0.0000
2.7900	3236.04	2099.68	10.0	-1.0	-4128.5	-2686.3	-1.0000	-1.0000	-0.00004	-0.00039	0.023	0.002000	80000.000000	80000.000000	0.0000	0.0000	0.0000	0.0000
2.7920	3236.90	2101.89	10.0	-1.0	-4127.6	-2687.8	-1.0000	-1.0000	-0.00004	-0.00039	0.023	0.002000	80000.000000	80000.000000	0.0000	0.0000	0.0000	0.0000
2.7940	3237.76	2104.11	10.0	-1.0	-4126.7	-2689.3	-1.0000	-1.0000	-0.00004	-0.00039	0.023	0.002000	80000.000000	80000.000000	0.0000	0.0000	0.0000	0.0000
2.7960	3238.62	2106.32	10.0	-1.0	-4125.7	-2690.8	-1.0000	-1.0000	-0.00004	-0.00039	0.023	0.002000	80000.000000	80000.000000	0.0000	0.0000	0.0000	0.0000
2.7980	3239.48	2108.53	10.0	-1.0	-4124.8	-2692.3	-1.0000	-1.0000	-0.00004	-0.00039	0.023	0.002000	80000.000000	80000.000000	0.0000	0.0000	0.0000	0.0000
2.8000	3240.33	2110.74	10.0	-1.0	-4123.9	-2693.8	-1.0000	-1.0000	-0.00004	-0.00039	0.023	0.002000	80000.000000	80000.000000	0.0000	0.0000	0.0000	0.0000
2.8020	3241.18	2112.95	10.0	-1.0	-4122.9	-2695.3	-1.0000	-1.0000	-0.00004	-0.00039	0.023	0.002000	80000.000000	80000.000000	0.0000	0.0000	0.0000	0.0000
2.8040	3242.02	2115.16	10.0	-1.0	-4122.0	-2696.8	-1.0000	-1.0000	-0.00004	-0.00039	0.023	0.002000	80000.000000	80000.000000	0.0000	0.0000	0.0000	0.0000
2.8060	3242.86	2117.37	10.0	-1.0	-4121.1	-2698.3	-1.0000	-1.0000	-0.00004	-0.00039	0.023	0.002000	80000.000000	80000.000000	0.0000	0.0000	0.0000	0.0000
2.8080	3243.70	2119.57	10.0	-1.0	-4120.1	-2699.8	-1.0000	-1.0000	-0.00004	-0.00039	0.023	0.002000	80000.000000	80000.000000	0.0000	0.0000	0.0000	0.0000
2.8100	3244.53	2121.78	10.0	-1.0	-4119.2	-2701.3	-1.0000	-1.0000	-0.00004	-0.00039	0.023	0.002000	80000.000000	80000.000000	0.0000	0.0000	0.0000	0.0000
2.8120	3245.36	2123.99	10.0	-1.0	-4118.3	-2702.8	-1.0000	-1.0000	-0.00004	-0.00039	0.023	0.002000	80000.000000	80000.000000	0.0000	0.0000	0.0000	0.0000
2.8140	3246.18	2126.19	10.0	-1.0	-4117.3	-2704.3	-1.0000	-1.0000	-0.00004	-0.00039	0.023	0.002000	80000.000000	80000.000000	0.0000	0.0000	0.0000	0.0000
2.8160	3247.01	2128.40	10.0	-1.0	-4116.4	-2705.8	-1.0000	-1.0000	-0.00004	-0.00039	0.023	0.002000	80000.000000	80000.000000	0.0000	0.0000	0.0000	0.0000
2.8180	3247.82	2130.60	10.0	-1.0	-4115.4	-2707.3	-1.0000	-1.0000	-0.00004	-0.00039	0.023	0.002000	80000.000000	80000.000000	0.0000	0.0000	0.0000	0.0000
2.8200	3248.64	2132.80	10.0	-1.0	-4114.5	-2708.8	-1.0000	-1.0000	-0.00004	-0.00039	0.023	0.002000	80000.000000	80000.000000	0.0000	0.0000	0.0000	0.0000
2.8220	3249.45	2135.01	10.0	-1.0	-4113.6	-2710.3	-1.0000	-1.0000	-0.00004	-0.00039	0.023	0.002000	80000.000000	80000.000000	0.0000	0.0000	0.0000	0.0000
2.8240	3250.26	2137.21	10.0	-1.0	-4112.6	-2711.8	-1.0000	-1.0000	-0.00004	-0.00039	0.023	0.002000	80000.000000	80000.000000	0.0000	0.0000	0.0000	0.0000
2.8260	3251.06	2139.41	10.0	-1.0	-4111.7	-2713.3	-1.0000	-1.0000	-0.00004	-0.00039	0.023	0.002000	80000.000000	80000.000000	0.0000	0.0000	0.0000	0.0000
2.8280	3251.86	2141.61	10.0	-1.0	-4110.7	-2714.8	-1.0000	-1.0000	-0.00004	-0.00039	0.023	0.002000	80000.000000	80000.000000	0.0000	0.0000	0.0000	0.0000
2.8300	3252.66	2143.81	10.0	-1.0	-4109.8	-2716.3	-1.0000	-1.0000	-0.00004	-0.00039	0.023	0.002000	80000.000000	80000.000000	0.0000	0.0000	0.0000	0.0000
2.8320	3253.45	2146.01	10.0	-1.0	-4108.8	-2717.8	-1.0000	-1.0000	-0.00004	-0.00039	0.023	0.002000	80000.000000	80000.000000	0.0000	0.0000	0.0000	0.0000
2.8340	3254.25	2148.21	10.0	-1.0	-4107.9	-2719.3	-1.0000	-1.0000	-0.00004	-0.00039	0.023	0.002000	80000.000000	80000.000000	0.0000	0.0000	0.0000	0.0000
2.8360	3255.03	2150.40	10.0	-1.0	-4106.9	-2720.8	-1.0000	-1.0000	-0.00004	-0.00039	0.023	0.002000	80000.000000	80000.000000	0.0000	0.0000	0.0000	0.0000
2.8380	3255.81	2152.60	10.0	-1.0	-4106.0	-2722.3	-1.0000	-1.0000	-0.00004	-0.00039	0.023	0.002000	80000.000000	80000.000000	0.0000	0.0000	0.0000	0.0000
2.8400	3256.59	2154.80	10.0	-1.0	-4105.1	-2723.8	-1.0000	-1.0000	-0.00004	-0.00039	0.023	0.002000	80000.000000	80000.000000	0.0000	0.0000	0.0000	0.0000
2.8420	3257.37	2156.99	10.0	-1.0	-4104.1	-2725.3	-1.0000	-1.0000	-0.00004	-0.00039	0.023	0.002000	80000.000000	80000.000000	0.0000	0.0000	0.0000	0.0000
2.8440	3258.14	2159.19	10.0	-1.0	-4103.2	-2726.8	-1.0000	-1.0000	-0.00004	-0.00039	0.023	0.002000	80000.000000	80000.000000	0.0000	0.0000	0.0000	0.0000
2.8460	3258.91	2161.38	10.0	-1.0	-4102.2	-2728.3	-1.0000	-1.0000	-0.00004	-0.00039	0.023	0.002000	80000.000000	80000.000000	0.0000	0.0000	0.0000	0.0000
2.8480	3259.68	2163.57	10.0	-1.0	-4101.3	-2729.8	-1.0000	-1.0000	-0.00004	-0.00039	0.023	0.002000	80000.000000	80000.000000	0.0000	0.0000	0.0000	0.0000
2.8500	3260.44	2165.77	10.0	-1.0	-4100.3	-2731.3	-1.0000	-1.0000	-0.00004	-0.00039	0.023	0.002000	80000.000000	80000.000000	0.0000	0.0000	0.0000	0.0000
2.8520	3261.20	2167.96	10.0	-1.0	-4099.4	-2732.8	-1.0000	-1.0000	-0.00004	-0.00039	0.023	0.002000	80000.000000	80000.000000	0.0000	0.0000	0.0000	0.0000
2.8540	3261.95	2170.15	10.0	-1.0	-4098.4	-2734.3	-1.0000	-1.0000	-0.00004	-0.00039	0.023	0.002000	80000.000000	80000.000000	0.0000	0.0000	0.0000	0.0000
2.8560	3262.70	2172.34	10.0	-1.0	-4097.5	-2735.8	-1.0000	-1.0000	-0.00004	-0.00039	0.023	0.002000	80000.000000	80000.000000	0.0000	0.0000	0.0000	0.0000
2.8580	3263.45	2174.53	10.0	-1.0	-4096.5	-2737.3	-1.0000	-1.0000	-0.00004	-0.00039	0.023	0.002000	80000.000000	80000.000000	0.0000	0.0000	0.0000	0.0000
2.8600	3264.19	2176.72	10.0	-1.0	-4095.5	-2738.8	-1.0000	-1.0000	-0.00004	-0.00039	0.023	0.002000	80000.000000	80000.000000	0.0000	0.0000	0.0000	0.0000
2.8620	3264.94	2178.90	10.0	-1.0	-4094.6	-2740.3	-1.0000	-1.0000	-0.00004	-0.00039	0.023	0.002000	80000.000000	80000.000000	0.0000	0.0000	0.0000	0.0000
2.8640	3265.67	2181.09	10.0	-1.0	-4093.6	-2741.8	-1.0000	-1.0000	-0.00004	-0.00039	0.023	0.002000	80000.000000	80000.000000	0.0000	0.0000	0.0000	0.0000
2.8660	3266.41	2183.28	10.0	-1.0	-4092.7	-2743.2	-1.0000	-1.0000	-0.00004	-0.00039	0.023	0.002000	80000.000000	80000.000000	0.0000	0.0000	0.0000	0.0000
2.8680	3267.14	2185.46	10.0	-1.0	-4091.7	-2744.7	-1.0000	-1.0000	-0.00004	-0.00039	0.023	0.002000	80000.000000	80000.000000	0.0000	0.0000	0.0000	0.0000
2.8700	3267.86	2187.65	10.0	-1.0	-4090.8	-2746.2	-1.0000	-1.0000	-0.00004	-0.00039	0.023	0.002000	80000.000000	80000.000000	0.0000	0.0000	0.0000	0.0000
2.8720	3268.59	2189.83	10.0	-1.0	-4089.8	-2747.7	-1.0000	-1.0000	-0.00004	-0.00039	0.023	0.002000	80000.000000	80000.000000	0.0000	0.0000	0.0000	0.0000
2.8740	3269.31	2192.01	10.0	-1.0	-4088.9	-2749.2	-1.0000	-1.0000	-0.00004	-0.00039	0.023	0.002000	80000.000000	80000.000000	0.0000	0.0000	0.0000	0.0000
2.8760	3270.02	2194.20	10.0	-1.0	-4087.9	-2750.7	-1.0000	-1.0000	-0.00004	-0.00039	0.023	0.002000	80000.000000	80000.000000	0.0000	0.0000	0.0000	0.0000
2.8780	3270.74	2196.38	10.0	-1.0	-4086.9	-2752.2	-1.0000	-1.0000	-0.00004	-0.00039	0.023	0.002000	80000.000000	80000.000000	0.0000	0.0000	0.0000	0.0000
2.8800	3271.44	2198.56	10.0	-1.0	-4086.0	-2753.7	-1.0000	-1.0000	-0.00004	-0.00039	0.023	0.002000	80000.000000	80000.000000	0.0000	0.0000	0.0000	0.0000
2.8820	3272.15	2200.74	10.0	-1.0	-4085.0	-2755.2	-1.0000	-1.0000	-0.00004	-0.00039	0.023	0.002000	80000.000000	80000.000000	0.0000	0.0000	0.0000	0.0000
2.8840	3272.85	2202.92	10.0	-1.0	-4084.1	-2756.7	-1.0000	-1.0000	-0.00004	-0.00039	0.023	0.002000	80000.000000	80000.000000	0.0000	0.0000	0.0000	0.0000
2.8860	3273.55	2205.10	10.0	-1.0	-4083.1	-2758.2	-1.0000	-1.0000	-0.00004	-0.00039	0.023	0.002000	80000.000000	80000.000000	0.0000	0.0000	0.0000	0.0000
2.8880	3274.25	2207.27	10.0	-1.0	-4082.1	-2759.6	-1.0000	-1.0000	-0.00004	-0.00039	0.023	0.002000	80000.000000	80000.000000	0.0000	0.0000	0.0000	0.0000
2.8900	3274.94	2209.45	10.0	-1.0	-4081.2	-2761.1	-1.0000	-1.0000	-0.00004	-0.00039	0.023	0.002000	80000.000000	80000.000000	0.0000	0.0000	0.0000	0.0000
2.8920	3275.63	2211.63	10.0	-1.0	-4080.2	-2762.6	-1.0000	-1.0000	-0.00004	-0.00039	0.023	0.002000	80000.000000	80000.000000	0.0000	0.0000	0.0000	0.0000
2.8940	3276.31	2213.80	10.0	-1.0	-4079.3	-2764.1	-1.0000	-1.0000	-0.00004	-0.00039	0.023	0.002000	80000.000000	80000.000000	0.0000	0.0000	0.0000	0.0000
2.8960	3276.99	2215.98	10.0	-1.0	-4078.3	-2765.6	-1.0000	-1.0000	-0.00004	-0.00039	0.023	0.002000	80000.000000	80000.000000	0.0000	0.0000	0.0000	0.0000
2.8980	3277.67	2218.15	10.0	-1.0	-4077.3	-2767.1	-1.0000	-1.0000	-0.00004	-0.00039	0.023	0.002000	80000.000000	80000.000000	0.0000	0.0000	0.0000	0.0000
2.9000	3278.35	2220.32	10.0	-1.0	-4076.4	-2768.6	-1.0000	-1.0000	-0.00004	-0.00039	0.023	0.002000	80000.000000	80000.000000	0.0000	0.0000	0.0000	0.0000
2.9020	3279.02	2222.50	10.0	-1.0	-4075.4	-2770.1	-1.0000	-1.0000	-0.00004	-0.00039	0.023	0.002000	80000.000000	80000.000000	0.0000	0.0000	0.0000	0.0000
2.9040	3279.69	2224.67	10.0	-1.0	-4074.4	-2771.5	-1.0000	-1.0000	-0.00004	-0.00039	0.023	0.002000	80000.000000	80000.000000	0.0000	0.0000	0.0000	0.0000
2.9060	3280.35	2226.84	10.0	-1.0	-4073.5	-2773.0	-1.0000	-1.0000	-0.00004	-0.00039	0.023	0.002000	80000.000000	80000.000000	0.0000	0.0000	0.0000	0.0000
2.9080	3281.01	2229.01	10.0	-1.0	-4072.5	-2774.5	-1.0000	-1.0000	-0.00004	-0.00039	0.023	0.002000	80000.000000	80000.000000	0.0000	0.0000	0.0000	0.0000
2.9100	3281.67	2231.18	10.0	-1.0	-4071.5	-2776.0	-1.0000	-1.0000	-0.00004	-0.00039	0.023	0.002000	80000.000000	80000.000000	0.0000	0.0000	0.0000	0.0000
2.9120	3282.32	2233.35	10.0	-1.0	-4070.6	-2777.5	-1.0000	-1.0000	-0.00004	-0.00039	0.023	0.002000	80000.000000	80000.000000	0.0000	0.0000	0.0000	0.0000
2.9140	3282.98	2235.51	10.0	-1.0	-4069.6	-2779.0	-1.0000	-1.0000	-0.00004	-0.00039	0.023	0.002000	80000.000000	80000.000000	0.0000	0.0000	0.0000	0.0000
2.9160	3283.62	2237.68	10.0	-1.0	-4068.6	-2780.4	-1.0000	-1.0000	-0.00004	-0.00039	0.023	0.002000	80000.000000	80000.000000	0.0000	0.0000	0.0000	0.0000
2.9180	3284.27	2239.85	10.0	-1.0	-4067.6	-2781.9	-1.0000	-1.0000	-0.00004	-0.00039	0.023	0.002000	80000.000000	80000.000000	0.0000	0.0000	0.0000	0.0000
2.9200	3284.91	2242.01	10.0	-1.0	-4066.7	-2783.4	-1.0000	-1.0000	-0.00004	-0.00039	0.023	0.002000	80000.000000	80000.000000	0.0000	0.0000	0.0000	0.0000
2.9220	3285.54	2244.18	10.0	-1.0	-4065.7	-2784.9	-1.0000	-1.0000	-0.00004	-0.00039	0.023	0.002000	80000.000000	80000.000000	0.0000	0.0000	0.0000	0.0000
2.9240	3286.18	2246.34	10.0	-1.0	-4064.7	-2786.4	-1.0000	-1.0000	-0.00004	-0.00039	0.023	0.002000	80000.000000	80000.000000	0.0000	0.0000	0.0000	0.0000
2.9260	3286.81	2248.50	10.0	-1.0	-4063.8	-2787.9	-1.0000	-1.0000	-0.00004	-0.00039	0.023	0.002000	80000.000000	80000.000000	0.0000	0.0000	0.0000	0.0000
2.9280	3287.44	2250.66	10.0	-1.0	-4062.8	-2789.3	-1.0000	-1.0000	-0.00004	-0.00039	0.023	0.002000	80000.000000	80000.000000	0.0000	0.0000	0.0000	0.0000
2.9300	3288.06	2252.82	10.0	-1.0	-4061.8	-2790.8	-1.0000	-1.0000	-0.00004	-0.00039	0.023	0.002000	80000.000000	80000.000000	0.0000	0.0000	0.0000	0.0000
2.9320	3288.68	2254.98	10.0	-1.0	-4060.8	-2792.3	-1.0000	-1.0000	-0.00004	-0.00039	0.023	0.002000	80000.000000	80000.000000	0.0000	0.0000	0.0000	0.0000
2.9340	3289.30	2257.14	10.0	-1.0	-4059.9	-2793.8	-1.0000	-1.0000	-0.00004	-0.00039	0.023	0.002000	80000.000000	80000.000000	0.0000	0.0000	0.0000	0.0000
2.9360	3289.91	2259.30	10.0	-1.0	-4058.9	-2795.3	-1.0000	-1.0000	-0.00004	-0.00039	0.023	0.002000	80000.000000	80000.000000	0.0000	0.0000	0.0000	0.0000
2.9380	3290.52	2261.46	10.0	-1.0	-4057.9	-2796.7	-1.0000	-1.0000	-0.00004	-0.00039	0.023	0.002000	80000.000000	80000.000000	0.0000	0.0000	0.0000	0.0000
2.9400	3291.13	2263.62	10.0	-1.0	-4056.9	-2798.2	-1.0000	-1.0000	-0.00004	-0.00039	0.023	0.002000	80000.000000	80000.000000	0.0000	0.0000	0.0000	0.0000
2.9420	3291.73	2265.77	10.0	-1.0	-4056.0	-2799.7	-1.0000	-1.0000	-0.00004	-0.00039	0.023	0.002000	80000.000000	80000.000000	0.0000	0.0000	0.0000	0.0000
2.9440	3292.33	2267.93	10.0	-1.0	-4055.0	-2801.2	-1.0000	-1.0000	-0.00004	-0.00039	0.023	0.002000	80000.000000	80000.000000	0.0000	0.0000	0.0000	0.0000
2.9460	3292.93	2270.08	10.0	-1.0	-4054.0	-2802.6	-1.0000	-1.0000	-0.00004	-0.00039	0.023	0.002000	80000.000000	80000.000000	0.0000	0.0000	0.0000	0.0000
2.9480	3293.52	2272.24	10.0	-1.0	-4053.0	-2804.1	-1.0000	-1.0000	-0.00004	-0.00039	0.023	0.002000	80000.000000	80000.000000	0.0000	0.0000	0.0000	0.0000
2.9500	3294.11	2274.39	10.0	-1.0	-4052.0	-2805.6	-1.0000	-1.0000	-0.00004	-0.00039	0.023	0.002000	80000.000000	80000.000000	0.0000	0.0000	0.0000	0.0000
2.9520	3294.70	2276.54	10.0	-1.0	-4051.1	-2807.1	-1.0000	-1.0000	-0.00004	-0.00039	0.023	0.002000	80000.000000	80000.000000	0.0000	0.0000	0.0000	0.0000
2.9540	3295.28	2278.69	10.0	-1.0	-4050.1	-2808.6	-1.0000	-1.0000	-0.00004	-0.00039	0.023	0.002000	80000.000000	80000.000000	0.0000	0.0000	0.0000	0.0000
2.9560	3295.86	2280.84	10.0	-1.0	-4049.1	-2810.0	-1.0000	-1.0000	-0.00004	-0.00039	0.023	0.002000	80000.000000	80000.000000	0.0000	0.0000	0.0000	0.0000
2.9580	3296.43	2282.99	10.0	-1.0	-4048.1	-2811.5	-1.0000	-1.0000	-0.00004	-0.00039	0.023	0.002000	80000.000000	80000.000000	0.0000	0.0000	0.0000	0.0000
2.9600	3297.01	2285.14	10.0	-1.0	-4047.1	-2813.0	-1.0000	-1.0000	-0.00004	-0.00039	0.023	0.002000	80000.000000	80000.000000	0.0000	0.0000	0.0000	0.0000
2.9620	3297.58	2287.29	10.0	-1.0	-4046.2	-2814.5	-1.0000	-1.0000	-0.00004	-0.00039	0.023	0.002000	80000.000000	80000.000000	0.0000	0.0000	0.0000	0.0000
2.9640	3298.14	2289.44	10.0	-1.0	-4045.2	-2815.9	-1.0000	-1.0000	-0.00004	-0.00039	0.023	0.002000	80000.000000	80000.000000	0.0000	0.0000	0.0000	0.0000
2.9660	3298.71	2291.58	10.0	-1.0	-4044.2	-2817.4	-1.0000	-1.0000	-0.00004	-0.00039	0.023	0.002000	80000.000000	80000.000000	0.0000	0.0000	0.0000	0.0000
2.9680	3299.27	2293.73	10.0	-1.0	-4043.2	-2818.9	-1.0000	-1.0000	-0.00004	-0.00039	0.023	0.002000	80000.000000	80000.000000	0.0000	0.0000	0.0000	0.0000
2.9700	3299.82	2295.87	10.0	-1.0	-4042.2	-2820.4	-1.0000	-1.0000	-0.00004	-0.00039	0.023	0.002000	80000.000000	80000.000000	0.0000	0.0000	0.0000	0.0000
2.9720	3300.38	2298.02	10.0	-1.0	-4041.2	-2821.8	-1.0000	-1.0000	-0.00004	-0.00039	0.023	0.002000	80000.000000	80000.000000	0.0000	0.0000	0.0000	0.0000
2.9740	3300.93	2300.16	10.0	-1.0	-4040.2	-2823.3	-1.0000	-1.0000	-0.00004	-0.00039	0.023	0.002000	80000.000000	80000.000000	0.0000	0.0000	0.0000	0.0000
2.9760	3301.47	2302.30	10.0	-1.0	-4039.2	-2824.8	-1.0000	-1.0000	-0.00004	-0.00039	0.023	0.002000	80000.000000	80000.000000	0.0000	0.0000	0.0000	0.0000
2.9780	3302.02	2304.44	10.0	-1.0	-4038.3	-2826.2	-1.0000	-1.0000	-0.00004	-0.00039	0.023	0.002000	80000.000000	80000.000000	0.0000	0.0000	0.0000	0.0000
2.9800	3302.56	2306.58	10.0	-1.0	-4037.3	-2827.7	-1.0000	-1.0000	-0.00004	-0.00039	0.023	0.002000	80000.000000	80000.000000	0.0000	0.0000	0.0000	0.0000
2.9820	3303.09	2308.72	10.0	-1.0	-4036.3	-2829.2	-1.0000	-1.0000	-0.00004	-0.00039	0.023	0.002000	80000.000000	80000.000000	0.0000	0.0000	0.0000	0.0000
2.9840	3303.63	2310.86	10.0	-1.0	-4035.3	-2830.7	-1.0000	-1.0000	-0.00004	-0.00039	0.023	0.002000	80000.000000	80000.000000	0.0000	0.0000	0.0000	0.0000
2.9860	3304.16	2313.00	10.0	-1.0	-4034.3	-2832.1	-1.0000	-1.0000	-0.00004	-0.00039	0.023	0.002000	80000.000000	80000.000000	0.0000	0.0000	0.0000	0.0000
2.9880	3304.68	2315.14	10.0	-1.0	-4033.3	-2833.6	-1.0000	-1.0000	-0.00004	-0.00039	0.023	0.002000	80000.000000	80000.000000	0.0000	0.0000	0.0000	0.0000
2.9900	3305.21	2317.27	10.0	-1.0	-4032.3	-2835.1	-1.0000	-1.0000	-0.00004	-0.00039	0.023	0.002000	80000.000000	80000.000000	0.0000	0.0000	0.0000	0.0000
2.9920	3305.73	2319.41	10.0	-1.0	-4031.3	-2836.5	-1.0000	-1.0000	-0.00004	-0.00039	0.023	0.002000	80000.000000	80000.000000	0.0000	0.0000	0.0000	0.0000
2.9940	3306.24	2321.54	10.0	-1.0	-4030.3	-2838.0	-1.0000	-1.0000	-0.00004	-0.00039	0.023	0.002000	80000.000000	80000.000000	0.0000	0.0000	0.0000	0.0000
2.9960	3306.76	2323.68	10.0	-1.0	-4029.3	-2839.5	-1.0000	-1.0000	-0.00004	-0.00039	0.023	0.002000	80000.000000	80000.000000	0.0000	0.0000	0.0000	0.0000
2.9980	3307.27	2325.81	10.0	-1.0	-4028.3	-2840.9	-1.0000	-1.0000	-0.00004	-0.00039	0.023	0.002000	80000.000000	80000.000000	0.0000	0.0000	0.0000	0.0000
3.0000	3307.78	2327.94	10.0	-1.0	-4027.4	-2842.4	-1.0000	-1.0000	-0.00004	-0.00039	0.023	0.002000	80000.000000	80000.000000	0.0000	0.0000	0.0000	0.0000
3.0020	3308.28	2330.07	10.0	-1.0	-4026.4	-2843.9	-1.0000	-1.0000	-0.00004	-0.00039	0.023	0.002000	80000.000000	80000.000000	0.0000	0.0000	0.0000	0.0000
3.0040	3308.78	2332.20	10.0	-1.0	-4025.4	-2845.3	-1.0000	-1.0000	-0.00004	-0.00039	0.023	0.002000	80000.000000	80000.000000	0.0000	0.0000	0.0000	0.0000
3.0060	3309.28	2334.33	10.0	-1.0	-4024.4	-2846.8	-1.0000	-1.0000	-0.00004	-0.00039	0.023	0.002000	80000.000000	80000.000000	0.0000	0.0000	0.0000	0.0000
3.0080	3309.77	2336.46	10.0	-1.0	-4023.4	-2848.3	-1.0000	-1.0000	-0.00004	-0.00039	0.023	0.002000	80000.000000	80000.000000	0.0000	0.0000	0.0000	0.0000
3.0100	3310.26	2338.59	10.0	-1.0	-4022.4	-2849.7	-1.0000	-1.0000	-0.00004	-0.00039	0.023	0.002000	80000.000000	80000.000000	0.0000	0.0000	0.0000	0.0000
3.0120	3310.75	2340.72	10.0	-1.0	-4021.4	-2851.2	-1.0000	-1.0000	-0.00004	-0.00039	0.023	0.002000	80000.000000	80000.000000	0.0000	0.0000	0.0000	0.0000
3.0140	3311.23	2342.84	10.0	-1.0	-4020.4	-2852.7	-1.0000	-1.0000	-0.00004	-0.00039	0.023	0.002000	80000.000000	80000.000000	0.0000	0.0000	0.0000	0.0000
3.0160	3311.72	2344.97	10.0	-1.0	-4019.4	-2854.1	-1.0000	-1.0000	-0.00004	-0.00039	0.023	0.002000	80000.000000	80000.000000	0.0000	0.0000	0.0000	0.0000
3.0180	3312.19	2347.09	10.0	-1.0	-4018.4	-2855.6	-1.0000	-1.0000	-0.00004	-0.00039	0.023	0.002000	80000.000000	80000.000000	0.0000	0.0000	0.0000	0.0000
3.0200	3312.67	2349.22	10.0	-1.0	-4017.4	-2857.1	-1.0000	-1.0000	-0.00004	-0.00039	0.023	0.002000	80000.000000	80000.000000	0.0000	0.0000	0.0000	0.0000
3.0220	3313.14	2351.34	10.0	-1.0	-4016.4	-2858.5	-1.0000	-1.0000	-0.00004	-0.00039	0.023	0.002000	80000.000000	80000.000000	0.0000	0.0000	0.0000	0.0000
3.0240	3313.61	2353.46	10.0	-1.0	-4015.4	-2860.0	-1.0000	-1.0000	-0.00004	-0.00039	0.023	0.002000	80000.000000	80000.000000	0.0000	0.0000	0.0000	0.0000
3.0260	3314.90	2355.58	11.0	-1.0	-4014.4	-2861.4	-1.0000	-1.0000	-0.00004	-0.00043	0.025	0.002000	80000.000000	80000.000000	0.0000	0.0000	0.0000	0.0000
3.0280	3314.54	2357.70	10.0	-1.0	-4013.4	-2862.9	-1.0000	-1.0000	-0.00004	-0.00039	0.023	0.002000	80000.000000	80000.000000	0.0000	0.0000	0.0000	0.0000
3.0300	3314.99	2359.82	10.0	-1.0	-4012.4	-2864.4	-1.0000	-1.0000	-0.00004	-0.00039	0.023	0.002000	80000.000000	80000.000000	0.0000	0.0000	0.0000	0.0000
3.0320	3315.45	2361.94	10.0	-1.0	-4011.4	-2865.8	-1.0000	-1.0000	-0.00004	-0.00039	0.023	0.002000	80000.000000	80000.000000	0.0000	0.0000	0.0000	0.0000
3.0340	3315.90	2364.05	10.0	-1.0	-4010.4	-2867.3	-1.0000	-1.0000	-0.00004	-0.00039	0.023	0.002000	80000.000000	80000.000000	0.0000	0.0000	0.0000	0.0000
3.0360	3316.35	2366.17	10.0	-1.0	-4009.3	-2868.7	-1.0000	-1.0000	-0.00004	-0.00039	0.023	0.002000	80000.000000	80000.000000	0.0000	0.0000	0.0000	0.0000
3.0380	3316.80	2368.29	10.0	-1.0	-4008.3	-2870.2	-1.0000	-1.0000	-0.00004	-0.00039	0.023	0.002000	80000.000000	80000.000000	0.0000	0.0000	0.0000	0.0000
3.0400	3317.24	2370.40	10.0	-1.0	-4007.3	-2871.7	-1.0000	-1.0000	-0.00004	-0.00039	0.023	0.002000	80000.000000	80000.000000	0.0000	0.0000	0.0000	0.0000
3.0420	3317.68	2372.52	10.0	-1.0	-4006.3	-2873.1	-1.0000	-1.0000	-0.00004	-0.00039	0.023	0.002000	80000.000000	80000.000000	0.0000	0.0000	0.0000	0.0000
3.0440	3318.11	2374.63	10.0	-1.0	-4005.3	-2874.6	-1.0000	-1.0000	-0.00004	-0.00039	0.023	0.002000	80000.000000	80000.000000	0.0000	0.0000	0.0000	0.0000
3.0460	3318.55	2376.74	10.0	-1.0	-4004.3	-2876.0	-1.0000	-1.0000	-0.00004	-0.00039	0.023	0.002000	80000.000000	80000.000000	0.0000	0.0000	0.0000	0.0000
3.0480	3318.98	2378.85	10.0	-1.0	-4003.3	-2877.5	-1.0000	-1.0000	-0.00004	-0.00039	0.023	0.002000	80000.000000	80000.000000	0.0000	0.0000	0.0000	0.0000
3.0500	3319.40	2380.96	10.0	-1.0	-4002.3	-2879.0	-1.0000	-1.0000	-0.00004	-0.00039	0.023	0.002000	80000.000000	80000.000000	0.0000	0.0000	0.0000	0.0000
3.0520	3319.83	2383.07	10.0	-1.0	-4001.3	-2880.4	-1.0000	-1.0000	-0.00004	-0.00039	0.023	0.002000	80000.000000	80000.000000	0.0000	0.0000	0.0000	0.0000
3.0540	3320.25	2385.18	10.0	-1.0	-4000.3	-2881.9	-1.0000	-1.0000	-0.00004	-0.00039	0.023	0.002000	80000.000000	80000.000000	0.0000	0.0000	0.0000	0.0000
3.0560	3320.66	2387.29	10.0	-1.0	-3999.3	-2883.3	-1.0000	-1.0000	-0.00004	-0.00039	0.023	0.002000	80000.000000	80000.000000	0.0000	0.0000	0.0000	0.0000
3.0580	3321.08	2389.39	10.0	-1.0	-3998.2	-2884.8	-1.0000	-1.0000	-0.00004	-0.00039	0.023	0.002000	80000.000000	80000.000000	0.0000	0.0000	0.0000	0.0000
3.0600	3321.49	2391.50	10.0	-1.0	-3997.2	-2886.2	-1.0000	-1.0000	-0.00004	-0.00039	0.023	0.002000	80000.000000	80000.000000	0.0000	0.0000	0.0000	0.0000
3.0620	3321.90	2393.60	10.0	-1.0	-3996.2	-2887.7	-1.0000	-1.0000	-0.00004	-0.00039	0.023	0.002000	80000.000000	80000.000000	0.0000	0.0000	0.0000	0.0000
3.0640	3322.30	2395.71	10.0	-1.0	-3995.2	-2889.2	-1.0000	-1.0000	-0.00004	-0.00039	0.023	0.002000	80000.000000	80000.000000	0.0000	0.0000	0.0000	0.0000
3.0660	3322.70	2397.81	10.0	-1.0	-3994.2	-2890.6	-1.0000	-1.0000	-0.00004	-0.00039	0.023	0.002000	80000.000000	80000.000000	0.0000	0.0000	0.0000	0.0000
3.0680	3323.10	2399.91	10.0	-1.0	-3993.2	-2892.1	-1.0000	-1.0000	-0.00004	-0.00039	0.023	0.002000	80000.000000	80000.000000	0.0000	0.0000	0.0000	0.0000
3.0700	3323.50	2402.02	10.0	-1.0	-3992.2	-2893.5	-1.0000	-1.0000	-0.00004	-0.00039	0.023	0.002000	80000.000000	80000.000000	0.0000	0.0000	0.0000	0.0000
3.0720	3323.89	2404.12	10.0	-1.0	-3991.1	-2895.0	-1.0000	-1.0000	-0.00004	-0.00039	0.023	0.002000	80000.000000	80000.000000	0.0000	0.0000	0.0000	0.0000
3.0740	3324.28	2406.22	10.0	-1.0	-3990.1	-2896.4	-1.0000	-1.0000	-0.00004	-0.00039	0.023	0.002000	80000.000000	80000.000000	0.0000	0.0000	0.0000	0.0000
3.0760	3324.66	2408.31	10.0	-1.0	-3989.1	-2897.9	-1.0000	-1.0000	-0.00004	-0.00039	0.023	0.002000	80000.000000	80000.000000	0.0000	0.0000	0.0000	0.0000
3.0780	3325.05	2410.41	10.0	-1.0	-3988.1	-2899.3	-1.0000	-1.0000	-0.00004	-0.00039	0.023	0.002000	80000.000000	80000.000000	0.0000	0.0000	0.0000	0.0000
3.0800	3325.42	2412.51	10.0	-1.0	-3987.1	-2900.8	-1.0000	-1.0000	-0.00004	-0.00039	0.023	0.002000	80000.000000	80000.000000	0.0000	0.0000	0.0000	0.0000
3.0820	3325.80	2414.61	10.0	-1.0	-3986.1	-2902.2	-1.0000	-1.0000	-0.00004	-0.00039	0.023	0.002000	80000.000000	80000.000000	0.0000	0.0000	0.0000	0.0000
3.0840	3326.17	2416.70	10.0	-1.0	-3985.0	-2903.7	-1.0000	-1.0000	-0.00004	-0.00039	0.023	0.002000	80000.000000	80000.000000	0.0000	0.0000	0.0000	0.0000
3.0860	3326.54	2418.79	10.0	-1.0	-3984.0	-2905.1	-1.0000	-1.0000	-0.00004	-0.00039	0.023	0.002000	80000.000000	80000.000000	0.0000	0.0000	0.0000	0.0000
3.0880	3326.91	2420.89	10.0	-1.0	-3983.0	-2906.6	-1.0000	-1.0000	-0.00004	-0.00039	0.023	0.002000	80000.000000	80000.000000	0.0000	0.0000	0.0000	0.0000
3.0900	3326.44	2422.98	9.0	-1.0	-3982.0	-2908.0	-1.0000	-1.0000	-0.00004	-0.00035	0.020	0.002000	80000.000000	80000.000000	0.0000	0.0000	0.0000	0.0000
3.0920	3327.64	2425.07	10.0	-1.0	-3981.0	-2909.5	-1.0000	-1.0000	-0.00004	-0.00039	0.023	0.002000	80000.000000	80000.000000	0.0000	0.0000	0.0000	0.0000
3.0940	3327.99	2427.16	10.0	-1.0	-3979.9	-2910.9	-1.0000	-1.0000	-0.00004	-0.00039	0.023	0.002000	80000.000000	80000.000000	0.0000	0.0000	0.0000	0.0000
3.0960	3328.35	2429.25	10.0	-1.0	-3978.9	-2912.4	-1.0000	-1.0000	-0.00004	-0.00039	0.023	0.002000	80000.000000	80000.000000	0.0000	0.0000	0.0000	0.0000
3.0980	3328.70	2431.34	10.0	-1.0	-3977.9	-2913.8	-1.0000	-1.0000	-0.00004	-0.00039	0.023	0.002000	80000.000000	80000.000000	0.0000	0.0000	0.0000	0.0000
3.1000	3329.05	2433.43	10.0	-1.0	-3976.9	-2915.3	-1.0000	-1.0000	-0.00004	-0.00039	0.023	0.002000	80000.000000	80000.000000	0.0000	0.0000	0.0000	0.0000
3.1020	3329.39	2435.52	10.0	-1.0	-3975.8	-2916.7	-1.0000	-1.0000	-0.00004	-0.00039	0.023	0.002000	80000.000000	80000.000000	0.0000	0.0000	0.0000	0.0000
3.1040	3329.73	2437.60	10.0	-1.0	-3974.8	-2918.2	-1.0000	-1.0000	-0.00004	-0.00039	0.023	0.002000	80000.000000	80000.000000	0.0000	0.0000	0.0000	0.0000
3.1060	3330.07	2439.69	10.0	-1.0	-3973.8	-2919.6	-1.0000	-1.0000	-0.00004	-0.00039	0.023	0.002000	80000.000000	80000.000000	0.0000	0.0000	0.0000	0.0000
3.1080	3330.41	2441.77	10.0	-1.0	-3972.8	-2921.1	-1.0000	-1.0000	-0.00004	-0.00039	0.023	0.002000	80000.000000	80000.000000	0.0000	0.0000	0.0000	0.0000
3.1100	3330.74	2443.85	10.0	-1.0	-3971.7	-2922.5	-1.0000	-1.0000	-0.00004	-0.00039	0.023	0.002000	80000.000000	80000.000000	0.0000	0.0000	0.0000	0.0000
3.1120	3331.07	2445.94	10.0	-1.0	-3970.7	-2924.0	-1.0000	-1.0000	-0.00004	-0.00039	0.023	0.002000	80000.000000	80000.000000	0.0000	0.0000	0.0000	0.0000
3.1140	3331.40	2448.02	10.0	-1.0	-3969.7	-2925.4	-1.0000	-1.0000	-0.00004	-0.00039	0.023	0.002000	80000.000000	80000.000000	0.0000	0.0000	0.0000	0.0000
3.1160	3331.72	2450.10	10.0	-1.0	-3968.7	-2926.8	-1.0000	-1.0000	-0.00004	-0.00039	0.023	0.002000	80000.000000	80000.000000	0.0000	0.0000	0.0000	0.0000
3.1180	3332.04	2452.18	10.0	-1.0	-3967.6	-2928.3	-1.0000	-1.0000	-0.00004	-0.00039	0.023	0.002000	80000.000000	80000.000000	0.0000	0.0000	0.0000	0.0000
3.1200	3332.36	2454.26	10.0	-1.0	-3966.6	-2929.7	-1.0000	-1.0000	-0.00004	-0.00039	0.023	0.002000	80000.000000	80000.000000	0.0000	0.0000	0.0000	0.0000
3.1220	3332.68	2456.34	10.0	-1.0	-3965.6	-2931.2	-1.0000	-1.0000	-0.00004	-0.00039	0.023	0.002000	80000.000000	80000.000000	0.0000	0.0000	0.0000	0.0000
3.1240	3332.99	2458.41	10.0	-1.0	-3964.5	-2932.6	-1.0000	-1.0000	-0.00004	-0.00039	0.023	0.002000	80000.000000	80000.000000	0.0000	0.0000	0.0000	0.0000
3.1260	3333.30	2460.49	10.0	-1.0	-3963.5	-2934.1	-1.0000	-1.0000	-0.00004	-0.00039	0.023	0.002000	80000.000000	80000.000000	0.0000	0.0000	0.0000	0.0000
3.1280	3333.60	2462.56	10.0	-1.0	-3962.5	-2935.5	-1.0000	-1.0000	-0.00004	-0.00039	0.023	0.002000	80000.000000	80000.000000	0.0000	0.0000	0.0000	0.0000
3.1300	3333.90	2464.64	10.0	-1.0	-3961.4	-2936.9	-1.0000	-1.0000	-0.00004	-0.00039	0.023	0.002000	80000.000000	80000.000000	0.0000	0.0000	0.0000	0.0000
3.1320	3334.20	2466.71	10.0	-1.0	-3960.4	-2938.4	-1.0000	-1.0000	-0.00004	-0.00039	0.023	0.002000	80000.000000	80000.000000	0.0000	0.0000	0.0000	0.0000
3.1340	3334.50	2468.78	10.0	-1.0	-3959.4	-2939.8	-1.0000	-1.0000	-0.00004	-0.00039	0.023	0.002000	80000.000000	80000.000000	0.0000	0.0000	0.0000	0.0000
3.1360	3334.79	2470.86	10.0	-1.0	-3958.3	-2941.3	-1.0000	-1.0000	-0.00004	-0.00039	0.023	0.002000	80000.000000	80000.000000	0.0000	0.0000	0.0000	0.0000
3.1380	3335.08	2472.93	10.0	-1.0	-3957.3	-2942.7	-1.0000	-1.0000	-0.00004	-0.00039	0.023	0.002000	80000.000000	80000.000000	0.0000	0.0000	0.0000	0.0000
3.1400	3335.37	2475.00	10.0	-1.0	-3956.3	-2944.1	-1.0000	-1.0000	-0.00004	-0.00039	0.023	0.002000	80000.000000	80000.000000	0.0000	0.0000	0.0000	0.0000
3.1420	3335.66	2477.06	10.0	-1.0	-3955.2	-2945.6	-1.0000	-1.0000	-0.00004	-0.00039	0.023	0.002000	80000.000000	80000.000000	0.0000	0.0000	0.0000	0.0000
3.1440	3335.94	2479.13	10.0	-1.0	-3954.2	-2947.0	-1.0000	-1.0000	-0.00004	-0.00039	0.023	0.002000	80000.000000	80000.000000	0.0000	0.0000	0.0000	0.0000
3.1460	3336.22	2481.20	10.0	-1.0	-3953.1	-2948.5	-1.0000	-1.0000	-0.00004	-0.00039	0.023	0.002000	80000.000000	80000.000000	0.0000	0.0000	0.0000	0.0000
3.1480	3336.49	2483.26	10.0	-1.0	-3952.1	-2949.9	-1.0000	-1.0000	-0.00004	-0.00039	0.023	0.002000	80000.000000	80000.000000	0.0000	0.0000	0.0000	0.0000
3.1500	3336.76	2485.33	10.0	-1.0	-3951.1	-2951.3	-1.0000	-1.0000	-0.00004	-0.00039	0.023	0.002000	80000.000000	80000.000000	0.0000	0.0000	0.0000	0.0000
3.1520	3337.03	2487.39	10.0	-1.0	-3950.0	-2952.8	-1.0000	-1.0000	-0.00004	-0.00039	0.023	0.002000	80000.000000	80000.000000	0.0000	0.0000	0.0000	0.0000
3.1540	3337.30	2489.46	10.0	-1.0	-3949.0	-2954.2	-1.0000	-1.0000	-0.00004	-0.00039	0.023	0.002000	80000.000000	80000.000000	0.0000	0.0000	0.0000	0.0000
3.1560	3337.56	2491.52	10.0	-1.0	-3948.0	-2955.6	-1.0000	-1.0000	-0.00004	-0.00039	0.023	0.002000	80000.000000	80000.000000	0.0000	0.0000	0.0000	0.0000
3.1580	3337.82	2493.58	10.0	-1.0	-3946.9	-2957.1	-1.0000	-1.0000	-0.00004	-0.00039	0.023	0.002000	80000.000000	80000.000000	0.0000	0.0000	0.0000	0.0000
3.1600	3338.08	2495.64	10.0	-1.0	-3945.9	-2958.5	-1.0000	-1.0000	-0.00004	-0.00039	0.023	0.002000	80000.000000	80000.000000	0.0000	0.0000	0.0000	0.0000
3.1620	3338.33	2497.70	10.0	-1.0	-3944.8	-2960.0	-1.0000	-1.0000	-0.00004	-0.00039	0.023	0.002000	80000.000000	80000.000000	0.0000	0.0000	0.0000	0.0000
3.1640	3338.58	2499.76	10.0	-1.0	-3943.8	-2961.4	-1.0000	-1.0000	-0.00004	-0.00039	0.023	0.002000	80000.000000	80000.000000	0.0000	0.0000	0.0000	0.0000
3.1660	3338.83	2501.82	10.0	-1.0	-3942.7	-2962.8	-1.0000	-1.0000	-0.00004	-0.00039	0.023	0.002000	80000.000000	80000.000000	0.0000	0.0000	0.0000	0.0000
3.1680	3339.08	2503.87	10.0	-1.0	-3941.7	-2964.3	-1.0000	-1.0000	-0.00004	-0.00039	0.023	0.002000	80000.000000	80000.000000	0.0000	0.0000	0.0000	0.0000
3.1700	3339.32	2505.93	10.0	-1.0	-3940.7	-2965.7	-1.0000	-1.0000	-0.00004	-0.00039	0.023	0.002000	80000.000000	80000.000000	0.0000	0.0000	0.0000	0.0000
3.1720	3339.56	2507.98	10.0	-1.0	-3939.6	-2967.1	-1.0000	-1.0000	-0.00004	-0.00039	0.023	0.002000	80000.000000	80000.000000	0.0000	0.0000	0.0000	0.0000
3.1740	3339.80	2510.04	10.0	-1.0	-3938.6	-2968.6	-1.0000	-1.0000	-0.00004	-0.00039	0.023	0.002000	80000.000000	80000.000000	0.0000	0.0000	0.0000	0.0000
3.1760	3340.03	2512.09	10.0	-1.0	-3937.5	-2970.0	-1.0000	-1.0000	-0.00004	-0.00039	0.023	0.002000	80000.000000	80000.000000	0.0000	0.0000	0.0000	0.0000
3.1780	3340.26	2514.14	10.0	-1.0	-3936.5	-2971.4	-1.0000	-1.0000	-0.00004	-0.00039	0.023	0.002000	80000.000000	80000.000000	0.0000	0.0000	0.0000	0.0000
3.1800	3340.49	2516.19	10.0	-1.0	-3935.4	-2972.9	-1.0000	-1.0000	-0.00004	-0.00039	0.023	0.002000	80000.000000	80000.000000	0.0000	0.0000	0.0000	0.0000
3.1820	3340.71	2518.24	10.0	-1.0	-3934.4	-2974.3	-1.0000	-1.0000	-0.00004	-0.00039	0.023	0.002000	80000.000000	80000.000000	0.0000	0.0000	0.0000	0.0000
3.1840	3340.94	2520.29	10.0	-1.0	-3933.3	-2975.7	-1.0000	-1.0000	-0.00004	-0.00039	0.023	0.002000	80000.000000	80000.000000	0.0000	0.0000	0.0000	0.0000
3.1860	3341.15	2522.34	10.0	-1.0	-3932.3	-2977.1	-1.0000	-1.0000	-0.00004	-0.00039	0.023	0.002000	80000.000000	80000.000000	0.0000	0.0000	0.0000	0.0000
3.1880	3341.37	2524.39	10.0	-1.0	-3931.2	-2978.6	-1.0000	-1.0000	-0.00004	-0.00039	0.023	0.002000	80000.000000	80000.000000	0.0000	0.0000	0.0000	0.0000
3.1900	3341.58	2526.43	10.0	-1.0	-3930.2	-2980.0	-1.0000	-1.0000	-0.00004	-0.00039	0.023	0.002000	80000.000000	80000.000000	0.0000	0.0000	0.0000	0.0000
3.1920	3341.79	2528.48	10.0	-1.0	-3929.1	-2981.4	-1.0000	-1.0000	-0.00004	-0.00039	0.023	0.002000	80000.000000	80000.000000	0.0000	0.0000	0.0000	0.0000
3.1940	3342.00	2530.52	10.0	-1.0	-3928.1	-2982.9	-1.0000	-1.0000	-0.00004	-0.00039	0.023	0.002000	80000.000000	80000.000000	0.0000	0.0000	0.0000	0.0000
3.1960	3342.21	2532.57	10.0	-1.0	-3927.0	-2984.3	-1.0000	-1.0000	-0.00004	-0.00039	0.023	0.002000	80000.000000	80000.000000	0.0000	0.0000	0.0000	0.0000
3.1980	3342.41	2534.61	10.0	-1.0	-3926.0	-2985.7	-1.0000	-1.0000	-0.00004	-0.00039	0.023	0.002000	80000.000000	80000.000000	0.0000	0.0000	0.0000	0.0000
3.2000	3342.60	2536.65	10.0	-1.0	-3924.9	-2987.1	-1.0000	-1.0000	-0.00004	-0.00039	0.023	0.002000	80000.000000	80000.000000	0.0000	0.0000	0.0000	0.0000
3.2020	3342.80	2538.69	10.0	-1.0	-3923.9	-2988.6	-1.0000	-1.0000	-0.00004	-0.00039	0.023	0.002000	80000.000000	80000.000000	0.0000	0.0000	0.0000	0.0000
3.2040	3342.99	2540.73	10.0	-1.0	-3922.8	-2990.0	-1.0000	-1.0000	-0.00004	-0.00039	0.023	0.002000	80000.000000	80000.000000	0.0000	0.0000	0.0000	0.0000
3.2060	3343.18	2542.77	10.0	-1.0	-3921.8	-2991.4	-1.0000	-1.0000	-0.00004	-0.00039	0.023	0.002000	80000.000000	80000.000000	0.0000	0.0000	0.0000	0.0000
3.2080	3343.37	2544.81	10.0	-1.0	-3920.7	-2992.9	-1.0000	-1.0000	-0.00004	-0.00039	0.023	0.002000	80000.000000	80000.000000	0.0000	0.0000	0.0000	0.0000
3.2100	3342.70	2546.84	9.0	-1.0	-3919.6	-2994.3	-1.0000	-1.0000	-0.00004	-0.00035	0.020	0.002000	80000.000000	80000.000000	0.0000	0.0000	0.0000	0.0000
3.2120	3343.73	2548.88	10.0	-1.0	-3918.6	-2995.7	-1.0000	-1.0000	-0.00004	-0.00039	0.023	0.002000	80000.000000	80000.000000	0.0000	0.0000	0.0000	0.0000
3.2140	3343.91	2550.91	10.0	-1.0	-3917.5	-2997.1	-1.0000	-1.0000	-0.00004	-0.00039	0.023	0.002000	80000.000000	80000.000000	0.0000	0.0000	0.0000	0.0000
3.2160	3344.09	2552.95	10.0	-1.0	-3916.5	-2998.6	-1.0000	-1.0000	-0.00004	-0.00039	0.023	0.002000	80000.000000	80000.000000	0.0000	0.0000	0.0000	0.0000
3.2180	3344.26	2554.98	10.0	-1.0	-3915.4	-3000.0	-1.0000	-1.0000	-0.00004	-0.00039	0.023	0.002000	80000.000000	80000.000000	0.0000	0.0000	0.0000	0.0000
3.2200	3344.43	2557.01	10.0	-1.0	-3914.4	-3001.4	-1.0000	-1.0000	-0.00004	-0.00039	0.023	0.002000	80000.000000	80000.000000	0.0000	0.0000	0.0000	0.0000
3.2220	3344.60	2559.04	10.0	-1.0	-3913.3	-3002.8	-1.0000	-1.0000	-0.00004	-0.00039	0.023	0.002000	80000.000000	80000.000000	0.0000	0.0000	0.0000	0.0000
3.2240	3344.76	2561.07	10.0	-1.0	-3912.2	-3004.2	-1.0000	-1.0000	-0.00004	-0.00039	0.023	0.002000	80000.000000	80000.000000	0.0000	0.0000	0.0000	0.0000
3.2260	3344.92	2563.10	10.0	-1.0	-3911.2	-3005.7	-1.0000	-1.0000	-0.00004	-0.00039	0.023	0.002000	80000.000000	80000.000000	0.0000	0.0000	0.0000	0.0000
3.2280	3345.08	2565.13	10.0	-1.0	-3910.1	-3007.1	-1.0000	-1.0000	-0.00004	-0.00039	0.023	0.002000	80000.000000	80000.000000	0.0000	0.0000	0.0000	0.0000
3.2300	3345.23	2567.16	10.0	-1.0	-3909.1	-3008.5	-1.0000	-1.0000	-0.00004	-0.00039	0.023	0.002000	80000.000000	80000.000000	0.0000	0.0000	0.0000	0.0000
3.2320	3345.39	2569.18	10.0	-1.0	-3908.0	-3009.9	-1.0000	-1.0000	-0.00004	-0.00039	0.023	0.002000	80000.000000	80000.000000	0.0000	0.0000	0.0000	0.0000
3.2340	3345.54	2571.21	10.0	-1.0	-3906.9	-3011.4	-1.0000	-1.0000	-0.00004	-0.00039	0.023	0.002000	80000.000000	80000.000000	0.0000	0.0000	0.0000	0.0000
3.2360	3345.68	2573.23	10.0	-1.0	-3905.9	-3012.8	-1.0000	-1.0000	-0.00004	-0.00039	0.023	0.002000	80000.000000	80000.000000	0.0000	0.0000	0.0000	0.0000
3.2380	3345.83	2575.26	10.0	-1.0	-3904.8	-3014.2	-1.0000	-1.0000	-0.00004	-0.00039	0.023	0.002000	80000.000000	80000.000000	0.0000	0.0000	0.0000	0.0000
3.2400	3345.97	2577.28	10.0	-1.0	-3903.7	-3015.6	-1.0000	-1.0000	-0.00004	-0.00039	0.023	0.002000	80000.000000	80000.000000	0.0000	0.0000	0.0000	0.0000
3.2420	3346.11	2579.30	10.0	-1.0	-3902.7	-3017.0	-1.0000	-1.0000	-0.00004	-0.00039	0.023	0.002000	80000.000000	80000.000000	0.0000	0.0000	0.0000	0.0000
3.2440	3346.24	2581.32	10.0	-1.0	-3901.6	-3018.4	-1.0000	-1.0000	-0.00004	-0.00039	0.023	0.002000	80000.000000	80000.000000	0.0000	0.0000	0.0000	0.0000
3.2460	3346.37	2583.34	10.0	-1.0	-3900.5	-3019.9	-1.0000	-1.0000	-0.00004	-0.00039	0.023	0.002000	80000.000000	80000.000000	0.0000	0.0000	0.0000	0.0000
3.2480	3346.50	2585.36	10.0	-1.0	-3899.5	-3021.3	-1.0000	-1.0000	-0.00004	-0.00039	0.023	0.002000	80000.000000	80000.000000	0.0000	0.0000	0.0000	0.0000
3.2500	3346.63	2587.38	10.0	-1.0	-3898.4	-3022.7	-1.0000	-1.0000	-0.00004	-0.00039	0.023	0.002000	80000.000000	80000.000000	0.0000	0.0000	0.0000	0.0000
3.2520	3346.75	2589.39	10.0	-1.0	-3897.3	-3024.1	-1.0000	-1.0000	-0.00004	-0.00039	0.023	0.002000	80000.000000	80000.000000	0.0000	0.0000	0.0000	0.0000
3.2540	3346.87	2591.41	10.0	-1.0	-3896.3	-3025.5	-1.0000	-1.0000	-0.00004	-0.00039	0.023	0.002000	80000.000000	80000.000000	0.0000	0.0000	0.0000	0.0000
3.2560	3346.99	2593.42	10.0	-1.0	-3895.2	-3026.9	-1.0000	-1.0000	-0.00004	-0.00039	0.023	0.002000	80000.000000	80000.000000	0.0000	0.0000	0.0000	0.0000
3.2580	3347.11	2595.44	10.0	-1.0	-3894.1	-3028.4	-1.0000	-1.0000	-0.00004	-0.00039	0.023	0.002000	80000.000000	80000.000000	0.0000	0.0000	0.0000	0.0000
3.2600	3347.22	2598.31	10.0	0.0	-3893.1	-3029.8	-1.0000	-1.0000	0.00000	-0.00039	0.022	0.002000	80000.000000	80000.000000	0.0000	0.0000	0.0000	0.0000
3.2620	3347.33	2599.46	10.0	-1.0	-3892.0	-3031.2	-1.0000	-1.0000	-0.00004	-0.00039	0.023	0.002000	80000.000000	80000.000000	0.0000	0.0000	0.0000	0.0000
3.2640	3347.44	2601.47	10.0	-1.0	-3890.9	-3032.6	-1.0000	-1.0000	-0.00004	-0.00039	0.023	0.002000	80000.000000	80000.000000	0.0000	0.0000	0.0000	0.0000
3.2660	3347.54	2603.48	10.0	-1.0	-3889.8	-3034.0	-1.0000	-1.0000	-0.00004	-0.00039	0.023	0.002000	80000.000000	80000.000000	0.0000	0.0000	0.0000	0.0000
3.2680	3347.64	2605.49	10.0	-1.0	-3888.8	-3035.4	-1.0000	-1.0000	-0.00004	-0.00039	0.023	0.002000	80000.000000	80000.000000	0.0000	0.0000	0.0000	0.0000
3.2700	3347.74	2607.50	10.0	-1.0	-3887.7	-3036.8	-1.0000	-1.0000	-0.00004	-0.00039	0.023	0.002000	80000.000000	80000.000000	0.0000	0.0000	0.0000	0.0000
3.2720	3347.84	2609.51	10.0	-1.0	-3886.6	-3038.3	-1.0000	-1.0000	-0.00004	-0.00039	0.023	0.002000	80000.000000	80000.000000	0.0000	0.0000	0.0000	0.0000
3.2740	3347.93	2611.51	10.0	-1.0	-3885.5	-3039.7	-1.0000	-1.0000	-0.00004	-0.00039	0.023	0.002000	80000.000000	80000.000000	0.0000	0.0000	0.0000	0.0000
3.2760	3347.16	2613.52	9.0	-1.0	-3884.5	-3041.1	-1.0000	-1.0000	-0.00004	-0.00035	0.020	0.002000	80000.000000	80000.000000	0.0000	0.0000	0.0000	0.0000
3.2780	3348.11	2615.52	10.0	-1.0	-3883.4	-3042.5	-1.0000	-1.0000	-0.00004	-0.00039	0.023	0.002000	80000.000000	80000.000000	0.0000	0.0000	0.0000	0.0000
3.2800	3348.19	2617.53	10.0	-1.0	-3882.3	-3043.9	-1.0000	-1.0000	-0.00004	-0.00039	0.023	0.002000	80000.000000	80000.000000	0.0000	0.0000	0.0000	0.0000
3.2820	3348.28	2619.53	10.0	-1.0	-3881.2	-3045.3	-1.0000	-1.0000	-0.00004	-0.00039	0.023	0.002000	80000.000000	80000.000000	0.0000	0.0000	0.0000	0.0000
3.2840	3348.36	2621.53	10.0	-1.0	-3880.2	-3046.7	-1.0000	-1.0000	-0.00004	-0.00039	0.023	0.002000	80000.000000	80000.000000	0.0000	0.0000	0.0000	0.0000
3.2860	3348.43	2623.53	10.0	-1.0	-3879.1	-3048.1	-1.0000	-1.0000	-0.00004	-0.00039	0.023	0.002000	80000.000000	80000.000000	0.0000	0.0000	0.0000	0.0000
3.2880	3348.51	2625.53	10.0	-1.0	-3878.0	-3049.5	-1.0000	-1.0000	-0.00004	-0.00039	0.023	0.002000	80000.000000	80000.000000	0.0000	0.0000	0.0000	0.0000
3.2900	3348.58	2627.53	10.0	-1.0	-3876.9	-3051.0	-1.0000	-1.0000	-0.00004	-0.00039	0.023	0.002000	80000.000000	80000.000000	0.0000	0.0000	0.0000	0.0000
3.2920	3347.78	2629.52	9.0	-1.0	-3875.9	-3052.4	-1.0000	-1.0000	-0.00004	-0.00035	0.020	0.002000	80000.000000	80000.000000	0.0000	0.0000	0.0000	0.0000
3.2940	3348.71	2631.52	10.0	-1.0	-3874.8	-3053.8	-1.0000	-1.0000	-0.00004	-0.00039	0.023	0.002000	80000.000000	80000.000000	0.0000	0.0000	0.0000	0.0000
3.2960	3348.77	2633.51	10.0	-1.0	-3873.7	-3055.2	-1.0000	-1.0000	-0.00004	-0.00039	0.023	0.002000	80000.000000	80000.000000	0.0000	0.0000	0.0000	0.0000
3.2980	3348.83	2635.51	10.0	-1.0	-3872.6	-3056.6	-1.0000	-1.0000	-0.00004	-0.00039	0.023	0.002000	80000.000000	80000.000000	0.0000	0.0000	0.0000	0.0000
3.3000	3348.89	2637.50	10.0	-1.0	-3871.5	-3058.0	-1.0000	-1.0000	-0.00004	-0.00039	0.023	0.002000	80000.000000	80000.000000	0.0000	0.0000	0.0000	0.0000
3.3020	3348.95	2639.49	10.0	-1.0	-3870.4	-3059.4	-1.0000	-1.0000	-0.00004	-0.00039	0.023	0.002000	80000.000000	80000.000000	0.0000	0.0000	0.0000	0.0000
3.3040	3349.00	2641.49	10.0	-1.0	-3869.4	-3060.8	-1.0000	-1.0000	-0.00004	-0.00039	0.023	0.002000	80000.000000	80000.000000	0.0000	0.0000	0.0000	0.0000
3.3060	3349.05	2643.48	10.0	-1.0	-3868.3	-3062.2	-1.0000	-1.0000	-0.00004	-0.00039	0.023	0.002000	80000.000000	80000.000000	0.0000	0.0000	0.0000	0.0000
3.3080	3349.09	2645.47	10.0	-1.0	-3867.2	-3063.6	-1.0000	-1.0000	-0.00004	-0.00039	0.023	0.002000	80000.000000	80000.000000	0.0000	0.0000	0.0000	0.0000
3.3100	3349.14	2647.45	10.0	-1.0	-3866.1	-3065.0	-1.0000	-1.0000	-0.00004	-0.00039	0.023	0.002000	80000.000000	80000.000000	0.0000	0.0000	0.0000	0.0000
3.3120	3349.18	2649.44	10.0	-1.0	-3865.0	-3066.4	-1.0000	-1.0000	-0.00004	-0.00039	0.023	0.002000	80000.000000	80000.000000	0.0000	0.0000	0.0000	0.0000
3.3140	3349.22	2651.43	10.0	-1.0	-3863.9	-3067.8	-1.0000	-1.0000	-0.00004	-0.00039	0.023	0.002000	80000.000000	80000.000000	0.0000	0.0000	0.0000	0.0000
3.3160	3349.25	2653.41	10.0	-1.0	-3862.9	-3069.2	-1.0000	-1.0000	-0.00004	-0.00039	0.023	0.002000	80000.000000	80000.000000	0.0000	0.0000	0.0000	0.0000
3.3180	3349.28	2655.40	10.0	-1.0	-3861.8	-3070.6	-1.0000	-1.0000	-0.00004	-0.00039	0.023	0.002000	80000.000000	80000.000000	0.0000	0.0000	0.0000	0.0000
3.3200	3349.31	2657.38	10.0	-1.0	-3860.7	-3072.0	-1.0000	-1.0000	-0.00004	-0.00039	0.023	0.002000	80000.000000	80000.000000	0.0000	0.0000	0.0000	0.0000
3.3220	3349.34	2659.36	10.0	-1.0	-3859.6	-3073.4	-1.0000	-1.0000	-0.00004	-0.00039	0.023	0.002000	80000.000000	80000.000000	0.0000	0.0000	0.0000	0.0000
3.3240	3349.37	2661.34	10.0	-1.0	-3858.5	-3074.8	-1.0000	-1.0000	-0.00004	-0.00039	0.023	0.002000	80000.000000	80000.000000	0.0000	0.0000	0.0000	0.0000
3.3260	3349.39	2663.33	10.0	-1.0	-3857.4	-3076.2	-1.0000	-1.0000	-0.00004	-0.00039	0.023	0.002000	80000.000000	80000.000000	0.0000	0.0000	0.0000	0.0000
3.3280	3349.41	2665.30	10.0	-1.0	-3856.3	-3077.6	-1.0000	-1.0000	-0.00004	-0.00039	0.023	0.002000	80000.000000	80000.000000	0.0000	0.0000	0.0000	0.0000
3.3300	3348.56	2667.28	9.0	-1.0	-3855.2	-3079.0	-1.0000	-1.0000	-0.00004	-0.00035	0.020	0.002000	80000.000000	80000.000000	0.0000	0.0000	0.0000	0.0000
3.3320	3349.44	2669.26	10.0	-1.0	-3854.1	-3080.4	-1.0000	-1.0000	-0.00004	-0.00039	0.023	0.002000	80000.000000	80000.000000	0.0000	0.0000	0.0000	0.0000
3.3340	3349.45	2671.24	10.0	-1.0	-3853.1	-3081.8	-1.0000	-1.0000	-0.00004	-0.00039	0.023	0.002000	80000.000000	80000.000000	0.0000	0.0000	0.0000	0.0000
3.3360	3349.46	2673.21	10.0	-1.0	-3852.0	-3083.2	-1.0000	-1.0000	-0.00004	-0.00039	0.023	0.002000	80000.000000	80000.000000	0.0000	0.0000	0.0000	0.0000
3.3380	3349.46	2675.19	10.0	-1.0	-3850.9	-3084.6	-1.0000	-1.0000	-0.00004	-0.00039	0.023	0.002000	80000.000000	80000.000000	0.0000	0.0000	0.0000	0.0000
3.3400	3349.47	2677.16	10.0	-1.0	-3849.8	-3086.0	-1.0000	-1.0000	-0.00004	-0.00039	0.023	0.002000	80000.000000	80000.000000	0.0000	0.0000	0.0000	0.0000
3.3420	3349.47	2679.13	10.0	-1.0	-3848.7	-3087.4	-1.0000	-1.0000	-0.00004	-0.00039	0.023	0.002000	80000.000000	80000.000000	0.0000	0.0000	0.0000	0.0000
3.3440	3349.46	2681.11	10.0	-1.0	-3847.6	-3088.8	-1.0000	-1.0000	-0.00004	-0.00039	0.023	0.002000	80000.000000	80000.000000	0.0000	0.0000	0.0000	0.0000
3.3460	3349.46	2683.08	10.0	-1.0	-3846.5	-3090.2	-1.0000	-1.0000	-0.00004	-0.00039	0.023	0.002000	80000.000000	80000.000000	0.0000	0.0000	0.0000	0.0000
3.3480	3349.45	2685.05	10.0	-1.0	-3845.4	-3091.6	-1.0000	-1.0000	-0.00004	-0.00039	0.023	0.002000	80000.000000	80000.000000	0.0000	0.0000	0.0000	0.0000
3.3500	3349.44	2687.01	10.0	-1.0	-3844.3	-3093.0	-1.0000	-1.0000	-0.00004	-0.00039	0.023	0.002000	80000.000000	80000.000000	0.0000	0.0000	0.0000	0.0000
3.3520	3349.43	2688.98	10.0	-1.0	-3843.2	-3094.4	-1.0000	-1.0000	-0.00004	-0.00039	0.023	0.002000	80000.000000	80000.000000	0.0000	0.0000	0.0000	0.0000
3.3540	3349.41	2690.95	10.0	-1.0	-3842.1	-3095.8	-1.0000	-1.0000	-0.00004	-0.00039	0.023	0.002000	80000.000000	80000.000000	0.0000	0.0000	0.0000	0.0000
3.3560	3349.40	2692.91	10.0	-1.0	-3841.0	-3097.2	-1.0000	-1.0000	-0.00004	-0.00039	0.023	0.002000	80000.000000	80000.000000	0.0000	0.0000	0.0000	0.0000
3.3580	3349.38	2694.88	10.0	-1.0	-3839.9	-3098.6	-1.0000	-1.0000	-0.00004	-0.00039	0.023	0.002000	80000.000000	80000.000000	0.0000	0.0000	0.0000	0.0000
3.3600	3349.35	2696.84	10.0	-1.0	-3838.8	-3100.0	-1.0000	-1.0000	-0.00004	-0.00039	0.023	0.002000	80000.000000	80000.000000	0.0000	0.0000	0.0000	0.0000
3.3620	3349.33	2698.81	10.0	-1.0	-3837.7	-3101.4	-1.0000	-1.0000	-0.00004	-0.00039	0.023	0.002000	80000.000000	80000.000000	0.0000	0.0000	0.0000	0.0000
3.3640	3349.30	2700.77	10.0	-1.0	-3836.6	-3102.8	-1.0000	-1.0000	-0.00004	-0.00039	0.023	0.002000	80000.000000	80000.000000	0.0000	0.0000	0.0000	0.0000
3.3660	3349.27	2702.73	10.0	-1.0	-3835.5	-3104.2	-1.0000	-1.0000	-0.00004	-0.00039	0.023	0.002000	80000.000000	80000.000000	0.0000	0.0000	0.0000	0.0000
3.3680	3349.23	2704.69	10.0	-1.0	-3834.4	-3105.6	-1.0000	-1.0000	-0.00004	-0.00039	0.023	0.002000	80000.000000	80000.000000	0.0000	0.0000	0.0000	0.0000
3.3700	3349.20	2706.65	10.0	-1.0	-3833.3	-3107.0	-1.0000	-1.0000	-0.00004	-0.00039	0.023	0.002000	80000.000000	80000.000000	0.0000	0.0000	0.0000	0.0000
3.3720	3349.16	2708.60	10.0	-1.0	-3832.2	-3108.4	-1.0000	-1.0000	-0.00004	-0.00039	0.023	0.002000	80000.000000	80000.000000	0.0000	0.0000	0.0000	0.0000
3.3740	3349.12	2710.56	10.0	-1.0	-3831.1	-3109.7	-1.0000	-1.0000	-0.00004	-0.00039	0.023	0.002000	80000.000000	80000.000000	0.0000	0.0000	0.0000	0.0000
3.3760	3349.07	2712.52	10.0	-1.0	-3830.0	-3111.1	-1.0000	-1.0000	-0.00004	-0.00039	0.023	0.002000	80000.000000	80000.000000	0.0000	0.0000	0.0000	0.0000
3.3780	3349.03	2714.47	10.0	-1.0	-3828.9	-3112.5	-1.0000	-1.0000	-0.00004	-0.00039	0.023	0.002000	80000.000000	80000.000000	0.0000	0.0000	0.0000	0.0000
3.3800	3348.98	2716.42	10.0	-1.0	-3827.8	-3113.9	-1.0000	-1.0000	-0.00004	-0.00039	0.023	0.002000	80000.000000	80000.000000	0.0000	0.0000	0.0000	0.0000
3.3820	3348.92	2718.38	10.0	-1.0	-3826.7	-3115.3	-1.0000	-1.0000	-0.00004	-0.00039	0.023	0.002000	80000.000000	80000.000000	0.0000	0.0000	0.0000	0.0000
3.3840	3348.87	2720.33	10.0	-1.0	-3825.6	-3116.7	-1.0000	-1.0000	-0.00004	-0.00039	0.023	0.002000	80000.000000	80000.000000	0.0000	0.0000	0.0000	0.0000
3.3860	3348.81	2722.28	10.0	-1.0	-3824.5	-3118.1	-1.0000	-1.0000	-0.00004	-0.00039	0.023	0.002000	80000.000000	80000.000000	0.0000	0.0000	0.0000	0.0000
3.3880	3348.75	2724.23	10.0	-1.0	-3823.4	-3119.5	-1.0000	-1.0000	-0.00004	-0.00039	0.023	0.002000	80000.000000	80000.000000	0.0000	0.0000	0.0000	0.0000
3.3900	3348.69	2726.18	10.0	-1.0	-3822.3	-3120.9	-1.0000	-1.0000	-0.00004	-0.00039	0.023	0.002000	80000.000000	80000.000000	0.0000	0.0000	0.0000	0.0000
3.3920	3348.63	2728.13	10.0	-1.0	-3821.2	-3122.2	-1.0000	-1.0000	-0.00004	-0.00039	0.023	0.002000	80000.000000	80000.000000	0.0000	0.0000	0.0000	0.0000
3.3940	3348.56	2730.07	10.0	-1.0	-3820.0	-3123.6	-1.0000	-1.0000	-0.00004	-0.00039	0.023	0.002000	80000.000000	80000.000000	0.0000	0.0000	0.0000	0.0000
3.3960	3348.49	2732.02	10.0	-1.0	-3818.9	-3125.0	-1.0000	-1.0000	-0.00004	-0.00039	0.023	0.002000	80000.000000	80000.000000	0.0000	0.0000	0.0000	0.0000
3.3980	3348.41	2733.96	10.0	-1.0	-3817.8	-3126.4	-1.0000	-1.0000	-0.00004	-0.00039	0.023	0.002000	80000.000000	80000.000000	0.0000	0.0000	0.0000	0.0000
3.4000	3348.34	2735.91	10.0	-1.0	-3816.7	-3127.8	-1.0000	-1.0000	-0.00004	-0.00039	0.023	0.002000	80000.000000	80000.000000	0.0000	0.0000	0.0000	0.0000
3.4020	3348.26	2737.85	10.0	-1.0	-3815.6	-3129.2	-1.0000	-1.0000	-0.00004	-0.00039	0.023	0.002000	80000.000000	80000.000000	0.0000	0.0000	0.0000	0.0000
3.4040	3348.18	2739.79	10.0	-1.0	-3814.5	-3130.6	-1.0000	-1.0000	-0.00004	-0.00039	0.023	0.002000	80000.000000	80000.000000	0.0000	0.0000	0.0000	0.0000
3.4060	3348.10	2741.73	10.0	-1.0	-3813.4	-3131.9	-1.0000	-1.0000	-0.00004	-0.00039	0.023	0.002000	80000.000000	80000.000000	0.0000	0.0000	0.0000	0.0000
3.4080	3348.01	2743.67	10.0	-1.0	-3812.3	-3133.3	-1.0000	-1.0000	-0.00004	-0.00039	0.023	0.002000	80000.000000	80000.000000	0.0000	0.0000	0.0000	0.0000
3.4100	3347.92	2745.61	10.0	-1.0	-3811.2	-3134.7	-1.0000	-1.0000	-0.00004	-0.00039	0.023	0.002000	80000.000000	80000.000000	0.0000	0.0000	0.0000	0.0000
3.4120	3347.83	2747.55	10.0	-1.0	-3810.0	-3136.1	-1.0000	-1.0000	-0.00004	-0.00039	0.023	0.002000	80000.000000	80000.000000	0.0000	0.0000	0.0000	0.0000
3.4140	3347.74	2749.49	10.0	-1.0	-3808.9	-3137.5	-1.0000	-1.0000	-0.00004	-0.00039	0.023	0.002000	80000.000000	80000.000000	0.0000	0.0000	0.0000	0.0000
3.4160	3347.65	2751.42	10.0	-1.0	-3807.8	-3138.9	-1.0000	-1.0000	-0.00004	-0.00039	0.023	0.002000	80000.000000	80000.000000	0.0000	0.0000	0.0000	0.0000
3.4180	3347.55	2753.36	10.0	-1.0	-3806.7	-3140.2	-1.0000	-1.0000	-0.00004	-0.00039	0.023	0.002000	80000.000000	80000.000000	0.0000	0.0000	0.0000	0.0000
3.4200	3347.45	2755.29	10.0	-1.0	-3805.6	-3141.6	-1.0000	-1.0000	-0.00004	-0.00039	0.023	0.002000	80000.000000	80000.000000	0.0000	0.0000	0.0000	0.0000
3.4220	3347.34	2757.22	10.0	-1.0	-3804.5	-3143.0	-1.0000	-1.0000	-0.00004	-0.00039	0.023	0.002000	80000.000000	80000.000000	0.0000	0.0000	0.0000	0.0000
3.4240	3347.24	2759.15	10.0	-1.0	-3803.4	-3144.4	-1.0000	-1.0000	-0.00004	-0.00039	0.023	0.002000	80000.000000	80000.000000	0.0000	0.0000	0.0000	0.0000
3.4260	3347.13	2761.08	10.0	-1.0	-3802.2	-3145.8	-1.0000	-1.0000	-0.00004	-0.00039	0.023	0.002000	80000.000000	80000.000000	0.0000	0.0000	0.0000	0.0000
3.4280	3347.02	2763.01	10.0	-1.0	-3801.1	-3147.1	-1.0000	-1.0000	-0.00004	-0.00039	0.023	0.002000	80000.000000	80000.000000	0.0000	0.0000	0.0000	0.0000
3.4300	3346.90	2764.94	10.0	-1.0	-3800.0	-3148.5	-1.0000	-1.0000	-0.00004	-0.00039	0.023	0.002000	80000.000000	80000.000000	0.0000	0.0000	0.0000	0.0000
3.4320	3346.79	2766.87	10.0	-1.0	-3798.9	-3149.9	-1.0000	-1.0000	-0.00004	-0.00039	0.023	0.002000	80000.000000	80000.000000	0.0000	0.0000	0.0000	0.0000
3.4340	3346.67	2768.80	10.0	-1.0	-3797.8	-3151.3	-1.0000	-1.0000	-0.00004	-0.00039	0.023	0.002000	80000.000000	80000.000000	0.0000	0.0000	0.0000	0.0000
3.4360	3346.55	2770.72	10.0	-1.0	-3796.6	-3152.6	-1.0000	-1.0000	-0.00004	-0.00039	0.023	0.002000	80000.000000	80000.000000	0.0000	0.0000	0.0000	0.0000
3.4380	3346.43	2772.65	10.0	-1.0	-3795.5	-3154.0	-1.0000	-1.0000	-0.00004	-0.00039	0.023	0.002000	80000.000000	80000.000000	0.0000	0.0000	0.0000	0.0000
3.4400	3346.30	2774.57	10.0	-1.0	-3794.4	-3155.4	-1.0000	-1.0000	-0.00004	-0.00039	0.023	0.002000	80000.000000	80000.000000	0.0000	0.0000	0.0000	0.0000
3.4420	3345.29	2776.49	9.0	-1.0	-3793.3	-3156.8	-1.0000	-1.0000	-0.00004	-0.00035	0.020	0.002000	80000.000000	80000.000000	0.0000	0.0000	0.0000	0.0000
3.4440	3346.04	2778.42	10.0	-1.0	-3792.2	-3158.2	-1.0000	-1.0000	-0.00004	-0.00039	0.023	0.002000	80000.000000	80000.000000	0.0000	0.0000	0.0000	0.0000
3.4460	3345.91	2780.34	10.0	-1.0	-3791.0	-3159.5	-1.0000	-1.0000	-0.00004	-0.00039	0.023	0.002000	80000.000000	80000.000000	0.0000	0.0000	0.0000	0.0000
3.4480	3345.77	2782.26	10.0	-1.0	-3789.9	-3160.9	-1.0000	-1.0000	-0.00004	-0.00039	0.023	0.002000	80000.000000	80000.000000	0.0000	0.0000	0.0000	0.0000
3.4500	3345.63	2784.17	10.0	-1.0	-3788.8	-3162.3	-1.0000	-1.0000	-0.00004	-0.00039	0.023	0.002000	80000.000000	80000.000000	0.0000	0.0000	0.0000	0.0000
3.4520	3345.49	2786.09	10.0	-1.0	-3787.7	-3163.7	-1.0000	-1.0000	-0.00004	-0.00039	0.023	0.002000	80000.000000	80000.000000	0.0000	0.0000	0.0000	0.0000
3.4540	3345.35	2788.01	10.0	-1.0	-3786.5	-3165.0	-1.0000	-1.0000	-0.00004	-0.00039	0.023	0.002000	80000.000000	80000.000000	0.0000	0.0000	0.0000	0.0000
3.4560	3345.20	2789.92	10.0	-1.0	-3785.4	-3166.4	-1.0000	-1.0000	-0.00004	-0.00039	0.023	0.002000	80000.000000	80000.000000	0.0000	0.0000	0.0000	0.0000
3.4580	3345.06	2791.84	10.0	-1.0	-3784.3	-3167.8	-1.0000	-1.0000	-0.00004	-0.00039	0.023	0.002000	80000.000000	80000.000000	0.0000	0.0000	0.0000	0.0000
3.4600	3344.90	2793.75	10.0	-1.0	-3783.2	-3169.1	-1.0000	-1.0000	-0.00004	-0.00039	0.023	0.002000	80000.000000	80000.000000	0.0000	0.0000	0.0000	0.0000
3.4620	3344.75	2795.66	10.0	-1.0	-3782.0	-3170.5	-1.0000	-1.0000	-0.00004	-0.00039	0.023	0.002000	80000.000000	80000.000000	0.0000	0.0000	0.0000	0.0000
3.4640	3344.60	2797.58	10.0	-1.0	-3780.9	-3171.9	-1.0000	-1.0000	-0.00004	-0.00039	0.023	0.002000	80000.000000	80000.000000	0.0000	0.0000	0.0000	0.0000
3.4660	3344.44	2799.49	10.0	-1.0	-3779.8	-3173.3	-1.0000	-1.0000	-0.00004	-0.00039	0.023	0.002000	80000.000000	80000.000000	0.0000	0.0000	0.0000	0.0000
3.4680	3344.28	2801.40	10.0	-1.0	-3778.6	-3174.6	-1.0000	-1.0000	-0.00004	-0.00039	0.023	0.002000	80000.000000	80000.000000	0.0000	0.0000	0.0000	0.0000
3.4700	3344.11	2803.30	10.0	-1.0	-3777.5	-3176.0	-1.0000	-1.0000	-0.00004	-0.00039	0.023	0.002000	80000.000000	80000.000000	0.0000	0.0000	0.0000	0.0000
3.4720	3343.95	2805.21	10.0	-1.0	-3776.4	-3177.4	-1.0000	-1.0000	-0.00004	-0.00039	0.023	0.002000	80000.000000	80000.000000	0.0000	0.0000	0.0000	0.0000
3.4740	3343.78	2807.12	10.0	-1.0	-3775.3	-3178.7	-1.0000	-1.0000	-0.00004	-0.00039	0.023	0.002000	80000.000000	80000.000000	0.0000	0.0000	0.0000	0.0000
3.4760	3343.61	2809.02	10.0	-1.0	-3774.1	-3180.1	-1.0000	-1.0000	-0.00004	-0.00039	0.023	0.002000	80000.000000	80000.000000	0.0000	0.0000	0.0000	0.0000
3.4780	3343.44	2810.93	10.0	-1.0	-3773.0	-3181.5	-1.0000	-1.0000	-0.00004	-0.00039	0.023	0.002000	80000.000000	80000.000000	0.0000	0.0000	0.0000	0.0000
3.4800	3343.26	2812.83	10.0	-1.0	-3771.9	-3182.8	-1.0000	-1.0000	-0.00004	-0.00039	0.023	0.002000	80000.000000	80000.000000	0.0000	0.0000	0.0000	0.0000
3.4820	3343.08	2814.73	10.0	-1.0	-3770.7	-3184.2	-1.0000	-1.0000	-0.00004	-0.00039	0.023	0.002000	80000.000000	80000.000000	0.0000	0.0000	0.0000	0.0000
3.4840	3342.90	2816.64	10.0	-1.0	-3769.6	-3185.6	-1.0000	-1.0000	-0.00004	-0.00039	0.023	0.002000	80000.000000	80000.000000	0.0000	0.0000	0.0000	0.0000
3.4860	3342.72	2818.54	10.0	-1.0	-3768.5	-3186.9	-1.0000	-1.0000	-0.00004	-0.00039	0.023	0.002000	80000.000000	80000.000000	0.0000	0.0000	0.0000	0.0000
3.4880	3342.54	2820.44	10.0	-1.0	-3767.3	-3188.3	-1.0000	-1.0000	-0.00004	-0.00039	0.023	0.002000	80000.000000	80000.000000	0.0000	0.0000	0.0000	0.0000
3.4900	3342.35	2822.33	10.0	-1.0	-3766.2	-3189.7	-1.0000	-1.0000	-0.00004	-0.00039	0.023	0.002000	80000.000000	80000.000000	0.0000	0.0000	0.0000	0.0000
3.4920	3342.16	2824.23	10.0	-1.0	-3765.1	-3191.0	-1.0000	-1.0000	-0.00004	-0.00039	0.023	0.002000	80000.000000	80000.000000	0.0000	0.0000	0.0000	0.0000
3.4940	3341.97	2826.13	10.0	-1.0	-3763.9	-3192.4	-1.0000	-1.0000	-0.00004	-0.00039	0.023	0.002000	80000.000000	80000.000000	0.0000	0.0000	0.0000	0.0000
3.4960	3341.77	2828.02	10.0	-1.0	-3762.8	-3193.8	-1.0000	-1.0000	-0.00004	-0.00039	0.023	0.002000	80000.000000	80000.000000	0.0000	0.0000	0.0000	0.0000
3.4980	3341.58	2829.92	10.0	-1.0	-3761.6	-3195.1	-1.0000	-1.0000	-0.00004	-0.00039	0.023	0.002000	80000.000000	80000.000000	0.0000	0.0000	0.0000	0.0000
3.5000	3341.38	2831.81	10.0	-1.0	-3760.5	-3196.5	-1.0000	-1.0000	-0.00004	-0.00039	0.023	0.002000	80000.000000	80000.000000	0.0000	0.0000	0.0000	0.0000
3.5020	3341.17	2833.70	10.0	-1.0	-3759.4	-3197.9	-1.0000	-1.0000	-0.00004	-0.00039	0.023	0.002000	80000.000000	80000.000000	0.0000	0.0000	0.0000	0.0000
3.5040	3340.97	2835.59	10.0	-1.0	-3758.2	-3199.2	-1.0000	-1.0000	-0.00004	-0.00039	0.023	0.002000	80000.000000	80000.000000	0.0000	0.0000	0.0000	0.0000
3.5060	3340.76	2837.48	10.0	-1.0	-3757.1	-3200.6	-1.0000	-1.0000	-0.00004	-0.00039	0.023	0.002000	80000.000000	80000.000000	0.0000	0.0000	0.0000	0.0000
3.5080	3340.55	2839.37	10.0	-1.0	-3755.9	-3201.9	-1.0000	-1.0000	-0.00004	-0.00039	0.023	0.002000	80000.000000	80000.000000	0.0000	0.0000	0.0000	0.0000
3.5100	3340.34	2841.26	10.0	-1.0	-3754.8	-3203.3	-1.0000	-1.0000	-0.00004	-0.00039	0.023	0.002000	80000.000000	80000.000000	0.0000	0.0000	0.0000	0.0000
3.5120	3340.13	2843.15	10.0	-1.0	-3753.7	-3204.7	-1.0000	-1.0000	-0.00004	-0.00039	0.023	0.002000	80000.000000	80000.000000	0.0000	0.0000	0.0000	0.0000
3.5140	3339.91	2845.03	10.0	-1.0	-3752.5	-3206.0	-1.0000	-1.0000	-0.00004	-0.00039	0.023	0.002000	80000.000000	80000.000000	0.0000	0.0000	0.0000	0.0000
3.5160	3339.69	2846.92	10.0	-1.0	-3751.4	-3207.4	-1.0000	-1.0000	-0.00004	-0.00039	0.023	0.002000	80000.000000	80000.000000	0.0000	0.0000	0.0000	0.0000
3.5180	3339.47	2848.80	10.0	-1.0	-3750.2	-3208.7	-1.0000	-1.0000	-0.00004	-0.00039	0.023	0.002000	80000.000000	80000.000000	0.0000	0.0000	0.0000	0.0000
3.5200	3339.25	2850.69	10.0	-1.0	-3749.1	-3210.1	-1.0000	-1.0000	-0.00004	-0.00039	0.023	0.002000	80000.000000	80000.000000	0.0000	0.0000	0.0000	0.0000
3.5220	3339.02	2852.57	10.0	-1.0	-3748.0	-3211.5	-1.0000	-1.0000	-0.00004	-0.00039	0.023	0.002000	80000.000000	80000.000000	0.0000	0.0000	0.0000	0.0000
3.5240	3338.80	2854.45	10.0	-1.0	-3746.8	-3212.8	-1.0000	-1.0000	-0.00004	-0.00039	0.023	0.002000	80000.000000	80000.000000	0.0000	0.0000	0.0000	0.0000
3.5260	3338.57	2856.33	10.0	-1.0	-3745.7	-3214.2	-1.0000	-1.0000	-0.00004	-0.00039	0.023	0.002000	80000.000000	80000.000000	0.0000	0.0000	0.0000	0.0000
3.5280	3338.33	2858.21	10.0	-1.0	-3744.5	-3215.5	-1.0000	-1.0000	-0.00004	-0.00039	0.023	0.002000	80000.000000	80000.000000	0.0000	0.0000	0.0000	0.0000
3.5300	3338.10	2860.09	10.0	-1.0	-3743.4	-3216.9	-1.0000	-1.0000	-0.00004	-0.00039	0.023	0.002000	80000.000000	80000.000000	0.0000	0.0000	0.0000	0.0000
3.5320	3337.86	2861.96	10.0	-1.0	-3742.2	-3218.2	-1.0000	-1.0000	-0.00004	-0.00039	0.023	0.002000	80000.000000	80000.000000	0.0000	0.0000	0.0000	0.0000
3.5340	3337.62	2863.84	10.0	-1.0	-3741.1	-3219.6	-1.0000	-1.0000	-0.00004	-0.00039	0.023	0.002000	80000.000000	80000.000000	0.0000	0.0000	0.0000	0.0000
3.5360	3337.38	2865.71	10.0	-1.0	-3739.9	-3221.0	-1.0000	-1.0000	-0.00004	-0.00039	0.023	0.002000	80000.000000	80000.000000	0.0000	0.0000	0.0000	0.0000
3.5380	3337.13	2867.59	10.0	-1.0	-3738.8	-3222.3	-1.0000	-1.0000	-0.00004	-0.00039	0.023	0.002000	80000.000000	80000.000000	0.0000	0.0000	0.0000	0.0000
3.5400	3336.89	2869.46	10.0	-1.0	-3737.6	-3223.7	-1.0000	-1.0000	-0.00004	-0.00039	0.023	0.002000	80000.000000	80000.000000	0.0000	0.0000	0.0000	0.0000
3.5420	3336.64	2871.33	10.0	-1.0	-3736.5	-3225.0	-1.0000	-1.0000	-0.00004	-0.00039	0.023	0.002000	80000.000000	80000.000000	0.0000	0.0000	0.0000	0.0000
3.5440	3336.39	2873.20	10.0	-1.0	-3735.3	-3226.4	-1.0000	-1.0000	-0.00004	-0.00039	0.023	0.002000	80000.000000	80000.000000	0.0000	0.0000	0.0000	0.0000
3.5460	3336.13	2875.07	10.0	-1.0	-3734.2	-3227.7	-1.0000	-1.0000	-0.00004	-0.00039	0.023	0.002000	80000.000000	80000.000000	0.0000	0.0000	0.0000	0.0000
3.5480	3335.88	2876.94	10.0	-1.0	-3733.0	-3229.1	-1.0000	-1.0000	-0.00004	-0.00039	0.023	0.002000	80000.000000	80000.000000	0.0000	0.0000	0.0000	0.0000
3.5500	3335.62	2878.81	10.0	-1.0	-3731.9	-3230.4	-1.0000	-1.0000	-0.00004	-0.00039	0.023	0.002000	80000.000000	80000.000000	0.0000	0.0000	0.0000	0.0000
3.5520	3335.36	2880.68	10.0	-1.0	-3730.7	-3231.8	-1.0000	-1.0000	-0.00004	-0.00039	0.023	0.002000	80000.000000	80000.000000	0.0000	0.0000	0.0000	0.0000
3.5540	3335.09	2882.54	10.0	-1.0	-3729.6	-3233.1	-1.0000	-1.0000	-0.00004	-0.00039	0.023	0.002000	80000.000000	80000.000000	0.0000	0.0000	0.0000	0.0000
3.5560	3334.83	2884.41	10.0	-1.0	-3728.4	-3234.5	-1.0000	-1.0000	-0.00004	-0.00039	0.023	0.002000	80000.000000	80000.000000	0.0000	0.0000	0.0000	0.0000
3.5580	3334.56	2886.27	10.0	-1.0	-3727.3	-3235.8	-1.0000	-1.0000	-0.00004	-0.00039	0.023	0.002000	80000.000000	80000.000000	0.0000	0.0000	0.0000	0.0000
3.5600	3334.29	2888.13	10.0	-1.0	-3726.1	-3237.2	-1.0000	-1.0000	-0.00004	-0.00039	0.023	0.002000	80000.000000	80000.000000	0.0000	0.0000	0.0000	0.0000
3.5620	3334.02	2890.00	10.0	-1.0	-3725.0	-3238.5	-1.0000	-1.0000	-0.00004	-0.00039	0.023	0.002000	80000.000000	80000.000000	0.0000	0.0000	0.0000	0.0000
3.5640	3333.74	2891.86	10.0	-1.0	-3723.8	-3239.9	-1.0000	-1.0000	-0.00004	-0.00039	0.023	0.002000	80000.000000	80000.000000	0.0000	0.0000	0.0000	0.0000
3.5660	3333.47	2893.72	10.0	-1.0	-3722.6	-3241.2	-1.0000	-1.0000	-0.00004	-0.00039	0.023	0.002000	80000.000000	80000.000000	0.0000	0.0000	0.0000	0.0000
3.5680	3333.19	2895.58	10.0	-1.0	-3721.5	-3242.6	-1.0000	-1.0000	-0.00004	-0.00039	0.023	0.002000	80000.000000	80000.000000	0.0000	0.0000	0.0000	0.0000
3.5700	3332.91	2897.43	10.0	-1.0	-3720.3	-3243.9	-1.0000	-1.0000	-0.00004	-0.00039	0.023	0.002000	80000.000000	80000.000000	0.0000	0.0000	0.0000	0.0000
3.5720	3332.62	2899.29	10.0	-1.0	-3719.2	-3245.3	-1.0000	-1.0000	-0.00004	-0.00039	0.023	0.002000	80000.000000	80000.000000	0.0000	0.0000	0.0000	0.0000
3.5740	3332.34	2901.14	10.0	-1.0	-3718.0	-3246.6	-1.0000	-1.0000	-0.00004	-0.00039	0.023	0.002000	80000.000000	80000.000000	0.0000	0.0000	0.0000	0.0000
3.5760	3332.05	2903.00	10.0	-1.0	-3716.9	-3248.0	-1.0000	-1.0000	-0.00004	-0.00039	0.023	0.002000	80000.000000	80000.000000	0.0000	0.0000	0.0000	0.0000
3.5780	3331.76	2904.85	10.0	-1.0	-3715.7	-3249.3	-1.0000	-1.0000	-0.00004	-0.00039	0.023	0.002000	80000.000000	80000.000000	0.0000	0.0000	0.0000	0.0000
3.5800	3331.46	2906.71	10.0	-1.0	-3714.5	-3250.7	-1.0000	-1.0000	-0.00004	-0.00039	0.023	0.002000	80000.000000	80000.000000	0.0000	0.0000	0.0000	0.0000
3.5820	3331.17	2908.56	10.0	-1.0	-3713.4	-3252.0	-1.0000	-1.0000	-0.00004	-0.00039	0.023	0.002000	80000.000000	80000.000000	0.0000	0.0000	0.0000	0.0000
3.5840	3330.87	2910.41	10.0	-1.0	-3712.2	-3253.4	-1.0000	-1.0000	-0.00004	-0.00039	0.023	0.002000	80000.000000	80000.000000	0.0000	0.0000	0.0000	0.0000
3.5860	3330.57	2912.26	10.0	-1.0	-3711.1	-3254.7	-1.0000	-1.0000	-0.00004	-0.00039	0.023	0.002000	80000.000000	80000.000000	0.0000	0.0000	0.0000	0.0000
3.5880	3330.27	2914.10	10.0	-1.0	-3709.9	-3256.0	-1.0000	-1.0000	-0.00004	-0.00039	0.023	0.002000	80000.000000	80000.000000	0.0000	0.0000	0.0000	0.0000
3.5900	3329.97	2915.95	10.0	-1.0	-3708.7	-3257.4	-1.0000	-1.0000	-0.00004	-0.00039	0.023	0.002000	80000.000000	80000.000000	0.0000	0.0000	0.0000	0.0000
3.5920	3329.66	2917.80	10.0	-1.0	-3707.6	-3258.7	-1.0000	-1.0000	-0.00004	-0.00039	0.023	0.002000	80000.000000	80000.000000	0.0000	0.0000	0.0000	0.0000
3.5940	3329.35	2919.64	10.0	-1.0	-3706.4	-3260.1	-1.0000	-1.0000	-0.00004	-0.00039	0.023	0.002000	80000.000000	80000.000000	0.0000	0.0000	0.0000	0.0000
3.5960	3329.04	2921.49	10.0	-1.0	-3705.2	-3261.4	-1.0000	-1.0000	-0.00004	-0.00039	0.023	0.002000	80000.000000	80000.000000	0.0000	0.0000	0.0000	0.0000
3.5980	3328.73	2923.33	10.0	-1.0	-3704.1	-3262.8	-1.0000	-1.0000	-0.00004	-0.00039	0.023	0.002000	80000.000000	80000.000000	0.0000	0.0000	0.0000	0.0000
3.6000	3328.41	2925.17	10.0	-1.0	-3702.9	-3264.1	-1.0000	-1.0000	-0.00004	-0.00039	0.023	0.002000	80000.000000	80000.000000	0.0000	0.0000	0.0000	0.0000
3.6020	3328.09	2927.01	10.0	-1.0	-3701.7	-3265.4	-1.0000	-1.0000	-0.00004	-0.00039	0.023	0.002000	80000.000000	80000.000000	0.0000	0.0000	0.0000	0.0000
3.6040	3327.77	2928.85	10.0	-1.0	-3700.6	-3266.8	-1.0000	-1.0000	-0.00004	-0.00039	0.023	0.002000	80000.000000	80000.000000	0.0000	0.0000	0.0000	0.0000
3.6060	3327.45	2930.69	10.0	-1.0	-3699.4	-3268.1	-1.0000	-1.0000	-0.00004	-0.00039	0.023	0.002000	80000.000000	80000.000000	0.0000	0.0000	0.0000	0.0000
3.6080	3327.12	2932.53	10.0	-1.0	-3698.2	-3269.5	-1.0000	-1.0000	-0.00004	-0.00039	0.023	0.002000	80000.000000	80000.000000	0.0000	0.0000	0.0000	0.0000
3.6100	3326.80	2934.37	10.0	-1.0	-3697.1	-3270.8	-1.0000	-1.0000	-0.00004	-0.00039	0.023	0.002000	80000.000000	80000.000000	0.0000	0.0000	0.0000	0.0000
3.6120	3326.47	2936.21	10.0	-1.0	-3695.9	-3272.1	-1.0000	-1.0000	-0.00004	-0.00039	0.023	0.002000	80000.000000	80000.000000	0.0000	0.0000	0.0000	0.0000
3.6140	3326.14	2938.04	10.0	-1.0	-3694.7	-3273.5	-1.0000	-1.0000	-0.00004	-0.00039	0.023	0.002000	80000.000000	80000.000000	0.0000	0.0000	0.0000	0.0000
3.6160	3325.80	2939.87	10.0	-1.0	-3693.6	-3274.8	-1.0000	-1.0000	-0.00004	-0.00039	0.023	0.002000	80000.000000	80000.000000	0.0000	0.0000	0.0000	0.0000
3.6180	3325.47	2941.71	10.0	-1.0	-3692.4	-3276.1	-1.0000	-1.0000	-0.00004	-0.00039	0.023	0.002000	80000.000000	80000.000000	0.0000	0.0000	0.0000	0.0000
3.6200	3325.13	2943.54	10.0	-1.0	-3691.2	-3277.5	-1.0000	-1.0000	-0.00004	-0.00039	0.023	0.002000	80000.000000	80000.000000	0.0000	0.0000	0.0000	0.0000
3.6220	3324.79	2945.37	10.0	-1.0	-3690.1	-3278.8	-1.0000	-1.0000	-0.00004	-0.00039	0.023	0.002000	80000.000000	80000.000000	0.0000	0.0000	0.0000	0.0000
3.6240	3324.45	2947.20	10.0	-1.0	-3688.9	-3280.1	-1.0000	-1.0000	-0.00004	-0.00039	0.023	0.002000	80000.000000	80000.000000	0.0000	0.0000	0.0000	0.0000
3.6260	3324.10	2949.03	10.0	-1.0	-3687.7	-3281.5	-1.0000	-1.0000	-0.00004	-0.00039	0.023	0.002000	80000.000000	80000.000000	0.0000	0.0000	0.0000	0.0000
3.6280	3323.76	2950.86	10.0	-1.0	-3686.5	-3282.8	-1.0000	-1.0000	-0.00004	-0.00039	0.023	0.002000	80000.000000	80000.000000	0.0000	0.0000	0.0000	0.0000
3.6300	3323.41	2952.68	10.0	-1.0	-3685.4	-3284.2	-1.0000	-1.0000	-0.00004	-0.00039	0.023	0.002000	80000.000000	80000.000000	0.0000	0.0000	0.0000	0.0000
3.6320	3323.06	2954.51	10.0	-1.0	-3684.2	-3285.5	-1.0000	-1.0000	-0.00004	-0.00039	0.023	0.002000	80000.000000	80000.000000	0.0000	0.0000	0.0000	0.0000
3.6340	3322.70	2956.33	10.0	-1.0	-3683.0	-3286.8	-1.0000	-1.0000	-0.00004	-0.00039	0.023	0.002000	80000.000000	80000.000000	0.0000	0.0000	0.0000	0.0000
3.6360	3322.35	2958.16	10.0	-1.0	-3681.8	-3288.2	-1.0000	-1.0000	-0.00004	-0.00039	0.023	0.002000	80000.000000	80000.000000	0.0000	0.0000	0.0000	0.0000
3.6380	3321.99	2959.98	10.0	-1.0	-3680.7	-3289.5	-1.0000	-1.0000	-0.00004	-0.00039	0.023	0.002000	80000.000000	80000.000000	0.0000	0.0000	0.0000	0.0000
3.6400	3321.63	2961.80	10.0	-1.0	-3679.5	-3290.8	-1.0000	-1.0000	-0.00004	-0.00039	0.023	0.002000	80000.000000	80000.000000	0.0000	0.0000	0.0000	0.0000
3.6420	3321.27	2963.62	10.0	-1.0	-3678.3	-3292.1	-1.0000	-1.0000	-0.00004	-0.00039	0.023	0.002000	80000.000000	80000.000000	0.0000	0.0000	0.0000	0.0000
3.6440	3320.90	2965.44	10.0	-1.0	-3677.1	-3293.5	-1.0000	-1.0000	-0.00004	-0.00039	0.023	0.002000	80000.000000	80000.000000	0.0000	0.0000	0.0000	0.0000
3.6460	3320.54	2967.26	10.0	-1.0	-3676.0	-3294.8	-1.0000	-1.0000	-0.00004	-0.00039	0.023	0.002000	80000.000000	80000.000000	0.0000	0.0000	0.0000	0.0000
3.6480	3320.17	2969.08	10.0	-1.0	-3674.8	-3296.1	-1.0000	-1.0000	-0.00004	-0.00039	0.023	0.002000	80000.000000	80000.000000	0.0000	0.0000	0.0000	0.0000
3.6500	3319.80	2970.90	10.0	-1.0	-3673.6	-3297.5	-1.0000	-1.0000	-0.00004	-0.00039	0.023	0.002000	80000.000000	80000.000000	0.0000	0.0000	0.0000	0.0000
3.6520	3319.43	2972.71	10.0	-1.0	-3672.4	-3298.8	-1.0000	-1.0000	-0.00004	-0.00039	0.023	0.002000	80000.000000	80000.000000	0.0000	0.0000	0.0000	0.0000
3.6540	3319.05	2974.53	10.0	-1.0	-3671.2	-3300.1	-1.0000	-1.0000	-0.00004	-0.00039	0.023	0.002000	80000.000000	80000.000000	0.0000	0.0000	0.0000	0.0000
3.6560	3318.67	2976.34	10.0	-1.0	-3670.1	-3301.5	-1.0000	-1.0000	-0.00004	-0.00039	0.023	0.002000	80000.000000	80000.000000	0.0000	0.0000	0.0000	0.0000
3.6580	3318.29	2978.15	10.0	-1.0	-3668.9	-3302.8	-1.0000	-1.0000	-0.00004	-0.00039	0.023	0.002000	80000.000000	80000.000000	0.0000	0.0000	0.0000	0.0000
3.6600	3317.91	2979.96	10.0	-1.0	-3667.7	-3304.1	-1.0000	-1.0000	-0.00004	-0.00039	0.023	0.002000	80000.000000	80000.000000	0.0000	0.0000	0.0000	0.0000
3.6620	3317.53	2981.77	10.0	-1.0	-3666.5	-3305.4	-1.0000	-1.0000	-0.00004	-0.00039	0.023	0.002000	80000.000000	80000.000000	0.0000	0.0000	0.0000	0.0000
3.6640	3317.14	2983.58	10.0	-1.0	-3665.3	-3306.8	-1.0000	-1.0000	-0.00004	-0.00039	0.023	0.002000	80000.000000	80000.000000	0.0000	0.0000	0.0000	0.0000
3.6660	3316.75	2985.39	10.0	-1.0	-3664.2	-3308.1	-1.0000	-1.0000	-0.00004	-0.00039	0.023	0.002000	80000.000000	80000.000000	0.0000	0.0000	0.0000	0.0000
3.6680	3316.36	2987.20	10.0	-1.0	-3663.0	-3309.4	-1.0000	-1.0000	-0.00004	-0.00039	0.023	0.002000	80000.000000	80000.000000	0.0000	0.0000	0.0000	0.0000
3.6700	3315.97	2989.01	10.0	-1.0	-3661.8	-3310.7	-1.0000	-1.0000	-0.00004	-0.00039	0.023	0.002000	80000.000000	80000.000000	0.0000	0.0000	0.0000	0.0000
3.6720	3315.58	2990.81	10.0	-1.0	-3660.6	-3312.1	-1.0000	-1.0000	-0.00004	-0.00039	0.023	0.002000	80000.000000	80000.000000	0.0000	0.0000	0.0000	0.0000
3.6740	3315.18	2992.62	10.0	-1.0	-3659.4	-3313.4	-1.0000	-1.0000	-0.00004	-0.00039	0.023	0.002000	80000.000000	80000.000000	0.0000	0.0000	0.0000	0.0000
3.6760	3314.78	2994.42	10.0	-1.0	-3658.2	-3314.7	-1.0000	-1.0000	-0.00004	-0.00039	0.023	0.002000	80000.000000	80000.000000	0.0000	0.0000	0.0000	0.0000
3.6780	3314.38	2996.22	10.0	-1.0	-3657.0	-3316.0	-1.0000	-1.0000	-0.00004	-0.00039	0.023	0.002000	80000.000000	80000.000000	0.0000	0.0000	0.0000	0.0000
3.6800	3313.98	2998.02	10.0	-1.0	-3655.9	-3317.4	-1.0000	-1.0000	-0.00004	-0.00039	0.023	0.002000	80000.000000	80000.000000	0.0000	0.0000	0.0000	0.0000
3.6820	3313.57	2999.82	10.0	-1.0	-3654.7	-3318.7	-1.0000	-1.0000	-0.00004	-0.00039	0.023	0.002000	80000.000000	80000.000000	0.0000	0.0000	0.0000	0.0000
3.6840	3313.17	3001.62	10.0	-1.0	-3653.5	-3320.0	-1.0000	-1.0000	-0.00004	-0.00039	0.023	0.002000	80000.000000	80000.000000	0.0000	0.0000	0.0000	0.0000
3.6860	3312.76	3003.42	10.0	-1.0	-3652.3	-3321.3	-1.0000	-1.0000	-0.00004	-0.00039	0.023	0.002000	80000.000000	80000.000000	0.0000	0.0000	0.0000	0.0000
3.6880	3312.35	3005.22	10.0	-1.0	-3651.1	-3322.6	-1.0000	-1.0000	-0.00004	-0.00039	0.023	0.002000	80000.000000	80000.000000	0.0000	0.0000	0.0000	0.0000
3.6900	3311.93	3007.01	10.0	-1.0	-3649.9	-3324.0	-1.0000	-1.0000	-0.00004	-0.00039	0.023	0.002000	80000.000000	80000.000000	0.0000	0.0000	0.0000	0.0000
3.6920	3311.52	3008.81	10.0	-1.0	-3648.7	-3325.3	-1.0000	-1.0000	-0.00004	-0.00039	0.023	0.002000	80000.000000	80000.000000	0.0000	0.0000	0.0000	0.0000
3.6940	3311.10	3010.60	10.0	-1.0	-3647.5	-3326.6	-1.0000	-1.0000	-0.00004	-0.00039	0.023	0.002000	80000.000000	80000.000000	0.0000	0.0000	0.0000	0.0000
3.6960	3310.68	3012.39	10.0	-1.0	-3646.3	-3327.9	-1.0000	-1.0000	-0.00004	-0.00039	0.023	0.002000	80000.000000	80000.000000	0.0000	0.0000	0.0000	0.0000
3.6980	3310.26	3014.19	10.0	-1.0	-3645.2	-3329.2	-1.0000	-1.0000	-0.00004	-0.00039	0.023	0.002000	80000.000000	80000.000000	0.0000	0.0000	0.0000	0.0000
3.7000	3309.83	3015.98	10.0	-1.0	-3644.0	-3330.6	-1.0000	-1.0000	-0.00004	-0.00039	0.023	0.002000	80000.000000	80000.000000	0.0000	0.0000	0.0000	0.0000
3.7020	3309.41	3017.77	10.0	-1.0	-3642.8	-3331.9	-1.0000	-1.0000	-0.00004	-0.00039	0.023	0.002000	80000.000000	80000.000000	0.0000	0.0000	0.0000	0.0000
3.7040	3308.98	3019.56	10.0	-1.0	-3641.6	-3333.2	-1.0000	-1.0000	-0.00004	-0.00039	0.023	0.002000	80000.000000	80000.000000	0.0000	0.0000	0.0000	0.0000
3.7060	3308.55	3021.34	10.0	-1.0	-3640.4	-3334.5	-1.0000	-1.0000	-0.00004	-0.00039	0.023	0.002000	80000.000000	80000.000000	0.0000	0.0000	0.0000	0.0000
3.7080	3308.12	3023.13	10.0	-1.0	-3639.2	-3335.8	-1.0000	-1.0000	-0.00004	-0.00039	0.023	0.002000	80000.000000	80000.000000	0.0000	0.0000	0.0000	0.0000
3.7100	3307.68	3024.92	10.0	-1.0	-3638.0	-3337.1	-1.0000	-1.0000	-0.00004	-0.00039	0.023	0.002000	80000.000000	80000.000000	0.0000	0.0000	0.0000	0.0000
3.7120	3307.24	3026.70	10.0	-1.0	-3636.8	-3338.5	-1.0000	-1.0000	-0.00004	-0.00039	0.023	0.002000	80000.000000	80000.000000	0.0000	0.0000	0.0000	0.0000
3.7140	3306.81	3028.48	10.0	-1.0	-3635.6	-3339.8	-1.0000	-1.0000	-0.00004	-0.00039	0.023	0.002000	80000.000000	80000.000000	0.0000	0.0000	0.0000	0.0000
3.7160	3306.36	3030.27	10.0	-1.0	-3634.4	-3341.1	-1.0000	-1.0000	-0.00004	-0.00039	0.023	0.002000	80000.000000	80000.000000	0.0000	0.0000	0.0000	0.0000
3.7180	3305.92	3032.05	10.0	-1.0	-3633.2	-3342.4	-1.0000	-1.0000	-0.00004	-0.00039	0.023	0.002000	80000.000000	80000.000000	0.0000	0.0000	0.0000	0.0000
3.7200	3305.48	3033.83	10.0	-1.0	-3632.0	-3343.7	-1.0000	-1.0000	-0.00004	-0.00039	0.023	0.002000	80000.000000	80000.000000	0.0000	0.0000	0.0000	0.0000
3.7220	3304.12	3035.61	9.0	-1.0	-3630.8	-3345.0	-1.0000	-1.0000	-0.00004	-0.00035	0.020	0.002000	80000.000000	80000.000000	0.0000	0.0000	0.0000	0.0000
3.7240	3304.58	3037.39	10.0	-1.0	-3629.6	-3346.3	-1.0000	-1.0000	-0.00004	-0.00039	0.023	0.002000	80000.000000	80000.000000	0.0000	0.0000	0.0000	0.0000
3.7260	3304.13	3039.17	10.0	-1.0	-3628.4	-3347.6	-1.0000	-1.0000	-0.00004	-0.00039	0.023	0.002000	80000.000000	80000.000000	0.0000	0.0000	0.0000	0.0000
3.7280	3303.68	3040.94	10.0	-1.0	-3627.2	-3349.0	-1.0000	-1.0000	-0.00004	-0.00039	0.023	0.002000	80000.000000	80000.000000	0.0000	0.0000	0.0000	0.0000
3.7300	3303.22	3042.72	10.0	-1.0	-3626.0	-3350.3	-1.0000	-1.0000	-0.00004	-0.00039	0.023	0.002000	80000.000000	80000.000000	0.0000	0.0000	0.0000	0.0000
3.7320	3302.76	3044.49	10.0	-1.0	-3624.8	-3351.6	-1.0000	-1.0000	-0.00004	-0.00039	0.023	0.002000	80000.000000	80000.000000	0.0000	0.0000	0.0000	0.0000
3.7340	3302.31	3046.27	10.0	-1.0	-3623.6	-3352.9	-1.0000	-1.0000	-0.00004	-0.00039	0.023	0.002000	80000.000000	80000.000000	0.0000	0.0000	0.0000	0.0000
3.7360	3301.84	3048.04	10.0	-1.0	-3622.4	-3354.2	-1.0000	-1.0000	-0.00004	-0.00039	0.023	0.002000	80000.000000	80000.000000	0.0000	0.0000	0.0000	0.0000
3.7380	3301.38	3049.81	10.0	-1.0	-3621.2	-3355.5	-1.0000	-1.0000	-0.00004	-0.00039	0.023	0.002000	80000.000000	80000.000000	0.0000	0.0000	0.0000	0.0000
3.7400	3300.92	3051.58	10.0	-1.0	-3620.0	-3356.8	-1.0000	-1.0000	-0.00004	-0.00039	0.023	0.002000	80000.000000	80000.000000	0.0000	0.0000	0.0000	0.0000
3.7420	3300.45	3053.35	10.0	-1.0	-3618.8	-3358.1	-1.0000	-1.0000	-0.00004	-0.00039	0.023	0.002000	80000.000000	80000.000000	0.0000	0.0000	0.0000	0.0000
3.7440	3299.98	3055.12	10.0	-1.0	-3617.6	-3359.4	-1.0000	-1.0000	-0.00004	-0.00039	0.023	0.002000	80000.000000	80000.000000	0.0000	0.0000	0.0000	0.0000
3.7460	3299.51	3056.88	10.0	-1.0	-3616.4	-3360.7	-1.0000	-1.0000	-0.00004	-0.00039	0.023	0.002000	80000.000000	80000.000000	0.0000	0.0000	0.0000	0.0000
3.7480	3299.03	3058.65	10.0	-1.0	-3615.2	-3362.0	-1.0000	-1.0000	-0.00004	-0.00039	0.023	0.002000	80000.000000	80000.000000	0.0000	0.0000	0.0000	0.0000
3.7500	3298.56	3060.42	10.0	-1.0	-3614.0	-3363.3	-1.0000	-1.0000	-0.00004	-0.00039	0.023	0.002000	80000.000000	80000.000000	0.0000	0.0000	0.0000	0.0000
3.7520	3298.08	3062.18	10.0	-1.0	-3612.8	-3364.7	-1.0000	-1.0000	-0.00004	-0.00039	0.023	0.002000	80000.000000	80000.000000	0.0000	0.0000	0.0000	0.0000
3.7540	3297.60	3063.94	10.0	-1.0	-3611.6	-3366.0	-1.0000	-1.0000	-0.00004	-0.00039	0.023	0.002000	80000.000000	80000.000000	0.0000	0.0000	0.0000	0.0000
3.7560	3297.12	3065.71	10.0	-1.0	-3610.4	-3367.3	-1.0000	-1.0000	-0.00004	-0.00039	0.023	0.002000	80000.000000	80000.000000	0.0000	0.0000	0.0000	0.0000
3.7580	3296.64	3067.47	10.0	-1.0	-3609.2	-3368.6	-1.0000	-1.0000	-0.00004	-0.00039	0.023	0.002000	80000.000000	80000.000000	0.0000	0.0000	0.0000	0.0000
3.7600	3296.15	3069.23	10.0	-1.0	-3607.9	-3369.9	-1.0000	-1.0000	-0.00004	-0.00039	0.023	0.002000	80000.000000	80000.000000	0.0000	0.0000	0.0000	0.0000
3.7620	3295.66	3070.99	10.0	-1.0	-3606.7	-3371.2	-1.0000	-1.0000	-0.00004	-0.00039	0.023	0.002000	80000.000000	80000.000000	0.0000	0.0000	0.0000	0.0000
3.7640	3295.17	3072.74	10.0	-1.0	-3605.5	-3372.5	-1.0000	-1.0000	-0.00004	-0.00039	0.023	0.002000	80000.000000	80000.000000	0.0000	0.0000	0.0000	0.0000
3.7660	3294.68	3074.50	10.0	-1.0	-3604.3	-3373.8	-1.0000	-1.0000	-0.00004	-0.00039	0.023	0.002000	80000.000000	80000.000000	0.0000	0.0000	0.0000	0.0000
3.7680	3294.19	3076.26	10.0	-1.0	-3603.1	-3375.1	-1.0000	-1.0000	-0.00004	-0.00039	0.023	0.002000	80000.000000	80000.000000	0.0000	0.0000	0.0000	0.0000
3.7700	3293.69	3078.01	10.0	-1.0	-3601.9	-3376.4	-1.0000	-1.0000	-0.00004	-0.00039	0.023	0.002000	80000.000000	80000.000000	0.0000	0.0000	0.0000	0.0000
3.7720	3292.28	3079.77	9.0	-1.0	-3600.7	-3377.7	-1.0000	-1.0000	-0.00004	-0.00035	0.020	0.002000	80000.000000	80000.000000	0.0000	0.0000	0.0000	0.0000
3.7740	3292.69	3081.52	10.0	-1.0	-3599.5	-3379.0	-1.0000	-1.0000	-0.00004	-0.00039	0.023	0.002000	80000.000000	80000.000000	0.0000	0.0000	0.0000	0.0000
3.7760	3291.28	3083.27	9.0	-1.0	-3598.3	-3380.3	-1.0000	-1.0000	-0.00004	-0.00035	0.020	0.002000	80000.000000	80000.000000	0.0000	0.0000	0.0000	0.0000
3.7780	3291.69	3085.02	10.0	-1.0	-3597.0	-3381.6	-1.0000	-1.0000	-0.00004	-0.00039	0.023	0.002000	80000.000000	80000.000000	0.0000	0.0000	0.0000	0.0000
3.7800	3291.18	3086.77	10.0	-1.0	-3595.8	-3382.9	-1.0000	-1.0000	-0.00004	-0.00039	0.023	0.002000	80000.000000	80000.000000	0.0000	0.0000	0.0000	0.0000
3.7820	3290.68	3088.52	10.0	-1.0	-3594.6	-3384.2	-1.0000	-1.0000	-0.00004	-0.00039	0.023	0.002000	80000.000000	80000.000000	0.0000	0.0000	0.0000	0.0000
3.7840	3290.17	3090.27	10.0	-1.0	-3593.4	-3385.5	-1.0000	-1.0000	-0.00004	-0.00039	0.023	0.002000	80000.000000	80000.000000	0.0000	0.0000	0.0000	0.0000
3.7860	3289.65	3092.01	10.0	-1.0	-3592.2	-3386.8	-1.0000	-1.0000	-0.00004	-0.00039	0.023	0.002000	80000.000000	80000.000000	0.0000	0.0000	0.0000	0.0000
3.7880	3288.23	3093.76	9.0	-1.0	-3591.0	-3388.1	-1.0000	-1.0000	-0.00004	-0.00035	0.020	0.002000	80000.000000	80000.000000	0.0000	0.0000	0.0000	0.0000
3.7900	3288.63	3095.50	10.0	-1.0	-3589.8	-3389.4	-1.0000	-1.0000	-0.00004	-0.00039	0.023	0.002000	80000.000000	80000.000000	0.0000	0.0000	0.0000	0.0000
3.7920	3288.11	3097.25	10.0	-1.0	-3588.5	-3390.7	-1.0000	-1.0000	-0.00004	-0.00039	0.023	0.002000	80000.000000	80000.000000	0.0000	0.0000	0.0000	0.0000
3.7940	3287.59	3098.99	10.0	-1.0	-3587.3	-3392.0	-1.0000	-1.0000	-0.00004	-0.00039	0.023	0.002000	80000.000000	80000.000000	0.0000	0.0000	0.0000	0.0000
3.7960	3287.07	3100.73	10.0	-1.0	-3586.1	-3393.3	-1.0000	-1.0000	-0.00004	-0.00039	0.023	0.002000	80000.000000	80000.000000	0.0000	0.0000	0.0000	0.0000
3.7980	3286.54	3102.47	10.0	-1.0	-3584.9	-3394.6	-1.0000	-1.0000	-0.00004	-0.00039	0.023	0.002000	80000.000000	80000.000000	0.0000	0.0000	0.0000	0.0000
3.8000	3286.02	3104.21	10.0	-1.0	-3583.7	-3395.8	-1.0000	-1.0000	-0.00004	-0.00039	0.023	0.002000	80000.000000	80000.000000	0.0000	0.0000	0.0000	0.0000
3.8020	3285.49	3105.95	10.0	-1.0	-3582.5	-3397.1	-1.0000	-1.0000	-0.00004	-0.00039	0.023	0.002000	80000.000000	80000.000000	0.0000	0.0000	0.0000	0.0000
3.8040	3284.96	3107.69	10.0	-1.0	-3581.2	-3398.4	-1.0000	-1.0000	-0.00004	-0.00039	0.023	0.002000	80000.000000	80000.000000	0.0000	0.0000	0.0000	0.0000
3.8060	3284.43	3109.43	10.0	-1.0	-3580.0	-3399.7	-1.0000	-1.0000	-0.00004	-0.00039	0.023	0.002000	80000.000000	80000.000000	0.0000	0.0000	0.0000	0.0000
3.8080	3283.90	3111.16	10.0	-1.0	-3578.8	-3401.0	-1.0000	-1.0000	-0.00004	-0.00039	0.023	0.002000	80000.000000	80000.000000	0.0000	0.0000	0.0000	0.0000
3.8100	3283.36	3112.89	10.0	-1.0	-3577.6	-3402.3	-1.0000	-1.0000	-0.00004	-0.00039	0.023	0.002000	80000.000000	80000.000000	0.0000	0.0000	0.0000	0.0000
3.8120	3282.83	3114.63	10.0	-1.0	-3576.3	-3403.6	-1.0000	-1.0000	-0.00004	-0.00039	0.023	0.002000	80000.000000	80000.000000	0.0000	0.0000	0.0000	0.0000
3.8140	3282.29	3116.36	10.0	-1.0	-3575.1	-3404.9	-1.0000	-1.0000	-0.00004	-0.00039	0.023	0.002000	80000.000000	80000.000000	0.0000	0.0000	0.0000	0.0000
3.8160	3281.75	3118.09	10.0	-1.0	-3573.9	-3406.2	-1.0000	-1.0000	-0.00004	-0.00039	0.023	0.002000	80000.000000	80000.000000	0.0000	0.0000	0.0000	0.0000
3.8180	3281.20	3119.82	10.0	-1.0	-3572.7	-3407.5	-1.0000	-1.0000	-0.00004	-0.00039	0.023	0.002000	80000.000000	80000.000000	0.0000	0.0000	0.0000	0.0000
3.8200	3280.66	3121.55	10.0	-1.0	-3571.5	-3408.8	-1.0000	-1.0000	-0.00004	-0.00039	0.023	0.002000	80000.000000	80000.000000	0.0000	0.0000	0.0000	0.0000
3.8220	3280.11	3123.28	10.0	-1.0	-3570.2	-3410.0	-1.0000	-1.0000	-0.00004	-0.00039	0.023	0.002000	80000.000000	80000.000000	0.0000	0.0000	0.0000	0.0000
3.8240	3279.56	3125.01	10.0	-1.0	-3569.0	-3411.3	-1.0000	-1.0000	-0.00004	-0.00039	0.023	0.002000	80000.000000	80000.000000	0.0000	0.0000	0.0000	0.0000
3.8260	3279.01	3126.73	10.0	-1.0	-3567.8	-3412.6	-1.0000	-1.0000	-0.00004	-0.00039	0.023	0.002000	80000.000000	80000.000000	0.0000	0.0000	0.0000	0.0000
3.8280	3278.46	3128.46	10.0	-1.0	-3566.6	-3413.9	-1.0000	-1.0000	-0.00004	-0.00039	0.023	0.002000	80000.000000	80000.000000	0.0000	0.0000	0.0000	0.0000
3.8300	3277.91	3130.18	10.0	-1.0	-3565.3	-3415.2	-1.0000	-1.0000	-0.00004	-0.00039	0.023	0.002000	80000.000000	80000.000000	0.0000	0.0000	0.0000	0.0000
3.8320	3277.35	3131.91	10.0	-1.0	-3564.1	-3416.5	-1.0000	-1.0000	-0.00004	-0.00039	0.023	0.002000	80000.000000	80000.000000	0.0000	0.0000	0.0000	0.0000
3.8340	3276.79	3133.63	10.0	-1.0	-3562.9	-3417.8	-1.0000	-1.0000	-0.00004	-0.00039	0.023	0.002000	80000.000000	80000.000000	0.0000	0.0000	0.0000	0.0000
3.8360	3276.23	3135.35	10.0	-1.0	-3561.6	-3419.1	-1.0000	-1.0000	-0.00004	-0.00039	0.023	0.002000	80000.000000	80000.000000	0.0000	0.0000	0.0000	0.0000
3.8380	3275.67	3137.07	10.0	-1.0	-3560.4	-3420.3	-1.0000	-1.0000	-0.00004	-0.00039	0.023	0.002000	80000.000000	80000.000000	0.0000	0.0000	0.0000	0.0000
3.8400	3275.11	3138.79	10.0	-1.0	-3559.2	-3421.6	-1.0000	-1.0000	-0.00004	-0.00039	0.023	0.002000	80000.000000	80000.000000	0.0000	0.0000	0.0000	0.0000
3.8420	3273.62	3140.51	9.0	-1.0	-3558.0	-3422.9	-1.0000	-1.0000	-0.00004	-0.00035	0.020	0.002000	80000.000000	80000.000000	0.0000	0.0000	0.0000	0.0000
3.8440	3273.97	3142.22	10.0	-1.0	-3556.7	-3424.2	-1.0000	-1.0000	-0.00004	-0.00039	0.023	0.002000	80000.000000	80000.000000	0.0000	0.0000	0.0000	0.0000
3.8460	3273.40	3143.94	10.0	-1.0	-3555.5	-3425.5	-1.0000	-1.0000	-0.00004	-0.00039	0.023	0.002000	80000.000000	80000.000000	0.0000	0.0000	0.0000	0.0000
3.8480	3272.83	3145.65	10.0	-1.0	-3554.3	-3426.8	-1.0000	-1.0000	-0.00004	-0.00039	0.023	0.002000	80000.000000	80000.000000	0.0000	0.0000	0.0000	0.0000
3.8500	3272.26	3147.37	10.0	-1.0	-3553.0	-3428.0	-1.0000	-1.0000	-0.00004	-0.00039	0.023	0.002000	80000.000000	80000.000000	0.0000	0.0000	0.0000	0.0000
3.8520	3271.68	3149.08	10.0	-1.0	-3551.8	-3429.3	-1.0000	-1.0000	-0.00004	-0.00039	0.023	0.002000	80000.000000	80000.000000	0.0000	0.0000	0.0000	0.0000
3.8540	3271.11	3150.79	10.0	-1.0	-3550.6	-3430.6	-1.0000	-1.0000	-0.00004	-0.00039	0.023	0.002000	80000.000000	80000.000000	0.0000	0.0000	0.0000	0.0000
3.8560	3270.53	3152.50	10.0	-1.0	-3549.3	-3431.9	-1.0000	-1.0000	-0.00004	-0.00039	0.023	0.002000	80000.000000	80000.000000	0.0000	0.0000	0.0000	0.0000
3.8580	3269.95	3154.21	10.0	-1.0	-3548.1	-3433.2	-1.0000	-1.0000	-0.00004	-0.00039	0.023	0.002000	80000.000000	80000.000000	0.0000	0.0000	0.0000	0.0000
3.8600	3269.37	3155.92	10.0	-1.0	-3546.9	-3434.4	-1.0000	-1.0000	-0.00004	-0.00039	0.023	0.002000	80000.000000	80000.000000	0.0000	0.0000	0.0000	0.0000
3.8620	3268.78	3157.63	10.0	-1.0	-3545.6	-3435.7	-1.0000	-1.0000	-0.00004	-0.00039	0.023	0.002000	80000.000000	80000.000000	0.0000	0.0000	0.0000	0.0000
3.8640	3268.19	3159.34	10.0	-1.0	-3544.4	-3437.0	-1.0000	-1.0000	-0.00004	-0.00039	0.023	0.002000	80000.000000	80000.000000	0.0000	0.0000	0.0000	0.0000
3.8660	3267.61	3161.04	10.0	-1.0	-3543.2	-3438.3	-1.0000	-1.0000	-0.00004	-0.00039	0.023	0.002000	80000.000000	80000.000000	0.0000	0.0000	0.0000	0.0000
3.8680	3267.02	3162.75	10.0	-1.0	-3541.9	-3439.6	-1.0000	-1.0000	-0.00004	-0.00039	0.023	0.002000	80000.000000	80000.000000	0.0000	0.0000	0.0000	0.0000
3.8700	3266.42	3164.45	10.0	-1.0	-3540.7	-3440.8	-1.0000	-1.0000	-0.00004	-0.00039	0.023	0.002000	80000.000000	80000.000000	0.0000	0.0000	0.0000	0.0000
3.8720	3265.83	3166.15	10.0	-1.0	-3539.4	-3442.1	-1.0000	-1.0000	-0.00004	-0.00039	0.023	0.002000	80000.000000	80000.000000	0.0000	0.0000	0.0000	0.0000
3.8740	3265.23	3167.85	10.0	-1.0	-3538.2	-3443.4	-1.0000	-1.0000	-0.00004	-0.00039	0.023	0.002000	80000.000000	80000.000000	0.0000	0.0000	0.0000	0.0000
3.8760	3264.64	3169.56	10.0	-1.0	-3537.0	-3444.7	-1.0000	-1.0000	-0.00004	-0.00039	0.023	0.002000	80000.000000	80000.000000	0.0000	0.0000	0.0000	0.0000
3.8780	3264.04	3171.25	10.0	-1.0	-3535.7	-3445.9	-1.0000	-1.0000	-0.00004	-0.00039	0.023	0.002000	80000.000000	80000.000000	0.0000	0.0000	0.0000	0.0000
3.8800	3263.44	3172.95	10.0	-1.0	-3534.5	-3447.2	-1.0000	-1.0000	-0.00004	-0.00039	0.023	0.002000	80000.000000	80000.000000	0.0000	0.0000	0.0000	0.0000
3.8820	3262.83	3174.65	10.0	-1.0	-3533.3	-3448.5	-1.0000	-1.0000	-0.00004	-0.00039	0.023	0.002000	80000.000000	80000.000000	0.0000	0.0000	0.0000	0.0000
3.8840	3262.23	3176.35	10.0	-1.0	-3532.0	-3449.8	-1.0000	-1.0000	-0.00004	-0.00039	0.023	0.002000	80000.000000	80000.000000	0.0000	0.0000	0.0000	0.0000
3.8860	3261.62	3178.04	10.0	-1.0	-3530.8	-3451.0	-1.0000	-1.0000	-0.00004	-0.00039	0.023	0.002000	80000.000000	80000.000000	0.0000	0.0000	0.0000	0.0000
3.8880	3261.01	3179.74	10.0	-1.0	-3529.5	-3452.3	-1.0000	-1.0000	-0.00004	-0.00039	0.023	0.002000	80000.000000	80000.000000	0.0000	0.0000	0.0000	0.0000
3.8900	3260.40	3181.43	10.0	-1.0	-3528.3	-3453.6	-1.0000	-1.0000	-0.00004	-0.00039	0.023	0.002000	80000.000000	80000.000000	0.0000	0.0000	0.0000	0.0000
3.8920	3258.87	3183.12	9.0	-1.0	-3527.0	-3454.9	-1.0000	-1.0000	-0.00004	-0.00035	0.020	0.002000	80000.000000	80000.000000	0.0000	0.0000	0.0000	0.0000
3.8940	3259.18	3184.81	10.0	-1.0	-3525.8	-3456.1	-1.0000	-1.0000	-0.00004	-0.00039	0.023	0.002000	80000.000000	80000.000000	0.0000	0.0000	0.0000	0.0000
3.8960	3258.56	3186.51	10.0	-1.0	-3524.6	-3457.4	-1.0000	-1.0000	-0.00004	-0.00039	0.023	0.002000	80000.000000	80000.000000	0.0000	0.0000	0.0000	0.0000
3.8980	3257.94	3188.19	10.0	-1.0	-3523.3	-3458.7	-1.0000	-1.0000	-0.00004	-0.00039	0.023	0.002000	80000.000000	80000.000000	0.0000	0.0000	0.0000	0.0000
3.9000	3257.32	3189.88	10.0	-1.0	-3522.1	-3459.9	-1.0000	-1.0000	-0.00004	-0.00039	0.023	0.002000	80000.000000	80000.000000	0.0000	0.0000	0.0000	0.0000
3.9020	3256.70	3191.57	10.0	-1.0	-3520.8	-3461.2	-1.0000	-1.0000	-0.00004	-0.00039	0.023	0.002000	80000.000000	80000.000000	0.0000	0.0000	0.0000	0.0000
3.9040	3256.08	3193.26	10.0	-1.0	-3519.6	-3462.5	-1.0000	-1.0000	-0.00004	-0.00039	0.023	0.002000	80000.000000	80000.000000	0.0000	0.0000	0.0000	0.0000
3.9060	3255.45	3194.94	10.0	-1.0	-3518.3	-3463.7	-1.0000	-1.0000	-0.00004	-0.00039	0.023	0.002000	80000.000000	80000.000000	0.0000	0.0000	0.0000	0.0000
3.9080	3254.83	3196.63	10.0	-1.0	-3517.1	-3465.0	-1.0000	-1.0000	-0.00004	-0.00039	0.023	0.002000	80000.000000	80000.000000	0.0000	0.0000	0.0000	0.0000
3.9100	3254.20	3198.31	10.0	-1.0	-3515.8	-3466.3	-1.0000	-1.0000	-0.00004	-0.00039	0.023	0.002000	80000.000000	80000.000000	0.0000	0.0000	0.0000	0.0000
3.9120	3253.57	3199.99	10.0	-1.0	-3514.6	-3467.6	-1.0000	-1.0000	-0.00004	-0.00039	0.023	0.002000	80000.000000	80000.000000	0.0000	0.0000	0.0000	0.0000
3.9140	3252.93	3201.67	10.0	-1.0	-3513.3	-3468.8	-1.0000	-1.0000	-0.00004	-0.00039	0.023	0.002000	80000.000000	80000.000000	0.0000	0.0000	0.0000	0.0000
3.9160	3252.30	3203.35	10.0	-1.0	-3512.1	-3470.1	-1.0000	-1.0000	-0.00004	-0.00039	0.023	0.002000	80000.000000	80000.000000	0.0000	0.0000	0.0000	0.0000
3.9180	3251.66	3205.03	10.0	-1.0	-3510.8	-3471.4	-1.0000	-1.0000	-0.00004	-0.00039	0.023	0.002000	80000.000000	80000.000000	0.0000	0.0000	0.0000	0.0000
3.9200	3251.03	3206.71	10.0	-1.0	-3509.6	-3472.6	-1.0000	-1.0000	-0.00004	-0.00039	0.023	0.002000	80000.000000	80000.000000	0.0000	0.0000	0.0000	0.0000
3.9220	3250.39	3208.39	10.0	-1.0	-3508.3	-3473.9	-1.0000	-1.0000	-0.00004	-0.00039	0.023	0.002000	80000.000000	80000.000000	0.0000	0.0000	0.0000	0.0000
3.9240	3249.75	3210.06	10.0	-1.0	-3507.1	-3475.1	-1.0000	-1.0000	-0.00004	-0.00039	0.023	0.002000	80000.000000	80000.000000	0.0000	0.0000	0.0000	0.0000
3.9260	3249.10	3211.74	10.0	-1.0	-3505.8	-3476.4	-1.0000	-1.0000	-0.00004	-0.00039	0.023	0.002000	80000.000000	80000.000000	0.0000	0.0000	0.0000	0.0000
3.9280	3248.46	3213.41	10.0	-1.0	-3504.6	-3477.7	-1.0000	-1.0000	-0.00004	-0.00039	0.023	0.002000	80000.000000	80000.000000	0.0000	0.0000	0.0000	0.0000
3.9300	3247.81	3215.09	10.0	-1.0	-3503.3	-3478.9	-1.0000	-1.0000	-0.00004	-0.00039	0.023	0.002000	80000.000000	80000.000000	0.0000	0.0000	0.0000	0.0000
3.9320	3247.16	3216.76	10.0	-1.0	-3502.1	-3480.2	-1.0000	-1.0000	-0.00004	-0.00039	0.023	0.002000	80000.000000	80000.000000	0.0000	0.0000	0.0000	0.0000
3.9340	3246.51	3218.43	10.0	-1.0	-3500.8	-3481.5	-1.0000	-1.0000	-0.00004	-0.00039	0.023	0.002000	80000.000000	80000.000000	0.0000	0.0000	0.0000	0.0000
3.9360	3245.86	3220.10	10.0	-1.0	-3499.6	-3482.7	-1.0000	-1.0000	-0.00004	-0.00039	0.023	0.002000	80000.000000	80000.000000	0.0000	0.0000	0.0000	0.0000
3.9380	3245.21	3221.77	10.0	-1.0	-3498.3	-3484.0	-1.0000	-1.0000	-0.00004	-0.00039	0.023	0.002000	80000.000000	80000.000000	0.0000	0.0000	0.0000	0.0000
3.9400	3244.55	3223.43	10.0	-1.0	-3497.1	-3485.2	-1.0000	-1.0000	-0.00004	-0.00039	0.023	0.002000	80000.000000	80000.000000	0.0000	0.0000	0.0000	0.0000
3.9420	3243.89	3225.10	10.0	-1.0	-3495.8	-3486.5	-1.0000	-1.0000	-0.00004	-0.00039	0.023	0.002000	80000.000000	80000.000000	0.0000	0.0000	0.0000	0.0000
3.9440	3243.24	3226.77	10.0	-1.0	-3494.6	-3487.8	-1.0000	-1.0000	-0.00004	-0.00039	0.023	0.002000	80000.000000	80000.000000	0.0000	0.0000	0.0000	0.0000
3.9460	3242.57	3228.43	10.0	-1.0	-3493.3	-3489.0	-1.0000	-1.0000	-0.00004	-0.00039	0.023	0.002000	80000.000000	80000.000000	0.0000	0.0000	0.0000	0.0000
3.9480	3241.91	3230.10	10.0	-1.0	-3492.0	-3490.3	-1.0000	-1.0000	-0.00004	-0.00039	0.023	0.002000	80000.000000	80000.000000	0.0000	0.0000	0.0000	0.0000
3.9500	3241.25	3231.76	10.0	-1.0	-3490.8	-3491.5	-1.0000	-1.0000	-0.00004	-0.00039	0.023	0.002000	80000.000000	80000.000000	0.0000	0.0000	0.0000	0.0000
3.9520	3240.58	3233.42	10.0	-1.0	-3489.5	-3492.8	-1.0000	-1.0000	-0.00004	-0.00039	0.023	0.002000	80000.000000	80000.000000	0.0000	0.0000	0.0000	0.0000
3.9540	3239.91	3235.08	10.0	-1.0	-3488.3	-3494.0	-1.0000	-1.0000	-0.00004	-0.00039	0.023	0.002000	80000.000000	80000.000000	0.0000	0.0000	0.0000	0.0000
3.9560	3239.24	3236.74	10.0	-1.0	-3487.0	-3495.3	-1.0000	-1.0000	-0.00004	-0.00039	0.023	0.002000	80000.000000	80000.000000	0.0000	0.0000	0.0000	0.0000
3.9580	3238.57	3238.40	10.0	-1.0	-3485.7	-3496.6	-1.0000	-1.0000	-0.00004	-0.00039	0.023	0.002000	80000.000000	80000.000000	0.0000	0.0000	0.0000	0.0000
3.9600	3237.90	3240.06	10.0	-1.0	-3484.5	-3497.8	-1.0000	-1.0000	-0.00004	-0.00039	0.023	0.002000	80000.000000	80000.000000	0.0000	0.0000	0.0000	0.0000
3.9620	3237.22	3241.71	10.0	-1.0	-3483.2	-3499.1	-1.0000	-1.0000	-0.00004	-0.00039	0.023	0.002000	80000.000000	80000.000000	0.0000	0.0000	0.0000	0.0000
3.9640	3236.55	3243.37	10.0	-1.0	-3482.0	-3500.3	-1.0000	-1.0000	-0.00004	-0.00039	0.023	0.002000	80000.000000	80000.000000	0.0000	0.0000	0.0000	0.0000
3.9660	3235.87	3245.03	10.0	-1.0	-3480.7	-3501.6	-1.0000	-1.0000	-0.00004	-0.00039	0.023	0.002000	80000.000000	80000.000000	0.0000	0.0000	0.0000	0.0000
3.9680	3235.19	3246.68	10.0	-1.0	-3479.4	-3502.8	-1.0000	-1.0000	-0.00004	-0.00039	0.023	0.002000	80000.000000	80000.000000	0.0000	0.0000	0.0000	0.0000
3.9700	3234.51	3248.33	10.0	-1.0	-3478.2	-3504.1	-1.0000	-1.0000	-0.00004	-0.00039	0.023	0.002000	80000.000000	80000.000000	0.0000	0.0000	0.0000	0.0000
3.9720	3233.82	3249.98	10.0	-1.0	-3476.9	-3505.3	-1.0000	-1.0000	-0.00004	-0.00039	0.023	0.002000	80000.000000	80000.000000	0.0000	0.0000	0.0000	0.0000
3.9740	3233.14	3251.63	10.0	-1.0	-3475.7	-3506.6	-1.0000	-1.0000	-0.00004	-0.00039	0.023	0.002000	80000.000000	80000.000000	0.0000	0.0000	0.0000	0.0000
3.9760	3232.45	3253.28	10.0	-1.0	-3474.4	-3507.8	-1.0000	-1.0000	-0.00004	-0.00039	0.023	0.002000	80000.000000	80000.000000	0.0000	0.0000	0.0000	0.0000
3.9780	3231.76	3254.93	10.0	-1.0	-3473.1	-3509.1	-1.0000	-1.0000	-0.00004	-0.00039	0.023	0.002000	80000.000000	80000.000000	0.0000	0.0000	0.0000	0.0000
3.9800	3231.07	3256.58	10.0	-1.0	-3471.9	-3510.3	-1.0000	-1.0000	-0.00004	-0.00039	0.023	0.002000	80000.000000	80000.000000	0.0000	0.0000	0.0000	0.0000
3.9820	3230.38	3258.23	10.0	-1.0	-3470.6	-3511.6	-1.0000	-1.0000	-0.00004	-0.00039	0.023	0.002000	80000.000000	80000.000000	0.0000	0.0000	0.0000	0.0000
3.9840	3229.69	3259.87	10.0	-1.0	-3469.3	-3512.8	-1.0000	-1.0000	-0.00004	-0.00039	0.023	0.002000	80000.000000	80000.000000	0.0000	0.0000	0.0000	0.0000
3.9860	3228.99	3261.52	10.0	-1.0	-3468.1	-3514.1	-1.0000	-1.0000	-0.00004	-0.00039	0.023	0.002000	80000.000000	80000.000000	0.0000	0.0000	0.0000	0.0000
3.9880	3228.30	3263.16	10.0	-1.0	-3466.8	-3515.3	-1.0000	-1.0000	-0.00004	-0.00039	0.023	0.002000	80000.000000	80000.000000	0.0000	0.0000	0.0000	0.0000
3.9900	3227.60	3264.80	10.0	-1.0	-3465.5	-3516.6	-1.0000	-1.0000	-0.00004	-0.00039	0.023	0.002000	80000.000000	80000.000000	0.0000	0.0000	0.0000	0.0000
3.9920	3226.90	3266.44	10.0	-1.0	-3464.3	-3517.8	-1.0000	-1.0000	-0.00004	-0.00039	0.023	0.002000	80000.000000	80000.000000	0.0000	0.0000	0.0000	0.0000
3.9940	3226.19	3268.08	10.0	-1.0	-3463.0	-3519.1	-1.0000	-1.0000	-0.00004	-0.00039	0.023	0.002000	80000.000000	80000.000000	0.0000	0.0000	0.0000	0.0000
3.9960	3225.49	3269.72	10.0	-1.0	-3461.7	-3520.3	-1.0000	-1.0000	-0.00004	-0.00039	0.023	0.002000	80000.000000	80000.000000	0.0000	0.0000	0.0000	0.0000
3.9980	3224.78	3271.36	10.0	-1.0	-3460.4	-3521.6	-1.0000	-1.0000	-0.00004	-0.00039	0.023	0.002000	80000.000000	80000.000000	0.0000	0.0000	0.0000	0.0000
4.0000	3224.08	3273.00	10.0	-1.0	-3459.2	-3522.8	-1.0000	-1.0000	-0.00004	-0.00039	0.023	0.002000	80000.000000	80000.000000	0.0000	0.0000	0.0000	0.0000
4.0020	3223.37	3274.64	10.0	-1.0	-3457.9	-3524.1	-1.0000	-1.0000	-0.00004	-0.00039	0.023	0.002000	80000.000000	80000.000000	0.0000	0.0000	0.0000	0.0000
4.0040	3222.66	3276.27	10.0	-1.0	-3456.6	-3525.3	-1.0000	-1.0000	-0.00004	-0.00039	0.023	0.002000	80000.000000	80000.000000	0.0000	0.0000	0.0000	0.0000
4.0060	3221.94	3277.91	10.0	-1.0	-3455.4	-3526.6	-1.0000	-1.0000	-0.00004	-0.00039	0.023	0.002000	80000.000000	80000.000000	0.0000	0.0000	0.0000	0.0000
4.0080	3221.23	3279.54	10.0	-1.0	-3454.1	-3527.8	-1.0000	-1.0000	-0.00004	-0.00039	0.023	0.002000	80000.000000	80000.000000	0.0000	0.0000	0.0000	0.0000
4.0100	3220.51	3281.17	10.0	-1.0	-3452.8	-3529.0	-1.0000	-1.0000	-0.00004	-0.00039	0.023	0.002000	80000.000000	80000.000000	0.0000	0.0000	0.0000	0.0000
4.0120	3219.80	3282.80	10.0	-1.0	-3451.5	-3530.3	-1.0000	-1.0000	-0.00004	-0.00039	0.023	0.002000	80000.000000	80000.000000	0.0000	0.0000	0.0000	0.0000
4.0140	3219.08	3284.43	10.0	-1.0	-3450.3	-3531.5	-1.0000	-1.0000	-0.00004	-0.00039	0.023	0.002000	80000.000000	80000.000000	0.0000	0.0000	0.0000	0.0000
4.0160	3218.36	3286.06	10.0	-1.0	-3449.0	-3532.8	-1.0000	-1.0000	-0.00004	-0.00039	0.023	0.002000	80000.000000	80000.000000	0.0000	0.0000	0.0000	0.0000
4.0180	3217.63	3287.69	10.0	-1.0	-3447.7	-3534.0	-1.0000	-1.0000	-0.00004	-0.00039	0.023	0.002000	80000.000000	80000.000000	0.0000	0.0000	0.0000	0.0000
4.0200	3216.91	3289.32	10.0	-1.0	-3446.4	-3535.2	-1.0000	-1.0000	-0.00004	-0.00039	0.023	0.002000	80000.000000	80000.000000	0.0000	0.0000	0.0000	0.0000
4.0220	3216.18	3290.94	10.0	-1.0	-3445.2	-3536.5	-1.0000	-1.0000	-0.00004	-0.00039	0.023	0.002000	80000.000000	80000.000000	0.0000	0.0000	0.0000	0.0000
4.0240	3215.45	3292.57	10.0	-1.0	-3443.9	-3537.7	-1.0000	-1.0000	-0.00004	-0.00039	0.023	0.002000	80000.000000	80000.000000	0.0000	0.0000	0.0000	0.0000
4.0260	3214.73	3294.19	10.0	-1.0	-3442.6	-3539.0	-1.0000	-1.0000	-0.00004	-0.00039	0.023	0.002000	80000.000000	80000.000000	0.0000	0.0000	0.0000	0.0000
4.0280	3213.99	3295.82	10.0	-1.0	-3441.3	-3540.2	-1.0000	-1.0000	-0.00004	-0.00039	0.023	0.002000	80000.000000	80000.000000	0.0000	0.0000	0.0000	0.0000
4.0300	3213.26	3297.44	10.0	-1.0	-3440.1	-3541.4	-1.0000	-1.0000	-0.00004	-0.00039	0.023	0.002000	80000.000000	80000.000000	0.0000	0.0000	0.0000	0.0000
4.0320	3212.53	3299.06	10.0	-1.0	-3438.8	-3542.7	-1.0000	-1.0000	-0.00004	-0.00039	0.023	0.002000	80000.000000	80000.000000	0.0000	0.0000	0.0000	0.0000
4.0340	3211.79	3300.68	10.0	-1.0	-3437.5	-3543.9	-1.0000	-1.0000	-0.00004	-0.00039	0.023	0.002000	80000.000000	80000.000000	0.0000	0.0000	0.0000	0.0000
4.0360	3211.05	3302.30	10.0	-1.0	-3436.2	-3545.1	-1.0000	-1.0000	-0.00004	-0.00039	0.023	0.002000	80000.000000	80000.000000	0.0000	0.0000	0.0000	0.0000
4.0380	3210.32	3303.92	10.0	-1.0	-3434.9	-3546.4	-1.0000	-1.0000	-0.00004	-0.00039	0.023	0.002000	80000.000000	80000.000000	0.0000	0.0000	0.0000	0.0000
4.0400	3209.57	3305.53	10.0	-1.0	-3433.7	-3547.6	-1.0000	-1.0000	-0.00004	-0.00039	0.023	0.002000	80000.000000	80000.000000	0.0000	0.0000	0.0000	0.0000
4.0420	3208.83	3307.15	10.0	-1.0	-3432.4	-3548.9	-1.0000	-1.0000	-0.00004	-0.00039	0.023	0.002000	80000.000000	80000.000000	0.0000	0.0000	0.0000	0.0000
4.0440	3208.09	3308.77	10.0	-1.0	-3431.1	-3550.1	-1.0000	-1.0000	-0.00004	-0.00039	0.023	0.002000	80000.000000	80000.000000	0.0000	0.0000	0.0000	0.0000
4.0460	3207.34	3310.38	10.0	-1.0	-3429.8	-3551.3	-1.0000	-1.0000	-0.00004	-0.00039	0.023	0.002000	80000.000000	80000.000000	0.0000	0.0000	0.0000	0.0000
4.0480	3206.59	3311.99	10.0	-1.0	-3428.5	-3552.6	-1.0000	-1.0000	-0.00004	-0.00039	0.023	0.002000	80000.000000	80000.000000	0.0000	0.0000	0.0000	0.0000
4.0500	3205.85	3313.61	10.0	-1.0	-3427.3	-3553.8	-1.0000	-1.0000	-0.00004	-0.00039	0.023	0.002000	80000.000000	80000.000000	0.0000	0.0000	0.0000	0.0000
4.0520	3205.09	3315.22	10.0	-1.0	-3426.0	-3555.0	-1.0000	-1.0000	-0.00004	-0.00039	0.023	0.002000	80000.000000	80000.000000	0.0000	0.0000	0.0000	0.0000
4.0540	3204.34	3316.83	10.0	-1.0	-3424.7	-3556.3	-1.0000	-1.0000	-0.00004	-0.00039	0.023	0.002000	80000.000000	80000.000000	0.0000	0.0000	0.0000	0.0000
4.0560	3203.59	3318.44	10.0	-1.0	-3423.4	-3557.5	-1.0000	-1.0000	-0.00004	-0.00039	0.023	0.002000	80000.000000	80000.000000	0.0000	0.0000	0.0000	0.0000
4.0580	3202.83	3320.04	10.0	-1.0	-3422.1	-3558.7	-1.0000	-1.0000	-0.00004	-0.00039	0.023	0.002000	80000.000000	80000.000000	0.0000	0.0000	0.0000	0.0000
4.0600	3202.08	3321.65	10.0	-1.0	-3420.8	-3559.9	-1.0000	-1.0000	-0.00004	-0.00039	0.023	0.002000	80000.000000	80000.000000	0.0000	0.0000	0.0000	0.0000
4.0620	3201.32	3323.26	10.0	-1.0	-3419.5	-3561.2	-1.0000	-1.0000	-0.00004	-0.00039	0.023	0.002000	80000.000000	80000.000000	0.0000	0.0000	0.0000	0.0000
4.0640	3200.56	3324.86	10.0	-1.0	-3418.3	-3562.4	-1.0000	-1.0000	-0.00004	-0.00039	0.023	0.002000	80000.000000	80000.000000	0.0000	0.0000	0.0000	0.0000
4.0660	3199.79	3326.47	10.0	-1.0	-3417.0	-3563.6	-1.0000	-1.0000	-0.00004	-0.00039	0.023	0.002000	80000.000000	80000.000000	0.0000	0.0000	0.0000	0.0000
4.0680	3199.03	3328.07	10.0	-1.0	-3415.7	-3564.9	-1.0000	-1.0000	-0.00004	-0.00039	0.023	0.002000	80000.000000	80000.000000	0.0000	0.0000	0.0000	0.0000
4.0700	3198.26	3329.67	10.0	-1.0	-3414.4	-3566.1	-1.0000	-1.0000	-0.00004	-0.00039	0.023	0.002000	80000.000000	80000.000000	0.0000	0.0000	0.0000	0.0000
4.0720	3197.50	3331.27	10.0	-1.0	-3413.1	-3567.3	-1.0000	-1.0000	-0.00004	-0.00039	0.023	0.002000	80000.000000	80000.000000	0.0000	0.0000	0.0000	0.0000
4.0740	3196.73	3332.87	10.0	-1.0	-3411.8	-3568.5	-1.0000	-1.0000	-0.00004	-0.00039	0.023	0.002000	80000.000000	80000.000000	0.0000	0.0000	0.0000	0.0000
4.0760	3195.96	3334.47	10.0	-1.0	-3410.5	-3569.8	-1.0000	-1.0000	-0.00004	-0.00039	0.023	0.002000	80000.000000	80000.000000	0.0000	0.0000	0.0000	0.0000
4.0780	3195.19	3336.07	10.0	-1.0	-3409.2	-3571.0	-1.0000	-1.0000	-0.00004	-0.00039	0.023	0.002000	80000.000000	80000.000000	0.0000	0.0000	0.0000	0.0000
4.0800	3194.41	3337.67	10.0	-1.0	-3407.9	-3572.2	-1.0000	-1.0000	-0.00004	-0.00039	0.023	0.002000	80000.000000	80000.000000	0.0000	0.0000	0.0000	0.0000
4.0820	3193.64	3339.26	10.0	-1.0	-3406.7	-3573.4	-1.0000	-1.0000	-0.00004	-0.00039	0.023	0.002000	80000.000000	80000.000000	0.0000	0.0000	0.0000	0.0000
4.0840	3192.86	3340.86	10.0	-1.0	-3405.4	-3574.7	-1.0000	-1.0000	-0.00004	-0.00039	0.023	0.002000	80000.000000	80000.000000	0.0000	0.0000	0.0000	0.0000
4.0860	3192.08	3342.45	10.0	-1.0	-3404.1	-3575.9	-1.0000	-1.0000	-0.00004	-0.00039	0.023	0.002000	80000.000000	80000.000000	0.0000	0.0000	0.0000	0.0000
4.0880	3191.30	3344.04	10.0	-1.0	-3402.8	-3577.1	-1.0000	-1.0000	-0.00004	-0.00039	0.023	0.002000	80000.000000	80000.000000	0.0000	0.0000	0.0000	0.0000
4.0900	3190.52	3345.64	10.0	-1.0	-3401.5	-3578.3	-1.0000	-1.0000	-0.00004	-0.00039	0.023	0.002000	80000.000000	80000.000000	0.0000	0.0000	0.0000	0.0000
4.0920	3189.74	3347.23	10.0	-1.0	-3400.2	-3579.6	-1.0000	-1.0000	-0.00004	-0.00039	0.023	0.002000	80000.000000	80000.000000	0.0000	0.0000	0.0000	0.0000
4.0940	3188.96	3348.82	10.0	-1.0	-3398.9	-3580.8	-1.0000	-1.0000	-0.00004	-0.00039	0.023	0.002000	80000.000000	80000.000000	0.0000	0.0000	0.0000	0.0000
4.0960	3188.17	3350.41	10.0	-1.0	-3397.6	-3582.0	-1.0000	-1.0000	-0.00004	-0.00039	0.023	0.002000	80000.000000	80000.000000	0.0000	0.0000	0.0000	0.0000
4.0980	3187.38	3351.99	10.0	-1.0	-3396.3	-3583.2	-1.0000	-1.0000	-0.00004	-0.00039	0.023	0.002000	80000.000000	80000.000000	0.0000	0.0000	0.0000	0.0000
4.1000	3186.59	3353.58	10.0	-1.0	-3395.0	-3584.4	-1.0000	-1.0000	-0.00004	-0.00039	0.023	0.002000	80000.000000	80000.000000	0.0000	0.0000	0.0000	0.0000
4.1020	3185.80	3355.17	10.0	-1.0	-3393.7	-3585.7	-1.0000	-1.0000	-0.00004	-0.00039	0.023	0.002000	80000.000000	80000.000000	0.0000	0.0000	0.0000	0.0000
4.1040	3185.01	3356.75	10.0	-1.0	-3392.4	-3586.9	-1.0000	-1.0000	-0.00004	-0.00039	0.023	0.002000	80000.000000	80000.000000	0.0000	0.0000	0.0000	0.0000
4.1060	3184.22	3358.33	10.0	-1.0	-3391.1	-3588.1	-1.0000	-1.0000	-0.00004	-0.00039	0.023	0.002000	80000.000000	80000.000000	0.0000	0.0000	0.0000	0.0000
4.1080	3183.42	3359.92	10.0	-1.0	-3389.8	-3589.3	-1.0000	-1.0000	-0.00004	-0.00039	0.023	0.002000	80000.000000	80000.000000	0.0000	0.0000	0.0000	0.0000
4.1100	3182.62	3361.50	10.0	-1.0	-3388.5	-3590.5	-1.0000	-1.0000	-0.00004	-0.00039	0.023	0.002000	80000.000000	80000.000000	0.0000	0.0000	0.0000	0.0000
4.1120	3181.82	3363.08	10.0	-1.0	-3387.2	-3591.8	-1.0000	-1.0000	-0.00004	-0.00039	0.023	0.002000	80000.000000	80000.000000	0.0000	0.0000	0.0000	0.0000
4.1140	3181.02	3364.66	10.0	-1.0	-3385.9	-3593.0	-1.0000	-1.0000	-0.00004	-0.00039	0.023	0.002000	80000.000000	80000.000000	0.0000	0.0000	0.0000	0.0000
4.1160	3180.22	3366.24	10.0	-1.0	-3384.6	-3594.2	-1.0000	-1.0000	-0.00004	-0.00039	0.023	0.002000	80000.000000	80000.000000	0.0000	0.0000	0.0000	0.0000
4.1180	3179.42	3367.82	10.0	-1.0	-3383.3	-3595.4	-1.0000	-1.0000	-0.00004	-0.00039	0.023	0.002000	80000.000000	80000.000000	0.0000	0.0000	0.0000	0.0000
4.1200	3178.61	3369.39	10.0	-1.0	-3382.0	-3596.6	-1.0000	-1.0000	-0.00004	-0.00039	0.023	0.002000	80000.000000	80000.000000	0.0000	0.0000	0.0000	0.0000
4.1220	3177.81	3370.97	10.0	-1.0	-3380.7	-3597.8	-1.0000	-1.0000	-0.00004	-0.00039	0.023	0.002000	80000.000000	80000.000000	0.0000	0.0000	0.0000	0.0000
4.1240	3177.00	3372.54	10.0	-1.0	-3379.4	-3599.0	-1.0000	-1.0000	-0.00004	-0.00039	0.023	0.002000	80000.000000	80000.000000	0.0000	0.0000	0.0000	0.0000
4.1260	3176.19	3374.12	10.0	-1.0	-3378.1	-3600.3	-1.0000	-1.0000	-0.00004	-0.00039	0.023	0.002000	80000.000000	80000.000000	0.0000	0.0000	0.0000	0.0000
4.1280	3175.38	3375.69	10.0	-1.0	-3376.8	-3601.5	-1.0000	-1.0000	-0.00004	-0.00039	0.023	0.002000	80000.000000	80000.000000	0.0000	0.0000	0.0000	0.0000
4.1300	3174.57	3377.26	10.0	-1.0	-3375.5	-3602.7	-1.0000	-1.0000	-0.00004	-0.00039	0.023	0.002000	80000.000000	80000.000000	0.0000	0.0000	0.0000	0.0000
4.1320	3173.75	3378.83	10.0	-1.0	-3374.2	-3603.9	-1.0000	-1.0000	-0.00004	-0.00039	0.023	0.002000	80000.000000	80000.000000	0.0000	0.0000	0.0000	0.0000
4.1340	3172.94	3380.40	10.0	-1.0	-3372.9	-3605.1	-1.0000	-1.0000	-0.00004	-0.00039	0.023	0.002000	80000.000000	80000.000000	0.0000	0.0000	0.0000	0.0000
4.1360	3172.12	3381.97	10.0	-1.0	-3371.6	-3606.3	-1.0000	-1.0000	-0.00004	-0.00039	0.023	0.002000	80000.000000	80000.000000	0.0000	0.0000	0.0000	0.0000
4.1380	3171.30	3383.54	10.0	-1.0	-3370.3	-3607.5	-1.0000	-1.0000	-0.00004	-0.00039	0.023	0.002000	80000.000000	80000.000000	0.0000	0.0000	0.0000	0.0000
4.1400	3170.48	3385.11	10.0	-1.0	-3369.0	-3608.7	-1.0000	-1.0000	-0.00004	-0.00039	0.023	0.002000	80000.000000	80000.000000	0.0000	0.0000	0.0000	0.0000
4.1420	3169.66	3386.67	10.0	-1.0	-3367.7	-3610.0	-1.0000	-1.0000	-0.00004	-0.00039	0.023	0.002000	80000.000000	80000.000000	0.0000	0.0000	0.0000	0.0000
4.1440	3168.83	3388.24	10.0	-1.0	-3366.4	-3611.2	-1.0000	-1.0000	-0.00004	-0.00039	0.023	0.002000	80000.000000	80000.000000	0.0000	0.0000	0.0000	0.0000
4.1460	3168.01	3389.80	10.0	-1.0	-3365.1	-3612.4	-1.0000	-1.0000	-0.00004	-0.00039	0.023	0.002000	80000.000000	80000.000000	0.0000	0.0000	0.0000	0.0000
4.1480	3167.18	3391.36	10.0	-1.0	-3363.8	-3613.6	-1.0000	-1.0000	-0.00004	-0.00039	0.023	0.002000	80000.000000	80000.000000	0.0000	0.0000	0.0000	0.0000
4.1500	3166.36	3392.93	10.0	-1.0	-3362.5	-3614.8	-1.0000	-1.0000	-0.00004	-0.00039	0.023	0.002000	80000.000000	80000.000000	0.0000	0.0000	0.0000	0.0000
4.1520	3165.53	3394.49	10.0	-1.0	-3361.2	-3616.0	-1.0000	-1.0000	-0.00004	-0.00039	0.023	0.002000	80000.000000	80000.000000	0.0000	0.0000	0.0000	0.0000
4.1540	3164.70	3396.05	10.0	-1.0	-3359.8	-3617.2	-1.0000	-1.0000	-0.00004	-0.00039	0.023	0.002000	80000.000000	80000.000000	0.0000	0.0000	0.0000	0.0000
4.1560	3163.86	3397.61	10.0	-1.0	-3358.5	-3618.4	-1.0000	-1.0000	-0.00004	-0.00039	0.023	0.002000	80000.000000	80000.000000	0.0000	0.0000	0.0000	0.0000
4.1580	3163.03	3399.16	10.0	-1.0	-3357.2	-3619.6	-1.0000	-1.0000	-0.00004	-0.00039	0.023	0.002000	80000.000000	80000.000000	0.0000	0.0000	0.0000	0.0000
4.1600	3162.19	3400.72	10.0	-1.0	-3355.9	-3620.8	-1.0000	-1.0000	-0.00004	-0.00039	0.023	0.002000	80000.000000	80000.000000	0.0000	0.0000	0.0000	0.0000
4.1620	3161.36	3402.28	10.0	-1.0	-3354.6	-3622.0	-1.0000	-1.0000	-0.00004	-0.00039	0.023	0.002000	80000.000000	80000.000000	0.0000	0.0000	0.0000	0.0000
4.1640	3160.52	3403.83	10.0	-1.0	-3353.3	-3623.2	-1.0000	-1.0000	-0.00004	-0.00039	0.023	0.002000	80000.000000	80000.000000	0.0000	0.0000	0.0000	0.0000
4.1660	3159.68	3405.39	10.0	-1.0	-3352.0	-3624.4	-1.0000	-1.0000	-0.00004	-0.00039	0.023	0.002000	80000.000000	80000.000000	0.0000	0.0000	0.0000	0.0000
4.1680	3158.84	3406.94	10.0	-1.0	-3350.7	-3625.6	-1.0000	-1.0000	-0.00004	-0.00039	0.023	0.002000	80000.000000	80000.000000	0.0000	0.0000	0.0000	0.0000
4.1700	3157.99	3408.49	10.0	-1.0	-3349.4	-3626.8	-1.0000	-1.0000	-0.00004	-0.00039	0.023	0.002000	80000.000000	80000.000000	0.0000	0.0000	0.0000	0.0000
4.1720	3157.15	3410.04	10.0	-1.0	-3348.0	-3628.0	-1.0000	-1.0000	-0.00004	-0.00039	0.023	0.002000	80000.000000	80000.000000	0.0000	0.0000	0.0000	0.0000
4.1740	3156.30	3411.59	10.0	-1.0	-3346.7	-3629.2	-1.0000	-1.0000	-0.00004	-0.00039	0.023	0.002000	80000.000000	80000.000000	0.0000	0.0000	0.0000	0.0000
4.1760	3155.45	3413.14	10.0	-1.0	-3345.4	-3630.4	-1.0000	-1.0000	-0.00004	-0.00039	0.023	0.002000	80000.000000	80000.000000	0.0000	0.0000	0.0000	0.0000
4.1780	3154.61	3414.69	10.0	-1.0	-3344.1	-3631.6	-1.0000	-1.0000	-0.00004	-0.00039	0.023	0.002000	80000.000000	80000.000000	0.0000	0.0000	0.0000	0.0000
4.1800	3153.75	3416.23	10.0	-1.0	-3342.8	-3632.8	-1.0000	-1.0000	-0.00004	-0.00039	0.023	0.002000	80000.000000	80000.000000	0.0000	0.0000	0.0000	0.0000
4.1820	3152.90	3417.78	10.0	-1.0	-3341.5	-3634.0	-1.0000	-1.0000	-0.00004	-0.00039	0.023	0.002000	80000.000000	80000.000000	0.0000	0.0000	0.0000	0.0000
4.1840	3152.05	3419.33	10.0	-1.0	-3340.2	-3635.2	-1.0000	-1.0000	-0.00004	-0.00039	0.023	0.002000	80000.000000	80000.000000	0.0000	0.0000	0.0000	0.0000
4.1860	3151.19	3420.87	10.0	-1.0	-3338.8	-3636.4	-1.0000	-1.0000	-0.00004	-0.00039	0.023	0.002000	80000.000000	80000.000000	0.0000	0.0000	0.0000	0.0000
4.1880	3150.34	3422.41	10.0	-1.0	-3337.5	-3637.6	-1.0000	-1.0000	-0.00004	-0.00039	0.023	0.002000	80000.000000	80000.000000	0.0000	0.0000	0.0000	0.0000
4.1900	3149.48	3423.95	10.0	-1.0	-3336.2	-3638.8	-1.0000	-1.0000	-0.00004	-0.00039	0.023	0.002000	80000.000000	80000.000000	0.0000	0.0000	0.0000	0.0000
4.1920	3148.62	3425.49	10.0	-1.0	-3334.9	-3640.0	-1.0000	-1.0000	-0.00004	-0.00039	0.023	0.002000	80000.000000	80000.000000	0.0000	0.0000	0.0000	0.0000
4.1940	3147.76	3427.03	10.0	-1.0	-3333.6	-3641.2	-1.0000	-1.0000	-0.00004	-0.00039	0.023	0.002000	80000.000000	80000.000000	0.0000	0.0000	0.0000	0.0000
4.1960	3146.90	3428.57	10.0	-1.0	-3332.2	-3642.4	-1.0000	-1.0000	-0.00004	-0.00039	0.023	0.002000	80000.000000	80000.000000	0.0000	0.0000	0.0000	0.0000
4.1980	3146.03	3430.11	10.0	-1.0	-3330.9	-3643.6	-1.0000	-1.0000	-0.00004	-0.00039	0.023	0.002000	80000.000000	80000.000000	0.0000	0.0000	0.0000	0.0000
4.2000	3145.17	3431.65	10.0	-1.0	-3329.6	-3644.8	-1.0000	-1.0000	-0.00004	-0.00039	0.023	0.002000	80000.000000	80000.000000	0.0000	0.0000	0.0000	0.0000
4.2020	3144.30	3433.18	10.0	-1.0	-3328.3	-3646.0	-1.0000	-1.0000	-0.00004	-0.00039	0.023	0.002000	80000.000000	80000.000000	0.0000	0.0000	0.0000	0.0000
4.2040	3143.43	3434.72	10.0	-1.0	-3327.0	-3647.2	-1.0000	-1.0000	-0.00004	-0.00039	0.023	0.002000	80000.000000	80000.000000	0.0000	0.0000	0.0000	0.0000
4.2060	3142.56	3436.25	10.0	-1.0	-3325.6	-3648.4	-1.0000	-1.0000	-0.00004	-0.00039	0.023	0.002000	80000.000000	80000.000000	0.0000	0.0000	0.0000	0.0000
4.2080	3141.69	3437.79	10.0	-1.0	-3324.3	-3649.6	-1.0000	-1.0000	-0.00004	-0.00039	0.023	0.002000	80000.000000	80000.000000	0.0000	0.0000	0.0000	0.0000
4.2100	3139.88	3439.32	9.0	-1.0	-3323.0	-3650.8	-1.0000	-1.0000	-0.00004	-0.00035	0.020	0.002000	80000.000000	80000.000000	0.0000	0.0000	0.0000	0.0000
4.2120	3139.94	3440.85	10.0	-1.0	-3321.7	-3652.0	-1.0000	-1.0000	-0.00004	-0.00039	0.023	0.002000	80000.000000	80000.000000	0.0000	0.0000	0.0000	0.0000
4.2140	3139.07	3442.38	10.0	-1.0	-3320.4	-3653.1	-1.0000	-1.0000	-0.00004	-0.00039	0.023	0.002000	80000.000000	80000.000000	0.0000	0.0000	0.0000	0.0000
4.2160	3138.19	3443.91	10.0	-1.0	-3319.0	-3654.3	-1.0000	-1.0000	-0.00004	-0.00039	0.023	0.002000	80000.000000	80000.000000	0.0000	0.0000	0.0000	0.0000
4.2180	3137.31	3445.44	10.0	-1.0	-3317.7	-3655.5	-1.0000	-1.0000	-0.00004	-0.00039	0.023	0.002000	80000.000000	80000.000000	0.0000	0.0000	0.0000	0.0000
4.2200	3136.43	3446.96	10.0	-1.0	-3316.4	-3656.7	-1.0000	-1.0000	-0.00004	-0.00039	0.023	0.002000	80000.000000	80000.000000	0.0000	0.0000	0.0000	0.0000
4.2220	3135.55	3448.49	10.0	-1.0	-3315.1	-3657.9	-1.0000	-1.0000	-0.00004	-0.00039	0.023	0.002000	80000.000000	80000.000000	0.0000	0.0000	0.0000	0.0000
4.2240	3134.67	3450.01	10.0	-1.0	-3313.7	-3659.1	-1.0000	-1.0000	-0.00004	-0.00039	0.023	0.002000	80000.000000	80000.000000	0.0000	0.0000	0.0000	0.0000
4.2260	3133.78	3451.54	10.0	-1.0	-3312.4	-3660.3	-1.0000	-1.0000	-0.00004	-0.00039	0.023	0.002000	80000.000000	80000.000000	0.0000	0.0000	0.0000	0.0000
4.2280	3132.90	3453.06	10.0	-1.0	-3311.1	-3661.5	-1.0000	-1.0000	-0.00004	-0.00039	0.023	0.002000	80000.000000	80000.000000	0.0000	0.0000	0.0000	0.0000
4.2300	3132.01	3454.58	10.0	-1.0	-3309.7	-3662.7	-1.0000	-1.0000	-0.00004	-0.00039	0.023	0.002000	80000.000000	80000.000000	0.0000	0.0000	0.0000	0.0000
4.2320	3131.12	3456.10	10.0	-1.0	-3308.4	-3663.8	-1.0000	-1.0000	-0.00004	-0.00039	0.023	0.002000	80000.000000	80000.000000	0.0000	0.0000	0.0000	0.0000
4.2340	3130.23	3457.62	10.0	-1.0	-3307.1	-3665.0	-1.0000	-1.0000	-0.00004	-0.00039	0.023	0.002000	80000.000000	80000.000000	0.0000	0.0000	0.0000	0.0000
4.2360	3129.34	3459.14	10.0	-1.0	-3305.8	-3666.2	-1.0000	-1.0000	-0.00004	-0.00039	0.023	0.002000	80000.000000	80000.000000	0.0000	0.0000	0.0000	0.0000
4.2380	3128.45	3460.66	10.0	-1.0	-3304.4	-3667.4	-1.0000	-1.0000	-0.00004	-0.00039	0.023	0.002000	80000.000000	80000.000000	0.0000	0.0000	0.0000	0.0000
4.2400	3127.55	3462.18	10.0	-1.0	-3303.1	-3668.6	-1.0000	-1.0000	-0.00004	-0.00039	0.023	0.002000	80000.000000	80000.000000	0.0000	0.0000	0.0000	0.0000
4.2420	3126.66	3463.69	10.0	-1.0	-3301.8	-3669.8	-1.0000	-1.0000	-0.00004	-0.00039	0.023	0.002000	80000.000000	80000.000000	0.0000	0.0000	0.0000	0.0000
4.2440	3125.76	3465.21	10.0	-1.0	-3300.4	-3670.9	-1.0000	-1.0000	-0.00004	-0.00039	0.023	0.002000	80000.000000	80000.000000	0.0000	0.0000	0.0000	0.0000
4.2460	3124.86	3466.72	10.0	-1.0	-3299.1	-3672.1	-1.0000	-1.0000	-0.00004	-0.00039	0.023	0.002000	80000.000000	80000.000000	0.0000	0.0000	0.0000	0.0000
4.2480	3123.96	3468.24	10.0	-1.0	-3297.8	-3673.3	-1.0000	-1.0000	-0.00004	-0.00039	0.023	0.002000	80000.000000	80000.000000	0.0000	0.0000	0.0000	0.0000
4.2500	3123.06	3469.75	10.0	-1.0	-3296.4	-3674.5	-1.0000	-1.0000	-0.00004	-0.00039	0.023	0.002000	80000.000000	80000.000000	0.0000	0.0000	0.0000	0.0000
4.2520	3122.16	3471.26	10.0	-1.0	-3295.1	-3675.7	-1.0000	-1.0000	-0.00004	-0.00039	0.023	0.002000	80000.000000	80000.000000	0.0000	0.0000	0.0000	0.0000
4.2540	3121.25	3472.77	10.0	-1.0	-3293.8	-3676.9	-1.0000	-1.0000	-0.00004	-0.00039	0.023	0.002000	80000.000000	80000.000000	0.0000	0.0000	0.0000	0.0000
4.2560	3120.35	3474.28	10.0	-1.0	-3292.4	-3678.0	-1.0000	-1.0000	-0.00004	-0.00039	0.023	0.002000	80000.000000	80000.000000	0.0000	0.0000	0.0000	0.0000
4.2580	3119.44	3475.79	10.0	-1.0	-3291.1	-3679.2	-1.0000	-1.0000	-0.00004	-0.00039	0.023	0.002000	80000.000000	80000.000000	0.0000	0.0000	0.0000	0.0000
4.2600	3118.53	3477.30	10.0	-1.0	-3289.8	-3680.4	-1.0000	-1.0000	-0.00004	-0.00039	0.023	0.002000	80000.000000	80000.000000	0.0000	0.0000	0.0000	0.0000
4.2620	3117.62	3478.80	10.0	-1.0	-3288.4	-3681.6	-1.0000	-1.0000	-0.00004	-0.00039	0.023	0.002000	80000.000000	80000.000000	0.0000	0.0000	0.0000	0.0000
4.2640	3116.71	3480.31	10.0	-1.0	-3287.1	-3682.7	-1.0000	-1.0000	-0.00004	-0.00039	0.023	0.002000	80000.000000	80000.000000	0.0000	0.0000	0.0000	0.0000
4.2660	3115.80	3481.81	10.0	-1.0	-3285.8	-3683.9	-1.0000	-1.0000	-0.00004	-0.00039	0.023	0.002000	80000.000000	80000.000000	0.0000	0.0000	0.0000	0.0000
4.2680	3114.89	3483.31	10.0	-1.0	-3284.4	-3685.1	-1.0000	-1.0000	-0.00004	-0.00039	0.023	0.002000	80000.000000	80000.000000	0.0000	0.0000	0.0000	0.0000
4.2700	3113.97	3484.82	10.0	-1.0	-3283.1	-3686.3	-1.0000	-1.0000	-0.00004	-0.00039	0.023	0.002000	80000.000000	80000.000000	0.0000	0.0000	0.0000	0.0000
4.2720	3113.05	3486.32	10.0	-1.0	-3281.8	-3687.5	-1.0000	-1.0000	-0.00004	-0.00039	0.023	0.002000	80000.000000	80000.000000	0.0000	0.0000	0.0000	0.0000
4.2740	3112.14	3487.82	10.0	-1.0	-3280.4	-3688.6	-1.0000	-1.0000	-0.00004	-0.00039	0.023	0.002000	80000.000000	80000.000000	0.0000	0.0000	0.0000	0.0000
4.2760	3111.22	3489.32	10.0	-1.0	-3279.1	-3689.8	-1.0000	-1.0000	-0.00004	-0.00039	0.023	0.002000	80000.000000	80000.000000	0.0000	0.0000	0.0000	0.0000
4.2780	3110.29	3490.82	10.0	-1.0	-3277.7	-3691.0	-1.0000	-1.0000	-0.00004	-0.00039	0.023	0.002000	80000.000000	80000.000000	0.0000	0.0000	0.0000	0.0000
4.2800	3109.37	3492.31	10.0	-1.0	-3276.4	-3692.2	-1.0000	-1.0000	-0.00004	-0.00039	0.023	0.002000	80000.000000	80000.000000	0.0000	0.0000	0.0000	0.0000
4.2820	3108.45	3493.81	10.0	-1.0	-3275.1	-3693.3	-1.0000	-1.0000	-0.00004	-0.00039	0.023	0.002000	80000.000000	80000.000000	0.0000	0.0000	0.0000	0.0000
4.2840	3107.52	3495.30	10.0	-1.0	-3273.7	-3694.5	-1.0000	-1.0000	-0.00004	-0.00039	0.023	0.002000	80000.000000	80000.000000	0.0000	0.0000	0.0000	0.0000
4.2860	3106.60	3496.80	10.0	-1.0	-3272.4	-3695.7	-1.0000	-1.0000	-0.00004	-0.00039	0.023	0.002000	80000.000000	80000.000000	0.0000	0.0000	0.0000	0.0000
4.2880	3105.67	3498.29	10.0	-1.0	-3271.0	-3696.8	-1.0000	-1.0000	-0.00004	-0.00039	0.023	0.002000	80000.000000	80000.000000	0.0000	0.0000	0.0000	0.0000
4.2900	3104.74	3499.78	10.0	-1.0	-3269.7	-3698.0	-1.0000	-1.0000	-0.00004	-0.00039	0.023	0.002000	80000.000000	80000.000000	0.0000	0.0000	0.0000	0.0000
4.2920	3103.81	3501.28	10.0	-1.0	-3268.4	-3699.2	-1.0000	-1.0000	-0.00004	-0.00039	0.023	0.002000	80000.000000	80000.000000	0.0000	0.0000	0.0000	0.0000
4.2940	3102.88	3502.77	10.0	-1.0	-3267.0	-3700.4	-1.0000	-1.0000	-0.00004	-0.00039	0.023	0.002000	80000.000000	80000.000000	0.0000	0.0000	0.0000	0.0000
4.2960	3101.94	3504.26	10.0	-1.0	-3265.7	-3701.5	-1.0000	-1.0000	-0.00004	-0.00039	0.023	0.002000	80000.000000	80000.000000	0.0000	0.0000	0.0000	0.0000
4.2980	3101.01	3505.74	10.0	-1.0	-3264.3	-3702.7	-1.0000	-1.0000	-0.00004	-0.00039	0.023	0.002000	80000.000000	80000.000000	0.0000	0.0000	0.0000	0.0000
4.3000	3100.07	3507.23	10.0	-1.0	-3263.0	-3703.9	-1.0000	-1.0000	-0.00004	-0.00039	0.023	0.002000	80000.000000	80000.000000	0.0000	0.0000	0.0000	0.0000
4.3020	3099.13	3508.72	10.0	-1.0	-3261.6	-3705.0	-1.0000	-1.0000	-0.00004	-0.00039	0.023	0.002000	80000.000000	80000.000000	0.0000	0.0000	0.0000	0.0000
4.3040	3098.20	3510.20	10.0	-1.0	-3260.3	-3706.2	-1.0000	-1.0000	-0.00004	-0.00039	0.023	0.002000	80000.000000	80000.000000	0.0000	0.0000	0.0000	0.0000
4.3060	3097.26	3511.69	10.0	-1.0	-3259.0	-3707.4	-1.0000	-1.0000	-0.00004	-0.00039	0.023	0.002000	80000.000000	80000.000000	0.0000	0.0000	0.0000	0.0000
4.3080	3096.31	3513.17	10.0	-1.0	-3257.6	-3708.5	-1.0000	-1.0000	-0.00004	-0.00039	0.023	0.002000	80000.000000	80000.000000	0.0000	0.0000	0.0000	0.0000
4.3100	3095.37	3514.66	10.0	-1.0	-3256.3	-3709.7	-1.0000	-1.0000	-0.00004	-0.00039	0.023	0.002000	80000.000000	80000.000000	0.0000	0.0000	0.0000	0.0000
4.3120	3094.43	3516.14	10.0	-1.0	-3254.9	-3710.9	-1.0000	-1.0000	-0.00004	-0.00039	0.023	0.002000	80000.000000	80000.000000	0.0000	0.0000	0.0000	0.0000
4.3140	3093.48	3517.62	10.0	-1.0	-3253.6	-3712.0	-1.0000	-1.0000	-0.00004	-0.00039	0.023	0.002000	80000.000000	80000.000000	0.0000	0.0000	0.0000	0.0000
4.3160	3092.53	3519.10	10.0	-1.0	-3252.2	-3713.2	-1.0000	-1.0000	-0.00004	-0.00039	0.023	0.002000	80000.000000	80000.000000	0.0000	0.0000	0.0000	0.0000
4.3180	3091.59	3520.58	10.0	-1.0	-3250.9	-3714.3	-1.0000	-1.0000	-0.00004	-0.00039	0.023	0.002000	80000.000000	80000.000000	0.0000	0.0000	0.0000	0.0000
4.3200	3090.64	3522.05	10.0	-1.0	-3249.5	-3715.5	-1.0000	-1.0000	-0.00004	-0.00039	0.023	0.002000	80000.000000	80000.000000	0.0000	0.0000	0.0000	0.0000
4.3220	3089.68	3523.53	10.0	-1.0	-3248.2	-3716.7	-1.0000	-1.0000	-0.00004	-0.00039	0.023	0.002000	80000.000000	80000.000000	0.0000	0.0000	0.0000	0.0000
4.3240	3088.73	3525.01	10.0	-1.0	-3246.8	-3717.8	-1.0000	-1.0000	-0.00004	-0.00039	0.023	0.002000	80000.000000	80000.000000	0.0000	0.0000	0.0000	0.0000
4.3260	3087.78	3526.48	10.0	-1.0	-3245.5	-3719.0	-1.0000	-1.0000	-0.00004	-0.00039	0.023	0.002000	80000.000000	80000.000000	0.0000	0.0000	0.0000	0.0000
4.3280	3086.82	3527.95	10.0	-1.0	-3244.1	-3720.2	-1.0000	-1.0000	-0.00004	-0.00039	0.023	0.002000	80000.000000	80000.000000	0.0000	0.0000	0.0000	0.0000
4.3300	3085.87	3529.43	10.0	-1.0	-3242.8	-3721.3	-1.0000	-1.0000	-0.00004	-0.00039	0.023	0.002000	80000.000000	80000.000000	0.0000	0.0000	0.0000	0.0000
4.3320	3084.91	3530.90	10.0	-1.0	-3241.4	-3722.5	-1.0000	-1.0000	-0.00004	-0.00039	0.023	0.002000	80000.000000	80000.000000	0.0000	0.0000	0.0000	0.0000
4.3340	3083.95	3532.37	10.0	-1.0	-3240.1	-3723.6	-1.0000	-1.0000	-0.00004	-0.00039	0.023	0.002000	80000.000000	80000.000000	0.0000	0.0000	0.0000	0.0000
4.3360	3082.99	3533.84	10.0	-1.0	-3238.7	-3724.8	-1.0000	-1.0000	-0.00004	-0.00039	0.023	0.002000	80000.000000	80000.000000	0.0000	0.0000	0.0000	0.0000
4.3380	3082.03	3535.31	10.0	-1.0	-3237.4	-3726.0	-1.0000	-1.0000	-0.00004	-0.00039	0.023	0.002000	80000.000000	80000.000000	0.0000	0.0000	0.0000	0.0000
4.3400	3081.06	3536.78	10.0	-1.0	-3236.0	-3727.1	-1.0000	-1.0000	-0.00004	-0.00039	0.023	0.002000	80000.000000	80000.000000	0.0000	0.0000	0.0000	0.0000
4.3420	3079.15	3538.24	9.0	-1.0	-3234.6	-3728.3	-1.0000	-1.0000	-0.00004	-0.00035	0.020	0.002000	80000.000000	80000.000000	0.0000	0.0000	0.0000	0.0000
4.3440	3079.13	3539.71	10.0	-1.0	-3233.3	-3729.4	-1.0000	-1.0000	-0.00004	-0.00039	0.023	0.002000	80000.000000	80000.000000	0.0000	0.0000	0.0000	0.0000
4.3460	3078.17	3541.17	10.0	-1.0	-3231.9	-3730.6	-1.0000	-1.0000	-0.00004	-0.00039	0.023	0.002000	80000.000000	80000.000000	0.0000	0.0000	0.0000	0.0000
4.3480	3077.20	3542.64	10.0	-1.0	-3230.6	-3731.7	-1.0000	-1.0000	-0.00004	-0.00039	0.023	0.002000	80000.000000	80000.000000	0.0000	0.0000	0.0000	0.0000
4.3500	3076.23	3544.10	10.0	-1.0	-3229.2	-3732.9	-1.0000	-1.0000	-0.00004	-0.00039	0.023	0.002000	80000.000000	80000.000000	0.0000	0.0000	0.0000	0.0000
4.3520	3075.26	3545.56	10.0	-1.0	-3227.9	-3734.0	-1.0000	-1.0000	-0.00004	-0.00039	0.023	0.002000	80000.000000	80000.000000	0.0000	0.0000	0.0000	0.0000
4.3540	3074.29	3547.02	10.0	-1.0	-3226.5	-3735.2	-1.0000	-1.0000	-0.00004	-0.00039	0.023	0.002000	80000.000000	80000.000000	0.0000	0.0000	0.0000	0.0000
4.3560	3073.31	3548.48	10.0	-1.0	-3225.2	-3736.4	-1.0000	-1.0000	-0.00004	-0.00039	0.023	0.002000	80000.000000	80000.000000	0.0000	0.0000	0.0000	0.0000
4.3580	3072.34	3549.94	10.0	-1.0	-3223.8	-3737.5	-1.0000	-1.0000	-0.00004	-0.00039	0.023	0.002000	80000.000000	80000.000000	0.0000	0.0000	0.0000	0.0000
4.3600	3071.36	3551.40	10.0	-1.0	-3222.4	-3738.7	-1.0000	-1.0000	-0.00004	-0.00039	0.023	0.002000	80000.000000	80000.000000	0.0000	0.0000	0.0000	0.0000
4.3620	3070.38	3552.86	10.0	-1.0	-3221.1	-3739.8	-1.0000	-1.0000	-0.00004	-0.00039	0.023	0.002000	80000.000000	80000.000000	0.0000	0.0000	0.0000	0.0000
4.3640	3069.40	3554.32	10.0	-1.0	-3219.7	-3741.0	-1.0000	-1.0000	-0.00004	-0.00039	0.023	0.002000	80000.000000	80000.000000	0.0000	0.0000	0.0000	0.0000
4.3660	3068.42	3555.77	10.0	-1.0	-3218.4	-3742.1	-1.0000	-1.0000	-0.00004	-0.00039	0.023	0.002000	80000.000000	80000.000000	0.0000	0.0000	0.0000	0.0000
4.3680	3067.44	3557.22	10.0	-1.0	-3217.0	-3743.3	-1.0000	-1.0000	-0.00004	-0.00039	0.023	0.002000	80000.000000	80000.000000	0.0000	0.0000	0.0000	0.0000
4.3700	3066.46	3558.68	10.0	-1.0	-3215.6	-3744.4	-1.0000	-1.0000	-0.00004	-0.00039	0.023	0.002000	80000.000000	80000.000000	0.0000	0.0000	0.0000	0.0000
4.3720	3065.48	3560.13	10.0	-1.0	-3214.3	-3745.6	-1.0000	-1.0000	-0.00004	-0.00039	0.023	0.002000	80000.000000	80000.000000	0.0000	0.0000	0.0000	0.0000
4.3740	3064.49	3561.58	10.0	-1.0	-3212.9	-3746.7	-1.0000	-1.0000	-0.00004	-0.00039	0.023	0.002000	80000.000000	80000.000000	0.0000	0.0000	0.0000	0.0000
4.3760	3063.50	3563.03	10.0	-1.0	-3211.6	-3747.9	-1.0000	-1.0000	-0.00004	-0.00039	0.023	0.002000	80000.000000	80000.000000	0.0000	0.0000	0.0000	0.0000
4.3780	3062.51	3564.48	10.0	-1.0	-3210.2	-3749.0	-1.0000	-1.0000	-0.00004	-0.00039	0.023	0.002000	80000.000000	80000.000000	0.0000	0.0000	0.0000	0.0000
4.3800	3061.53	3565.93	10.0	-1.0	-3208.8	-3750.1	-1.0000	-1.0000	-0.00004	-0.00039	0.023	0.002000	80000.000000	80000.000000	0.0000	0.0000	0.0000	0.0000
4.3820	3060.54	3567.38	10.0	-1.0	-3207.5	-3751.3	-1.0000	-1.0000	-0.00004	-0.00039	0.023	0.002000	80000.000000	80000.000000	0.0000	0.0000	0.0000	0.0000
4.3840	3059.54	3568.82	10.0	-1.0	-3206.1	-3752.4	-1.0000	-1.0000	-0.00004	-0.00039	0.023	0.002000	80000.000000	80000.000000	0.0000	0.0000	0.0000	0.0000
4.3860	3058.55	3570.27	10.0	-1.0	-3204.7	-3753.6	-1.0000	-1.0000	-0.00004	-0.00039	0.023	0.002000	80000.000000	80000.000000	0.0000	0.0000	0.0000	0.0000
4.3880	3056.60	3571.71	9.0	-1.0	-3203.4	-3754.7	-1.0000	-1.0000	-0.00004	-0.00035	0.020	0.002000	80000.000000	80000.000000	0.0000	0.0000	0.0000	0.0000
4.3900	3056.56	3573.16	10.0	-1.0	-3202.0	-3755.9	-1.0000	-1.0000	-0.00004	-0.00039	0.023	0.002000	80000.000000	80000.000000	0.0000	0.0000	0.0000	0.0000
4.3920	3055.56	3574.60	10.0	-1.0	-3200.6	-3757.0	-1.0000	-1.0000	-0.00004	-0.00039	0.023	0.002000	80000.000000	80000.000000	0.0000	0.0000	0.0000	0.0000
4.3940	3054.56	3576.04	10.0	-1.0	-3199.3	-3758.2	-1.0000	-1.0000	-0.00004	-0.00039	0.023	0.002000	80000.000000	80000.000000	0.0000	0.0000	0.0000	0.0000
4.3960	3053.57	3577.48	10.0	-1.0	-3197.9	-3759.3	-1.0000	-1.0000	-0.00004	-0.00039	0.023	0.002000	80000.000000	80000.000000	0.0000	0.0000	0.0000	0.0000
4.3980	3052.56	3578.92	10.0	-1.0	-3196.5	-3760.4	-1.0000	-1.0000	-0.00004	-0.00039	0.023	0.002000	80000.000000	80000.000000	0.0000	0.0000	0.0000	0.0000
4.4000	3051.56	3580.36	10.0	-1.0	-3195.2	-3761.6	-1.0000	-1.0000	-0.00004	-0.00039	0.023	0.002000	80000.000000	80000.000000	0.0000	0.0000	0.0000	0.0000
4.4020	3050.56	3581.80	10.0	-1.0	-3193.8	-3762.7	-1.0000	-1.0000	-0.00004	-0.00039	0.023	0.002000	80000.000000	80000.000000	0.0000	0.0000	0.0000	0.0000
4.4040	3049.55	3583.24	10.0	-1.0	-3192.4	-3763.9	-1.0000	-1.0000	-0.00004	-0.00039	0.023	0.002000	80000.000000	80000.000000	0.0000	0.0000	0.0000	0.0000
4.4060	3048.55	3584.67	10.0	-1.0	-3191.1	-3765.0	-1.0000	-1.0000	-0.00004	-0.00039	0.023	0.002000	80000.000000	80000.000000	0.0000	0.0000	0.0000	0.0000
4.4080	3047.54	3586.11	10.0	-1.0	-3189.7	-3766.1	-1.0000	-1.0000	-0.00004	-0.00039	0.023	0.002000	80000.000000	80000.000000	0.0000	0.0000	0.0000	0.0000
4.4100	3046.53	3587.54	10.0	-1.0	-3188.3	-3767.3	-1.0000	-1.0000	-0.00004	-0.00039	0.023	0.002000	80000.000000	80000.000000	0.0000	0.0000	0.0000	0.0000
4.4120	3045.52	3588.97	10.0	-1.0	-3187.0	-3768.4	-1.0000	-1.0000	-0.00004	-0.00039	0.023	0.002000	80000.000000	80000.000000	0.0000	0.0000	0.0000	0.0000
4.4140	3044.51	3590.40	10.0	-1.0	-3185.6	-3769.6	-1.0000	-1.0000	-0.00004	-0.00039	0.023	0.002000	80000.000000	80000.000000	0.0000	0.0000	0.0000	0.0000
4.4160	3043.50	3591.84	10.0	-1.0	-3184.2	-3770.7	-1.0000	-1.0000	-0.00004	-0.00039	0.023	0.002000	80000.000000	80000.000000	0.0000	0.0000	0.0000	0.0000
4.4180	3042.49	3593.27	10.0	-1.0	-3182.8	-3771.8	-1.0000	-1.0000	-0.00004	-0.00039	0.023	0.002000	80000.000000	80000.000000	0.0000	0.0000	0.0000	0.0000
4.4200	3041.47	3594.69	10.0	-1.0	-3181.5	-3773.0	-1.0000	-1.0000	-0.00004	-0.00039	0.023	0.002000	80000.000000	80000.000000	0.0000	0.0000	0.0000	0.0000
4.4220	3040.46	3596.12	10.0	-1.0	-3180.1	-3774.1	-1.0000	-1.0000	-0.00004	-0.00039	0.023	0.002000	80000.000000	80000.000000	0.0000	0.0000	0.0000	0.0000
4.4240	3039.44	3597.55	10.0	-1.0	-3178.7	-3775.2	-1.0000	-1.0000	-0.00004	-0.00039	0.023	0.002000	80000.000000	80000.000000	0.0000	0.0000	0.0000	0.0000
4.4260	3038.42	3598.98	10.0	-1.0	-3177.3	-3776.4	-1.0000	-1.0000	-0.00004	-0.00039	0.023	0.002000	80000.000000	80000.000000	0.0000	0.0000	0.0000	0.0000
4.4280	3037.40	3600.40	10.0	-1.0	-3176.0	-3777.5	-1.0000	-1.0000	-0.00004	-0.00039	0.023	0.002000	80000.000000	80000.000000	0.0000	0.0000	0.0000	0.0000
4.4300	3036.38	3601.83	10.0	-1.0	-3174.6	-3778.6	-1.0000	-1.0000	-0.00004	-0.00039	0.023	0.002000	80000.000000	80000.000000	0.0000	0.0000	0.0000	0.0000
4.4320	3035.36	3603.25	10.0	-1.0	-3173.2	-3779.8	-1.0000	-1.0000	-0.00004	-0.00039	0.023	0.002000	80000.000000	80000.000000	0.0000	0.0000	0.0000	0.0000
4.4340	3034.33	3604.67	10.0	-1.0	-3171.8	-3780.9	-1.0000	-1.0000	-0.00004	-0.00039	0.023	0.002000	80000.000000	80000.000000	0.0000	0.0000	0.0000	0.0000
4.4360	3033.31	3606.09	10.0	-1.0	-3170.5	-3782.0	-1.0000	-1.0000	-0.00004	-0.00039	0.023	0.002000	80000.000000	80000.000000	0.0000	0.0000	0.0000	0.0000
4.4380	3032.28	3607.51	10.0	-1.0	-3169.1	-3783.2	-1.0000	-1.0000	-0.00004	-0.00039	0.023	0.002000	80000.000000	80000.000000	0.0000	0.0000	0.0000	0.0000
4.4400	3031.26	3608.93	10.0	-1.0	-3167.7	-3784.3	-1.0000	-1.0000	-0.00004	-0.00039	0.023	0.002000	80000.000000	80000.000000	0.0000	0.0000	0.0000	0.0000
4.4420	3030.23	3610.35	10.0	-1.0	-3166.3	-3785.4	-1.0000	-1.0000	-0.00004	-0.00039	0.023	0.002000	80000.000000	80000.000000	0.0000	0.0000	0.0000	0.0000
4.4440	3029.20	3611.77	10.0	-1.0	-3165.0	-3786.6	-1.0000	-1.0000	-0.00004	-0.00039	0.023	0.002000	80000.000000	80000.000000	0.0000	0.0000	0.0000	0.0000
4.4460	3028.17	3613.18	10.0	-1.0	-3163.6	-3787.7	-1.0000	-1.0000	-0.00004	-0.00039	0.023	0.002000	80000.000000	80000.000000	0.0000	0.0000	0.0000	0.0000
4.4480	3027.13	3614.60	10.0	-1.0	-3162.2	-3788.8	-1.0000	-1.0000	-0.00004	-0.00039	0.023	0.002000	80000.000000	80000.000000	0.0000	0.0000	0.0000	0.0000
4.4500	3026.10	3616.01	10.0	-1.0	-3160.8	-3789.9	-1.0000	-1.0000	-0.00004	-0.00039	0.023	0.002000	80000.000000	80000.000000	0.0000	0.0000	0.0000	0.0000
4.4520	3025.07	3617.43	10.0	-1.0	-3159.4	-3791.1	-1.0000	-1.0000	-0.00004	-0.00039	0.023	0.002000	80000.000000	80000.000000	0.0000	0.0000	0.0000	0.0000
4.4540	3024.03	3618.84	10.0	-1.0	-3158.1	-3792.2	-1.0000	-1.0000	-0.00004	-0.00039	0.023	0.002000	80000.000000	80000.000000	0.0000	0.0000	0.0000	0.0000
4.4560	3022.99	3620.25	10.0	-1.0	-3156.7	-3793.3	-1.0000	-1.0000	-0.00004	-0.00039	0.023	0.002000	80000.000000	80000.000000	0.0000	0.0000	0.0000	0.0000
4.4580	3021.96	3621.66	10.0	-1.0	-3155.3	-3794.5	-1.0000	-1.0000	-0.00004	-0.00039	0.023	0.002000	80000.000000	80000.000000	0.0000	0.0000	0.0000	0.0000
4.4600	3020.92	3623.07	10.0	-1.0	-3153.9	-3795.6	-1.0000	-1.0000	-0.00004	-0.00039	0.023	0.002000	80000.000000	80000.000000	0.0000	0.0000	0.0000	0.0000
4.4620	3019.88	3624.48	10.0	-1.0	-3152.5	-3796.7	-1.0000	-1.0000	-0.00004	-0.00039	0.023	0.002000	80000.000000	80000.000000	0.0000	0.0000	0.0000	0.0000
4.4640	3018.83	3625.89	10.0	-1.0	-3151.2	-3797.8	-1.0000	-1.0000	-0.00004	-0.00039	0.023	0.002000	80000.000000	80000.000000	0.0000	0.0000	0.0000	0.0000
4.4660	3017.79	3627.30	10.0	-1.0	-3149.8	-3799.0	-1.0000	-1.0000	-0.00004	-0.00039	0.023	0.002000	80000.000000	80000.000000	0.0000	0.0000	0.0000	0.0000
4.4680	3016.75	3628.70	10.0	-1.0	-3148.4	-3800.1	-1.0000	-1.0000	-0.00004	-0.00039	0.023	0.002000	80000.000000	80000.000000	0.0000	0.0000	0.0000	0.0000
4.4700	3015.70	3630.11	10.0	-1.0	-3147.0	-3801.2	-1.0000	-1.0000	-0.00004	-0.00039	0.023	0.002000	80000.000000	80000.000000	0.0000	0.0000	0.0000	0.0000
4.4720	3014.65	3631.51	10.0	-1.0	-3145.6	-3802.3	-1.0000	-1.0000	-0.00004	-0.00039	0.023	0.002000	80000.000000	80000.000000	0.0000	0.0000	0.0000	0.0000
4.4740	3013.61	3632.91	10.0	-1.0	-3144.2	-3803.4	-1.0000	-1.0000	-0.00004	-0.00039	0.023	0.002000	80000.000000	80000.000000	0.0000	0.0000	0.0000	0.0000
4.4760	3012.56	3634.32	10.0	-1.0	-3142.8	-3804.6	-1.0000	-1.0000	-0.00004	-0.00039	0.023	0.002000	80000.000000	80000.000000	0.0000	0.0000	0.0000	0.0000
4.4780	3011.51	3635.72	10.0	-1.0	-3141.5	-3805.7	-1.0000	-1.0000	-0.00004	-0.00039	0.023	0.002000	80000.000000	80000.000000	0.0000	0.0000	0.0000	0.0000
4.4800	3010.46	3637.12	10.0	-1.0	-3140.1	-3806.8	-1.0000	-1.0000	-0.00004	-0.00039	0.023	0.002000	80000.000000	80000.000000	0.0000	0.0000	0.0000	0.0000
4.4820	3009.40	3638.52	10.0	-1.0	-3138.7	-3807.9	-1.0000	-1.0000	-0.00004	-0.00039	0.023	0.002000	80000.000000	80000.000000	0.0000	0.0000	0.0000	0.0000
4.4840	3008.35	3639.91	10.0	-1.0	-3137.3	-3809.0	-1.0000	-1.0000	-0.00004	-0.00039	0.023	0.002000	80000.000000	80000.000000	0.0000	0.0000	0.0000	0.0000
4.4860	3007.29	3641.31	10.0	-1.0	-3135.9	-3810.2	-1.0000	-1.0000	-0.00004	-0.00039	0.023	0.002000	80000.000000	80000.000000	0.0000	0.0000	0.0000	0.0000
4.4880	3006.24	3642.71	10.0	-1.0	-3134.5	-3811.3	-1.0000	-1.0000	-0.00004	-0.00039	0.023	0.002000	80000.000000	80000.000000	0.0000	0.0000	0.0000	0.0000
4.4900	3005.18	3644.10	10.0	-1.0	-3133.1	-3812.4	-1.0000	-1.0000	-0.00004	-0.00039	0.023	0.002000	80000.000000	80000.000000	0.0000	0.0000	0.0000	0.0000
4.4920	3004.12	3645.50	10.0	-1.0	-3131.7	-3813.5	-1.0000	-1.0000	-0.00004	-0.00039	0.023	0.002000	80000.000000	80000.000000	0.0000	0.0000	0.0000	0.0000
4.4940	3003.06	3646.89	10.0	-1.0	-3130.4	-3814.6	-1.0000	-1.0000	-0.00004	-0.00039	0.023	0.002000	80000.000000	80000.000000	0.0000	0.0000	0.0000	0.0000
4.4960	3002.00	3648.28	10.0	-1.0	-3129.0	-3815.7	-1.0000	-1.0000	-0.00004	-0.00039	0.023	0.002000	80000.000000	80000.000000	0.0000	0.0000	0.0000	0.0000
4.4980	3000.94	3649.67	10.0	-1.0	-3127.6	-3816.9	-1.0000	-1.0000	-0.00004	-0.00039	0.023	0.002000	80000.000000	80000.000000	0.0000	0.0000	0.0000	0.0000
4.5000	2999.87	3651.07	10.0	-1.0	-3126.2	-3818.0	-1.0000	-1.0000	-0.00004	-0.00039	0.023	0.002000	80000.000000	80000.000000	0.0000	0.0000	0.0000	0.0000
4.5020	2998.81	3652.46	10.0	-1.0	-3124.8	-3819.1	-1.0000	-1.0000	-0.00004	-0.00039	0.023	0.002000	80000.000000	80000.000000	0.0000	0.0000	0.0000	0.0000
4.5040	2997.74	3653.84	10.0	-1.0	-3123.4	-3820.2	-1.0000	-1.0000	-0.00004	-0.00039	0.023	0.002000	80000.000000	80000.000000	0.0000	0.0000	0.0000	0.0000
4.5060	2996.68	3655.23	10.0	-1.0	-3122.0	-3821.3	-1.0000	-1.0000	-0.00004	-0.00039	0.023	0.002000	80000.000000	80000.000000	0.0000	0.0000	0.0000	0.0000
4.5080	2994.65	3656.62	9.0	-1.0	-3120.6	-3822.4	-1.0000	-1.0000	-0.00004	-0.00035	0.020	0.002000	80000.000000	80000.000000	0.0000	0.0000	0.0000	0.0000
4.5100	2994.54	3658.00	10.0	-1.0	-3119.2	-3823.5	-1.0000	-1.0000	-0.00004	-0.00039	0.023	0.002000	80000.000000	80000.000000	0.0000	0.0000	0.0000	0.0000
4.5120	2993.47	3659.39	10.0	-1.0	-3117.8	-3824.6	-1.0000	-1.0000	-0.00004	-0.00039	0.023	0.002000	80000.000000	80000.000000	0.0000	0.0000	0.0000	0.0000
4.5140	2992.40	3660.77	10.0	-1.0	-3116.4	-3825.8	-1.0000	-1.0000	-0.00004	-0.00039	0.023	0.002000	80000.000000	80000.000000	0.0000	0.0000	0.0000	0.0000
4.5160	2991.32	3662.16	10.0	-1.0	-3115.0	-3826.9	-1.0000	-1.0000	-0.00004	-0.00039	0.023	0.002000	80000.000000	80000.000000	0.0000	0.0000	0.0000	0.0000
4.5180	2990.25	3663.54	10.0	-1.0	-3113.7	-3828.0	-1.0000	-1.0000	-0.00004	-0.00039	0.023	0.002000	80000.000000	80000.000000	0.0000	0.0000	0.0000	0.0000
4.5200	2989.18	3664.92	10.0	-1.0	-3112.3	-3829.1	-1.0000	-1.0000	-0.00004	-0.00039	0.023	0.002000	80000.000000	80000.000000	0.0000	0.0000	0.0000	0.0000
4.5220	2988.10	3666.30	10.0	-1.0	-3110.9	-3830.2	-1.0000	-1.0000	-0.00004	-0.00039	0.023	0.002000	80000.000000	80000.000000	0.0000	0.0000	0.0000	0.0000
4.5240	2987.02	3667.68	10.0	-1.0	-3109.5	-3831.3	-1.0000	-1.0000	-0.00004	-0.00039	0.023	0.002000	80000.000000	80000.000000	0.0000	0.0000	0.0000	0.0000
4.5260	2985.94	3669.06	10.0	-1.0	-3108.1	-3832.4	-1.0000	-1.0000	-0.00004	-0.00039	0.023	0.002000	80000.000000	80000.000000	0.0000	0.0000	0.0000	0.0000
4.5280	2984.86	3670.43	10.0	-1.0	-3106.7	-3833.5	-1.0000	-1.0000	-0.00004	-0.00039	0.023	0.002000	80000.000000	80000.000000	0.0000	0.0000	0.0000	0.0000
4.5300	2983.78	3671.81	10.0	-1.0	-3105.3	-3834.6	-1.0000	-1.0000	-0.00004	-0.00039	0.023	0.002000	80000.000000	80000.000000	0.0000	0.0000	0.0000	0.0000
4.5320	2982.70	3673.18	10.0	-1.0	-3103.9	-3835.7	-1.0000	-1.0000	-0.00004	-0.00039	0.023	0.002000	80000.000000	80000.000000	0.0000	0.0000	0.0000	0.0000
4.5340	2981.62	3674.56	10.0	-1.0	-3102.5	-3836.8	-1.0000	-1.0000	-0.00004	-0.00039	0.023	0.002000	80000.000000	80000.000000	0.0000	0.0000	0.0000	0.0000
4.5360	2980.53	3675.93	10.0	-1.0	-3101.1	-3837.9	-1.0000	-1.0000	-0.00004	-0.00039	0.023	0.002000	80000.000000	80000.000000	0.0000	0.0000	0.0000	0.0000
4.5380	2979.45	3677.30	10.0	-1.0	-3099.7	-3839.0	-1.0000	-1.0000	-0.00004	-0.00039	0.023	0.002000	80000.000000	80000.000000	0.0000	0.0000	0.0000	0.0000
4.5400	2978.36	3678.68	10.0	-1.0	-3098.3	-3840.1	-1.0000	-1.0000	-0.00004	-0.00039	0.023	0.002000	80000.000000	80000.000000	0.0000	0.0000	0.0000	0.0000
4.5420	2977.27	3680.05	10.0	-1.0	-3096.9	-3841.2	-1.0000	-1.0000	-0.00004	-0.00039	0.023	0.002000	80000.000000	80000.000000	0.0000	0.0000	0.0000	0.0000
4.5440	2976.18	3681.42	10.0	-1.0	-3095.5	-3842.3	-1.0000	-1.0000	-0.00004	-0.00039	0.023	0.002000	80000.000000	80000.000000	0.0000	0.0000	0.0000	0.0000
4.5460	2975.09	3682.78	10.0	-1.0	-3094.1	-3843.4	-1.0000	-1.0000	-0.00004	-0.00039	0.023	0.002000	80000.000000	80000.000000	0.0000	0.0000	0.0000	0.0000
4.5480	2974.00	3684.15	10.0	-1.0	-3092.7	-3844.5	-1.0000	-1.0000	-0.00004	-0.00039	0.023	0.002000	80000.000000	80000.000000	0.0000	0.0000	0.0000	0.0000
4.5500	2972.91	3685.52	10.0	-1.0	-3091.3	-3845.6	-1.0000	-1.0000	-0.00004	-0.00039	0.023	0.002000	80000.000000	80000.000000	0.0000	0.0000	0.0000	0.0000
4.5520	2971.82	3686.88	10.0	-1.0	-3089.9	-3846.7	-1.0000	-1.0000	-0.00004	-0.00039	0.023	0.002000	80000.000000	80000.000000	0.0000	0.0000	0.0000	0.0000
4.5540	2970.72	3688.25	10.0	-1.0	-3088.5	-3847.8	-1.0000	-1.0000	-0.00004	-0.00039	0.023	0.002000	80000.000000	80000.000000	0.0000	0.0000	0.0000	0.0000
4.5560	2969.62	3689.61	10.0	-1.0	-3087.1	-3848.9	-1.0000	-1.0000	-0.00004	-0.00039	0.023	0.002000	80000.000000	80000.000000	0.0000	0.0000	0.0000	0.0000
4.5580	2968.53	3690.98	10.0	-1.0	-3085.7	-3850.0	-1.0000	-1.0000	-0.00004	-0.00039	0.023	0.002000	80000.000000	80000.000000	0.0000	0.0000	0.0000	0.0000
4.5600	2967.43	3692.34	10.0	-1.0	-3084.3	-3851.1	-1.0000	-1.0000	-0.00004	-0.00039	0.023	0.002000	80000.000000	80000.000000	0.0000	0.0000	0.0000	0.0000
4.5620	2966.33	3693.70	10.0	-1.0	-3082.8	-3852.2	-1.0000	-1.0000	-0.00004	-0.00039	0.023	0.002000	80000.000000	80000.000000	0.0000	0.0000	0.0000	0.0000
4.5640	2965.23	3695.06	10.0	-1.0	-3081.4	-3853.3	-1.0000	-1.0000	-0.00004	-0.00039	0.023	0.002000	80000.000000	80000.000000	0.0000	0.0000	0.0000	0.0000
4.5660	2964.13	3696.42	10.0	-1.0	-3080.0	-3854.4	-1.0000	-1.0000	-0.00004	-0.00039	0.023	0.002000	80000.000000	80000.000000	0.0000	0.0000	0.0000	0.0000
4.5680	2963.03	3697.78	10.0	-1.0	-3078.6	-3855.5	-1.0000	-1.0000	-0.00004	-0.00039	0.023	0.002000	80000.000000	80000.000000	0.0000	0.0000	0.0000	0.0000
4.5700	2961.92	3699.13	10.0	-1.0	-3077.2	-3856.6	-1.0000	-1.0000	-0.00004	-0.00039	0.023	0.002000	80000.000000	80000.000000	0.0000	0.0000	0.0000	0.0000
4.5720	2960.82	3700.49	10.0	-1.0	-3075.8	-3857.7	-1.0000	-1.0000	-0.00004	-0.00039	0.023	0.002000	80000.000000	80000.000000	0.0000	0.0000	0.0000	0.0000
4.5740	2959.71	3701.85	10.0	-1.0	-3074.4	-3858.8	-1.0000	-1.0000	-0.00004	-0.00039	0.023	0.002000	80000.000000	80000.000000	0.0000	0.0000	0.0000	0.0000
4.5760	2958.60	3703.20	10.0	-1.0	-3073.0	-3859.9	-1.0000	-1.0000	-0.00004	-0.00039	0.023	0.002000	80000.000000	80000.000000	0.0000	0.0000	0.0000	0.0000
4.5780	2957.50	3704.55	10.0	-1.0	-3071.6	-3861.0	-1.0000	-1.0000	-0.00004	-0.00039	0.023	0.002000	80000.000000	80000.000000	0.0000	0.0000	0.0000	0.0000
4.5800	2956.39	3705.91	10.0	-1.0	-3070.2	-3862.1	-1.0000	-1.0000	-0.00004	-0.00039	0.023	0.002000	80000.000000	80000.000000	0.0000	0.0000	0.0000	0.0000
4.5820	2955.28	3707.26	10.0	-1.0	-3068.8	-3863.2	-1.0000	-1.0000	-0.00004	-0.00039	0.023	0.002000	80000.000000	80000.000000	0.0000	0.0000	0.0000	0.0000
4.5840	2954.16	3708.61	10.0	-1.0	-3067.4	-3864.3	-1.0000	-1.0000	-0.00004	-0.00039	0.023	0.002000	80000.000000	80000.000000	0.0000	0.0000	0.0000	0.0000
4.5860	2953.05	3709.96	10.0	-1.0	-3066.0	-3865.4	-1.0000	-1.0000	-0.00004	-0.00039	0.023	0.002000	80000.000000	80000.000000	0.0000	0.0000	0.0000	0.0000
4.5880	2951.94	3711.31	10.0	-1.0	-3064.5	-3866.5	-1.0000	-1.0000	-0.00004	-0.00039	0.023	0.002000	80000.000000	80000.000000	0.0000	0.0000	0.0000	0.0000
4.5900	2950.82	3712.65	10.0	-1.0	-3063.1	-3867.5	-1.0000	-1.0000	-0.00004	-0.00039	0.023	0.002000	80000.000000	80000.000000	0.0000	0.0000	0.0000	0.0000
4.5920	2949.71	3714.00	10.0	-1.0	-3061.7	-3868.6	-1.0000	-1.0000	-0.00004	-0.00039	0.023	0.002000	80000.000000	80000.000000	0.0000	0.0000	0.0000	0.0000
4.5940	2948.59	3715.35	10.0	-1.0	-3060.3	-3869.7	-1.0000	-1.0000	-0.00004	-0.00039	0.023	0.002000	80000.000000	80000.000000	0.0000	0.0000	0.0000	0.0000
4.5960	2947.47	3716.69	10.0	-1.0	-3058.9	-3870.8	-1.0000	-1.0000	-0.00004	-0.00039	0.023	0.002000	80000.000000	80000.000000	0.0000	0.0000	0.0000	0.0000
4.5980	2946.35	3718.04	10.0	-1.0	-3057.5	-3871.9	-1.0000	-1.0000	-0.00004	-0.00039	0.023	0.002000	80000.000000	80000.000000	0.0000	0.0000	0.0000	0.0000
4.6000	2945.23	3719.38	10.0	-1.0	-3056.1	-3873.0	-1.0000	-1.0000	-0.00004	-0.00039	0.023	0.002000	80000.000000	80000.000000	0.0000	0.0000	0.0000	0.0000
4.6020	2944.11	3720.72	10.0	-1.0	-3054.7	-3874.1	-1.0000	-1.0000	-0.00004	-0.00039	0.023	0.002000	80000.000000	80000.000000	0.0000	0.0000	0.0000	0.0000
4.6040	2942.99	3722.06	10.0	-1.0	-3053.2	-3875.1	-1.0000	-1.0000	-0.00004	-0.00039	0.023	0.002000	80000.000000	80000.000000	0.0000	0.0000	0.0000	0.0000
4.6060	2941.86	3723.40	10.0	-1.0	-3051.8	-3876.2	-1.0000	-1.0000	-0.00004	-0.00039	0.023	0.002000	80000.000000	80000.000000	0.0000	0.0000	0.0000	0.0000
4.6080	2940.74	3724.74	10.0	-1.0	-3050.4	-3877.3	-1.0000	-1.0000	-0.00004	-0.00039	0.023	0.002000	80000.000000	80000.000000	0.0000	0.0000	0.0000	0.0000
4.6100	2939.61	3726.08	10.0	-1.0	-3049.0	-3878.4	-1.0000	-1.0000	-0.00004	-0.00039	0.023	0.002000	80000.000000	80000.000000	0.0000	0.0000	0.0000	0.0000
4.6120	2938.48	3727.42	10.0	-1.0	-3047.6	-3879.5	-1.0000	-1.0000	-0.00004	-0.00039	0.023	0.002000	80000.000000	80000.000000	0.0000	0.0000	0.0000	0.0000
4.6140	2937.36	3728.75	10.0	-1.0	-3046.2	-3880.6	-1.0000	-1.0000	-0.00004	-0.00039	0.023	0.002000	80000.000000	80000.000000	0.0000	0.0000	0.0000	0.0000
4.6160	2936.23	3730.09	10.0	-1.0	-3044.7	-3881.7	-1.0000	-1.0000	-0.00004	-0.00039	0.023	0.002000	80000.000000	80000.000000	0.0000	0.0000	0.0000	0.0000
4.6180	2935.10	3731.42	10.0	-1.0	-3043.3	-3882.7	-1.0000	-1.0000	-0.00004	-0.00039	0.023	0.002000	80000.000000	80000.000000	0.0000	0.0000	0.0000	0.0000
4.6200	2933.96	3732.76	10.0	-1.0	-3041.9	-3883.8	-1.0000	-1.0000	-0.00004	-0.00039	0.023	0.002000	80000.000000	80000.000000	0.0000	0.0000	0.0000	0.0000
4.6220	2932.83	3734.09	10.0	-1.0	-3040.5	-3884.9	-1.0000	-1.0000	-0.00004	-0.00039	0.023	0.002000	80000.000000	80000.000000	0.0000	0.0000	0.0000	0.0000
4.6240	2931.70	3735.42	10.0	-1.0	-3039.1	-3886.0	-1.0000	-1.0000	-0.00004	-0.00039	0.023	0.002000	80000.000000	80000.000000	0.0000	0.0000	0.0000	0.0000
4.6260	2930.56	3736.75	10.0	-1.0	-3037.7	-3887.1	-1.0000	-1.0000	-0.00004	-0.00039	0.023	0.002000	80000.000000	80000.000000	0.0000	0.0000	0.0000	0.0000
4.6280	2929.43	3738.08	10.0	-1.0	-3036.2	-3888.1	-1.0000	-1.0000	-0.00004	-0.00039	0.023	0.002000	80000.000000	80000.000000	0.0000	0.0000	0.0000	0.0000
4.6300	2928.29	3739.41	10.0	-1.0	-3034.8	-3889.2	-1.0000	-1.0000	-0.00004	-0.00039	0.023	0.002000	80000.000000	80000.000000	0.0000	0.0000	0.0000	0.0000
4.6320	2927.15	3740.74	10.0	-1.0	-3033.4	-3890.3	-1.0000	-1.0000	-0.00004	-0.00039	0.023	0.002000	80000.000000	80000.000000	0.0000	0.0000	0.0000	0.0000
4.6340	2926.01	3742.07	10.0	-1.0	-3032.0	-3891.4	-1.0000	-1.0000	-0.00004	-0.00039	0.023	0.002000	80000.000000	80000.000000	0.0000	0.0000	0.0000	0.0000
4.6360	2924.87	3743.39	10.0	-1.0	-3030.5	-3892.4	-1.0000	-1.0000	-0.00004	-0.00039	0.023	0.002000	80000.000000	80000.000000	0.0000	0.0000	0.0000	0.0000
4.6380	2923.73	3744.72	10.0	-1.0	-3029.1	-3893.5	-1.0000	-1.0000	-0.00004	-0.00039	0.023	0.002000	80000.000000	80000.000000	0.0000	0.0000	0.0000	0.0000
4.6400	2922.59	3746.04	10.0	-1.0	-3027.7	-3894.6	-1.0000	-1.0000	-0.00004	-0.00039	0.023	0.002000	80000.000000	80000.000000	0.0000	0.0000	0.0000	0.0000
4.6420	2921.45	3747.37	10.0	-1.0	-3026.3	-3895.7	-1.0000	-1.0000	-0.00004	-0.00039	0.023	0.002000	80000.000000	80000.000000	0.0000	0.0000	0.0000	0.0000
4.6440	2920.30	3748.69	10.0	-1.0	-3024.9	-3896.7	-1.0000	-1.0000	-0.00004	-0.00039	0.023	0.002000	80000.000000	80000.000000	0.0000	0.0000	0.0000	0.0000
4.6460	2919.16	3750.01	10.0	-1.0	-3023.4	-3897.8	-1.0000	-1.0000	-0.00004	-0.00039	0.023	0.002000	80000.000000	80000.000000	0.0000	0.0000	0.0000	0.0000
4.6480	2918.01	3751.33	10.0	-1.0	-3022.0	-3898.9	-1.0000	-1.0000	-0.00004	-0.00039	0.023	0.002000	80000.000000	80000.000000	0.0000	0.0000	0.0000	0.0000
4.6500	2916.86	3752.65	10.0	-1.0	-3020.6	-3900.0	-1.0000	-1.0000	-0.00004	-0.00039	0.023	0.002000	80000.000000	80000.000000	0.0000	0.0000	0.0000	0.0000
4.6520	2915.71	3753.97	10.0	-1.0	-3019.2	-3901.0	-1.0000	-1.0000	-0.00004	-0.00039	0.023	0.002000	80000.000000	80000.000000	0.0000	0.0000	0.0000	0.0000
4.6540	2914.56	3755.29	10.0	-1.0	-3017.7	-3902.1	-1.0000	-1.0000	-0.00004	-0.00039	0.023	0.002000	80000.000000	80000.000000	0.0000	0.0000	0.0000	0.0000
4.6560	2913.41	3756.60	10.0	-1.0	-3016.3	-3903.2	-1.0000	-1.0000	-0.00004	-0.00039	0.023	0.002000	80000.000000	80000.000000	0.0000	0.0000	0.0000	0.0000
4.6580	2912.26	3757.92	10.0	-1.0	-3014.9	-3904.2	-1.0000	-1.0000	-0.00004	-0.00039	0.023	0.002000	80000.000000	80000.000000	0.0000	0.0000	0.0000	0.0000
4.6600	2911.11	3759.23	10.0	-1.0	-3013.5	-3905.3	-1.0000	-1.0000	-0.00004	-0.00039	0.023	0.002000	80000.000000	80000.000000	0.0000	0.0000	0.0000	0.0000
4.6620	2909.96	3760.55	10.0	-1.0	-3012.0	-3906.4	-1.0000	-1.0000	-0.00004	-0.00039	0.023	0.002000	80000.000000	80000.000000	0.0000	0.0000	0.0000	0.0000
4.6640	2908.80	3761.86	10.0	-1.0	-3010.6	-3907.5	-1.0000	-1.0000	-0.00004	-0.00039	0.023	0.002000	80000.000000	80000.000000	0.0000	0.0000	0.0000	0.0000
4.6660	2907.64	3763.17	10.0	-1.0	-3009.2	-3908.5	-1.0000	-1.0000	-0.00004	-0.00039	0.023	0.002000	80000.000000	80000.000000	0.0000	0.0000	0.0000	0.0000
4.6680	2906.49	3764.48	10.0	-1.0	-3007.7	-3909.6	-1.0000	-1.0000	-0.00004	-0.00039	0.023	0.002000	80000.000000	80000.000000	0.0000	0.0000	0.0000	0.0000
4.6700	2905.33	3765.79	10.0	-1.0	-3006.3	-3910.7	-1.0000	-1.0000	-0.00004	-0.00039	0.023	0.002000	80000.000000	80000.000000	0.0000	0.0000	0.0000	0.0000
4.6720	2904.17	3767.10	10.0	-1.0	-3004.9	-3911.7	-1.0000	-1.0000	-0.00004	-0.00039	0.023	0.002000	80000.000000	80000.000000	0.0000	0.0000	0.0000	0.0000
4.6740	2903.01	3768.41	10.0	-1.0	-3003.5	-3912.8	-1.0000	-1.0000	-0.00004	-0.00039	0.023	0.002000	80000.000000	80000.000000	0.0000	0.0000	0.0000	0.0000
4.6760	2901.85	3769.72	10.0	-1.0	-3002.0	-3913.9	-1.0000	-1.0000	-0.00004	-0.00039	0.023	0.002000	80000.000000	80000.000000	0.0000	0.0000	0.0000	0.0000
4.6780	2900.69	3771.02	10.0	-1.0	-3000.6	-3914.9	-1.0000	-1.0000	-0.00004	-0.00039	0.023	0.002000	80000.000000	80000.000000	0.0000	0.0000	0.0000	0.0000
4.6800	2899.52	3772.33	10.0	-1.0	-2999.2	-3916.0	-1.0000	-1.0000	-0.00004	-0.00039	0.023	0.002000	80000.000000	80000.000000	0.0000	0.0000	0.0000	0.0000
4.6820	2898.36	3773.63	10.0	-1.0	-2997.7	-3917.0	-1.0000	-1.0000	-0.00004	-0.00039	0.023	0.002000	80000.000000	80000.000000	0.0000	0.0000	0.0000	0.0000
4.6840	2897.19	3774.94	10.0	-1.0	-2996.3	-3918.1	-1.0000	-1.0000	-0.00004	-0.00039	0.023	0.002000	80000.000000	80000.000000	0.0000	0.0000	0.0000	0.0000
4.6860	2896.03	3776.24	10.0	-1.0	-2994.9	-3919.2	-1.0000	-1.0000	-0.00004	-0.00039	0.023	0.002000	80000.000000	80000.000000	0.0000	0.0000	0.0000	0.0000
4.6880	2894.86	3777.54	10.0	-1.0	-2993.4	-3920.2	-1.0000	-1.0000	-0.00004	-0.00039	0.023	0.002000	80000.000000	80000.000000	0.0000	0.0000	0.0000	0.0000
4.6900	2893.69	3778.84	10.0	-1.0	-2992.0	-3921.3	-1.0000	-1.0000	-0.00004	-0.00039	0.023	0.002000	80000.000000	80000.000000	0.0000	0.0000	0.0000	0.0000
4.6920	2892.52	3780.14	10.0	-1.0	-2990.6	-3922.4	-1.0000	-1.0000	-0.00004	-0.00039	0.023	0.002000	80000.000000	80000.000000	0.0000	0.0000	0.0000	0.0000
4.6940	2891.35	3781.44	10.0	-1.0	-2989.1	-3923.4	-1.0000	-1.0000	-0.00004	-0.00039	0.023	0.002000	80000.000000	80000.000000	0.0000	0.0000	0.0000	0.0000
4.6960	2890.18	3782.74	10.0	-1.0	-2987.7	-3924.5	-1.0000	-1.0000	-0.00004	-0.00039	0.023	0.002000	80000.000000	80000.000000	0.0000	0.0000	0.0000	0.0000
4.6980	2889.01	3784.04	10.0	-1.0	-2986.3	-3925.5	-1.0000	-1.0000	-0.00004	-0.00039	0.023	0.002000	80000.000000	80000.000000	0.0000	0.0000	0.0000	0.0000
4.7000	2887.83	3785.33	10.0	-1.0	-2984.8	-3926.6	-1.0000	-1.0000	-0.00004	-0.00039	0.023	0.002000	80000.000000	80000.000000	0.0000	0.0000	0.0000	0.0000
4.7020	2886.66	3786.63	10.0	-1.0	-2983.4	-3927.6	-1.0000	-1.0000	-0.00004	-0.00039	0.023	0.002000	80000.000000	80000.000000	0.0000	0.0000	0.0000	0.0000
4.7040	2885.48	3787.92	10.0	-1.0	-2982.0	-3928.7	-1.0000	-1.0000	-0.00004	-0.00039	0.023	0.002000	80000.000000	80000.000000	0.0000	0.0000	0.0000	0.0000
4.7060	2884.31	3789.22	10.0	-1.0	-2980.5	-3929.8	-1.0000	-1.0000	-0.00004	-0.00039	0.023	0.002000	80000.000000	80000.000000	0.0000	0.0000	0.0000	0.0000
4.7080	2883.13	3790.51	10.0	-1.0	-2979.1	-3930.8	-1.0000	-1.0000	-0.00004	-0.00039	0.023	0.002000	80000.000000	80000.000000	0.0000	0.0000	0.0000	0.0000
4.7100	2881.95	3791.80	10.0	-1.0	-2977.6	-3931.9	-1.0000	-1.0000	-0.00004	-0.00039	0.023	0.002000	80000.000000	80000.000000	0.0000	0.0000	0.0000	0.0000
4.7120	2880.77	3793.09	10.0	-1.0	-2976.2	-3932.9	-1.0000	-1.0000	-0.00004	-0.00039	0.023	0.002000	80000.000000	80000.000000	0.0000	0.0000	0.0000	0.0000
4.7140	2879.59	3794.38	10.0	-1.0	-2974.8	-3934.0	-1.0000	-1.0000	-0.00004	-0.00039	0.023	0.002000	80000.000000	80000.000000	0.0000	0.0000	0.0000	0.0000
4.7160	2878.41	3795.67	10.0	-1.0	-2973.3	-3935.0	-1.0000	-1.0000	-0.00004	-0.00039	0.023	0.002000	80000.000000	80000.000000	0.0000	0.0000	0.0000	0.0000
4.7180	2877.22	3796.96	10.0	-1.0	-2971.9	-3936.1	-1.0000	-1.0000	-0.00004	-0.00039	0.023	0.002000	80000.000000	80000.000000	0.0000	0.0000	0.0000	0.0000
4.7200	2876.04	3798.25	10.0	-1.0	-2970.5	-3937.1	-1.0000	-1.0000	-0.00004	-0.00039	0.023	0.002000	80000.000000	80000.000000	0.0000	0.0000	0.0000	0.0000
4.7220	2874.85	3799.53	10.0	-1.0	-2969.0	-3938.2	-1.0000	-1.0000	-0.00004	-0.00039	0.023	0.002000	80000.000000	80000.000000	0.0000	0.0000	0.0000	0.0000
4.7240	2873.67	3800.82	10.0	-1.0	-2967.6	-3939.2	-1.0000	-1.0000	-0.00004	-0.00039	0.023	0.002000	80000.000000	80000.000000	0.0000	0.0000	0.0000	0.0000
4.7260	2872.48	3802.10	10.0	-1.0	-2966.1	-3940.3	-1.0000	-1.0000	-0.00004	-0.00039	0.023	0.002000	80000.000000	80000.000000	0.0000	0.0000	0.0000	0.0000
4.7280	2871.29	3803.38	10.0	-1.0	-2964.7	-3941.3	-1.0000	-1.0000	-0.00004	-0.00039	0.023	0.002000	80000.000000	80000.000000	0.0000	0.0000	0.0000	0.0000
4.7300	2870.10	3804.67	10.0	-1.0	-2963.2	-3942.4	-1.0000	-1.0000	-0.00004	-0.00039	0.023	0.002000	80000.000000	80000.000000	0.0000	0.0000	0.0000	0.0000
4.7320	2868.91	3805.95	10.0	-1.0	-2961.8	-3943.4	-1.0000	-1.0000	-0.00004	-0.00039	0.023	0.002000	80000.000000	80000.000000	0.0000	0.0000	0.0000	0.0000
4.7340	2867.72	3807.23	10.0	-1.0	-2960.4	-3944.5	-1.0000	-1.0000	-0.00004	-0.00039	0.023	0.002000	80000.000000	80000.000000	0.0000	0.0000	0.0000	0.0000
4.7360	2866.53	3808.51	10.0	-1.0	-2958.9	-3945.5	-1.0000	-1.0000	-0.00004	-0.00039	0.023	0.002000	80000.000000	80000.000000	0.0000	0.0000	0.0000	0.0000
4.7380	2865.34	3809.79	10.0	-1.0	-2957.5	-3946.6	-1.0000	-1.0000	-0.00004	-0.00039	0.023	0.002000	80000.000000	80000.000000	0.0000	0.0000	0.0000	0.0000
4.7400	2864.15	3811.06	10.0	-1.0	-2956.0	-3947.6	-1.0000	-1.0000	-0.00004	-0.00039	0.023	0.002000	80000.000000	80000.000000	0.0000	0.0000	0.0000	0.0000
4.7420	2862.95	3812.34	10.0	-1.0	-2954.6	-3948.7	-1.0000	-1.0000	-0.00004	-0.00039	0.023	0.002000	80000.000000	80000.000000	0.0000	0.0000	0.0000	0.0000
4.7440	2861.75	3813.62	10.0	-1.0	-2953.1	-3949.7	-1.0000	-1.0000	-0.00004	-0.00039	0.023	0.002000	80000.000000	80000.000000	0.0000	0.0000	0.0000	0.0000
4.7460	2860.56	3814.89	10.0	-1.0	-2951.7	-3950.8	-1.0000	-1.0000	-0.00004	-0.00039	0.023	0.002000	80000.000000	80000.000000	0.0000	0.0000	0.0000	0.0000
4.7480	2859.36	3816.16	10.0	-1.0	-2950.3	-3951.8	-1.0000	-1.0000	-0.00004	-0.00039	0.023	0.002000	80000.000000	80000.000000	0.0000	0.0000	0.0000	0.0000
4.7500	2858.16	3817.44	10.0	-1.0	-2948.8	-3952.9	-1.0000	-1.0000	-0.00004	-0.00039	0.023	0.002000	80000.000000	80000.000000	0.0000	0.0000	0.0000	0.0000
4.7520	2856.96	3818.71	10.0	-1.0	-2947.4	-3953.9	-1.0000	-1.0000	-0.00004	-0.00039	0.023	0.002000	80000.000000	80000.000000	0.0000	0.0000	0.0000	0.0000
4.7540	2855.76	3819.98	10.0	-1.0	-2945.9	-3954.9	-1.0000	-1.0000	-0.00004	-0.00039	0.023	0.002000	80000.000000	80000.000000	0.0000	0.0000	0.0000	0.0000
4.7560	2854.56	3821.25	10.0	-1.0	-2944.5	-3956.0	-1.0000	-1.0000	-0.00004	-0.00039	0.023	0.002000	80000.000000	80000.000000	0.0000	0.0000	0.0000	0.0000
4.7580	2853.36	3822.52	10.0	-1.0	-2943.0	-3957.0	-1.0000	-1.0000	-0.00004	-0.00039	0.023	0.002000	80000.000000	80000.000000	0.0000	0.0000	0.0000	0.0000
4.7600	2852.15	3823.79	10.0	-1.0	-2941.6	-3958.1	-1.0000	-1.0000	-0.00004	-0.00039	0.023	0.002000	80000.000000	80000.000000	0.0000	0.0000	0.0000	0.0000
4.7620	2850.95	3825.06	10.0	-1.0	-2940.1	-3959.1	-1.0000	-1.0000	-0.00004	-0.00039	0.023	0.002000	80000.000000	80000.000000	0.0000	0.0000	0.0000	0.0000
4.7640	2849.74	3826.32	10.0	-1.0	-2938.7	-3960.2	-1.0000	-1.0000	-0.00004	-0.00039	0.023	0.002000	80000.000000	80000.000000	0.0000	0.0000	0.0000	0.0000
4.7660	2848.53	3827.59	10.0	-1.0	-2937.2	-3961.2	-1.0000	-1.0000	-0.00004	-0.00039	0.023	0.002000	80000.000000	80000.000000	0.0000	0.0000	0.0000	0.0000
4.7680	2847.33	3828.85	10.0	-1.0	-2935.8	-3962.2	-1.0000	-1.0000	-0.00004	-0.00039	0.023	0.002000	80000.000000	80000.000000	0.0000	0.0000	0.0000	0.0000
4.7700	2846.12	3830.12	10.0	-1.0	-2934.3	-3963.3	-1.0000	-1.0000	-0.00004	-0.00039	0.023	0.002000	80000.000000	80000.000000	0.0000	0.0000	0.0000	0.0000
4.7720	2844.91	3831.38	10.0	-1.0	-2932.9	-3964.3	-1.0000	-1.0000	-0.00004	-0.00039	0.023	0.002000	80000.000000	80000.000000	0.0000	0.0000	0.0000	0.0000
4.7740	2843.70	3832.64	10.0	-1.0	-2931.4	-3965.3	-1.0000	-1.0000	-0.00004	-0.00039	0.023	0.002000	80000.000000	80000.000000	0.0000	0.0000	0.0000	0.0000
4.7760	2842.49	3833.90	10.0	-1.0	-2930.0	-3966.4	-1.0000	-1.0000	-0.00004	-0.00039	0.023	0.002000	80000.000000	80000.000000	0.0000	0.0000	0.0000	0.0000
4.7780	2841.27	3835.16	10.0	-1.0	-2928.5	-3967.4	-1.0000	-1.0000	-0.00004	-0.00039	0.023	0.002000	80000.000000	80000.000000	0.0000	0.0000	0.0000	0.0000
4.7800	2840.06	3836.42	10.0	-1.0	-2927.1	-3968.5	-1.0000	-1.0000	-0.00004	-0.00039	0.023	0.002000	80000.000000	80000.000000	0.0000	0.0000	0.0000	0.0000
4.7820	2838.85	3837.68	10.0	-1.0	-2925.6	-3969.5	-1.0000	-1.0000	-0.00004	-0.00039	0.023	0.002000	80000.000000	80000.000000	0.0000	0.0000	0.0000	0.0000
4.7840	2837.63	3838.94	10.0	-1.0	-2924.2	-3970.5	-1.0000	-1.0000	-0.00004	-0.00039	0.023	0.002000	80000.000000	80000.000000	0.0000	0.0000	0.0000	0.0000
4.7860	2836.41	3840.19	10.0	-1.0	-2922.7	-3971.6	-1.0000	-1.0000	-0.00004	-0.00039	0.023	0.002000	80000.000000	80000.000000	0.0000	0.0000	0.0000	0.0000
4.7880	2835.20	3841.45	10.0	-1.0	-2921.2	-3972.6	-1.0000	-1.0000	-0.00004	-0.00039	0.023	0.002000	80000.000000	80000.000000	0.0000	0.0000	0.0000	0.0000
4.7900	2833.98	3842.70	10.0	-1.0	-2919.8	-3973.6	-1.0000	-1.0000	-0.00004	-0.00039	0.023	0.002000	80000.000000	80000.000000	0.0000	0.0000	0.0000	0.0000
4.7920	2832.76	3843.96	10.0	-1.0	-2918.3	-3974.7	-1.0000	-1.0000	-0.00004	-0.00039	0.023	0.002000	80000.000000	80000.000000	0.0000	0.0000	0.0000	0.0000
4.7940	2831.54	3845.21	10.0	-1.0	-2916.9	-3975.7	-1.0000	-1.0000	-0.00004	-0.00039	0.023	0.002000	80000.000000	80000.000000	0.0000	0.0000	0.0000	0.0000
4.7960	2830.32	3846.46	10.0	-1.0	-2915.4	-3976.7	-1.0000	-1.0000	-0.00004	-0.00039	0.023	0.002000	80000.000000	80000.000000	0.0000	0.0000	0.0000	0.0000
4.7980	2829.09	3847.71	10.0	-1.0	-2914.0	-3977.7	-1.0000	-1.0000	-0.00004	-0.00039	0.023	0.002000	80000.000000	80000.000000	0.0000	0.0000	0.0000	0.0000
4.8000	2827.87	3848.96	10.0	-1.0	-2912.5	-3978.8	-1.0000	-1.0000	-0.00004	-0.00039	0.023	0.002000	80000.000000	80000.000000	0.0000	0.0000	0.0000	0.0000
4.8020	2826.65	3850.21	10.0	-1.0	-2911.1	-3979.8	-1.0000	-1.0000	-0.00004	-0.00039	0.023	0.002000	80000.000000	80000.000000	0.0000	0.0000	0.0000	0.0000
4.8040	2825.42	3851.46	10.0	-1.0	-2909.6	-3980.8	-1.0000	-1.0000	-0.00004	-0.00039	0.023	0.002000	80000.000000	80000.000000	0.0000	0.0000	0.0000	0.0000
4.8060	2824.20	3852.71	10.0	-1.0	-2908.1	-3981.9	-1.0000	-1.0000	-0.00004	-0.00039	0.023	0.002000	80000.000000	80000.000000	0.0000	0.0000	0.0000	0.0000
4.8080	2822.97	3853.95	10.0	-1.0	-2906.7	-3982.9	-1.0000	-1.0000	-0.00004	-0.00039	0.023	0.002000	80000.000000	80000.000000	0.0000	0.0000	0.0000	0.0000
4.8100	2821.74	3855.20	10.0	-1.0	-2905.2	-3983.9	-1.0000	-1.0000	-0.00004	-0.00039	0.023	0.002000	80000.000000	80000.000000	0.0000	0.0000	0.0000	0.0000
4.8120	2820.51	3856.44	10.0	-1.0	-2903.8	-3984.9	-1.0000	-1.0000	-0.00004	-0.00039	0.023	0.002000	80000.000000	80000.000000	0.0000	0.0000	0.0000	0.0000
4.8140	2819.28	3857.69	10.0	-1.0	-2902.3	-3986.0	-1.0000	-1.0000	-0.00004	-0.00039	0.023	0.002000	80000.000000	80000.000000	0.0000	0.0000	0.0000	0.0000
4.8160	2818.05	3858.93	10.0	-1.0	-2900.8	-3987.0	-1.0000	-1.0000	-0.00004	-0.00039	0.023	0.002000	80000.000000	80000.000000	0.0000	0.0000	0.0000	0.0000
4.8180	2816.82	3860.17	10.0	-1.0	-2899.4	-3988.0	-1.0000	-1.0000	-0.00004	-0.00039	0.023	0.002000	80000.000000	80000.000000	0.0000	0.0000	0.0000	0.0000
4.8200	2815.59	3861.41	10.0	-1.0	-2897.9	-3989.0	-1.0000	-1.0000	-0.00004	-0.00039	0.023	0.002000	80000.000000	80000.000000	0.0000	0.0000	0.0000	0.0000
4.8220	2814.35	3862.65	10.0	-1.0	-2896.5	-3990.1	-1.0000	-1.0000	-0.00004	-0.00039	0.023	0.002000	80000.000000	80000.000000	0.0000	0.0000	0.0000	0.0000
4.8240	2813.12	3863.89	10.0	-1.0	-2895.0	-3991.1	-1.0000	-1.0000	-0.00004	-0.00039	0.023	0.002000	80000.000000	80000.000000	0.0000	0.0000	0.0000	0.0000
4.8260	2811.88	3865.13	10.0	-1.0	-2893.5	-3992.1	-1.0000	-1.0000	-0.00004	-0.00039	0.023	0.002000	80000.000000	80000.000000	0.0000	0.0000	0.0000	0.0000
4.8280	2810.65	3866.37	10.0	-1.0	-2892.1	-3993.1	-1.0000	-1.0000	-0.00004	-0.00039	0.023	0.002000	80000.000000	80000.000000	0.0000	0.0000	0.0000	0.0000
4.8300	2809.41	3867.60	10.0	-1.0	-2890.6	-3994.2	-1.0000	-1.0000	-0.00004	-0.00039	0.023	0.002000	80000.000000	80000.000000	0.0000	0.0000	0.0000	0.0000
4.8320	2808.17	3868.84	10.0	-1.0	-2889.1	-3995.2	-1.0000	-1.0000	-0.00004	-0.00039	0.023	0.002000	80000.000000	80000.000000	0.0000	0.0000	0.0000	0.0000
4.8340	2806.93	3870.07	10.0	-1.0	-2887.7	-3996.2	-1.0000	-1.0000	-0.00004	-0.00039	0.023	0.002000	80000.000000	80000.000000	0.0000	0.0000	0.0000	0.0000
4.8360	2805.69	3871.31	10.0	-1.0	-2886.2	-3997.2	-1.0000	-1.0000	-0.00004	-0.00039	0.023	0.002000	80000.000000	80000.000000	0.0000	0.0000	0.0000	0.0000
4.8380	2804.45	3872.54	10.0	-1.0	-2884.8	-3998.2	-1.0000	-1.0000	-0.00004	-0.00039	0.023	0.002000	80000.000000	80000.000000	0.0000	0.0000	0.0000	0.0000
4.8400	2803.21	3873.77	10.0	-1.0	-2883.3	-3999.3	-1.0000	-1.0000	-0.00004	-0.00039	0.023	0.002000	80000.000000	80000.000000	0.0000	0.0000	0.0000	0.0000
4.8420	2801.97	3875.00	10.0	-1.0	-2881.8	-4000.3	-1.0000	-1.0000	-0.00004	-0.00039	0.023	0.002000	80000.000000	80000.000000	0.0000	0.0000	0.0000	0.0000
4.8440	2800.72	3876.23	10.0	-1.0	-2880.4	-4001.3	-1.0000	-1.0000	-0.00004	-0.00039	0.023	0.002000	80000.000000	80000.000000	0.0000	0.0000	0.0000	0.0000
4.8460	2799.48	3877.46	10.0	-1.0	-2878.9	-4002.3	-1.0000	-1.0000	-0.00004	-0.00039	0.023	0.002000	80000.000000	80000.000000	0.0000	0.0000	0.0000	0.0000
4.8480	2798.23	3878.69	10.0	-1.0	-2877.4	-4003.3	-1.0000	-1.0000	-0.00004	-0.00039	0.023	0.002000	80000.000000	80000.000000	0.0000	0.0000	0.0000	0.0000
4.8500	2796.98	3879.92	10.0	-1.0	-2876.0	-4004.3	-1.0000	-1.0000	-0.00004	-0.00039	0.023	0.002000	80000.000000	80000.000000	0.0000	0.0000	0.0000	0.0000
4.8520	2795.74	3881.14	10.0	-1.0	-2874.5	-4005.3	-1.0000	-1.0000	-0.00004	-0.00039	0.023	0.002000	80000.000000	80000.000000	0.0000	0.0000	0.0000	0.0000
4.8540	2794.49	3882.37	10.0	-1.0	-2873.0	-4006.4	-1.0000	-1.0000	-0.00004	-0.00039	0.023	0.002000	80000.000000	80000.000000	0.0000	0.0000	0.0000	0.0000
4.8560	2793.24	3883.59	10.0	-1.0	-2871.6	-4007.4	-1.0000	-1.0000	-0.00004	-0.00039	0.023	0.002000	80000.000000	80000.000000	0.0000	0.0000	0.0000	0.0000
4.8580	2791.99	3884.82	10.0	-1.0	-2870.1	-4008.4	-1.0000	-1.0000	-0.00004	-0.00039	0.023	0.002000	80000.000000	80000.000000	0.0000	0.0000	0.0000	0.0000
4.8600	2790.74	3886.04	10.0	-1.0	-2868.6	-4009.4	-1.0000	-1.0000	-0.00004	-0.00039	0.023	0.002000	80000.000000	80000.000000	0.0000	0.0000	0.0000	0.0000
4.8620	2789.48	3887.26	10.0	-1.0	-2867.1	-4010.4	-1.0000	-1.0000	-0.00004	-0.00039	0.023	0.002000	80000.000000	80000.000000	0.0000	0.0000	0.0000	0.0000
4.8640	2788.23	3888.48	10.0	-1.0	-2865.7	-4011.4	-1.0000	-1.0000	-0.00004	-0.00039	0.023	0.002000	80000.000000	80000.000000	0.0000	0.0000	0.0000	0.0000
4.8660	2786.98	3889.70	10.0	-1.0	-2864.2	-4012.4	-1.0000	-1.0000	-0.00004	-0.00039	0.023	0.002000	80000.000000	80000.000000	0.0000	0.0000	0.0000	0.0000
4.8680	2785.72	3890.92	10.0	-1.0	-2862.7	-4013.4	-1.0000	-1.0000	-0.00004	-0.00039	0.023	0.002000	80000.000000	80000.000000	0.0000	0.0000	0.0000	0.0000
4.8700	2784.47	3892.14	10.0	-1.0	-2861.3	-4014.5	-1.0000	-1.0000	-0.00004	-0.00039	0.023	0.002000	80000.000000	80000.000000	0.0000	0.0000	0.0000	0.0000
4.8720	2783.21	3893.35	10.0	-1.0	-2859.8	-4015.5	-1.0000	-1.0000	-0.00004	-0.00039	0.023	0.002000	80000.000000	80000.000000	0.0000	0.0000	0.0000	0.0000
4.8740	2781.95	3894.57	10.0	-1.0	-2858.3	-4016.5	-1.0000	-1.0000	-0.00004	-0.00039	0.023	0.002000	80000.000000	80000.000000	0.0000	0.0000	0.0000	0.0000
4.8760	2780.69	3895.79	10.0	-1.0	-2856.8	-4017.5	-1.0000	-1.0000	-0.00004	-0.00039	0.023	0.002000	80000.000000	80000.000000	0.0000	0.0000	0.0000	0.0000
4.8780	2779.43	3897.00	10.0	-1.0	-2855.4	-4018.5	-1.0000	-1.0000	-0.00004	-0.00039	0.023	0.002000	80000.000000	80000.000000	0.0000	0.0000	0.0000	0.0000
4.8800	2778.17	3898.21	10.0	-1.0	-2853.9	-4019.5	-1.0000	-1.0000	-0.00004	-0.00039	0.023	0.002000	80000.000000	80000.000000	0.0000	0.0000	0.0000	0.0000
4.8820	2776.91	3899.43	10.0	-1.0	-2852.4	-4020.5	-1.0000	-1.0000	-0.00004	-0.00039	0.023	0.002000	80000.000000	80000.000000	0.0000	0.0000	0.0000	0.0000
4.8840	2775.65	3900.64	10.0	-1.0	-2850.9	-4021.5	-1.0000	-1.0000	-0.00004	-0.00039	0.023	0.002000	80000.000000	80000.000000	0.0000	0.0000	0.0000	0.0000
4.8860	2774.39	3901.85	10.0	-1.0	-2849.5	-4022.5	-1.0000	-1.0000	-0.00004	-0.00039	0.023	0.002000	80000.000000	80000.000000	0.0000	0.0000	0.0000	0.0000
4.8880	2773.12	3903.06	10.0	-1.0	-2848.0	-4023.5	-1.0000	-1.0000	-0.00004	-0.00039	0.023	0.002000	80000.000000	80000.000000	0.0000	0.0000	0.0000	0.0000
4.8900	2771.86	3904.27	10.0	-1.0	-2846.5	-4024.5	-1.0000	-1.0000	-0.00004	-0.00039	0.023	0.002000	80000.000000	80000.000000	0.0000	0.0000	0.0000	0.0000
4.8920	2770.59	3905.48	10.0	-1.0	-2845.0	-4025.5	-1.0000	-1.0000	-0.00004	-0.00039	0.023	0.002000	80000.000000	80000.000000	0.0000	0.0000	0.0000	0.0000
4.8940	2769.33	3906.68	10.0	-1.0	-2843.6	-4026.5	-1.0000	-1.0000	-0.00004	-0.00039	0.023	0.002000	80000.000000	80000.000000	0.0000	0.0000	0.0000	0.0000
4.8960	2768.06	3907.89	10.0	-1.0	-2842.1	-4027.5	-1.0000	-1.0000	-0.00004	-0.00039	0.023	0.002000	80000.000000	80000.000000	0.0000	0.0000	0.0000	0.0000
4.8980	2766.79	3909.09	10.0	-1.0	-2840.6	-4028.5	-1.0000	-1.0000	-0.00004	-0.00039	0.023	0.002000	80000.000000	80000.000000	0.0000	0.0000	0.0000	0.0000
4.9000	2765.52	3910.30	10.0	-1.0	-2839.1	-4029.5	-1.0000	-1.0000	-0.00004	-0.00039	0.023	0.002000	80000.000000	80000.000000	0.0000	0.0000	0.0000	0.0000
4.9020	2764.25	3911.50	10.0	-1.0	-2837.7	-4030.5	-1.0000	-1.0000	-0.00004	-0.00039	0.023	0.002000	80000.000000	80000.000000	0.0000	0.0000	0.0000	0.0000
4.9040	2762.98	3912.70	10.0	-1.0	-2836.2	-4031.5	-1.0000	-1.0000	-0.00004	-0.00039	0.023	0.002000	80000.000000	80000.000000	0.0000	0.0000	0.0000	0.0000
4.9060	2761.71	3913.91	10.0	-1.0	-2834.7	-4032.5	-1.0000	-1.0000	-0.00004	-0.00039	0.023	0.002000	80000.000000	80000.000000	0.0000	0.0000	0.0000	0.0000
4.9080	2760.44	3915.11	10.0	-1.0	-2833.2	-4033.5	-1.0000	-1.0000	-0.00004	-0.00039	0.023	0.002000	80000.000000	80000.000000	0.0000	0.0000	0.0000	0.0000
4.9100	2759.16	3916.31	10.0	-1.0	-2831.7	-4034.5	-1.0000	-1.0000	-0.00004	-0.00039	0.023	0.002000	80000.000000	80000.000000	0.0000	0.0000	0.0000	0.0000
4.9120	2757.89	3917.51	10.0	-1.0	-2830.3	-4035.5	-1.0000	-1.0000	-0.00004	-0.00039	0.023	0.002000	80000.000000	80000.000000	0.0000	0.0000	0.0000	0.0000
4.9140	2756.61	3918.70	10.0	-1.0	-2828.8	-4036.5	-1.0000	-1.0000	-0.00004	-0.00039	0.023	0.002000	80000.000000	80000.000000	0.0000	0.0000	0.0000	0.0000
4.9160	2755.33	3919.90	10.0	-1.0	-2827.3	-4037.5	-1.0000	-1.0000	-0.00004	-0.00039	0.023	0.002000	80000.000000	80000.000000	0.0000	0.0000	0.0000	0.0000
4.9180	2754.06	3921.10	10.0	-1.0	-2825.8	-4038.5	-1.0000	-1.0000	-0.00004	-0.00039	0.023	0.002000	80000.000000	80000.000000	0.0000	0.0000	0.0000	0.0000
4.9200	2752.78	3922.29	10.0	-1.0	-2824.3	-4039.5	-1.0000	-1.0000	-0.00004	-0.00039	0.023	0.002000	80000.000000	80000.000000	0.0000	0.0000	0.0000	0.0000
4.9220	2751.50	3923.49	10.0	-1.0	-2822.9	-4040.5	-1.0000	-1.0000	-0.00004	-0.00039	0.023	0.002000	80000.000000	80000.000000	0.0000	0.0000	0.0000	0.0000
4.9240	2750.22	3924.68	10.0	-1.0	-2821.4	-4041.5	-1.0000	-1.0000	-0.00004	-0.00039	0.023	0.002000	80000.000000	80000.000000	0.0000	0.0000	0.0000	0.0000
4.9260	2748.94	3925.87	10.0	-1.0	-2819.9	-4042.5	-1.0000	-1.0000	-0.00004	-0.00039	0.023	0.002000	80000.000000	80000.000000	0.0000	0.0000	0.0000	0.0000
4.9280	2747.66	3927.06	10.0	-1.0	-2818.4	-4043.5	-1.0000	-1.0000	-0.00004	-0.00039	0.023	0.002000	80000.000000	80000.000000	0.0000	0.0000	0.0000	0.0000
4.9300	2746.38	3928.26	10.0	-1.0	-2816.9	-4044.5	-1.0000	-1.0000	-0.00004	-0.00039	0.023	0.002000	80000.000000	80000.000000	0.0000	0.0000	0.0000	0.0000
4.9320	2745.09	3929.45	10.0	-1.0	-2815.4	-4045.5	-1.0000	-1.0000	-0.00004	-0.00039	0.023	0.002000	80000.000000	80000.000000	0.0000	0.0000	0.0000	0.0000
4.9340	2743.81	3930.63	10.0	-1.0	-2814.0	-4046.4	-1.0000	-1.0000	-0.00004	-0.00039	0.023	0.002000	80000.000000	80000.000000	0.0000	0.0000	0.0000	0.0000
4.9360	2742.52	3931.82	10.0	-1.0	-2812.5	-4047.4	-1.0000	-1.0000	-0.00004	-0.00039	0.023	0.002000	80000.000000	80000.000000	0.0000	0.0000	0.0000	0.0000
4.9380	2741.24	3933.01	10.0	-1.0	-2811.0	-4048.4	-1.0000	-1.0000	-0.00004	-0.00039	0.023	0.002000	80000.000000	80000.000000	0.0000	0.0000	0.0000	0.0000
4.9400	2739.95	3934.20	10.0	-1.0	-2809.5	-4049.4	-1.0000	-1.0000	-0.00004	-0.00039	0.023	0.002000	80000.000000	80000.000000	0.0000	0.0000	0.0000	0.0000
4.9420	2738.66	3935.38	10.0	-1.0	-2808.0	-4050.4	-1.0000	-1.0000	-0.00004	-0.00039	0.023	0.002000	80000.000000	80000.000000	0.0000	0.0000	0.0000	0.0000
4.9440	2737.37	3936.57	10.0	-1.0	-2806.5	-4051.4	-1.0000	-1.0000	-0.00004	-0.00039	0.023	0.002000	80000.000000	80000.000000	0.0000	0.0000	0.0000	0.0000
4.9460	2736.08	3937.75	10.0	-1.0	-2805.0	-4052.4	-1.0000	-1.0000	-0.00004	-0.00039	0.023	0.002000	80000.000000	80000.000000	0.0000	0.0000	0.0000	0.0000
4.9480	2734.79	3938.93	10.0	-1.0	-2803.5	-4053.4	-1.0000	-1.0000	-0.00004	-0.00039	0.023	0.002000	80000.000000	80000.000000	0.0000	0.0000	0.0000	0.0000
4.9500	2733.50	3940.11	10.0	-1.0	-2802.1	-4054.4	-1.0000	-1.0000	-0.00004	-0.00039	0.023	0.002000	80000.000000	80000.000000	0.0000	0.0000	0.0000	0.0000
4.9520	2732.21	3941.30	10.0	-1.0	-2800.6	-4055.3	-1.0000	-1.0000	-0.00004	-0.00039	0.023	0.002000	80000.000000	80000.000000	0.0000	0.0000	0.0000	0.0000
4.9540	2730.92	3942.48	10.0	-1.0	-2799.1	-4056.3	-1.0000	-1.0000	-0.00004	-0.00039	0.023	0.002000	80000.000000	80000.000000	0.0000	0.0000	0.0000	0.0000
4.9560	2729.62	3943.66	10.0	-1.0	-2797.6	-4057.3	-1.0000	-1.0000	-0.00004	-0.00039	0.023	0.002000	80000.000000	80000.000000	0.0000	0.0000	0.0000	0.0000
4.9580	2728.33	3944.83	10.0	-1.0	-2796.1	-4058.3	-1.0000	-1.0000	-0.00004	-0.00039	0.023	0.002000	80000.000000	80000.000000	0.0000	0.0000	0.0000	0.0000
4.9600	2727.03	3946.01	10.0	-1.0	-2794.6	-4059.3	-1.0000	-1.0000	-0.00004	-0.00039	0.023	0.002000	80000.000000	80000.000000	0.0000	0.0000	0.0000	0.0000
4.9620	2725.74	3947.19	10.0	-1.0	-2793.1	-4060.3	-1.0000	-1.0000	-0.00004	-0.00039	0.023	0.002000	80000.000000	80000.000000	0.0000	0.0000	0.0000	0.0000
4.9640	2724.44	3948.36	10.0	-1.0	-2791.6	-4061.2	-1.0000	-1.0000	-0.00004	-0.00039	0.023	0.002000	80000.000000	80000.000000	0.0000	0.0000	0.0000	0.0000
4.9660	2723.14	3949.54	10.0	-1.0	-2790.1	-4062.2	-1.0000	-1.0000	-0.00004	-0.00039	0.023	0.002000	80000.000000	80000.000000	0.0000	0.0000	0.0000	0.0000
4.9680	2721.84	3950.71	10.0	-1.0	-2788.7	-4063.2	-1.0000	-1.0000	-0.00004	-0.00039	0.023	0.002000	80000.000000	80000.000000	0.0000	0.0000	0.0000	0.0000
4.9700	2720.54	3951.88	10.0	-1.0	-2787.2	-4064.2	-1.0000	-1.0000	-0.00004	-0.00039	0.023	0.002000	80000.000000	80000.000000	0.0000	0.0000	0.0000	0.0000
4.9720	2719.24	3953.06	10.0	-1.0	-2785.7	-4065.2	-1.0000	-1.0000	-0.00004	-0.00039	0.023	0.002000	80000.000000	80000.000000	0.0000	0.0000	0.0000	0.0000
4.9740	2717.94	3954.23	10.0	-1.0	-2784.2	-4066.1	-1.0000	-1.0000	-0.00004	-0.00039	0.023	0.002000	80000.000000	80000.000000	0.0000	0.0000	0.0000	0.0000
4.9760	2716.64	3955.40	10.0	-1.0	-2782.7	-4067.1	-1.0000	-1.0000	-0.00004	-0.00039	0.023	0.002000	80000.000000	80000.000000	0.0000	0.0000	0.0000	0.0000
4.9780	2715.34	3956.57	10.0	-1.0	-2781.2	-4068.1	-1.0000	-1.0000	-0.00004	-0.00039	0.023	0.002000	80000.000000	80000.000000	0.0000	0.0000	0.0000	0.0000
4.9800	2714.03	3957.73	10.0	-1.0	-2779.7	-4069.1	-1.0000	-1.0000	-0.00004	-0.00039	0.023	0.002000	80000.000000	80000.000000	0.0000	0.0000	0.0000	0.0000
4.9820	2712.73	3958.90	10.0	-1.0	-2778.2	-4070.0	-1.0000	-1.0000	-0.00004	-0.00039	0.023	0.002000	80000.000000	80000.000000	0.0000	0.0000	0.0000	0.0000
4.9840	2711.42	3960.07	10.0	-1.0	-2776.7	-4071.0	-1.0000	-1.0000	-0.00004	-0.00039	0.023	0.002000	80000.000000	80000.000000	0.0000	0.0000	0.0000	0.0000
4.9860	2710.12	3961.23	10.0	-1.0	-2775.2	-4072.0	-1.0000	-1.0000	-0.00004	-0.00039	0.023	0.002000	80000.000000	80000.000000	0.0000	0.0000	0.0000	0.0000
4.9880	2708.81	3962.40	10.0	-1.0	-2773.7	-4073.0	-1.0000	-1.0000	-0.00004	-0.00039	0.023	0.002000	80000.000000	80000.000000	0.0000	0.0000	0.0000	0.0000
4.9900	2707.50	3963.56	10.0	-1.0	-2772.2	-4073.9	-1.0000	-1.0000	-0.00004	-0.00039	0.023	0.002000	80000.000000	80000.000000	0.0000	0.0000	0.0000	0.0000
4.9920	2706.19	3964.73	10.0	-1.0	-2770.7	-4074.9	-1.0000	-1.0000	-0.00004	-0.00039	0.023	0.002000	80000.000000	80000.000000	0.0000	0.0000	0.0000	0.0000
4.9940	2704.88	3965.89	10.0	-1.0	-2769.2	-4075.9	-1.0000	-1.0000	-0.00004	-0.00039	0.023	0.002000	80000.000000	80000.000000	0.0000	0.0000	0.0000	0.0000
4.9960	2703.57	3967.05	10.0	-1.0	-2767.7	-4076.9	-1.0000	-1.0000	-0.00004	-0.00039	0.023	0.002000	80000.000000	80000.000000	0.0000	0.0000	0.0000	0.0000
4.9980	2702.26	3968.21	10.0	-1.0	-2766.2	-4077.8	-1.0000	-1.0000	-0.00004	-0.00039	0.023	0.002000	80000.000000	80000.000000	0.0000	0.0000	0.0000	0.0000
5.0000	2700.95	3969.37	10.0	-1.0	-2764.7	-4078.8	-1.0000	-1.0000	-0.00004	-0.00039	0.023	0.002000	80000.000000	80000.000000	0.0000	0.0000	0.0000	0.0000
5.0020	2699.63	3970.53	10.0	-1.0	-2763.2	-4079.8	-1.0000	-1.0000	-0.00004	-0.00039	0.023	0.002000	80000.000000	80000.000000	0.0000	0.0000	0.0000	0.0000
5.0040	2698.32	3971.69	10.0	-1.0	-2761.7	-4080.7	-1.0000	-1.0000	-0.00004	-0.00039	0.023	0.002000	80000.000000	80000.000000	0.0000	0.0000	0.0000	0.0000
5.0060	2697.00	3972.84	10.0	-1.0	-2760.2	-4081.7	-1.0000	-1.0000	-0.00004	-0.00039	0.023	0.002000	80000.000000	80000.000000	0.0000	0.0000	0.0000	0.0000
5.0080	2695.69	3974.00	10.0	-1.0	-2758.7	-4082.7	-1.0000	-1.0000	-0.00004	-0.00039	0.023	0.002000	80000.000000	80000.000000	0.0000	0.0000	0.0000	0.0000
5.0100	2694.37	3975.15	10.0	-1.0	-2757.2	-4083.7	-1.0000	-1.0000	-0.00004	-0.00039	0.023	0.002000	80000.000000	80000.000000	0.0000	0.0000	0.0000	0.0000
5.0120	2692.08	3976.31	9.0	-1.0	-2755.7	-4084.6	-1.0000	-1.0000	-0.00004	-0.00035	0.020	0.002000	80000.000000	80000.000000	0.0000	0.0000	0.0000	0.0000
5.0140	2691.74	3977.46	10.0	-1.0	-2754.2	-4085.6	-1.0000	-1.0000	-0.00004	-0.00039	0.023	0.002000	80000.000000	80000.000000	0.0000	0.0000	0.0000	0.0000
5.0160	2690.42	3978.61	10.0	-1.0	-2752.7	-4086.6	-1.0000	-1.0000	-0.00004	-0.00039	0.023	0.002000	80000.000000	80000.000000	0.0000	0.0000	0.0000	0.0000
5.0180	2689.10	3979.76	10.0	-1.0	-2751.2	-4087.5	-1.0000	-1.0000	-0.00004	-0.00039	0.023	0.002000	80000.000000	80000.000000	0.0000	0.0000	0.0000	0.0000
5.0200	2687.78	3980.91	10.0	-1.0	-2749.7	-4088.5	-1.0000	-1.0000	-0.00004	-0.00039	0.023	0.002000	80000.000000	80000.000000	0.0000	0.0000	0.0000	0.0000
5.0220	2686.46	3982.06	10.0	-1.0	-2748.2	-4089.5	-1.0000	-1.0000	-0.00004	-0.00039	0.023	0.002000	80000.000000	80000.000000	0.0000	0.0000	0.0000	0.0000
5.0240	2685.13	3983.21	10.0	-1.0	-2746.7	-4090.4	-1.0000	-1.0000	-0.00004	-0.00039	0.023	0.002000	80000.000000	80000.000000	0.0000	0.0000	0.0000	0.0000
5.0260	2683.81	3984.36	10.0	-1.0	-2745.2	-4091.4	-1.0000	-1.0000	-0.00004	-0.00039	0.023	0.002000	80000.000000	80000.000000	0.0000	0.0000	0.0000	0.0000
5.0280	2682.49	3985.51	10.0	-1.0	-2743.7	-4092.3	-1.0000	-1.0000	-0.00004	-0.00039	0.023	0.002000	80000.000000	80000.000000	0.0000	0.0000	0.0000	0.0000
5.0300	2681.16	3986.65	10.0	-1.0	-2742.2	-4093.3	-1.0000	-1.0000	-0.00004	-0.00039	0.023	0.002000	80000.000000	80000.000000	0.0000	0.0000	0.0000	0.0000
5.0320	2679.84	3987.80	10.0	-1.0	-2740.7	-4094.3	-1.0000	-1.0000	-0.00004	-0.00039	0.023	0.002000	80000.000000	80000.000000	0.0000	0.0000	0.0000	0.0000
5.0340	2678.51	3988.94	10.0	-1.0	-2739.2	-4095.2	-1.0000	-1.0000	-0.00004	-0.00039	0.023	0.002000	80000.000000	80000.000000	0.0000	0.0000	0.0000	0.0000
5.0360	2677.18	3990.09	10.0	-1.0	-2737.7	-4096.2	-1.0000	-1.0000	-0.00004	-0.00039	0.023	0.002000	80000.000000	80000.000000	0.0000	0.0000	0.0000	0.0000
5.0380	2675.86	3991.23	10.0	-1.0	-2736.2	-4097.1	-1.0000	-1.0000	-0.00004	-0.00039	0.023	0.002000	80000.000000	80000.000000	0.0000	0.0000	0.0000	0.0000
5.0400	2674.53	3992.37	10.0	-1.0	-2734.7	-4098.1	-1.0000	-1.0000	-0.00004	-0.00039	0.023	0.002000	80000.000000	80000.000000	0.0000	0.0000	0.0000	0.0000
5.0420	2673.20	3993.51	10.0	-1.0	-2733.2	-4099.1	-1.0000	-1.0000	-0.00004	-0.00039	0.023	0.002000	80000.000000	80000.000000	0.0000	0.0000	0.0000	0.0000
5.0440	2671.87	3994.65	10.0	-1.0	-2731.7	-4100.0	-1.0000	-1.0000	-0.00004	-0.00039	0.023	0.002000	80000.000000	80000.000000	0.0000	0.0000	0.0000	0.0000
5.0460	2670.54	3995.79	10.0	-1.0	-2730.2	-4101.0	-1.0000	-1.0000	-0.00004	-0.00039	0.023	0.002000	80000.000000	80000.000000	0.0000	0.0000	0.0000	0.0000
5.0480	2669.21	3996.93	10.0	-1.0	-2728.7	-4101.9	-1.0000	-1.0000	-0.00004	-0.00039	0.023	0.002000	80000.000000	80000.000000	0.0000	0.0000	0.0000	0.0000
5.0500	2667.87	3998.07	10.0	-1.0	-2727.2	-4102.9	-1.0000	-1.0000	-0.00004	-0.00039	0.023	0.002000	80000.000000	80000.000000	0.0000	0.0000	0.0000	0.0000
5.0520	2666.54	3999.20	10.0	-1.0	-2725.6	-4103.8	-1.0000	-1.0000	-0.00004	-0.00039	0.023	0.002000	80000.000000	80000.000000	0.0000	0.0000	0.0000	0.0000
5.0540	2665.20	4000.34	10.0	-1.0	-2724.1	-4104.8	-1.0000	-1.0000	-0.00004	-0.00039	0.023	0.002000	80000.000000	80000.000000	0.0000	0.0000	0.0000	0.0000
5.0560	2663.87	4001.47	10.0	-1.0	-2722.6	-4105.8	-1.0000	-1.0000	-0.00004	-0.00039	0.023	0.002000	80000.000000	80000.000000	0.0000	0.0000	0.0000	0.0000
5.0580	2662.53	4002.61	10.0	-1.0	-2721.1	-4106.7	-1.0000	-1.0000	-0.00004	-0.00039	0.023	0.002000	80000.000000	80000.000000	0.0000	0.0000	0.0000	0.0000
5.0600	2661.20	4003.74	10.0	-1.0	-2719.6	-4107.7	-1.0000	-1.0000	-0.00004	-0.00039	0.023	0.002000	80000.000000	80000.000000	0.0000	0.0000	0.0000	0.0000
5.0620	2659.86	4004.87	10.0	-1.0	-2718.1	-4108.6	-1.0000	-1.0000	-0.00004	-0.00039	0.023	0.002000	80000.000000	80000.000000	0.0000	0.0000	0.0000	0.0000
5.0640	2658.52	4006.00	10.0	-1.0	-2716.6	-4109.6	-1.0000	-1.0000	-0.00004	-0.00039	0.023	0.002000	80000.000000	80000.000000	0.0000	0.0000	0.0000	0.0000
5.0660	2656.21	4007.13	9.0	-1.0	-2715.1	-4110.5	-1.0000	-1.0000	-0.00004	-0.00035	0.020	0.002000	80000.000000	80000.000000	0.0000	0.0000	0.0000	0.0000
5.0680	2655.84	4008.26	10.0	-1.0	-2713.6	-4111.5	-1.0000	-1.0000	-0.00004	-0.00039	0.023	0.002000	80000.000000	80000.000000	0.0000	0.0000	0.0000	0.0000
5.0700	2654.50	4009.39	10.0	-1.0	-2712.1	-4112.4	-1.0000	-1.0000	-0.00004	-0.00039	0.023	0.002000	80000.000000	80000.000000	0.0000	0.0000	0.0000	0.0000
5.0720	2653.16	4010.52	10.0	-1.0	-2710.5	-4113.4	-1.0000	-1.0000	-0.00004	-0.00039	0.023	0.002000	80000.000000	80000.000000	0.0000	0.0000	0.0000	0.0000
5.0740	2651.82	4011.64	10.0	-1.0	-2709.0	-4114.3	-1.0000	-1.0000	-0.00004	-0.00039	0.023	0.002000	80000.000000	80000.000000	0.0000	0.0000	0.0000	0.0000
5.0760	2650.47	4012.77	10.0	-1.0	-2707.5	-4115.3	-1.0000	-1.0000	-0.00004	-0.00039	0.023	0.002000	80000.000000	80000.000000	0.0000	0.0000	0.0000	0.0000
5.0780	2649.13	4013.89	10.0	-1.0	-2706.0	-4116.2	-1.0000	-1.0000	-0.00004	-0.00039	0.023	0.002000	80000.000000	80000.000000	0.0000	0.0000	0.0000	0.0000
5.0800	2647.79	4015.02	10.0	-1.0	-2704.5	-4117.2	-1.0000	-1.0000	-0.00004	-0.00039	0.023	0.002000	80000.000000	80000.000000	0.0000	0.0000	0.0000	0.0000
5.0820	2646.44	4016.14	10.0	-1.0	-2703.0	-4118.1	-1.0000	-1.0000	-0.00004	-0.00039	0.023	0.002000	80000.000000	80000.000000	0.0000	0.0000	0.0000	0.0000
5.0840	2645.09	4017.26	10.0	-1.0	-2701.5	-4119.1	-1.0000	-1.0000	-0.00004	-0.00039	0.023	0.002000	80000.000000	80000.000000	0.0000	0.0000	0.0000	0.0000
5.0860	2643.75	4018.38	10.0	-1.0	-2699.9	-4120.0	-1.0000	-1.0000	-0.00004	-0.00039	0.023	0.002000	80000.000000	80000.000000	0.0000	0.0000	0.0000	0.0000
5.0880	2642.40	4019.50	10.0	-1.0	-2698.4	-4120.9	-1.0000	-1.0000	-0.00004	-0.00039	0.023	0.002000	80000.000000	80000.000000	0.0000	0.0000	0.0000	0.0000
5.0900	2641.05	4020.62	10.0	-1.0	-2696.9	-4121.9	-1.0000	-1.0000	-0.00004	-0.00039	0.023	0.002000	80000.000000	80000.000000	0.0000	0.0000	0.0000	0.0000
5.0920	2639.70	4021.74	10.0	-1.0	-2695.4	-4122.8	-1.0000	-1.0000	-0.00004	-0.00039	0.023	0.002000	80000.000000	80000.000000	0.0000	0.0000	0.0000	0.0000
5.0940	2638.35	4022.86	10.0	-1.0	-2693.9	-4123.8	-1.0000	-1.0000	-0.00004	-0.00039	0.023	0.002000	80000.000000	80000.000000	0.0000	0.0000	0.0000	0.0000
5.0960	2637.00	4023.98	10.0	-1.0	-2692.4	-4124.7	-1.0000	-1.0000	-0.00004	-0.00039	0.023	0.002000	80000.000000	80000.000000	0.0000	0.0000	0.0000	0.0000
5.0980	2635.65	4025.09	10.0	-1.0	-2690.8	-4125.7	-1.0000	-1.0000	-0.00004	-0.00039	0.023	0.002000	80000.000000	80000.000000	0.0000	0.0000	0.0000	0.0000
5.1000	2634.30	4026.21	10.0	-1.0	-2689.3	-4126.6	-1.0000	-1.0000	-0.00004	-0.00039	0.023	0.002000	80000.000000	80000.000000	0.0000	0.0000	0.0000	0.0000
5.1020	2632.94	4027.32	10.0	-1.0	-2687.8	-4127.5	-1.0000	-1.0000	-0.00004	-0.00039	0.023	0.002000	80000.000000	80000.000000	0.0000	0.0000	0.0000	0.0000
5.1040	2631.59	4028.43	10.0	-1.0	-2686.3	-4128.5	-1.0000	-1.0000	-0.00004	-0.00039	0.023	0.002000	80000.000000	80000.000000	0.0000	0.0000	0.0000	0.0000
5.1060	2630.24	4029.55	10.0	-1.0	-2684.8	-4129.4	-1.0000	-1.0000	-0.00004	-0.00039	0.023	0.002000	80000.000000	80000.000000	0.0000	0.0000	0.0000	0.0000
5.1080	2628.88	4030.66	10.0	-1.0	-2683.3	-4130.4	-1.0000	-1.0000	-0.00004	-0.00039	0.023	0.002000	80000.000000	80000.000000	0.0000	0.0000	0.0000	0.0000
5.1100	2627.52	4031.77	10.0	-1.0	-2681.7	-4131.3	-1.0000	-1.0000	-0.00004	-0.00039	0.023	0.002000	80000.000000	80000.000000	0.0000	0.0000	0.0000	0.0000
5.1120	2626.17	4032.88	10.0	-1.0	-2680.2	-4132.2	-1.0000	-1.0000	-0.00004	-0.00039	0.023	0.002000	80000.000000	80000.000000	0.0000	0.0000	0.0000	0.0000
5.1140	2624.81	4033.99	10.0	-1.0	-2678.7	-4133.2	-1.0000	-1.0000	-0.00004	-0.00039	0.023	0.002000	80000.000000	80000.000000	0.0000	0.0000	0.0000	0.0000
5.1160	2623.45	4035.09	10.0	-1.0	-2677.2	-4134.1	-1.0000	-1.0000	-0.00004	-0.00039	0.023	0.002000	80000.000000	80000.000000	0.0000	0.0000	0.0000	0.0000
5.1180	2622.09	4036.20	10.0	-1.0	-2675.7	-4135.0	-1.0000	-1.0000	-0.00004	-0.00039	0.023	0.002000	80000.000000	80000.000000	0.0000	0.0000	0.0000	0.0000
5.1200	2620.73	4037.31	10.0	-1.0	-2674.1	-4136.0	-1.0000	-1.0000	-0.00004	-0.00039	0.023	0.002000	80000.000000	80000.000000	0.0000	0.0000	0.0000	0.0000
5.1220	2619.37	4038.41	10.0	-1.0	-2672.6	-4136.9	-1.0000	-1.0000	-0.00004	-0.00039	0.023	0.002000	80000.000000	80000.000000	0.0000	0.0000	0.0000	0.0000
5.1240	2618.01	4039.52	10.0	-1.0	-2671.1	-4137.8	-1.0000	-1.0000	-0.00004	-0.00039	0.023	0.002000	80000.000000	80000.000000	0.0000	0.0000	0.0000	0.0000
5.1260	2616.65	4040.62	10.0	-1.0	-2669.6	-4138.8	-1.0000	-1.0000	-0.00004	-0.00039	0.023	0.002000	80000.000000	80000.000000	0.0000	0.0000	0.0000	0.0000
5.1280	2615.28	4041.72	10.0	-1.0	-2668.0	-4139.7	-1.0000	-1.0000	-0.00004	-0.00039	0.023	0.002000	80000.000000	80000.000000	0.0000	0.0000	0.0000	0.0000
5.1300	2613.92	4042.83	10.0	-1.0	-2666.5	-4140.6	-1.0000	-1.0000	-0.00004	-0.00039	0.023	0.002000	80000.000000	80000.000000	0.0000	0.0000	0.0000	0.0000
5.1320	2612.55	4043.93	10.0	-1.0	-2665.0	-4141.6	-1.0000	-1.0000	-0.00004	-0.00039	0.023	0.002000	80000.000000	80000.000000	0.0000	0.0000	0.0000	0.0000
5.1340	2611.19	4045.03	10.0	-1.0	-2663.5	-4142.5	-1.0000	-1.0000	-0.00004	-0.00039	0.023	0.002000	80000.000000	80000.000000	0.0000	0.0000	0.0000	0.0000
5.1360	2609.82	4046.13	10.0	-1.0	-2661.9	-4143.4	-1.0000	-1.0000	-0.00004	-0.00039	0.023	0.002000	80000.000000	80000.000000	0.0000	0.0000	0.0000	0.0000
5.1380	2608.46	4047.22	10.0	-1.0	-2660.4	-4144.4	-1.0000	-1.0000	-0.00004	-0.00039	0.023	0.002000	80000.000000	80000.000000	0.0000	0.0000	0.0000	0.0000
5.1400	2607.09	4048.32	10.0	-1.0	-2658.9	-4145.3	-1.0000	-1.0000	-0.00004	-0.00039	0.023	0.002000	80000.000000	80000.000000	0.0000	0.0000	0.0000	0.0000
5.1420	2605.72	4049.42	10.0	-1.0	-2657.4	-4146.2	-1.0000	-1.0000	-0.00004	-0.00039	0.023	0.002000	80000.000000	80000.000000	0.0000	0.0000	0.0000	0.0000
5.1440	2604.35	4050.51	10.0	-1.0	-2655.8	-4147.2	-1.0000	-1.0000	-0.00004	-0.00039	0.023	0.002000	80000.000000	80000.000000	0.0000	0.0000	0.0000	0.0000
5.1460	2602.98	4051.61	10.0	-1.0	-2654.3	-4148.1	-1.0000	-1.0000	-0.00004	-0.00039	0.023	0.002000	80000.000000	80000.000000	0.0000	0.0000	0.0000	0.0000
5.1480	2601.61	4052.70	10.0	-1.0	-2652.8	-4149.0	-1.0000	-1.0000	-0.00004	-0.00039	0.023	0.002000	80000.000000	80000.000000	0.0000	0.0000	0.0000	0.0000
5.1500	2600.24	4053.80	10.0	-1.0	-2651.3	-4149.9	-1.0000	-1.0000	-0.00004	-0.00039	0.023	0.002000	80000.000000	80000.000000	0.0000	0.0000	0.0000	0.0000
5.1520	2598.87	4054.89	10.0	-1.0	-2649.7	-4150.9	-1.0000	-1.0000	-0.00004	-0.00039	0.023	0.002000	80000.000000	80000.000000	0.0000	0.0000	0.0000	0.0000
5.1540	2597.49	4055.98	10.0	-1.0	-2648.2	-4151.8	-1.0000	-1.0000	-0.00004	-0.00039	0.023	0.002000	80000.000000	80000.000000	0.0000	0.0000	0.0000	0.0000
5.1560	2596.12	4057.07	10.0	-1.0	-2646.7	-4152.7	-1.0000	-1.0000	-0.00004	-0.00039	0.023	0.002000	80000.000000	80000.000000	0.0000	0.0000	0.0000	0.0000
5.1580	2594.75	4058.16	10.0	-1.0	-2645.2	-4153.6	-1.0000	-1.0000	-0.00004	-0.00039	0.023	0.002000	80000.000000	80000.000000	0.0000	0.0000	0.0000	0.0000
5.1600	2593.37	4059.25	10.0	-1.0	-2643.6	-4154.6	-1.0000	-1.0000	-0.00004	-0.00039	0.023	0.002000	80000.000000	80000.000000	0.0000	0.0000	0.0000	0.0000
5.1620	2592.00	4060.34	10.0	-1.0	-2642.1	-4155.5	-1.0000	-1.0000	-0.00004	-0.00039	0.023	0.002000	80000.000000	80000.000000	0.0000	0.0000	0.0000	0.0000
5.1640	2590.62	4061.42	10.0	-1.0	-2640.6	-4156.4	-1.0000	-1.0000	-0.00004	-0.00039	0.023	0.002000	80000.000000	80000.000000	0.0000	0.0000	0.0000	0.0000
5.1660	2589.24	4062.51	10.0	-1.0	-2639.0	-4157.3	-1.0000	-1.0000	-0.00004	-0.00039	0.023	0.002000	80000.000000	80000.000000	0.0000	0.0000	0.0000	0.0000
5.1680	2587.86	4063.59	10.0	-1.0	-2637.5	-4158.2	-1.0000	-1.0000	-0.00004	-0.00039	0.023	0.002000	80000.000000	80000.000000	0.0000	0.0000	0.0000	0.0000
5.1700	2586.48	4064.68	10.0	-1.0	-2636.0	-4159.2	-1.0000	-1.0000	-0.00004	-0.00039	0.023	0.002000	80000.000000	80000.000000	0.0000	0.0000	0.0000	0.0000
5.1720	2585.10	4065.76	10.0	-1.0	-2634.4	-4160.1	-1.0000	-1.0000	-0.00004	-0.00039	0.023	0.002000	80000.000000	80000.000000	0.0000	0.0000	0.0000	0.0000
5.1740	2583.72	4066.84	10.0	-1.0	-2632.9	-4161.0	-1.0000	-1.0000	-0.00004	-0.00039	0.023	0.002000	80000.000000	80000.000000	0.0000	0.0000	0.0000	0.0000
5.1760	2582.34	4067.93	10.0	-1.0	-2631.4	-4161.9	-1.0000	-1.0000	-0.00004	-0.00039	0.023	0.002000	80000.000000	80000.000000	0.0000	0.0000	0.0000	0.0000
5.1780	2580.96	4069.01	10.0	-1.0	-2629.8	-4162.8	-1.0000	-1.0000	-0.00004	-0.00039	0.023	0.002000	80000.000000	80000.000000	0.0000	0.0000	0.0000	0.0000
5.1800	2579.58	4070.09	10.0	-1.0	-2628.3	-4163.8	-1.0000	-1.0000	-0.00004	-0.00039	0.023	0.002000	80000.000000	80000.000000	0.0000	0.0000	0.0000	0.0000
5.1820	2578.20	4071.17	10.0	-1.0	-2626.8	-4164.7	-1.0000	-1.0000	-0.00004	-0.00039	0.023	0.002000	80000.000000	80000.000000	0.0000	0.0000	0.0000	0.0000
5.1840	2576.81	4072.24	10.0	-1.0	-2625.2	-4165.6	-1.0000	-1.0000	-0.00004	-0.00039	0.023	0.002000	80000.000000	80000.000000	0.0000	0.0000	0.0000	0.0000
5.1860	2575.43	4073.32	10.0	-1.0	-2623.7	-4166.5	-1.0000	-1.0000	-0.00004	-0.00039	0.023	0.002000	80000.000000	80000.000000	0.0000	0.0000	0.0000	0.0000
5.1880	2574.04	4074.40	10.0	-1.0	-2622.2	-4167.4	-1.0000	-1.0000	-0.00004	-0.00039	0.023	0.002000	80000.000000	80000.000000	0.0000	0.0000	0.0000	0.0000
5.1900	2572.66	4075.47	10.0	-1.0	-2620.6	-4168.3	-1.0000	-1.0000	-0.00004	-0.00039	0.023	0.002000	80000.000000	80000.000000	0.0000	0.0000	0.0000	0.0000
5.1920	2571.27	4076.55	10.0	-1.0	-2619.1	-4169.2	-1.0000	-1.0000	-0.00004	-0.00039	0.023	0.002000	80000.000000	80000.000000	0.0000	0.0000	0.0000	0.0000
5.1940	2569.88	4077.62	10.0	-1.0	-2617.6	-4170.2	-1.0000	-1.0000	-0.00004	-0.00039	0.023	0.002000	80000.000000	80000.000000	0.0000	0.0000	0.0000	0.0000
5.1960	2568.49	4078.69	10.0	-1.0	-2616.0	-4171.1	-1.0000	-1.0000	-0.00004	-0.00039	0.023	0.002000	80000.000000	80000.000000	0.0000	0.0000	0.0000	0.0000
5.1980	2567.10	4079.77	10.0	-1.0	-2614.5	-4172.0	-1.0000	-1.0000	-0.00004	-0.00039	0.023	0.002000	80000.000000	80000.000000	0.0000	0.0000	0.0000	0.0000
5.2000	2565.71	4080.84	10.0	-1.0	-2613.0	-4172.9	-1.0000	-1.0000	-0.00004	-0.00039	0.023	0.002000	80000.000000	80000.000000	0.0000	0.0000	0.0000	0.0000
5.2020	2564.32	4081.91	10.0	-1.0	-2611.4	-4173.8	-1.0000	-1.0000	-0.00004	-0.00039	0.023	0.002000	80000.000000	80000.000000	0.0000	0.0000	0.0000	0.0000
5.2040	2562.93	4082.98	10.0	-1.0	-2609.9	-4174.7	-1.0000	-1.0000	-0.00004	-0.00039	0.023	0.002000	80000.000000	80000.000000	0.0000	0.0000	0.0000	0.0000
5.2060	2561.54	4084.05	10.0	-1.0	-2608.3	-4175.6	-1.0000	-1.0000	-0.00004	-0.00039	0.023	0.002000	80000.000000	80000.000000	0.0000	0.0000	0.0000	0.0000
5.2080	2560.15	4085.11	10.0	-1.0	-2606.8	-4176.5	-1.0000	-1.0000	-0.00004	-0.00039	0.023	0.002000	80000.000000	80000.000000	0.0000	0.0000	0.0000	0.0000
5.2100	2558.75	4086.18	10.0	-1.0	-2605.3	-4177.4	-1.0000	-1.0000	-0.00004	-0.00039	0.023	0.002000	80000.000000	80000.000000	0.0000	0.0000	0.0000	0.0000
5.2120	2557.36	4087.25	10.0	-1.0	-2603.7	-4178.3	-1.0000	-1.0000	-0.00004	-0.00039	0.023	0.002000	80000.000000	80000.000000	0.0000	0.0000	0.0000	0.0000
5.2140	2555.97	4088.31	10.0	-1.0	-2602.2	-4179.2	-1.0000	-1.0000	-0.00004	-0.00039	0.023	0.002000	80000.000000	80000.000000	0.0000	0.0000	0.0000	0.0000
5.2160	2554.57	4089.38	10.0	-1.0	-2600.7	-4180.2	-1.0000	-1.0000	-0.00004	-0.00039	0.023	0.002000	80000.000000	80000.000000	0.0000	0.0000	0.0000	0.0000
5.2180	2553.17	4090.44	10.0	-1.0	-2599.1	-4181.1	-1.0000	-1.0000	-0.00004	-0.00039	0.023	0.002000	80000.000000	80000.000000	0.0000	0.0000	0.0000	0.0000
5.2200	2551.78	4091.50	10.0	-1.0	-2597.6	-4182.0	-1.0000	-1.0000	-0.00004	-0.00039	0.023	0.002000	80000.000000	80000.000000	0.0000	0.0000	0.0000	0.0000
5.2220	2550.38	4092.56	10.0	-1.0	-2596.0	-4182.9	-1.0000	-1.0000	-0.00004	-0.00039	0.023	0.002000	80000.000000	80000.000000	0.0000	0.0000	0.0000	0.0000
5.2240	2548.98	4093.62	10.0	-1.0	-2594.5	-4183.8	-1.0000	-1.0000	-0.00004	-0.00039	0.023	0.002000	80000.000000	80000.000000	0.0000	0.0000	0.0000	0.0000
5.2260	2547.58	4094.68	10.0	-1.0	-2592.9	-4184.7	-1.0000	-1.0000	-0.00004	-0.00039	0.023	0.002000	80000.000000	80000.000000	0.0000	0.0000	0.0000	0.0000
5.2280	2546.18	4095.74	10.0	-1.0	-2591.4	-4185.6	-1.0000	-1.0000	-0.00004	-0.00039	0.023	0.002000	80000.000000	80000.000000	0.0000	0.0000	0.0000	0.0000
5.2300	2544.78	4096.80	10.0	-1.0	-2589.9	-4186.5	-1.0000	-1.0000	-0.00004	-0.00039	0.023	0.002000	80000.000000	80000.000000	0.0000	0.0000	0.0000	0.0000
5.2320	2543.38	4097.86	10.0	-1.0	-2588.3	-4187.4	-1.0000	-1.0000	-0.00004	-0.00039	0.023	0.002000	80000.000000	80000.000000	0.0000	0.0000	0.0000	0.0000
5.2340	2541.98	4098.91	10.0	-1.0	-2586.8	-4188.3	-1.0000	-1.0000	-0.00004	-0.00039	0.023	0.002000	80000.000000	80000.000000	0.0000	0.0000	0.0000	0.0000
5.2360	2540.58	4099.97	10.0	-1.0	-2585.2	-4189.2	-1.0000	-1.0000	-0.00004	-0.00039	0.023	0.002000	80000.000000	80000.000000	0.0000	0.0000	0.0000	0.0000
5.2380	2539.17	4101.02	10.0	-1.0	-2583.7	-4190.1	-1.0000	-1.0000	-0.00004	-0.00039	0.023	0.002000	80000.000000	80000.000000	0.0000	0.0000	0.0000	0.0000
5.2400	2537.77	4102.08	10.0	-1.0	-2582.1	-4191.0	-1.0000	-1.0000	-0.00004	-0.00039	0.023	0.002000	80000.000000	80000.000000	0.0000	0.0000	0.0000	0.0000
5.2420	2536.36	4103.13	10.0	-1.0	-2580.6	-4191.9	-1.0000	-1.0000	-0.00004	-0.00039	0.023	0.002000	80000.000000	80000.000000	0.0000	0.0000	0.0000	0.0000
5.2440	2534.96	4104.18	10.0	-1.0	-2579.1	-4192.8	-1.0000	-1.0000	-0.00004	-0.00039	0.023	0.002000	80000.000000	80000.000000	0.0000	0.0000	0.0000	0.0000
5.2460	2533.55	4105.23	10.0	-1.0	-2577.5	-4193.7	-1.0000	-1.0000	-0.00004	-0.00039	0.023	0.002000	80000.000000	80000.000000	0.0000	0.0000	0.0000	0.0000
5.2480	2532.15	4106.28	10.0	-1.0	-2576.0	-4194.6	-1.0000	-1.0000	-0.00004	-0.00039	0.023	0.002000	80000.000000	80000.000000	0.0000	0.0000	0.0000	0.0000
5.2500	2530.74	4107.33	10.0	-1.0	-2574.4	-4195.5	-1.0000	-1.0000	-0.00004	-0.00039	0.023	0.002000	80000.000000	80000.000000	0.0000	0.0000	0.0000	0.0000
5.2520	2529.33	4108.38	10.0	-1.0	-2572.9	-4196.4	-1.0000	-1.0000	-0.00004	-0.00039	0.023	0.002000	80000.000000	80000.000000	0.0000	0.0000	0.0000	0.0000
5.2540	2527.92	4109.43	10.0	-1.0	-2571.3	-4197.2	-1.0000	-1.0000	-0.00004	-0.00039	0.023	0.002000	80000.000000	80000.000000	0.0000	0.0000	0.0000	0.0000
5.2560	2526.51	4110.48	10.0	-1.0	-2569.8	-4198.1	-1.0000	-1.0000	-0.00004	-0.00039	0.023	0.002000	80000.000000	80000.000000	0.0000	0.0000	0.0000	0.0000
5.2580	2525.10	4111.52	10.0	-1.0	-2568.2	-4199.0	-1.0000	-1.0000	-0.00004	-0.00039	0.023	0.002000	80000.000000	80000.000000	0.0000	0.0000	0.0000	0.0000
5.2600	2523.69	4112.57	10.0	-1.0	-2566.7	-4199.9	-1.0000	-1.0000	-0.00004	-0.00039	0.023	0.002000	80000.000000	80000.000000	0.0000	0.0000	0.0000	0.0000
5.2620	2522.28	4113.61	10.0	-1.0	-2565.1	-4200.8	-1.0000	-1.0000	-0.00004	-0.00039	0.023	0.002000	80000.000000	80000.000000	0.0000	0.0000	0.0000	0.0000
5.2640	2520.87	4114.66	10.0	-1.0	-2563.6	-4201.7	-1.0000	-1.0000	-0.00004	-0.00039	0.023	0.002000	80000.000000	80000.000000	0.0000	0.0000	0.0000	0.0000
5.2660	2519.45	4115.70	10.0	-1.0	-2562.0	-4202.6	-1.0000	-1.0000	-0.00004	-0.00039	0.023	0.002000	80000.000000	80000.000000	0.0000	0.0000	0.0000	0.0000
5.2680	2518.04	4116.74	10.0	-1.0	-2560.5	-4203.5	-1.0000	-1.0000	-0.00004	-0.00039	0.023	0.002000	80000.000000	80000.000000	0.0000	0.0000	0.0000	0.0000
5.2700	2516.63	4117.78	10.0	-1.0	-2558.9	-4204.4	-1.0000	-1.0000	-0.00004	-0.00039	0.023	0.002000	80000.000000	80000.000000	0.0000	0.0000	0.0000	0.0000
5.2720	2515.21	4118.82	10.0	-1.0	-2557.4	-4205.3	-1.0000	-1.0000	-0.00004	-0.00039	0.023	0.002000	80000.000000	80000.000000	0.0000	0.0000	0.0000	0.0000
5.2740	2513.79	4119.86	10.0	-1.0	-2555.8	-4206.2	-1.0000	-1.0000	-0.00004	-0.00039	0.023	0.002000	80000.000000	80000.000000	0.0000	0.0000	0.0000	0.0000
5.2760	2512.38	4120.90	10.0	-1.0	-2554.3	-4207.0	-1.0000	-1.0000	-0.00004	-0.00039	0.023	0.002000	80000.000000	80000.000000	0.0000	0.0000	0.0000	0.0000
5.2780	2510.96	4121.93	10.0	-1.0	-2552.7	-4207.9	-1.0000	-1.0000	-0.00004	-0.00039	0.023	0.002000	80000.000000	80000.000000	0.0000	0.0000	0.0000	0.0000
5.2800	2509.54	4122.97	10.0	-1.0	-2551.2	-4208.8	-1.0000	-1.0000	-0.00004	-0.00039	0.023	0.002000	80000.000000	80000.000000	0.0000	0.0000	0.0000	0.0000
5.2820	2508.12	4124.01	10.0	-1.0	-2549.6	-4209.7	-1.0000	-1.0000	-0.00004	-0.00039	0.023	0.002000	80000.000000	80000.000000	0.0000	0.0000	0.0000	0.0000
5.2840	2506.71	4125.04	10.0	-1.0	-2548.1	-4210.6	-1.0000	-1.0000	-0.00004	-0.00039	0.023	0.002000	80000.000000	80000.000000	0.0000	0.0000	0.0000	0.0000
5.2860	2505.29	4126.08	10.0	-1.0	-2546.5	-4211.5	-1.0000	-1.0000	-0.00004	-0.00039	0.023	0.002000	80000.000000	80000.000000	0.0000	0.0000	0.0000	0.0000
5.2880	2503.86	4127.11	10.0	-1.0	-2545.0	-4212.4	-1.0000	-1.0000	-0.00004	-0.00039	0.023	0.002000	80000.000000	80000.000000	0.0000	0.0000	0.0000	0.0000
5.2900	2502.44	4128.14	10.0	-1.0	-2543.4	-4213.2	-1.0000	-1.0000	-0.00004	-0.00039	0.023	0.002000	80000.000000	80000.000000	0.0000	0.0000	0.0000	0.0000
5.2920	2501.02	4129.17	10.0	-1.0	-2541.9	-4214.1	-1.0000	-1.0000	-0.00004	-0.00039	0.023	0.002000	80000.000000	80000.000000	0.0000	0.0000	0.0000	0.0000
5.2940	2499.60	4130.20	10.0	-1.0	-2540.3	-4215.0	-1.0000	-1.0000	-0.00004	-0.00039	0.023	0.002000	80000.000000	80000.000000	0.0000	0.0000	0.0000	0.0000
5.2960	2498.18	4131.23	10.0	-1.0	-2538.8	-4215.9	-1.0000	-1.0000	-0.00004	-0.00039	0.023	0.002000	80000.000000	80000.000000	0.0000	0.0000	0.0000	0.0000
5.2980	2496.75	4132.26	10.0	-1.0	-2537.2	-4216.8	-1.0000	-1.0000	-0.00004	-0.00039	0.023	0.002000	80000.000000	80000.000000	0.0000	0.0000	0.0000	0.0000
5.3000	2495.33	4133.29	10.0	-1.0	-2535.7	-4217.6	-1.0000	-1.0000	-0.00004	-0.00039	0.023	0.002000	80000.000000	80000.000000	0.0000	0.0000	0.0000	0.0000
5.3020	2493.90	4134.32	10.0	-1.0	-2534.1	-4218.5	-1.0000	-1.0000	-0.00004	-0.00039	0.023	0.002000	80000.000000	80000.000000	0.0000	0.0000	0.0000	0.0000
5.3040	2492.48	4135.34	10.0	-1.0	-2532.5	-4219.4	-1.0000	-1.0000	-0.00004	-0.00039	0.023	0.002000	80000.000000	80000.000000	0.0000	0.0000	0.0000	0.0000
5.3060	2491.05	4136.37	10.0	-1.0	-2531.0	-4220.3	-1.0000	-1.0000	-0.00004	-0.00039	0.023	0.002000	80000.000000	80000.000000	0.0000	0.0000	0.0000	0.0000
5.3080	2489.62	4137.39	10.0	-1.0	-2529.4	-4221.2	-1.0000	-1.0000	-0.00004	-0.00039	0.023	0.002000	80000.000000	80000.000000	0.0000	0.0000	0.0000	0.0000
5.3100	2488.19	4138.41	10.0	-1.0	-2527.9	-4222.0	-1.0000	-1.0000	-0.00004	-0.00039	0.023	0.002000	80000.000000	80000.000000	0.0000	0.0000	0.0000	0.0000
5.3120	2486.77	4139.44	10.0	-1.0	-2526.3	-4222.9	-1.0000	-1.0000	-0.00004	-0.00039	0.023	0.002000	80000.000000	80000.000000	0.0000	0.0000	0.0000	0.0000
5.3140	2485.34	4140.46	10.0	-1.0	-2524.8	-4223.8	-1.0000	-1.0000	-0.00004	-0.00039	0.023	0.002000	80000.000000	80000.000000	0.0000	0.0000	0.0000	0.0000
5.3160	2483.91	4141.48	10.0	-1.0	-2523.2	-4224.7	-1.0000	-1.0000	-0.00004	-0.00039	0.023	0.002000	80000.000000	80000.000000	0.0000	0.0000	0.0000	0.0000
5.3180	2482.48	4142.50	10.0	-1.0	-2521.6	-4225.5	-1.0000	-1.0000	-0.00004	-0.00039	0.023	0.002000	80000.000000	80000.000000	0.0000	0.0000	0.0000	0.0000
5.3200	2481.04	4143.52	10.0	-1.0	-2520.1	-4226.4	-1.0000	-1.0000	-0.00004	-0.00039	0.023	0.002000	80000.000000	80000.000000	0.0000	0.0000	0.0000	0.0000
5.3220	2479.61	4144.54	10.0	-1.0	-2518.5	-4227.3	-1.0000	-1.0000	-0.00004	-0.00039	0.023	0.002000	80000.000000	80000.000000	0.0000	0.0000	0.0000	0.0000
5.3240	2478.18	4145.56	10.0	-1.0	-2517.0	-4228.2	-1.0000	-1.0000	-0.00004	-0.00039	0.023	0.002000	80000.000000	80000.000000	0.0000	0.0000	0.0000	0.0000
5.3260	2476.75	4146.57	10.0	-1.0	-2515.4	-4229.0	-1.0000	-1.0000	-0.00004	-0.00039	0.023	0.002000	80000.000000	80000.000000	0.0000	0.0000	0.0000	0.0000
5.3280	2475.31	4147.59	10.0	-1.0	-2513.8	-4229.9	-1.0000	-1.0000	-0.00004	-0.00039	0.023	0.002000	80000.000000	80000.000000	0.0000	0.0000	0.0000	0.0000
5.3300	2473.88	4148.60	10.0	-1.0	-2512.3	-4230.8	-1.0000	-1.0000	-0.00004	-0.00039	0.023	0.002000	80000.000000	80000.000000	0.0000	0.0000	0.0000	0.0000
5.3320	2472.44	4149.62	10.0	-1.0	-2510.7	-4231.6	-1.0000	-1.0000	-0.00004	-0.00039	0.023	0.002000	80000.000000	80000.000000	0.0000	0.0000	0.0000	0.0000
5.3340	2471.01	4150.63	10.0	-1.0	-2509.2	-4232.5	-1.0000	-1.0000	-0.00004	-0.00039	0.023	0.002000	80000.000000	80000.000000	0.0000	0.0000	0.0000	0.0000
5.3360	2469.57	4151.64	10.0	-1.0	-2507.6	-4233.4	-1.0000	-1.0000	-0.00004	-0.00039	0.023	0.002000	80000.000000	80000.000000	0.0000	0.0000	0.0000	0.0000
5.3380	2468.13	4152.65	10.0	-1.0	-2506.0	-4234.2	-1.0000	-1.0000	-0.00004	-0.00039	0.023	0.002000	80000.000000	80000.000000	0.0000	0.0000	0.0000	0.0000
5.3400	2466.69	4153.66	10.0	-1.0	-2504.5	-4235.1	-1.0000	-1.0000	-0.00004	-0.00039	0.023	0.002000	80000.000000	80000.000000	0.0000	0.0000	0.0000	0.0000
5.3420	2465.26	4154.67	10.0	-1.0	-2502.9	-4236.0	-1.0000	-1.0000	-0.00004	-0.00039	0.023	0.002000	80000.000000	80000.000000	0.0000	0.0000	0.0000	0.0000
5.3440	2463.82	4155.68	10.0	-1.0	-2501.3	-4236.8	-1.0000	-1.0000	-0.00004	-0.00039	0.023	0.002000	80000.000000	80000.000000	0.0000	0.0000	0.0000	0.0000
5.3460	2462.38	4156.69	10.0	-1.0	-2499.8	-4237.7	-1.0000	-1.0000	-0.00004	-0.00039	0.023	0.002000	80000.000000	80000.000000	0.0000	0.0000	0.0000	0.0000
5.3480	2460.94	4157.70	10.0	-1.0	-2498.2	-4238.6	-1.0000	-1.0000	-0.00004	-0.00039	0.023	0.002000	80000.000000	80000.000000	0.0000	0.0000	0.0000	0.0000
5.3500	2458.51	4158.70	9.0	-1.0	-2496.7	-4239.4	-1.0000	-1.0000	-0.00004	-0.00035	0.020	0.002000	80000.000000	80000.000000	0.0000	0.0000	0.0000	0.0000
5.3520	2458.05	4159.71	10.0	-1.0	-2495.1	-4240.3	-1.0000	-1.0000	-0.00004	-0.00039	0.023	0.002000	80000.000000	80000.000000	0.0000	0.0000	0.0000	0.0000
5.3540	2456.61	4160.71	10.0	-1.0	-2493.5	-4241.2	-1.0000	-1.0000	-0.00004	-0.00039	0.023	0.002000	80000.000000	80000.000000	0.0000	0.0000	0.0000	0.0000
5.3560	2455.17	4161.72	10.0	-1.0	-2492.0	-4242.0	-1.0000	-1.0000	-0.00004	-0.00039	0.023	0.002000	80000.000000	80000.000000	0.0000	0.0000	0.0000	0.0000
5.3580	2453.72	4162.72	10.0	-1.0	-2490.4	-4242.9	-1.0000	-1.0000	-0.00004	-0.00039	0.023	0.002000	80000.000000	80000.000000	0.0000	0.0000	0.0000	0.0000
5.3600	2452.28	4163.72	10.0	-1.0	-2488.8	-4243.8	-1.0000	-1.0000	-0.00004	-0.00039	0.023	0.002000	80000.000000	80000.000000	0.0000	0.0000	0.0000	0.0000
5.3620	2449.85	4164.72	9.0	-1.0	-2487.3	-4244.6	-1.0000	-1.0000	-0.00004	-0.00035	0.020	0.002000	80000.000000	80000.000000	0.0000	0.0000	0.0000	0.0000
5.3640	2449.39	4165.72	10.0	-1.0	-2485.7	-4245.5	-1.0000	-1.0000	-0.00004	-0.00039	0.023	0.002000	80000.000000	80000.000000	0.0000	0.0000	0.0000	0.0000
5.3660	2447.94	4166.72	10.0	-1.0	-2484.1	-4246.3	-1.0000	-1.0000	-0.00004	-0.00039	0.023	0.002000	80000.000000	80000.000000	0.0000	0.0000	0.0000	0.0000
5.3680	2446.50	4167.72	10.0	-1.0	-2482.6	-4247.2	-1.0000	-1.0000	-0.00004	-0.00039	0.023	0.002000	80000.000000	80000.000000	0.0000	0.0000	0.0000	0.0000
5.3700	2445.05	4168.72	10.0	-1.0	-2481.0	-4248.1	-1.0000	-1.0000	-0.00004	-0.00039	0.023	0.002000	80000.000000	80000.000000	0.0000	0.0000	0.0000	0.0000
5.3720	2443.60	4169.72	10.0	-1.0	-2479.4	-4248.9	-1.0000	-1.0000	-0.00004	-0.00039	0.023	0.002000	80000.000000	80000.000000	0.0000	0.0000	0.0000	0.0000
5.3740	2442.15	4170.71	10.0	-1.0	-2477.9	-4249.8	-1.0000	-1.0000	-0.00004	-0.00039	0.023	0.002000	80000.000000	80000.000000	0.0000	0.0000	0.0000	0.0000
5.3760	2440.70	4171.71	10.0	-1.0	-2476.3	-4250.6	-1.0000	-1.0000	-0.00004	-0.00039	0.023	0.002000	80000.000000	80000.000000	0.0000	0.0000	0.0000	0.0000
5.3780	2439.25	4172.70	10.0	-1.0	-2474.7	-4251.5	-1.0000	-1.0000	-0.00004	-0.00039	0.023	0.002000	80000.000000	80000.000000	0.0000	0.0000	0.0000	0.0000
5.3800	2437.80	4173.70	10.0	-1.0	-2473.1	-4252.3	-1.0000	-1.0000	-0.00004	-0.00039	0.023	0.002000	80000.000000	80000.000000	0.0000	0.0000	0.0000	0.0000
5.3820	2436.35	4174.69	10.0	-1.0	-2471.6	-4253.2	-1.0000	-1.0000	-0.00004	-0.00039	0.023	0.002000	80000.000000	80000.000000	0.0000	0.0000	0.0000	0.0000
5.3840	2434.90	4175.68	10.0	-1.0	-2470.0	-4254.0	-1.0000	-1.0000	-0.00004	-0.00039	0.023	0.002000	80000.000000	80000.000000	0.0000	0.0000	0.0000	0.0000
5.3860	2433.44	4176.67	10.0	-1.0	-2468.4	-4254.9	-1.0000	-1.0000	-0.00004	-0.00039	0.023	0.002000	80000.000000	80000.000000	0.0000	0.0000	0.0000	0.0000
5.3880	2431.99	4177.66	10.0	-1.0	-2466.9	-4255.8	-1.0000	-1.0000	-0.00004	-0.00039	0.023	0.002000	80000.000000	80000.000000	0.0000	0.0000	0.0000	0.0000
5.3900	2430.54	4178.65	10.0	-1.0	-2465.3	-4256.6	-1.0000	-1.0000	-0.00004	-0.00039	0.023	0.002000	80000.000000	80000.000000	0.0000	0.0000	0.0000	0.0000
5.3920	2429.08	4179.64	10.0	-1.0	-2463.7	-4257.5	-1.0000	-1.0000	-0.00004	-0.00039	0.023	0.002000	80000.000000	80000.000000	0.0000	0.0000	0.0000	0.0000
5.3940	2427.63	4180.63	10.0	-1.0	-2462.2	-4258.3	-1.0000	-1.0000	-0.00004	-0.00039	0.023	0.002000	80000.000000	80000.000000	0.0000	0.0000	0.0000	0.0000
5.3960	2426.17	4181.61	10.0	-1.0	-2460.6	-4259.2	-1.0000	-1.0000	-0.00004	-0.00039	0.023	0.002000	80000.000000	80000.000000	0.0000	0.0000	0.0000	0.0000
5.3980	2424.71	4182.60	10.0	-1.0	-2459.0	-4260.0	-1.0000	-1.0000	-0.00004	-0.00039	0.023	0.002000	80000.000000	80000.000000	0.0000	0.0000	0.0000	0.0000
5.4000	2423.26	4183.58	10.0	-1.0	-2457.4	-4260.9	-1.0000	-1.0000	-0.00004	-0.00039	0.023	0.002000	80000.000000	80000.000000	0.0000	0.0000	0.0000	0.0000
5.4020	2421.80	4184.57	10.0	-1.0	-2455.9	-4261.7	-1.0000	-1.0000	-0.00004	-0.00039	0.023	0.002000	80000.000000	80000.000000	0.0000	0.0000	0.0000	0.0000
5.4040	2420.34	4185.55	10.0	-1.0	-2454.3	-4262.6	-1.0000	-1.0000	-0.00004	-0.00039	0.023	0.002000	80000.000000	80000.000000	0.0000	0.0000	0.0000	0.0000
5.4060	2418.88	4186.53	10.0	-1.0	-2452.7	-4263.4	-1.0000	-1.0000	-0.00004	-0.00039	0.023	0.002000	80000.000000	80000.000000	0.0000	0.0000	0.0000	0.0000
5.4080	2417.42	4187.52	10.0	-1.0	-2451.1	-4264.2	-1.0000	-1.0000	-0.00004	-0.00039	0.023	0.002000	80000.000000	80000.000000	0.0000	0.0000	0.0000	0.0000
5.4100	2415.96	4188.50	10.0	-1.0	-2449.6	-4265.1	-1.0000	-1.0000	-0.00004	-0.00039	0.023	0.002000	80000.000000	80000.000000	0.0000	0.0000	0.0000	0.0000
5.4120	2414.50	4189.48	10.0	-1.0	-2448.0	-4265.9	-1.0000	-1.0000	-0.00004	-0.00039	0.023	0.002000	80000.000000	80000.000000	0.0000	0.0000	0.0000	0.0000
5.4140	2413.04	4190.46	10.0	-1.0	-2446.4	-4266.8	-1.0000	-1.0000	-0.00004	-0.00039	0.023	0.002000	80000.000000	80000.000000	0.0000	0.0000	0.0000	0.0000
5.4160	2411.58	4191.43	10.0	-1.0	-2444.8	-4267.6	-1.0000	-1.0000	-0.00004	-0.00039	0.023	0.002000	80000.000000	80000.000000	0.0000	0.0000	0.0000	0.0000
5.4180	2410.11	4192.41	10.0	-1.0	-2443.3	-4268.5	-1.0000	-1.0000	-0.00004	-0.00039	0.023	0.002000	80000.000000	80000.000000	0.0000	0.0000	0.0000	0.0000
5.4200	2408.65	4193.39	10.0	-1.0	-2441.7	-4269.3	-1.0000	-1.0000	-0.00004	-0.00039	0.023	0.002000	80000.000000	80000.000000	0.0000	0.0000	0.0000	0.0000
5.4220	2407.19	4194.36	10.0	-1.0	-2440.1	-4270.2	-1.0000	-1.0000	-0.00004	-0.00039	0.023	0.002000	80000.000000	80000.000000	0.0000	0.0000	0.0000	0.0000
5.4240	2405.72	4195.34	10.0	-1.0	-2438.5	-4271.0	-1.0000	-1.0000	-0.00004	-0.00039	0.023	0.002000	80000.000000	80000.000000	0.0000	0.0000	0.0000	0.0000
5.4260	2404.26	4196.31	10.0	-1.0	-2437.0	-4271.8	-1.0000	-1.0000	-0.00004	-0.00039	0.023	0.002000	80000.000000	80000.000000	0.0000	0.0000	0.0000	0.0000
5.4280	2402.79	4197.28	10.0	-1.0	-2435.4	-4272.7	-1.0000	-1.0000	-0.00004	-0.00039	0.023	0.002000	80000.000000	80000.000000	0.0000	0.0000	0.0000	0.0000
5.4300	2401.32	4198.26	10.0	-1.0	-2433.8	-4273.5	-1.0000	-1.0000	-0.00004	-0.00039	0.023	0.002000	80000.000000	80000.000000	0.0000	0.0000	0.0000	0.0000
5.4320	2399.86	4199.23	10.0	-1.0	-2432.2	-4274.4	-1.0000	-1.0000	-0.00004	-0.00039	0.023	0.002000	80000.000000	80000.000000	0.0000	0.0000	0.0000	0.0000
5.4340	2398.39	4200.20	10.0	-1.0	-2430.6	-4275.2	-1.0000	-1.0000	-0.00004	-0.00039	0.023	0.002000	80000.000000	80000.000000	0.0000	0.0000	0.0000	0.0000
5.4360	2396.92	4201.17	10.0	-1.0	-2429.1	-4276.0	-1.0000	-1.0000	-0.00004	-0.00039	0.023	0.002000	80000.000000	80000.000000	0.0000	0.0000	0.0000	0.0000
5.4380	2395.45	4202.14	10.0	-1.0	-2427.5	-4276.9	-1.0000	-1.0000	-0.00004	-0.00039	0.023	0.002000	80000.000000	80000.000000	0.0000	0.0000	0.0000	0.0000
5.4400	2393.98	4203.11	10.0	-1.0	-2425.9	-4277.7	-1.0000	-1.0000	-0.00004	-0.00039	0.023	0.002000	80000.000000	80000.000000	0.0000	0.0000	0.0000	0.0000
5.4420	2392.51	4204.07	10.0	-1.0	-2424.3	-4278.5	-1.0000	-1.0000	-0.00004	-0.00039	0.023	0.002000	80000.000000	80000.000000	0.0000	0.0000	0.0000	0.0000
5.4440	2391.04	4205.04	10.0	-1.0	-2422.7	-4279.4	-1.0000	-1.0000	-0.00004	-0.00039	0.023	0.002000	80000.000000	80000.000000	0.0000	0.0000	0.0000	0.0000
5.4460	2389.57	4206.00	10.0	-1.0	-2421.2	-4280.2	-1.0000	-1.0000	-0.00004	-0.00039	0.023	0.002000	80000.000000	80000.000000	0.0000	0.0000	0.0000	0.0000
5.4480	2388.10	4206.97	10.0	-1.0	-2419.6	-4281.0	-1.0000	-1.0000	-0.00004	-0.00039	0.023	0.002000	80000.000000	80000.000000	0.0000	0.0000	0.0000	0.0000
5.4500	2386.63	4207.93	10.0	-1.0	-2418.0	-4281.9	-1.0000	-1.0000	-0.00004	-0.00039	0.023	0.002000	80000.000000	80000.000000	0.0000	0.0000	0.0000	0.0000
5.4520	2385.15	4208.90	10.0	-1.0	-2416.4	-4282.7	-1.0000	-1.0000	-0.00004	-0.00039	0.023	0.002000	80000.000000	80000.000000	0.0000	0.0000	0.0000	0.0000
5.4540	2383.68	4209.86	10.0	-1.0	-2414.8	-4283.5	-1.0000	-1.0000	-0.00004	-0.00039	0.023	0.002000	80000.000000	80000.000000	0.0000	0.0000	0.0000	0.0000
5.4560	2382.21	4210.82	10.0	-1.0	-2413.2	-4284.4	-1.0000	-1.0000	-0.00004	-0.00039	0.023	0.002000	80000.000000	80000.000000	0.0000	0.0000	0.0000	0.0000
5.4580	2380.73	4211.78	10.0	-1.0	-2411.7	-4285.2	-1.0000	-1.0000	-0.00004	-0.00039	0.023	0.002000	80000.000000	80000.000000	0.0000	0.0000	0.0000	0.0000
5.4600	2379.25	4212.74	10.0	-1.0	-2410.1	-4286.0	-1.0000	-1.0000	-0.00004	-0.00039	0.023	0.002000	80000.000000	80000.000000	0.0000	0.0000	0.0000	0.0000
5.4620	2377.78	4213.70	10.0	-1.0	-2408.5	-4286.9	-1.0000	-1.0000	-0.00004	-0.00039	0.023	0.002000	80000.000000	80000.000000	0.0000	0.0000	0.0000	0.0000
5.4640	2376.30	4214.65	10.0	-1.0	-2406.9	-4287.7	-1.0000	-1.0000	-0.00004	-0.00039	0.023	0.002000	80000.000000	80000.000000	0.0000	0.0000	0.0000	0.0000
5.4660	2374.82	4215.61	10.0	-1.0	-2405.3	-4288.5	-1.0000	-1.0000	-0.00004	-0.00039	0.023	0.002000	80000.000000	80000.000000	0.0000	0.0000	0.0000	0.0000
5.4680	2373.35	4216.57	10.0	-1.0	-2403.7	-4289.3	-1.0000	-1.0000	-0.00004	-0.00039	0.023	0.002000	80000.000000	80000.000000	0.0000	0.0000	0.0000	0.0000
5.4700	2371.87	4217.52	10.0	-1.0	-2402.2	-4290.2	-1.0000	-1.0000	-0.00004	-0.00039	0.023	0.002000	80000.000000	80000.000000	0.0000	0.0000	0.0000	0.0000
5.4720	2370.39	4218.48	10.0	-1.0	-2400.6	-4291.0	-1.0000	-1.0000	-0.00004	-0.00039	0.023	0.002000	80000.000000	80000.000000	0.0000	0.0000	0.0000	0.0000
5.4740	2368.91	4219.43	10.0	-1.0	-2399.0	-4291.8	-1.0000	-1.0000	-0.00004	-0.00039	0.023	0.002000	80000.000000	80000.000000	0.0000	0.0000	0.0000	0.0000
5.4760	2367.43	4220.38	10.0	-1.0	-2397.4	-4292.6	-1.0000	-1.0000	-0.00004	-0.00039	0.023	0.002000	80000.000000	80000.000000	0.0000	0.0000	0.0000	0.0000
5.4780	2365.95	4221.34	10.0	-1.0	-2395.8	-4293.5	-1.0000	-1.0000	-0.00004	-0.00039	0.023	0.002000	80000.000000	80000.000000	0.0000	0.0000	0.0000	0.0000
5.4800	2364.47	4222.29	10.0	-1.0	-2394.2	-4294.3	-1.0000	-1.0000	-0.00004	-0.00039	0.023	0.002000	80000.000000	80000.000000	0.0000	0.0000	0.0000	0.0000
5.4820	2362.00	4223.24	9.0	-1.0	-2392.6	-4295.1	-1.0000	-1.0000	-0.00004	-0.00035	0.020	0.002000	80000.000000	80000.000000	0.0000	0.0000	0.0000	0.0000
5.4840	2361.50	4224.19	10.0	-1.0	-2391.1	-4295.9	-1.0000	-1.0000	-0.00004	-0.00039	0.023	0.002000	80000.000000	80000.000000	0.0000	0.0000	0.0000	0.0000
5.4860	2359.03	4225.13	9.0	-1.0	-2389.5	-4296.8	-1.0000	-1.0000	-0.00004	-0.00035	0.020	0.002000	80000.000000	80000.000000	0.0000	0.0000	0.0000	0.0000
5.4880	2358.53	4226.08	10.0	-1.0	-2387.9	-4297.6	-1.0000	-1.0000	-0.00004	-0.00039	0.023	0.002000	80000.000000	80000.000000	0.0000	0.0000	0.0000	0.0000
5.4900	2357.05	4227.03	10.0	-1.0	-2386.3	-4298.4	-1.0000	-1.0000	-0.00004	-0.00039	0.023	0.002000	80000.000000	80000.000000	0.0000	0.0000	0.0000	0.0000
5.4920	2355.56	4227.97	10.0	-1.0	-2384.7	-4299.2	-1.0000	-1.0000	-0.00004	-0.00039	0.023	0.002000	80000.000000	80000.000000	0.0000	0.0000	0.0000	0.0000
5.4940	2354.08	4228.92	10.0	-1.0	-2383.1	-4300.0	-1.0000	-1.0000	-0.00004	-0.00039	0.023	0.002000	80000.000000	80000.000000	0.0000	0.0000	0.0000	0.0000
5.4960	2352.59	4229.86	10.0	-1.0	-2381.5	-4300.9	-1.0000	-1.0000	-0.00004	-0.00039	0.023	0.002000	80000.000000	80000.000000	0.0000	0.0000	0.0000	0.0000
5.4980	2351.10	4230.81	10.0	-1.0	-2379.9	-4301.7	-1.0000	-1.0000	-0.00004	-0.00039	0.023	0.002000	80000.000000	80000.000000	0.0000	0.0000	0.0000	0.0000
5.5000	2349.62	4231.75	10.0	-1.0	-2378.3	-4302.5	-1.0000	-1.0000	-0.00004	-0.00039	0.023	0.002000	80000.000000	80000.000000	0.0000	0.0000	0.0000	0.0000
5.5020	2348.13	4232.69	10.0	-1.0	-2376.8	-4303.3	-1.0000	-1.0000	-0.00004	-0.00039	0.023	0.002000	80000.000000	80000.000000	0.0000	0.0000	0.0000	0.0000
5.5040	2346.64	4233.63	10.0	-1.0	-2375.2	-4304.1	-1.0000	-1.0000	-0.00004	-0.00039	0.023	0.002000	80000.000000	80000.000000	0.0000	0.0000	0.0000	0.0000
5.5060	2345.15	4234.57	10.0	-1.0	-2373.6	-4304.9	-1.0000	-1.0000	-0.00004	-0.00039	0.023	0.002000	80000.000000	80000.000000	0.0000	0.0000	0.0000	0.0000
5.5080	2343.66	4235.51	10.0	-1.0	-2372.0	-4305.8	-1.0000	-1.0000	-0.00004	-0.00039	0.023	0.002000	80000.000000	80000.000000	0.0000	0.0000	0.0000	0.0000
5.5100	2342.17	4236.45	10.0	-1.0	-2370.4	-4306.6	-1.0000	-1.0000	-0.00004	-0.00039	0.023	0.002000	80000.000000	80000.000000	0.0000	0.0000	0.0000	0.0000
5.5120	2340.68	4237.39	10.0	-1.0	-2368.8	-4307.4	-1.0000	-1.0000	-0.00004	-0.00039	0.023	0.002000	80000.000000	80000.000000	0.0000	0.0000	0.0000	0.0000
5.5140	2339.19	4238.32	10.0	-1.0	-2367.2	-4308.2	-1.0000	-1.0000	-0.00004	-0.00039	0.023	0.002000	80000.000000	80000.000000	0.0000	0.0000	0.0000	0.0000
5.5160	2337.70	4239.26	10.0	-1.0	-2365.6	-4309.0	-1.0000	-1.0000	-0.00004	-0.00039	0.023	0.002000	80000.000000	80000.000000	0.0000	0.0000	0.0000	0.0000
5.5180	2336.20	4240.19	10.0	-1.0	-2364.0	-4309.8	-1.0000	-1.0000	-0.00004	-0.00039	0.023	0.002000	80000.000000	80000.000000	0.0000	0.0000	0.0000	0.0000
5.5200	2334.71	4241.13	10.0	-1.0	-2362.4	-4310.6	-1.0000	-1.0000	-0.00004	-0.00039	0.023	0.002000	80000.000000	80000.000000	0.0000	0.0000	0.0000	0.0000
5.5220	2333.22	4242.06	10.0	-1.0	-2360.8	-4311.4	-1.0000	-1.0000	-0.00004	-0.00039	0.023	0.002000	80000.000000	80000.000000	0.0000	0.0000	0.0000	0.0000
5.5240	2331.72	4243.98	10.0	0.0	-2359.2	-4312.3	-1.0000	-1.0000	0.00000	-0.00039	0.022	0.002000	80000.000000	80000.000000	0.0000	0.0000	0.0000	0.0000
5.5260	2330.23	4243.93	10.0	-1.0	-2357.6	-4313.1	-1.0000	-1.0000	-0.00004	-0.00039	0.023	0.002000	80000.000000	80000.000000	0.0000	0.0000	0.0000	0.0000
5.5280	2328.73	4244.86	10.0	-1.0	-2356.0	-4313.9	-1.0000	-1.0000	-0.00004	-0.00039	0.023	0.002000	80000.000000	80000.000000	0.0000	0.0000	0.0000	0.0000
5.5300	2327.23	4245.79	10.0	-1.0	-2354.4	-4314.7	-1.0000	-1.0000	-0.00004	-0.00039	0.023	0.002000	80000.000000	80000.000000	0.0000	0.0000	0.0000	0.0000
5.5320	2325.74	4246.72	10.0	-1.0	-2352.9	-4315.5	-1.0000	-1.0000	-0.00004	-0.00039	0.023	0.002000	80000.000000	80000.000000	0.0000	0.0000	0.0000	0.0000
5.5340	2324.24	4247.64	10.0	-1.0	-2351.3	-4316.3	-1.0000	-1.0000	-0.00004	-0.00039	0.023	0.002000	80000.000000	80000.000000	0.0000	0.0000	0.0000	0.0000
5.5360	2322.74	4248.57	10.0	-1.0	-2349.7	-4317.1	-1.0000	-1.0000	-0.00004	-0.00039	0.023	0.002000	80000.000000	80000.000000	0.0000	0.0000	0.0000	0.0000
5.5380	2321.24	4249.50	10.0	-1.0	-2348.1	-4317.9	-1.0000	-1.0000	-0.00004	-0.00039	0.023	0.002000	80000.000000	80000.000000	0.0000	0.0000	0.0000	0.0000
5.5400	2319.75	4250.42	10.0	-1.0	-2346.5	-4318.7	-1.0000	-1.0000	-0.00004	-0.00039	0.023	0.002000	80000.000000	80000.000000	0.0000	0.0000	0.0000	0.0000
5.5420	2318.25	4251.35	10.0	-1.0	-2344.9	-4319.5	-1.0000	-1.0000	-0.00004	-0.00039	0.023	0.002000	80000.000000	80000.000000	0.0000	0.0000	0.0000	0.0000
5.5440	2316.75	4252.27	10.0	-1.0	-2343.3	-4320.3	-1.0000	-1.0000	-0.00004	-0.00039	0.023	0.002000	80000.000000	80000.000000	0.0000	0.0000	0.0000	0.0000
5.5460	2315.24	4253.20	10.0	-1.0	-2341.7	-4321.1	-1.0000	-1.0000	-0.00004	-0.00039	0.023	0.002000	80000.000000	80000.000000	0.0000	0.0000	0.0000	0.0000
5.5480	2313.74	4254.12	10.0	-1.0	-2340.1	-4321.9	-1.0000	-1.0000	-0.00004	-0.00039	0.023	0.002000	80000.000000	80000.000000	0.0000	0.0000	0.0000	0.0000
5.5500	2312.24	4255.04	10.0	-1.0	-2338.5	-4322.7	-1.0000	-1.0000	-0.00004	-0.00039	0.023	0.002000	80000.000000	80000.000000	0.0000	0.0000	0.0000	0.0000
5.5520	2310.74	4255.96	10.0	-1.0	-2336.9	-4323.5	-1.0000	-1.0000	-0.00004	-0.00039	0.023	0.002000	80000.000000	80000.000000	0.0000	0.0000	0.0000	0.0000
5.5540	2309.24	4256.88	10.0	-1.0	-2335.3	-4324.3	-1.0000	-1.0000	-0.00004	-0.00039	0.023	0.002000	80000.000000	80000.000000	0.0000	0.0000	0.0000	0.0000
5.5560	2307.73	4257.80	10.0	-1.0	-2333.7	-4325.1	-1.0000	-1.0000	-0.00004	-0.00039	0.023	0.002000	80000.000000	80000.000000	0.0000	0.0000	0.0000	0.0000
5.5580	2306.23	4258.72	10.0	-1.0	-2332.1	-4325.9	-1.0000	-1.0000	-0.00004	-0.00039	0.023	0.002000	80000.000000	80000.000000	0.0000	0.0000	0.0000	0.0000
5.5600	2304.72	4259.63	10.0	-1.0	-2330.5	-4326.7	-1.0000	-1.0000	-0.00004	-0.00039	0.023	0.002000	80000.000000	80000.000000	0.0000	0.0000	0.0000	0.0000
5.5620	2303.22	4260.55	10.0	-1.0	-2328.9	-4327.5	-1.0000	-1.0000	-0.00004	-0.00039	0.023	0.002000	80000.000000	80000.000000	0.0000	0.0000	0.0000	0.0000
5.5640	2301.71	4261.47	10.0	-1.0	-2327.3	-4328.3	-1.0000	-1.0000	-0.00004	-0.00039	0.023	0.002000	80000.000000	80000.000000	0.0000	0.0000	0.0000	0.0000
5.5660	2300.21	4262.38	10.0	-1.0	-2325.7	-4329.1	-1.0000	-1.0000	-0.00004	-0.00039	0.023	0.002000	80000.000000	80000.000000	0.0000	0.0000	0.0000	0.0000
5.5680	2298.70	4263.30	10.0	-1.0	-2324.1	-4329.9	-1.0000	-1.0000	-0.00004	-0.00039	0.023	0.002000	80000.000000	80000.000000	0.0000	0.0000	0.0000	0.0000
5.5700	2297.19	4264.21	10.0	-1.0	-2322.5	-4330.7	-1.0000	-1.0000	-0.00004	-0.00039	0.023	0.002000	80000.000000	80000.000000	0.0000	0.0000	0.0000	0.0000
5.5720	2295.68	4265.12	10.0	-1.0	-2320.9	-4331.5	-1.0000	-1.0000	-0.00004	-0.00039	0.023	0.002000	80000.000000	80000.000000	0.0000	0.0000	0.0000	0.0000
5.5740	2294.17	4267.02	10.0	0.0	-2319.3	-4332.3	-1.0000	-1.0000	0.00000	-0.00039	0.022	0.002000	80000.000000	80000.000000	0.0000	0.0000	0.0000	0.0000
5.5760	2292.67	4266.94	10.0	-1.0	-2317.7	-4333.1	-1.0000	-1.0000	-0.00004	-0.00039	0.023	0.002000	80000.000000	80000.000000	0.0000	0.0000	0.0000	0.0000
5.5780	2291.16	4267.85	10.0	-1.0	-2316.1	-4333.9	-1.0000	-1.0000	-0.00004	-0.00039	0.023	0.002000	80000.000000	80000.000000	0.0000	0.0000	0.0000	0.0000
5.5800	2289.65	4268.76	10.0	-1.0	-2314.5	-4334.7	-1.0000	-1.0000	-0.00004	-0.00039	0.023	0.002000	80000.000000	80000.000000	0.0000	0.0000	0.0000	0.0000
5.5820	2288.13	4269.67	10.0	-1.0	-2312.9	-4335.5	-1.0000	-1.0000	-0.00004	-0.00039	0.023	0.002000	80000.000000	80000.000000	0.0000	0.0000	0.0000	0.0000
5.5840	2286.62	4270.58	10.0	-1.0	-2311.3	-4336.2	-1.0000	-1.0000	-0.00004	-0.00039	0.023	0.002000	80000.000000	80000.000000	0.0000	0.0000	0.0000	0.0000
5.5860	2285.11	4271.48	10.0	-1.0	-2309.6	-4337.0	-1.0000	-1.0000	-0.00004	-0.00039	0.023	0.002000	80000.000000	80000.000000	0.0000	0.0000	0.0000	0.0000
5.5880	2283.60	4272.39	10.0	-1.0	-2308.0	-4337.8	-1.0000	-1.0000	-0.00004	-0.00039	0.023	0.002000	80000.000000	80000.000000	0.0000	0.0000	0.0000	0.0000
5.5900	2282.09	4273.29	10.0	-1.0	-2306.4	-4338.6	-1.0000	-1.0000	-0.00004	-0.00039	0.023	0.002000	80000.000000	80000.000000	0.0000	0.0000	0.0000	0.0000
5.5920	2280.57	4274.20	10.0	-1.0	-2304.8	-4339.4	-1.0000	-1.0000	-0.00004	-0.00039	0.023	0.002000	80000.000000	80000.000000	0.0000	0.0000	0.0000	0.0000
5.5940	2279.06	4275.10	10.0	-1.0	-2303.2	-4340.2	-1.0000	-1.0000	-0.00004	-0.00039	0.023	0.002000	80000.000000	80000.000000	0.0000	0.0000	0.0000	0.0000
5.5960	2277.54	4276.00	10.0	-1.0	-2301.6	-4341.0	-1.0000	-1.0000	-0.00004	-0.00039	0.023	0.002000	80000.000000	80000.000000	0.0000	0.0000	0.0000	0.0000
5.5980	2276.03	4276.90	10.0	-1.0	-2300.0	-4341.8	-1.0000	-1.0000	-0.00004	-0.00039	0.023	0.002000	80000.000000	80000.000000	0.0000	0.0000	0.0000	0.0000
5.6000	2274.51	4277.80	10.0	-1.0	-2298.4	-4342.6	-1.0000	-1.0000	-0.00004	-0.00039	0.023	0.002000	80000.000000	80000.000000	0.0000	0.0000	0.0000	0.0000
5.6020	2273.00	4278.70	10.0	-1.0	-2296.8	-4343.3	-1.0000	-1.0000	-0.00004	-0.00039	0.023	0.002000	80000.000000	80000.000000	0.0000	0.0000	0.0000	0.0000
5.6040	2271.48	4279.60	10.0	-1.0	-2295.2	-4344.1	-1.0000	-1.0000	-0.00004	-0.00039	0.023	0.002000	80000.000000	80000.000000	0.0000	0.0000	0.0000	0.0000
5.6060	2269.96	4280.50	10.0	-1.0	-2293.6	-4344.9	-1.0000	-1.0000	-0.00004	-0.00039	0.023	0.002000	80000.000000	80000.000000	0.0000	0.0000	0.0000	0.0000
5.6080	2268.44	4281.40	10.0	-1.0	-2292.0	-4345.7	-1.0000	-1.0000	-0.00004	-0.00039	0.023	0.002000	80000.000000	80000.000000	0.0000	0.0000	0.0000	0.0000
5.6100	2266.93	4282.29	10.0	-1.0	-2290.4	-4346.5	-1.0000	-1.0000	-0.00004	-0.00039	0.023	0.002000	80000.000000	80000.000000	0.0000	0.0000	0.0000	0.0000
5.6120	2265.41	4283.19	10.0	-1.0	-2288.8	-4347.2	-1.0000	-1.0000	-0.00004	-0.00039	0.023	0.002000	80000.000000	80000.000000	0.0000	0.0000	0.0000	0.0000
5.6140	2263.89	4284.08	10.0	-1.0	-2287.1	-4348.0	-1.0000	-1.0000	-0.00004	-0.00039	0.023	0.002000	80000.000000	80000.000000	0.0000	0.0000	0.0000	0.0000
5.6160	2262.37	4284.98	10.0	-1.0	-2285.5	-4348.8	-1.0000	-1.0000	-0.00004	-0.00039	0.023	0.002000	80000.000000	80000.000000	0.0000	0.0000	0.0000	0.0000
5.6180	2260.85	4285.87	10.0	-1.0	-2283.9	-4349.6	-1.0000	-1.0000	-0.00004	-0.00039	0.023	0.002000	80000.000000	80000.000000	0.0000	0.0000	0.0000	0.0000
5.6200	2259.32	4286.76	10.0	-1.0	-2282.3	-4350.4	-1.0000	-1.0000	-0.00004	-0.00039	0.023	0.002000	80000.000000	80000.000000	0.0000	0.0000	0.0000	0.0000
5.6220	2257.80	4287.66	10.0	-1.0	-2280.7	-4351.1	-1.0000	-1.0000	-0.00004	-0.00039	0.023	0.002000	80000.000000	80000.000000	0.0000	0.0000	0.0000	0.0000
5.6240	2256.28	4288.55	10.0	-1.0	-2279.1	-4351.9	-1.0000	-1.0000	-0.00004	-0.00039	0.023	0.002000	80000.000000	80000.000000	0.0000	0.0000	0.0000	0.0000
5.6260	2254.76	4289.44	10.0	-1.0	-2277.5	-4352.7	-1.0000	-1.0000	-0.00004	-0.00039	0.023	0.002000	80000.000000	80000.000000	0.0000	0.0000	0.0000	0.0000
5.6280	2253.23	4290.32	10.0	-1.0	-2275.9	-4353.5	-1.0000	-1.0000	-0.00004	-0.00039	0.023	0.002000	80000.000000	80000.000000	0.0000	0.0000	0.0000	0.0000
5.6300	2251.71	4291.21	10.0	-1.0	-2274.3	-4354.3	-1.0000	-1.0000	-0.00004	-0.00039	0.023	0.002000	80000.000000	80000.000000	0.0000	0.0000	0.0000	0.0000
5.6320	2250.19	4292.10	10.0	-1.0	-2272.7	-4355.0	-1.0000	-1.0000	-0.00004	-0.00039	0.023	0.002000	80000.000000	80000.000000	0.0000	0.0000	0.0000	0.0000
5.6340	2248.66	4292.99	10.0	-1.0	-2271.0	-4355.8	-1.0000	-1.0000	-0.00004	-0.00039	0.023	0.002000	80000.000000	80000.000000	0.0000	0.0000	0.0000	0.0000
5.6360	2247.14	4293.87	10.0	-1.0	-2269.4	-4356.6	-1.0000	-1.0000	-0.00004	-0.00039	0.023	0.002000	80000.000000	80000.000000	0.0000	0.0000	0.0000	0.0000
5.6380	2245.61	4294.76	10.0	-1.0	-2267.8	-4357.4	-1.0000	-1.0000	-0.00004	-0.00039	0.023	0.002000	80000.000000	80000.000000	0.0000	0.0000	0.0000	0.0000
5.6400	2244.08	4295.64	10.0	-1.0	-2266.2	-4358.1	-1.0000	-1.0000	-0.00004	-0.00039	0.023	0.002000	80000.000000	80000.000000	0.0000	0.0000	0.0000	0.0000
5.6420	2242.56	4296.52	10.0	-1.0	-2264.6	-4358.9	-1.0000	-1.0000	-0.00004	-0.00039	0.023	0.002000	80000.000000	80000.000000	0.0000	0.0000	0.0000	0.0000
5.6440	2241.03	4297.41	10.0	-1.0	-2263.0	-4359.7	-1.0000	-1.0000	-0.00004	-0.00039	0.023	0.002000	80000.000000	80000.000000	0.0000	0.0000	0.0000	0.0000
5.6460	2239.50	4298.29	10.0	-1.0	-2261.4	-4360.4	-1.0000	-1.0000	-0.00004	-0.00039	0.023	0.002000	80000.000000	80000.000000	0.0000	0.0000	0.0000	0.0000
5.6480	2237.97	4299.17	10.0	-1.0	-2259.7	-4361.2	-1.0000	-1.0000	-0.00004	-0.00039	0.023	0.002000	80000.000000	80000.000000	0.0000	0.0000	0.0000	0.0000
5.6500	2236.44	4300.05	10.0	-1.0	-2258.1	-4362.0	-1.0000	-1.0000	-0.00004	-0.00039	0.023	0.002000	80000.000000	80000.000000	0.0000	0.0000	0.0000	0.0000
5.6520	2234.91	4300.93	10.0	-1.0	-2256.5	-4362.7	-1.0000	-1.0000	-0.00004	-0.00039	0.023	0.002000	80000.000000	80000.000000	0.0000	0.0000	0.0000	0.0000
5.6540	2233.38	4301.80	10.0	-1.0	-2254.9	-4363.5	-1.0000	-1.0000	-0.00004	-0.00039	0.023	0.002000	80000.000000	80000.000000	0.0000	0.0000	0.0000	0.0000
5.6560	2231.85	4302.68	10.0	-1.0	-2253.3	-4364.3	-1.0000	-1.0000	-0.00004	-0.00039	0.023	0.002000	80000.000000	80000.000000	0.0000	0.0000	0.0000	0.0000
5.6580	2230.32	4303.56	10.0	-1.0	-2251.7	-4365.0	-1.0000	-1.0000	-0.00004	-0.00039	0.023	0.002000	80000.000000	80000.000000	0.0000	0.0000	0.0000	0.0000
5.6600	2228.79	4304.43	10.0	-1.0	-2250.1	-4365.8	-1.0000	-1.0000	-0.00004	-0.00039	0.023	0.002000	80000.000000	80000.000000	0.0000	0.0000	0.0000	0.0000
5.6620	2227.26	4305.31	10.0	-1.0	-2248.4	-4366.6	-1.0000	-1.0000	-0.00004	-0.00039	0.023	0.002000	80000.000000	80000.000000	0.0000	0.0000	0.0000	0.0000
5.6640	2225.72	4306.18	10.0	-1.0	-2246.8	-4367.3	-1.0000	-1.0000	-0.00004	-0.00039	0.023	0.002000	80000.000000	80000.000000	0.0000	0.0000	0.0000	0.0000
5.6660	2224.19	4307.05	10.0	-1.0	-2245.2	-4368.1	-1.0000	-1.0000	-0.00004	-0.00039	0.023	0.002000	80000.000000	80000.000000	0.0000	0.0000	0.0000	0.0000
5.6680	2222.65	4307.93	10.0	-1.0	-2243.6	-4368.9	-1.0000	-1.0000	-0.00004	-0.00039	0.023	0.002000	80000.000000	80000.000000	0.0000	0.0000	0.0000	0.0000
5.6700	2221.12	4308.80	10.0	-1.0	-2242.0	-4369.6	-1.0000	-1.0000	-0.00004	-0.00039	0.023	0.002000	80000.000000	80000.000000	0.0000	0.0000	0.0000	0.0000
5.6720	2219.59	4309.67	10.0	-1.0	-2240.3	-4370.4	-1.0000	-1.0000	-0.00004	-0.00039	0.023	0.002000	80000.000000	80000.000000	0.0000	0.0000	0.0000	0.0000
5.6740	2218.05	4310.54	10.0	-1.0	-2238.7	-4371.2	-1.0000	-1.0000	-0.00004	-0.00039	0.023	0.002000	80000.000000	80000.000000	0.0000	0.0000	0.0000	0.0000
5.6760	2216.51	4311.41	10.0	-1.0	-2237.1	-4371.9	-1.0000	-1.0000	-0.00004	-0.00039	0.023	0.002000	80000.000000	80000.000000	0.0000	0.0000	0.0000	0.0000
5.6780	2214.98	4312.28	10.0	-1.0	-2235.5	-4372.7	-1.0000	-1.0000	-0.00004	-0.00039	0.023	0.002000	80000.000000	80000.000000	0.0000	0.0000	0.0000	0.0000
5.6800	2213.44	4313.14	10.0	-1.0	-2233.9	-4373.4	-1.0000	-1.0000	-0.00004	-0.00039	0.023	0.002000	80000.000000	80000.000000	0.0000	0.0000	0.0000	0.0000
5.6820	2211.90	4314.01	10.0	-1.0	-2232.3	-4374.2	-1.0000	-1.0000	-0.00004	-0.00039	0.023	0.002000	80000.000000	80000.000000	0.0000	0.0000	0.0000	0.0000
5.6840	2210.36	4314.87	10.0	-1.0	-2230.6	-4375.0	-1.0000	-1.0000	-0.00004	-0.00039	0.023	0.002000	80000.000000	80000.000000	0.0000	0.0000	0.0000	0.0000
5.6860	2208.83	4315.74	10.0	-1.0	-2229.0	-4375.7	-1.0000	-1.0000	-0.00004	-0.00039	0.023	0.002000	80000.000000	80000.000000	0.0000	0.0000	0.0000	0.0000
5.6880	2207.29	4316.60	10.0	-1.0	-2227.4	-4376.5	-1.0000	-1.0000	-0.00004	-0.00039	0.023	0.002000	80000.000000	80000.000000	0.0000	0.0000	0.0000	0.0000
5.6900	2205.75	4317.47	10.0	-1.0	-2225.8	-4377.2	-1.0000	-1.0000	-0.00004	-0.00039	0.023	0.002000	80000.000000	80000.000000	0.0000	0.0000	0.0000	0.0000
5.6920	2204.21	4318.33	10.0	-1.0	-2224.1	-4378.0	-1.0000	-1.0000	-0.00004	-0.00039	0.023	0.002000	80000.000000	80000.000000	0.0000	0.0000	0.0000	0.0000
5.6940	2202.67	4319.19	10.0	-1.0	-2222.5	-4378.7	-1.0000	-1.0000	-0.00004	-0.00039	0.023	0.002000	80000.000000	80000.000000	0.0000	0.0000	0.0000	0.0000
5.6960	2201.13	4320.05	10.0	-1.0	-2220.9	-4379.5	-1.0000	-1.0000	-0.00004	-0.00039	0.023	0.002000	80000.000000	80000.000000	0.0000	0.0000	0.0000	0.0000
5.6980	2199.58	4320.91	10.0	-1.0	-2219.3	-4380.2	-1.0000	-1.0000	-0.00004	-0.00039	0.023	0.002000	80000.000000	80000.000000	0.0000	0.0000	0.0000	0.0000
5.7000	2198.04	4321.77	10.0	-1.0	-2217.7	-4381.0	-1.0000	-1.0000	-0.00004	-0.00039	0.023	0.002000	80000.000000	80000.000000	0.0000	0.0000	0.0000	0.0000
5.7020	2196.50	4322.63	10.0	-1.0	-2216.0	-4381.8	-1.0000	-1.0000	-0.00004	-0.00039	0.023	0.002000	80000.000000	80000.000000	0.0000	0.0000	0.0000	0.0000
5.7040	2194.96	4323.48	10.0	-1.0	-2214.4	-4382.5	-1.0000	-1.0000	-0.00004	-0.00039	0.023	0.002000	80000.000000	80000.000000	0.0000	0.0000	0.0000	0.0000
5.7060	2193.41	4324.34	10.0	-1.0	-2212.8	-4383.3	-1.0000	-1.0000	-0.00004	-0.00039	0.023	0.002000	80000.000000	80000.000000	0.0000	0.0000	0.0000	0.0000
5.7080	2191.87	4325.20	10.0	-1.0	-2211.2	-4384.0	-1.0000	-1.0000	-0.00004	-0.00039	0.023	0.002000	80000.000000	80000.000000	0.0000	0.0000	0.0000	0.0000
5.7100	2190.32	4326.05	10.0	-1.0	-2209.5	-4384.8	-1.0000	-1.0000	-0.00004	-0.00039	0.023	0.002000	80000.000000	80000.000000	0.0000	0.0000	0.0000	0.0000
5.7120	2188.78	4326.91	10.0	-1.0	-2207.9	-4385.5	-1.0000	-1.0000	-0.00004	-0.00039	0.023	0.002000	80000.000000	80000.000000	0.0000	0.0000	0.0000	0.0000
5.7140	2187.23	4327.76	10.0	-1.0	-2206.3	-4386.3	-1.0000	-1.0000	-0.00004	-0.00039	0.023	0.002000	80000.000000	80000.000000	0.0000	0.0000	0.0000	0.0000
5.7160	2185.69	4328.61	10.0	-1.0	-2204.7	-4387.0	-1.0000	-1.0000	-0.00004	-0.00039	0.023	0.002000	80000.000000	80000.000000	0.0000	0.0000	0.0000	0.0000
5.7180	2184.14	4329.46	10.0	-1.0	-2203.0	-4387.7	-1.0000	-1.0000	-0.00004	-0.00039	0.023	0.002000	80000.000000	80000.000000	0.0000	0.0000	0.0000	0.0000
5.7200	2182.59	4330.31	10.0	-1.0	-2201.4	-4388.5	-1.0000	-1.0000	-0.00004	-0.00039	0.023	0.002000	80000.000000	80000.000000	0.0000	0.0000	0.0000	0.0000
5.7220	2181.04	4331.16	10.0	-1.0	-2199.8	-4389.2	-1.0000	-1.0000	-0.00004	-0.00039	0.023	0.002000	80000.000000	80000.000000	0.0000	0.0000	0.0000	0.0000
5.7240	2179.50	4332.01	10.0	-1.0	-2198.2	-4390.0	-1.0000	-1.0000	-0.00004	-0.00039	0.023	0.002000	80000.000000	80000.000000	0.0000	0.0000	0.0000	0.0000
5.7260	2177.95	4332.86	10.0	-1.0	-2196.5	-4390.7	-1.0000	-1.0000	-0.00004	-0.00039	0.023	0.002000	80000.000000	80000.000000	0.0000	0.0000	0.0000	0.0000
5.7280	2176.40	4333.71	10.0	-1.0	-2194.9	-4391.5	-1.0000	-1.0000	-0.00004	-0.00039	0.023	0.002000	80000.000000	80000.000000	0.0000	0.0000	0.0000	0.0000
5.7300	2174.85	4334.55	10.0	-1.0	-2193.3	-4392.2	-1.0000	-1.0000	-0.00004	-0.00039	0.023	0.002000	80000.000000	80000.000000	0.0000	0.0000	0.0000	0.0000
5.7320	2173.30	4335.40	10.0	-1.0	-2191.7	-4393.0	-1.0000	-1.0000	-0.00004	-0.00039	0.023	0.002000	80000.000000	80000.000000	0.0000	0.0000	0.0000	0.0000
5.7340	2171.75	4336.24	10.0	-1.0	-2190.0	-4393.7	-1.0000	-1.0000	-0.00004	-0.00039	0.023	0.002000	80000.000000	80000.000000	0.0000	0.0000	0.0000	0.0000
5.7360	2170.20	4337.09	10.0	-1.0	-2188.4	-4394.4	-1.0000	-1.0000	-0.00004	-0.00039	0.023	0.002000	80000.000000	80000.000000	0.0000	0.0000	0.0000	0.0000
5.7380	2168.64	4337.93	10.0	-1.0	-2186.8	-4395.2	-1.0000	-1.0000	-0.00004	-0.00039	0.023	0.002000	80000.000000	80000.000000	0.0000	0.0000	0.0000	0.0000
5.7400	2167.09	4338.77	10.0	-1.0	-2185.1	-4395.9	-1.0000	-1.0000	-0.00004	-0.00039	0.023	0.002000	80000.000000	80000.000000	0.0000	0.0000	0.0000	0.0000
5.7420	2165.54	4339.62	10.0	-1.0	-2183.5	-4396.7	-1.0000	-1.0000	-0.00004	-0.00039	0.023	0.002000	80000.000000	80000.000000	0.0000	0.0000	0.0000	0.0000
5.7440	2163.99	4340.46	10.0	-1.0	-2181.9	-4397.4	-1.0000	-1.0000	-0.00004	-0.00039	0.023	0.002000	80000.000000	80000.000000	0.0000	0.0000	0.0000	0.0000
5.7460	2162.43	4341.30	10.0	-1.0	-2180.2	-4398.1	-1.0000	-1.0000	-0.00004	-0.00039	0.023	0.002000	80000.000000	80000.000000	0.0000	0.0000	0.0000	0.0000
5.7480	2160.88	4342.14	10.0	-1.0	-2178.6	-4398.9	-1.0000	-1.0000	-0.00004	-0.00039	0.023	0.002000	80000.000000	80000.000000	0.0000	0.0000	0.0000	0.0000
5.7500	2159.32	4342.97	10.0	-1.0	-2177.0	-4399.6	-1.0000	-1.0000	-0.00004	-0.00039	0.023	0.002000	80000.000000	80000.000000	0.0000	0.0000	0.0000	0.0000
5.7520	2157.77	4343.81	10.0	-1.0	-2175.4	-4400.4	-1.0000	-1.0000	-0.00004	-0.00039	0.023	0.002000	80000.000000	80000.000000	0.0000	0.0000	0.0000	0.0000
5.7540	2156.21	4344.65	10.0	-1.0	-2173.7	-4401.1	-1.0000	-1.0000	-0.00004	-0.00039	0.023	0.002000	80000.000000	80000.000000	0.0000	0.0000	0.0000	0.0000
5.7560	2154.66	4345.48	10.0	-1.0	-2172.1	-4401.8	-1.0000	-1.0000	-0.00004	-0.00039	0.023	0.002000	80000.000000	80000.000000	0.0000	0.0000	0.0000	0.0000
5.7580	2153.10	4346.32	10.0	-1.0	-2170.5	-4402.6	-1.0000	-1.0000	-0.00004	-0.00039	0.023	0.002000	80000.000000	80000.000000	0.0000	0.0000	0.0000	0.0000
5.7600	2151.54	4347.15	10.0	-1.0	-2168.8	-4403.3	-1.0000	-1.0000	-0.00004	-0.00039	0.023	0.002000	80000.000000	80000.000000	0.0000	0.0000	0.0000	0.0000
5.7620	2149.98	4347.99	10.0	-1.0	-2167.2	-4404.0	-1.0000	-1.0000	-0.00004	-0.00039	0.023	0.002000	80000.000000	80000.000000	0.0000	0.0000	0.0000	0.0000
5.7640	2148.43	4348.82	10.0	-1.0	-2165.6	-4404.8	-1.0000	-1.0000	-0.00004	-0.00039	0.023	0.002000	80000.000000	80000.000000	0.0000	0.0000	0.0000	0.0000
5.7660	2146.87	4349.65	10.0	-1.0	-2163.9	-4405.5	-1.0000	-1.0000	-0.00004	-0.00039	0.023	0.002000	80000.000000	80000.000000	0.0000	0.0000	0.0000	0.0000
5.7680	2145.31	4350.48	10.0	-1.0	-2162.3	-4406.2	-1.0000	-1.0000	-0.00004	-0.00039	0.023	0.002000	80000.000000	80000.000000	0.0000	0.0000	0.0000	0.0000
5.7700	2143.75	4351.31	10.0	-1.0	-2160.7	-4407.0	-1.0000	-1.0000	-0.00004	-0.00039	0.023	0.002000	80000.000000	80000.000000	0.0000	0.0000	0.0000	0.0000
5.7720	2142.19	4352.14	10.0	-1.0	-2159.0	-4407.7	-1.0000	-1.0000	-0.00004	-0.00039	0.023	0.002000	80000.000000	80000.000000	0.0000	0.0000	0.0000	0.0000
5.7740	2140.63	4352.97	10.0	-1.0	-2157.4	-4408.4	-1.0000	-1.0000	-0.00004	-0.00039	0.023	0.002000	80000.000000	80000.000000	0.0000	0.0000	0.0000	0.0000
5.7760	2139.07	4353.80	10.0	-1.0	-2155.8	-4409.1	-1.0000	-1.0000	-0.00004	-0.00039	0.023	0.002000	80000.000000	80000.000000	0.0000	0.0000	0.0000	0.0000
5.7780	2137.51	4354.62	10.0	-1.0	-2154.1	-4409.9	-1.0000	-1.0000	-0.00004	-0.00039	0.023	0.002000	80000.000000	80000.000000	0.0000	0.0000	0.0000	0.0000
5.7800	2135.94	4355.45	10.0	-1.0	-2152.5	-4410.6	-1.0000	-1.0000	-0.00004	-0.00039	0.023	0.002000	80000.000000	80000.000000	0.0000	0.0000	0.0000	0.0000
5.7820	2134.38	4356.27	10.0	-1.0	-2150.9	-4411.3	-1.0000	-1.0000	-0.00004	-0.00039	0.023	0.002000	80000.000000	80000.000000	0.0000	0.0000	0.0000	0.0000
5.7840	2132.82	4357.10	10.0	-1.0	-2149.2	-4412.0	-1.0000	-1.0000	-0.00004	-0.00039	0.023	0.002000	80000.000000	80000.000000	0.0000	0.0000	0.0000	0.0000
5.7860	2131.25	4357.92	10.0	-1.0	-2147.6	-4412.8	-1.0000	-1.0000	-0.00004	-0.00039	0.023	0.002000	80000.000000	80000.000000	0.0000	0.0000	0.0000	0.0000
5.7880	2129.69	4358.74	10.0	-1.0	-2146.0	-4413.5	-1.0000	-1.0000	-0.00004	-0.00039	0.023	0.002000	80000.000000	80000.000000	0.0000	0.0000	0.0000	0.0000
5.7900	2128.13	4359.57	10.0	-1.0	-2144.3	-4414.2	-1.0000	-1.0000	-0.00004	-0.00039	0.023	0.002000	80000.000000	80000.000000	0.0000	0.0000	0.0000	0.0000
5.7920	2126.56	4360.39	10.0	-1.0	-2142.7	-4414.9	-1.0000	-1.0000	-0.00004	-0.00039	0.023	0.002000	80000.000000	80000.000000	0.0000	0.0000	0.0000	0.0000
5.7940	2125.00	4361.21	10.0	-1.0	-2141.0	-4415.7	-1.0000	-1.0000	-0.00004	-0.00039	0.023	0.002000	80000.000000	80000.000000	0.0000	0.0000	0.0000	0.0000
5.7960	2122.44	4362.03	9.0	-1.0	-2139.4	-4416.4	-1.0000	-1.0000	-0.00004	-0.00035	0.020	0.002000	80000.000000	80000.000000	0.0000	0.0000	0.0000	0.0000
5.7980	2121.86	4362.84	10.0	-1.0	-2137.8	-4417.1	-1.0000	-1.0000	-0.00004	-0.00039	0.023	0.002000	80000.000000	80000.000000	0.0000	0.0000	0.0000	0.0000
5.8000	2120.30	4363.66	10.0	-1.0	-2136.1	-4417.8	-1.0000	-1.0000	-0.00004	-0.00039	0.023	0.002000	80000.000000	80000.000000	0.0000	0.0000	0.0000	0.0000
5.8020	2118.73	4364.48	10.0	-1.0	-2134.5	-4418.5	-1.0000	-1.0000	-0.00004	-0.00039	0.023	0.002000	80000.000000	80000.000000	0.0000	0.0000	0.0000	0.0000
5.8040	2117.16	4365.30	10.0	-1.0	-2132.9	-4419.3	-1.0000	-1.0000	-0.00004	-0.00039	0.023	0.002000	80000.000000	80000.000000	0.0000	0.0000	0.0000	0.0000
5.8060	2115.59	4366.11	10.0	-1.0	-2131.2	-4420.0	-1.0000	-1.0000	-0.00004	-0.00039	0.023	0.002000	80000.000000	80000.000000	0.0000	0.0000	0.0000	0.0000
5.8080	2114.02	4366.92	10.0	-1.0	-2129.6	-4420.7	-1.0000	-1.0000	-0.00004	-0.00039	0.023	0.002000	80000.000000	80000.000000	0.0000	0.0000	0.0000	0.0000
5.8100	2112.46	4367.74	10.0	-1.0	-2127.9	-4421.4	-1.0000	-1.0000	-0.00004	-0.00039	0.023	0.002000	80000.000000	80000.000000	0.0000	0.0000	0.0000	0.0000
5.8120	2110.89	4368.55	10.0	-1.0	-2126.3	-4422.1	-1.0000	-1.0000	-0.00004	-0.00039	0.023	0.002000	80000.000000	80000.000000	0.0000	0.0000	0.0000	0.0000
5.8140	2109.32	4369.36	10.0	-1.0	-2124.7	-4422.9	-1.0000	-1.0000	-0.00004	-0.00039	0.023	0.002000	80000.000000	80000.000000	0.0000	0.0000	0.0000	0.0000
5.8160	2107.74	4370.17	10.0	-1.0	-2123.0	-4423.6	-1.0000	-1.0000	-0.00004	-0.00039	0.023	0.002000	80000.000000	80000.000000	0.0000	0.0000	0.0000	0.0000
5.8180	2107.16	4370.98	11.0	-1.0	-2121.4	-4424.3	-1.0000	-1.0000	-0.00004	-0.00043	0.025	0.002000	80000.000000	80000.000000	0.0000	0.0000	0.0000	0.0000
5.8200	2104.60	4371.79	10.0	-1.0	-2119.7	-4425.0	-1.0000	-1.0000	-0.00004	-0.00039	0.023	0.002000	80000.000000	80000.000000	0.0000	0.0000	0.0000	0.0000
5.8220	2103.03	4372.60	10.0	-1.0	-2118.1	-4425.7	-1.0000	-1.0000	-0.00004	-0.00039	0.023	0.002000	80000.000000	80000.000000	0.0000	0.0000	0.0000	0.0000
5.8240	2101.46	4373.41	10.0	-1.0	-2116.5	-4426.4	-1.0000	-1.0000	-0.00004	-0.00039	0.023	0.002000	80000.000000	80000.000000	0.0000	0.0000	0.0000	0.0000
5.8260	2099.88	4374.22	10.0	-1.0	-2114.8	-4427.1	-1.0000	-1.0000	-0.00004	-0.00039	0.023	0.002000	80000.000000	80000.000000	0.0000	0.0000	0.0000	0.0000
5.8280	2098.31	4375.02	10.0	-1.0	-2113.2	-4427.8	-1.0000	-1.0000	-0.00004	-0.00039	0.023	0.002000	80000.000000	80000.000000	0.0000	0.0000	0.0000	0.0000
5.8300	2096.74	4375.83	10.0	-1.0	-2111.5	-4428.6	-1.0000	-1.0000	-0.00004	-0.00039	0.023	0.002000	80000.000000	80000.000000	0.0000	0.0000	0.0000	0.0000
5.8320	2095.16	4376.63	10.0	-1.0	-2109.9	-4429.3	-1.0000	-1.0000	-0.00004	-0.00039	0.023	0.002000	80000.000000	80000.000000	0.0000	0.0000	0.0000	0.0000
5.8340	2093.59	4377.44	10.0	-1.0	-2108.2	-4430.0	-1.0000	-1.0000	-0.00004	-0.00039	0.023	0.002000	80000.000000	80000.000000	0.0000	0.0000	0.0000	0.0000
5.8360	2092.01	4378.24	10.0	-1.0	-2106.6	-4430.7	-1.0000	-1.0000	-0.00004	-0.00039	0.023	0.002000	80000.000000	80000.000000	0.0000	0.0000	0.0000	0.0000
5.8380	2090.44	4379.04	10.0	-1.0	-2105.0	-4431.4	-1.0000	-1.0000	-0.00004	-0.00039	0.023	0.002000	80000.000000	80000.000000	0.0000	0.0000	0.0000	0.0000
5.8400	2088.86	4379.84	10.0	-1.0	-2103.3	-4432.1	-1.0000	-1.0000	-0.00004	-0.00039	0.023	0.002000	80000.000000	80000.000000	0.0000	0.0000	0.0000	0.0000
5.8420	2087.28	4380.64	10.0	-1.0	-2101.7	-4432.8	-1.0000	-1.0000	-0.00004	-0.00039	0.023	0.002000	80000.000000	80000.000000	0.0000	0.0000	0.0000	0.0000
5.8440	2085.71	4381.44	10.0	-1.0	-2100.0	-4433.5	-1.0000	-1.0000	-0.00004	-0.00039	0.023	0.002000	80000.000000	80000.000000	0.0000	0.0000	0.0000	0.0000
5.8460	2084.13	4382.24	10.0	-1.0	-2098.4	-4434.2	-1.0000	-1.0000	-0.00004	-0.00039	0.023	0.002000	80000.000000	80000.000000	0.0000	0.0000	0.0000	0.0000
5.8480	2082.55	4383.04	10.0	-1.0	-2096.7	-4434.9	-1.0000	-1.0000	-0.00004	-0.00039	0.023	0.002000	80000.000000	80000.000000	0.0000	0.0000	0.0000	0.0000
5.8500	2080.97	4383.84	10.0	-1.0	-2095.1	-4435.6	-1.0000	-1.0000	-0.00004	-0.00039	0.023	0.002000	80000.000000	80000.000000	0.0000	0.0000	0.0000	0.0000
5.8520	2079.39	4384.63	10.0	-1.0	-2093.4	-4436.3	-1.0000	-1.0000	-0.00004	-0.00039	0.023	0.002000	80000.000000	80000.000000	0.0000	0.0000	0.0000	0.0000
5.8540	2077.82	4385.43	10.0	-1.0	-2091.8	-4437.0	-1.0000	-1.0000	-0.00004	-0.00039	0.023	0.002000	80000.000000	80000.000000	0.0000	0.0000	0.0000	0.0000
5.8560	2076.24	4386.22	10.0	-1.0	-2090.1	-4437.7	-1.0000	-1.0000	-0.00004	-0.00039	0.023	0.002000	80000.000000	80000.000000	0.0000	0.0000	0.0000	0.0000
5.8580	2074.66	4387.02	10.0	-1.0	-2088.5	-4438.4	-1.0000	-1.0000	-0.00004	-0.00039	0.023	0.002000	80000.000000	80000.000000	0.0000	0.0000	0.0000	0.0000
5.8600	2073.07	4387.81	10.0	-1.0	-2086.9	-4439.1	-1.0000	-1.0000	-0.00004	-0.00039	0.023	0.002000	80000.000000	80000.000000	0.0000	0.0000	0.0000	0.0000
5.8620	2071.49	4388.60	10.0	-1.0	-2085.2	-4439.8	-1.0000	-1.0000	-0.00004	-0.00039	0.023	0.002000	80000.000000	80000.000000	0.0000	0.0000	0.0000	0.0000
5.8640	2069.91	4389.39	10.0	-1.0	-2083.6	-4440.5	-1.0000	-1.0000	-0.00004	-0.00039	0.023	0.002000	80000.000000	80000.000000	0.0000	0.0000	0.0000	0.0000
5.8660	2068.33	4390.18	10.0	-1.0	-2081.9	-4441.2	-1.0000	-1.0000	-0.00004	-0.00039	0.023	0.002000	80000.000000	80000.000000	0.0000	0.0000	0.0000	0.0000
5.8680	2066.75	4390.97	10.0	-1.0	-2080.3	-4441.9	-1.0000	-1.0000	-0.00004	-0.00039	0.023	0.002000	80000.000000	80000.000000	0.0000	0.0000	0.0000	0.0000
5.8700	2065.16	4391.76	10.0	-1.0	-2078.6	-4442.6	-1.0000	-1.0000	-0.00004	-0.00039	0.023	0.002000	80000.000000	80000.000000	0.0000	0.0000	0.0000	0.0000
5.8720	2063.58	4392.55	10.0	-1.0	-2077.0	-4443.3	-1.0000	-1.0000	-0.00004	-0.00039	0.023	0.002000	80000.000000	80000.000000	0.0000	0.0000	0.0000	0.0000
5.8740	2062.00	4393.34	10.0	-1.0	-2075.3	-4444.0	-1.0000	-1.0000	-0.00004	-0.00039	0.023	0.002000	80000.000000	80000.000000	0.0000	0.0000	0.0000	0.0000
5.8760	2060.41	4394.13	10.0	-1.0	-2073.7	-4444.7	-1.0000	-1.0000	-0.00004	-0.00039	0.023	0.002000	80000.000000	80000.000000	0.0000	0.0000	0.0000	0.0000
5.8780	2058.83	4394.91	10.0	-1.0	-2072.0	-4445.4	-1.0000	-1.0000	-0.00004	-0.00039	0.023	0.002000	80000.000000	80000.000000	0.0000	0.0000	0.0000	0.0000
5.8800	2057.24	4395.70	10.0	-1.0	-2070.4	-4446.1	-1.0000	-1.0000	-0.00004	-0.00039	0.023	0.002000	80000.000000	80000.000000	0.0000	0.0000	0.0000	0.0000
5.8820	2055.66	4396.48	10.0	-1.0	-2068.7	-4446.8	-1.0000	-1.0000	-0.00004	-0.00039	0.023	0.002000	80000.000000	80000.000000	0.0000	0.0000	0.0000	0.0000
5.8840	2054.07	4397.26	10.0	-1.0	-2067.1	-4447.5	-1.0000	-1.0000	-0.00004	-0.00039	0.023	0.002000	80000.000000	80000.000000	0.0000	0.0000	0.0000	0.0000
5.8860	2051.49	4398.05	9.0	-1.0	-2065.4	-4448.2	-1.0000	-1.0000	-0.00004	-0.00035	0.020	0.002000	80000.000000	80000.000000	0.0000	0.0000	0.0000	0.0000
5.8880	2050.90	4398.83	10.0	-1.0	-2063.8	-4448.9	-1.0000	-1.0000	-0.00004	-0.00039	0.023	0.002000	80000.000000	80000.000000	0.0000	0.0000	0.0000	0.0000
5.8900	2049.31	4399.61	10.0	-1.0	-2062.1	-4449.6	-1.0000	-1.0000	-0.00004	-0.00039	0.023	0.002000	80000.000000	80000.000000	0.0000	0.0000	0.0000	0.0000
5.8920	2047.72	4400.39	10.0	-1.0	-2060.5	-4450.3	-1.0000	-1.0000	-0.00004	-0.00039	0.023	0.002000	80000.000000	80000.000000	0.0000	0.0000	0.0000	0.0000
5.8940	2046.13	4401.17	10.0	-1.0	-2058.8	-4451.0	-1.0000	-1.0000	-0.00004	-0.00039	0.023	0.002000	80000.000000	80000.000000	0.0000	0.0000	0.0000	0.0000
5.8960	2044.54	4401.95	10.0	-1.0	-2057.2	-4451.6	-1.0000	-1.0000	-0.00004	-0.00039	0.023	0.002000	80000.000000	80000.000000	0.0000	0.0000	0.0000	0.0000
5.8980	2042.95	4402.72	10.0	-1.0	-2055.5	-4452.3	-1.0000	-1.0000	-0.00004	-0.00039	0.023	0.002000	80000.000000	80000.000000	0.0000	0.0000	0.0000	0.0000
5.9000	2041.36	4403.50	10.0	-1.0	-2053.9	-4453.0	-1.0000	-1.0000	-0.00004	-0.00039	0.023	0.002000	80000.000000	80000.000000	0.0000	0.0000	0.0000	0.0000
5.9020	2039.77	4404.28	10.0	-1.0	-2052.2	-4453.7	-1.0000	-1.0000	-0.00004	-0.00039	0.023	0.002000	80000.000000	80000.000000	0.0000	0.0000	0.0000	0.0000
5.9040	2038.18	4405.05	10.0	-1.0	-2050.6	-4454.4	-1.0000	-1.0000	-0.00004	-0.00039	0.023	0.002000	80000.000000	80000.000000	0.0000	0.0000	0.0000	0.0000
5.9060	2036.59	4405.83	10.0	-1.0	-2048.9	-4455.1	-1.0000	-1.0000	-0.00004	-0.00039	0.023	0.002000	80000.000000	80000.000000	0.0000	0.0000	0.0000	0.0000
5.9080	2035.00	4406.60	10.0	-1.0	-2047.2	-4455.8	-1.0000	-1.0000	-0.00004	-0.00039	0.023	0.002000	80000.000000	80000.000000	0.0000	0.0000	0.0000	0.0000
5.9100	2033.41	4407.37	10.0	-1.0	-2045.6	-4456.4	-1.0000	-1.0000	-0.00004	-0.00039	0.023	0.002000	80000.000000	80000.000000	0.0000	0.0000	0.0000	0.0000
5.9120	2031.82	4408.14	10.0	-1.0	-2043.9	-4457.1	-1.0000	-1.0000	-0.00004	-0.00039	0.023	0.002000	80000.000000	80000.000000	0.0000	0.0000	0.0000	0.0000
5.9140	2030.22	4408.91	10.0	-1.0	-2042.3	-4457.8	-1.0000	-1.0000	-0.00004	-0.00039	0.023	0.002000	80000.000000	80000.000000	0.0000	0.0000	0.0000	0.0000
5.9160	2028.63	4409.68	10.0	-1.0	-2040.6	-4458.5	-1.0000	-1.0000	-0.00004	-0.00039	0.023	0.002000	80000.000000	80000.000000	0.0000	0.0000	0.0000	0.0000
5.9180	2027.04	4410.45	10.0	-1.0	-2039.0	-4459.2	-1.0000	-1.0000	-0.00004	-0.00039	0.023	0.002000	80000.000000	80000.000000	0.0000	0.0000	0.0000	0.0000
5.9200	2025.44	4411.22	10.0	-1.0	-2037.3	-4459.9	-1.0000	-1.0000	-0.00004	-0.00039	0.023	0.002000	80000.000000	80000.000000	0.0000	0.0000	0.0000	0.0000
5.9220	2023.85	4411.99	10.0	-1.0	-2035.7	-4460.5	-1.0000	-1.0000	-0.00004	-0.00039	0.023	0.002000	80000.000000	80000.000000	0.0000	0.0000	0.0000	0.0000
5.9240	2022.25	4412.76	10.0	-1.0	-2034.0	-4461.2	-1.0000	-1.0000	-0.00004	-0.00039	0.023	0.002000	80000.000000	80000.000000	0.0000	0.0000	0.0000	0.0000
5.9260	2020.66	4413.52	10.0	-1.0	-2032.3	-4461.9	-1.0000	-1.0000	-0.00004	-0.00039	0.023	0.002000	80000.000000	80000.000000	0.0000	0.0000	0.0000	0.0000
5.9280	2019.06	4414.29	10.0	-1.0	-2030.7	-4462.6	-1.0000	-1.0000	-0.00004	-0.00039	0.023	0.002000	80000.000000	80000.000000	0.0000	0.0000	0.0000	0.0000
5.9300	2017.47	4415.05	10.0	-1.0	-2029.0	-4463.3	-1.0000	-1.0000	-0.00004	-0.00039	0.023	0.002000	80000.000000	80000.000000	0.0000	0.0000	0.0000	0.0000
5.9320	2015.87	4415.82	10.0	-1.0	-2027.4	-4463.9	-1.0000	-1.0000	-0.00004	-0.00039	0.023	0.002000	80000.000000	80000.000000	0.0000	0.0000	0.0000	0.0000
5.9340	2014.27	4416.58	10.0	-1.0	-2025.7	-4464.6	-1.0000	-1.0000	-0.00004	-0.00039	0.023	0.002000	80000.000000	80000.000000	0.0000	0.0000	0.0000	0.0000
5.9360	2012.67	4417.34	10.0	-1.0	-2024.1	-4465.3	-1.0000	-1.0000	-0.00004	-0.00039	0.023	0.002000	80000.000000	80000.000000	0.0000	0.0000	0.0000	0.0000
5.9380	2011.08	4418.10	10.0	-1.0	-2022.4	-4466.0	-1.0000	-1.0000	-0.00004	-0.00039	0.023	0.002000	80000.000000	80000.000000	0.0000	0.0000	0.0000	0.0000
5.9400	2008.49	4418.86	9.0	-1.0	-2020.7	-4466.6	-1.0000	-1.0000	-0.00004	-0.00035	0.020	0.002000	80000.000000	80000.000000	0.0000	0.0000	0.0000	0.0000
5.9420	2007.88	4419.62	10.0	-1.0	-2019.1	-4467.3	-1.0000	-1.0000	-0.00004	-0.00039	0.023	0.002000	80000.000000	80000.000000	0.0000	0.0000	0.0000	0.0000
5.9440	2006.28	4420.38	10.0	-1.0	-2017.4	-4468.0	-1.0000	-1.0000	-0.00004	-0.00039	0.023	0.002000	80000.000000	80000.000000	0.0000	0.0000	0.0000	0.0000
5.9460	2004.68	4421.14	10.0	-1.0	-2015.8	-4468.7	-1.0000	-1.0000	-0.00004	-0.00039	0.023	0.002000	80000.000000	80000.000000	0.0000	0.0000	0.0000	0.0000
5.9480	2003.08	4421.90	10.0	-1.0	-2014.1	-4469.3	-1.0000	-1.0000	-0.00004	-0.00039	0.023	0.002000	80000.000000	80000.000000	0.0000	0.0000	0.0000	0.0000
5.9500	2001.48	4422.65	10.0	-1.0	-2012.5	-4470.0	-1.0000	-1.0000	-0.00004	-0.00039	0.023	0.002000	80000.000000	80000.000000	0.0000	0.0000	0.0000	0.0000
5.9520	1999.88	4423.41	10.0	-1.0	-2010.8	-4470.7	-1.0000	-1.0000	-0.00004	-0.00039	0.023	0.002000	80000.000000	80000.000000	0.0000	0.0000	0.0000	0.0000
5.9540	1998.28	4424.16	10.0	-1.0	-2009.1	-4471.3	-1.0000	-1.0000	-0.00004	-0.00039	0.023	0.002000	80000.000000	80000.000000	0.0000	0.0000	0.0000	0.0000
5.9560	1996.67	4424.92	10.0	-1.0	-2007.5	-4472.0	-1.0000	-1.0000	-0.00004	-0.00039	0.023	0.002000	80000.000000	80000.000000	0.0000	0.0000	0.0000	0.0000
5.9580	1995.07	4425.67	10.0	-1.0	-2005.8	-4472.7	-1.0000	-1.0000	-0.00004	-0.00039	0.023	0.002000	80000.000000	80000.000000	0.0000	0.0000	0.0000	0.0000
5.9600	1993.47	4426.42	10.0	-1.0	-2004.1	-4473.3	-1.0000	-1.0000	-0.00004	-0.00039	0.023	0.002000	80000.000000	80000.000000	0.0000	0.0000	0.0000	0.0000
5.9620	1991.87	4427.17	10.0	-1.0	-2002.5	-4474.0	-1.0000	-1.0000	-0.00004	-0.00039	0.023	0.002000	80000.000000	80000.000000	0.0000	0.0000	0.0000	0.0000
5.9640	1990.26	4427.93	10.0	-1.0	-2000.8	-4474.7	-1.0000	-1.0000	-0.00004	-0.00039	0.023	0.002000	80000.000000	80000.000000	0.0000	0.0000	0.0000	0.0000
5.9660	1988.66	4428.68	10.0	-1.0	-1999.2	-4475.3	-1.0000	-1.0000	-0.00004	-0.00039	0.023	0.002000	80000.000000	80000.000000	0.0000	0.0000	0.0000	0.0000
5.9680	1987.05	4429.42	10.0	-1.0	-1997.5	-4476.0	-1.0000	-1.0000	-0.00004	-0.00039	0.023	0.002000	80000.000000	80000.000000	0.0000	0.0000	0.0000	0.0000
5.9700	1985.45	4430.17	10.0	-1.0	-1995.8	-4476.7	-1.0000	-1.0000	-0.00004	-0.00039	0.023	0.002000	80000.000000	80000.000000	0.0000	0.0000	0.0000	0.0000
5.9720	1983.84	4430.92	10.0	-1.0	-1994.2	-4477.3	-1.0000	-1.0000	-0.00004	-0.00039	0.023	0.002000	80000.000000	80000.000000	0.0000	0.0000	0.0000	0.0000
5.9740	1982.24	4431.67	10.0	-1.0	-1992.5	-4478.0	-1.0000	-1.0000	-0.00004	-0.00039	0.023	0.002000	80000.000000	80000.000000	0.0000	0.0000	0.0000	0.0000
5.9760	1980.63	4432.41	10.0	-1.0	-1990.8	-4478.7	-1.0000	-1.0000	-0.00004	-0.00039	0.023	0.002000	80000.000000	80000.000000	0.0000	0.0000	0.0000	0.0000
5.9780	1979.03	4433.16	10.0	-1.0	-1989.2	-4479.3	-1.0000	-1.0000	-0.00004	-0.00039	0.023	0.002000	80000.000000	80000.000000	0.0000	0.0000	0.0000	0.0000
5.9800	1977.42	4433.90	10.0	-1.0	-1987.5	-4480.0	-1.0000	-1.0000	-0.00004	-0.00039	0.023	0.002000	80000.000000	80000.000000	0.0000	0.0000	0.0000	0.0000
5.9820	1975.81	4434.65	10.0	-1.0	-1985.9	-4480.6	-1.0000	-1.0000	-0.00004	-0.00039	0.023	0.002000	80000.000000	80000.000000	0.0000	0.0000	0.0000	0.0000
5.9840	1974.20	4435.39	10.0	-1.0	-1984.2	-4481.3	-1.0000	-1.0000	-0.00004	-0.00039	0.023	0.002000	80000.000000	80000.000000	0.0000	0.0000	0.0000	0.0000
5.9860	1972.60	4436.13	10.0	-1.0	-1982.5	-4482.0	-1.0000	-1.0000	-0.00004	-0.00039	0.023	0.002000	80000.000000	80000.000000	0.0000	0.0000	0.0000	0.0000
5.9880	1970.99	4436.87	10.0	-1.0	-1980.9	-4482.6	-1.0000	-1.0000	-0.00004	-0.00039	0.023	0.002000	80000.000000	80000.000000	0.0000	0.0000	0.0000	0.0000
5.9900	1969.38	4437.61	10.0	-1.0	-1979.2	-4483.3	-1.0000	-1.0000	-0.00004	-0.00039	0.023	0.002000	80000.000000	80000.000000	0.0000	0.0000	0.0000	0.0000
5.9920	1967.77	4438.35	10.0	-1.0	-1977.5	-4483.9	-1.0000	-1.0000	-0.00004	-0.00039	0.023	0.002000	80000.000000	80000.000000	0.0000	0.0000	0.0000	0.0000
5.9940	1966.16	4439.09	10.0	-1.0	-1975.9	-4484.6	-1.0000	-1.0000	-0.00004	-0.00039	0.023	0.002000	80000.000000	80000.000000	0.0000	0.0000	0.0000	0.0000
5.9960	1964.55	4439.83	10.0	-1.0	-1974.2	-4485.2	-1.0000	-1.0000	-0.00004	-0.00039	0.023	0.002000	80000.000000	80000.000000	0.0000	0.0000	0.0000	0.0000
5.9980	1962.94	4440.56	10.0	-1.0	-1972.5	-4485.9	-1.0000	-1.0000	-0.00004	-0.00039	0.023	0.002000	80000.000000	80000.000000	0.0000	0.0000	0.0000	0.0000
6.0000	1961.33	4441.30	10.0	-1.0	-1970.9	-4486.6	-1.0000	-1.0000	-0.00004	-0.00039	0.023	0.002000	80000.000000	80000.000000	0.0000	0.0000	0.0000	0.0000
6.0020	1959.72	4442.03	10.0	-1.0	-1969.2	-4487.2	-1.0000	-1.0000	-0.00004	-0.00039	0.023	0.002000	80000.000000	80000.000000	0.0000	0.0000	0.0000	0.0000
6.0040	1958.10	4442.77	10.0	-1.0	-1967.5	-4487.9	-1.0000	-1.0000	-0.00004	-0.00039	0.023	0.002000	80000.000000	80000.000000	0.0000	0.0000	0.0000	0.0000
6.0060	1956.49	4443.50	10.0	-1.0	-1965.9	-4488.5	-1.0000	-1.0000	-0.00004	-0.00039	0.023	0.002000	80000.000000	80000.000000	0.0000	0.0000	0.0000	0.0000
6.0080	1954.88	4444.24	10.0	-1.0	-1964.2	-4489.2	-1.0000	-1.0000	-0.00004	-0.00039	0.023	0.002000	80000.000000	80000.000000	0.0000	0.0000	0.0000	0.0000
6.0100	1952.27	4444.97	9.0	-1.0	-1962.5	-4489.8	-1.0000	-1.0000	-0.00004	-0.00035	0.020	0.002000	80000.000000	80000.000000	0.0000	0.0000	0.0000	0.0000
6.0120	1951.65	4445.70	10.0	-1.0	-1960.9	-4490.5	-1.0000	-1.0000	-0.00004	-0.00039	0.023	0.002000	80000.000000	80000.000000	0.0000	0.0000	0.0000	0.0000
6.0140	1950.04	4446.43	10.0	-1.0	-1959.2	-4491.1	-1.0000	-1.0000	-0.00004	-0.00039	0.023	0.002000	80000.000000	80000.000000	0.0000	0.0000	0.0000	0.0000
6.0160	1948.42	4447.16	10.0	-1.0	-1957.5	-4491.8	-1.0000	-1.0000	-0.00004	-0.00039	0.023	0.002000	80000.000000	80000.000000	0.0000	0.0000	0.0000	0.0000
6.0180	1946.81	4447.89	10.0	-1.0	-1955.9	-4492.4	-1.0000	-1.0000	-0.00004	-0.00039	0.023	0.002000	80000.000000	80000.000000	0.0000	0.0000	0.0000	0.0000
6.0200	1945.19	4448.62	10.0	-1.0	-1954.2	-4493.1	-1.0000	-1.0000	-0.00004	-0.00039	0.023	0.002000	80000.000000	80000.000000	0.0000	0.0000	0.0000	0.0000
6.0220	1942.59	4449.34	9.0	-1.0	-1952.5	-4493.7	-1.0000	-1.0000	-0.00004	-0.00035	0.020	0.002000	80000.000000	80000.000000	0.0000	0.0000	0.0000	0.0000
6.0240	1941.96	4450.07	10.0	-1.0	-1950.9	-4494.4	-1.0000	-1.0000	-0.00004	-0.00039	0.023	0.002000	80000.000000	80000.000000	0.0000	0.0000	0.0000	0.0000
6.0260	1940.35	4450.79	10.0	-1.0	-1949.2	-4495.0	-1.0000	-1.0000	-0.00004	-0.00039	0.023	0.002000	80000.000000	80000.000000	0.0000	0.0000	0.0000	0.0000
6.0280	1938.73	4451.52	10.0	-1.0	-1947.5	-4495.6	-1.0000	-1.0000	-0.00004	-0.00039	0.023	0.002000	80000.000000	80000.000000	0.0000	0.0000	0.0000	0.0000
6.0300	1937.11	4452.24	10.0	-1.0	-1945.8	-4496.3	-1.0000	-1.0000	-0.00004	-0.00039	0.023	0.002000	80000.000000	80000.000000	0.0000	0.0000	0.0000	0.0000
6.0320	1935.49	4453.96	10.0	0.0	-1944.2	-4496.9	-1.0000	-1.0000	0.00000	-0.00039	0.022	0.002000	80000.000000	80000.000000	0.0000	0.0000	0.0000	0.0000
6.0340	1933.88	4453.69	10.0	-1.0	-1942.5	-4497.6	-1.0000	-1.0000	-0.00004	-0.00039	0.023	0.002000	80000.000000	80000.000000	0.0000	0.0000	0.0000	0.0000
6.0360	1932.26	4454.41	10.0	-1.0	-1940.8	-4498.2	-1.0000	-1.0000	-0.00004	-0.00039	0.023	0.002000	80000.000000	80000.000000	0.0000	0.0000	0.0000	0.0000
6.0380	1930.64	4455.13	10.0	-1.0	-1939.2	-4498.9	-1.0000	-1.0000	-0.00004	-0.00039	0.023	0.002000	80000.000000	80000.000000	0.0000	0.0000	0.0000	0.0000
6.0400	1929.02	4455.85	10.0	-1.0	-1937.5	-4499.5	-1.0000	-1.0000	-0.00004	-0.00039	0.023	0.002000	80000.000000	80000.000000	0.0000	0.0000	0.0000	0.0000
6.0420	1927.40	4456.57	10.0	-1.0	-1935.8	-4500.1	-1.0000	-1.0000	-0.00004	-0.00039	0.023	0.002000	80000.000000	80000.000000	0.0000	0.0000	0.0000	0.0000
6.0440	1925.78	4457.29	10.0	-1.0	-1934.1	-4500.8	-1.0000	-1.0000	-0.00004	-0.00039	0.023	0.002000	80000.000000	80000.000000	0.0000	0.0000	0.0000	0.0000
6.0460	1924.16	4458.01	10.0	-1.0	-1932.5	-4501.4	-1.0000	-1.0000	-0.00004	-0.00039	0.023	0.002000	80000.000000	80000.000000	0.0000	0.0000	0.0000	0.0000
6.0480	1922.54	4458.72	10.0	-1.0	-1930.8	-4502.1	-1.0000	-1.0000	-0.00004	-0.00039	0.023	0.002000	80000.000000	80000.000000	0.0000	0.0000	0.0000	0.0000
6.0500	1920.92	4459.44	10.0	-1.0	-1929.1	-4502.7	-1.0000	-1.0000	-0.00004	-0.00039	0.023	0.002000	80000.000000	80000.000000	0.0000	0.0000	0.0000	0.0000
6.0520	1919.30	4460.15	10.0	-1.0	-1927.4	-4503.3	-1.0000	-1.0000	-0.00004	-0.00039	0.023	0.002000	80000.000000	80000.000000	0.0000	0.0000	0.0000	0.0000
6.0540	1917.67	4460.87	10.0	-1.0	-1925.8	-4504.0	-1.0000	-1.0000	-0.00004	-0.00039	0.023	0.002000	80000.000000	80000.000000	0.0000	0.0000	0.0000	0.0000
6.0560	1916.05	4461.58	10.0	-1.0	-1924.1	-4504.6	-1.0000	-1.0000	-0.00004	-0.00039	0.023	0.002000	80000.000000	80000.000000	0.0000	0.0000	0.0000	0.0000
6.0580	1914.43	4462.29	10.0	-1.0	-1922.4	-4505.2	-1.0000	-1.0000	-0.00004	-0.00039	0.023	0.002000	80000.000000	80000.000000	0.0000	0.0000	0.0000	0.0000
6.0600	1912.81	4463.01	10.0	-1.0	-1920.8	-4505.9	-1.0000	-1.0000	-0.00004	-0.00039	0.023	0.002000	80000.000000	80000.000000	0.0000	0.0000	0.0000	0.0000
6.0620	1911.18	4463.72	10.0	-1.0	-1919.1	-4506.5	-1.0000	-1.0000	-0.00004	-0.00039	0.023	0.002000	80000.000000	80000.000000	0.0000	0.0000	0.0000	0.0000
6.0640	1909.56	4464.43	10.0	-1.0	-1917.4	-4507.1	-1.0000	-1.0000	-0.00004	-0.00039	0.023	0.002000	80000.000000	80000.000000	0.0000	0.0000	0.0000	0.0000
6.0660	1907.93	4465.14	10.0	-1.0	-1915.7	-4507.8	-1.0000	-1.0000	-0.00004	-0.00039	0.023	0.002000	80000.000000	80000.000000	0.0000	0.0000	0.0000	0.0000
6.0680	1906.31	4465.84	10.0	-1.0	-1914.0	-4508.4	-1.0000	-1.0000	-0.00004	-0.00039	0.023	0.002000	80000.000000	80000.000000	0.0000	0.0000	0.0000	0.0000
6.0700	1904.68	4466.55	10.0	-1.0	-1912.4	-4509.0	-1.0000	-1.0000	-0.00004	-0.00039	0.023	0.002000	80000.000000	80000.000000	0.0000	0.0000	0.0000	0.0000
6.0720	1903.06	4467.26	10.0	-1.0	-1910.7	-4509.7	-1.0000	-1.0000	-0.00004	-0.00039	0.023	0.002000	80000.000000	80000.000000	0.0000	0.0000	0.0000	0.0000
6.0740	1901.43	4467.97	10.0	-1.0	-1909.0	-4510.3	-1.0000	-1.0000	-0.00004	-0.00039	0.023	0.002000	80000.000000	80000.000000	0.0000	0.0000	0.0000	0.0000
6.0760	1899.81	4468.67	10.0	-1.0	-1907.3	-4510.9	-1.0000	-1.0000	-0.00004	-0.00039	0.023	0.002000	80000.000000	80000.000000	0.0000	0.0000	0.0000	0.0000
6.0780	1898.18	4469.38	10.0	-1.0	-1905.7	-4511.6	-1.0000	-1.0000	-0.00004	-0.00039	0.023	0.002000	80000.000000	80000.000000	0.0000	0.0000	0.0000	0.0000
6.0800	1896.55	4470.08	10.0	-1.0	-1904.0	-4512.2	-1.0000	-1.0000	-0.00004	-0.00039	0.023	0.002000	80000.000000	80000.000000	0.0000	0.0000	0.0000	0.0000
6.0820	1894.93	4470.78	10.0	-1.0	-1902.3	-4512.8	-1.0000	-1.0000	-0.00004	-0.00039	0.023	0.002000	80000.000000	80000.000000	0.0000	0.0000	0.0000	0.0000
6.0840	1893.30	4471.48	10.0	-1.0	-1900.6	-4513.4	-1.0000	-1.0000	-0.00004	-0.00039	0.023	0.002000	80000.000000	80000.000000	0.0000	0.0000	0.0000	0.0000
6.0860	1891.67	4472.19	10.0	-1.0	-1899.0	-4514.1	-1.0000	-1.0000	-0.00004	-0.00039	0.023	0.002000	80000.000000	80000.000000	0.0000	0.0000	0.0000	0.0000
6.0880	1890.04	4472.89	10.0	-1.0	-1897.3	-4514.7	-1.0000	-1.0000	-0.00004	-0.00039	0.023	0.002000	80000.000000	80000.000000	0.0000	0.0000	0.0000	0.0000
6.0900	1888.41	4473.59	10.0	-1.0	-1895.6	-4515.3	-1.0000	-1.0000	-0.00004	-0.00039	0.023	0.002000	80000.000000	80000.000000	0.0000	0.0000	0.0000	0.0000
6.0920	1886.78	4474.29	10.0	-1.0	-1893.9	-4515.9	-1.0000	-1.0000	-0.00004	-0.00039	0.023	0.002000	80000.000000	80000.000000	0.0000	0.0000	0.0000	0.0000
6.0940	1885.15	4474.98	10.0	-1.0	-1892.2	-4516.6	-1.0000	-1.0000	-0.00004	-0.00039	0.023	0.002000	80000.000000	80000.000000	0.0000	0.0000	0.0000	0.0000
6.0960	1883.52	4475.68	10.0	-1.0	-1890.6	-4517.2	-1.0000	-1.0000	-0.00004	-0.00039	0.023	0.002000	80000.000000	80000.000000	0.0000	0.0000	0.0000	0.0000
6.0980	1881.89	4476.38	10.0	-1.0	-1888.9	-4517.8	-1.0000	-1.0000	-0.00004	-0.00039	0.023	0.002000	80000.000000	80000.000000	0.0000	0.0000	0.0000	0.0000
6.1000	1880.26	4477.07	10.0	-1.0	-1887.2	-4518.4	-1.0000	-1.0000	-0.00004	-0.00039	0.023	0.002000	80000.000000	80000.000000	0.0000	0.0000	0.0000	0.0000
6.1020	1878.63	4477.77	10.0	-1.0	-1885.5	-4519.0	-1.0000	-1.0000	-0.00004	-0.00039	0.023	0.002000	80000.000000	80000.000000	0.0000	0.0000	0.0000	0.0000
6.1040	1877.00	4478.46	10.0	-1.0	-1883.8	-4519.7	-1.0000	-1.0000	-0.00004	-0.00039	0.023	0.002000	80000.000000	80000.000000	0.0000	0.0000	0.0000	0.0000
6.1060	1875.37	4479.16	10.0	-1.0	-1882.2	-4520.3	-1.0000	-1.0000	-0.00004	-0.00039	0.023	0.002000	80000.000000	80000.000000	0.0000	0.0000	0.0000	0.0000
6.1080	1873.73	4479.85	10.0	-1.0	-1880.5	-4520.9	-1.0000	-1.0000	-0.00004	-0.00039	0.023	0.002000	80000.000000	80000.000000	0.0000	0.0000	0.0000	0.0000
6.1100	1872.10	4480.54	10.0	-1.0	-1878.8	-4521.5	-1.0000	-1.0000	-0.00004	-0.00039	0.023	0.002000	80000.000000	80000.000000	0.0000	0.0000	0.0000	0.0000
6.1120	1870.47	4481.23	10.0	-1.0	-1877.1	-4522.1	-1.0000	-1.0000	-0.00004	-0.00039	0.023	0.002000	80000.000000	80000.000000	0.0000	0.0000	0.0000	0.0000
6.1140	1868.83	4481.92	10.0	-1.0	-1875.4	-4522.7	-1.0000	-1.0000	-0.00004	-0.00039	0.023	0.002000	80000.000000	80000.000000	0.0000	0.0000	0.0000	0.0000
6.1160	1867.20	4482.61	10.0	-1.0	-1873.8	-4523.4	-1.0000	-1.0000	-0.00004	-0.00039	0.023	0.002000	80000.000000	80000.000000	0.0000	0.0000	0.0000	0.0000
6.1180	1865.57	4483.30	10.0	-1.0	-1872.1	-4524.0	-1.0000	-1.0000	-0.00004	-0.00039	0.023	0.002000	80000.000000	80000.000000	0.0000	0.0000	0.0000	0.0000
6.1200	1863.93	4483.99	10.0	-1.0	-1870.4	-4524.6	-1.0000	-1.0000	-0.00004	-0.00039	0.023	0.002000	80000.000000	80000.000000	0.0000	0.0000	0.0000	0.0000
6.1220	1862.30	4484.67	10.0	-1.0	-1868.7	-4525.2	-1.0000	-1.0000	-0.00004	-0.00039	0.023	0.002000	80000.000000	80000.000000	0.0000	0.0000	0.0000	0.0000
6.1240	1860.66	4485.36	10.0	-1.0	-1867.0	-4525.8	-1.0000	-1.0000	-0.00004	-0.00039	0.023	0.002000	80000.000000	80000.000000	0.0000	0.0000	0.0000	0.0000
6.1260	1859.02	4486.04	10.0	-1.0	-1865.3	-4526.4	-1.0000	-1.0000	-0.00004	-0.00039	0.023	0.002000	80000.000000	80000.000000	0.0000	0.0000	0.0000	0.0000
6.1280	1857.39	4486.73	10.0	-1.0	-1863.7	-4527.0	-1.0000	-1.0000	-0.00004	-0.00039	0.023	0.002000	80000.000000	80000.000000	0.0000	0.0000	0.0000	0.0000
6.1300	1855.75	4487.41	10.0	-1.0	-1862.0	-4527.7	-1.0000	-1.0000	-0.00004	-0.00039	0.023	0.002000	80000.000000	80000.000000	0.0000	0.0000	0.0000	0.0000
6.1320	1854.11	4488.09	10.0	-1.0	-1860.3	-4528.3	-1.0000	-1.0000	-0.00004	-0.00039	0.023	0.002000	80000.000000	80000.000000	0.0000	0.0000	0.0000	0.0000
6.1340	1852.48	4488.78	10.0	-1.0	-1858.6	-4528.9	-1.0000	-1.0000	-0.00004	-0.00039	0.023	0.002000	80000.000000	80000.000000	0.0000	0.0000	0.0000	0.0000
6.1360	1850.84	4489.46	10.0	-1.0	-1856.9	-4529.5	-1.0000	-1.0000	-0.00004	-0.00039	0.023	0.002000	80000.000000	80000.000000	0.0000	0.0000	0.0000	0.0000
6.1380	1849.20	4490.14	10.0	-1.0	-1855.2	-4530.1	-1.0000	-1.0000	-0.00004	-0.00039	0.023	0.002000	80000.000000	80000.000000	0.0000	0.0000	0.0000	0.0000
6.1400	1847.56	4490.82	10.0	-1.0	-1853.6	-4530.7	-1.0000	-1.0000	-0.00004	-0.00039	0.023	0.002000	80000.000000	80000.000000	0.0000	0.0000	0.0000	0.0000
6.1420	1845.92	4491.50	10.0	-1.0	-1851.9	-4531.3	-1.0000	-1.0000	-0.00004	-0.00039	0.023	0.002000	80000.000000	80000.000000	0.0000	0.0000	0.0000	0.0000
6.1440	1844.28	4492.18	10.0	-1.0	-1850.2	-4531.9	-1.0000	-1.0000	-0.00004	-0.00039	0.023	0.002000	80000.000000	80000.000000	0.0000	0.0000	0.0000	0.0000
6.1460	1842.65	4492.85	10.0	-1.0	-1848.5	-4532.5	-1.0000	-1.0000	-0.00004	-0.00039	0.023	0.002000	80000.000000	80000.000000	0.0000	0.0000	0.0000	0.0000
6.1480	1841.01	4493.53	10.0	-1.0	-1846.8	-4533.1	-1.0000	-1.0000	-0.00004	-0.00039	0.023	0.002000	80000.000000	80000.000000	0.0000	0.0000	0.0000	0.0000
6.1500	1839.36	4494.20	10.0	-1.0	-1845.1	-4533.7	-1.0000	-1.0000	-0.00004	-0.00039	0.023	0.002000	80000.000000	80000.000000	0.0000	0.0000	0.0000	0.0000
6.1520	1837.72	4494.88	10.0	-1.0	-1843.4	-4534.3	-1.0000	-1.0000	-0.00004	-0.00039	0.023	0.002000	80000.000000	80000.000000	0.0000	0.0000	0.0000	0.0000
6.1540	1836.08	4495.55	10.0	-1.0	-1841.8	-4534.9	-1.0000	-1.0000	-0.00004	-0.00039	0.023	0.002000	80000.000000	80000.000000	0.0000	0.0000	0.0000	0.0000
6.1560	1834.44	4496.23	10.0	-1.0	-1840.1	-4535.5	-1.0000	-1.0000	-0.00004	-0.00039	0.023	0.002000	80000.000000	80000.000000	0.0000	0.0000	0.0000	0.0000
6.1580	1832.80	4496.90	10.0	-1.0	-1838.4	-4536.1	-1.0000	-1.0000	-0.00004	-0.00039	0.023	0.002000	80000.000000	80000.000000	0.0000	0.0000	0.0000	0.0000
6.1600	1831.16	4497.57	10.0	-1.0	-1836.7	-4536.7	-1.0000	-1.0000	-0.00004	-0.00039	0.023	0.002000	80000.000000	80000.000000	0.0000	0.0000	0.0000	0.0000
6.1620	1829.52	4498.24	10.0	-1.0	-1835.0	-4537.3	-1.0000	-1.0000	-0.00004	-0.00039	0.023	0.002000	80000.000000	80000.000000	0.0000	0.0000	0.0000	0.0000
6.1640	1827.87	4498.91	10.0	-1.0	-1833.3	-4537.9	-1.0000	-1.0000	-0.00004	-0.00039	0.023	0.002000	80000.000000	80000.000000	0.0000	0.0000	0.0000	0.0000
6.1660	1826.23	4499.58	10.0	-1.0	-1831.6	-4538.5	-1.0000	-1.0000	-0.00004	-0.00039	0.023	0.002000	80000.000000	80000.000000	0.0000	0.0000	0.0000	0.0000
6.1680	1824.59	4500.25	10.0	-1.0	-1829.9	-4539.1	-1.0000	-1.0000	-0.00004	-0.00039	0.023	0.002000	80000.000000	80000.000000	0.0000	0.0000	0.0000	0.0000
6.1700	1822.94	4500.92	10.0	-1.0	-1828.3	-4539.7	-1.0000	-1.0000	-0.00004	-0.00039	0.023	0.002000	80000.000000	80000.000000	0.0000	0.0000	0.0000	0.0000
6.1720	1821.30	4501.58	10.0	-1.0	-1826.6	-4540.3	-1.0000	-1.0000	-0.00004	-0.00039	0.023	0.002000	80000.000000	80000.000000	0.0000	0.0000	0.0000	0.0000
6.1740	1819.65	4502.25	10.0	-1.0	-1824.9	-4540.9	-1.0000	-1.0000	-0.00004	-0.00039	0.023	0.002000	80000.000000	80000.000000	0.0000	0.0000	0.0000	0.0000
6.1760	1818.01	4502.91	10.0	-1.0	-1823.2	-4541.5	-1.0000	-1.0000	-0.00004	-0.00039	0.023	0.002000	80000.000000	80000.000000	0.0000	0.0000	0.0000	0.0000
6.1780	1816.36	4503.58	10.0	-1.0	-1821.5	-4542.1	-1.0000	-1.0000	-0.00004	-0.00039	0.023	0.002000	80000.000000	80000.000000	0.0000	0.0000	0.0000	0.0000
6.1800	1814.72	4504.24	10.0	-1.0	-1819.8	-4542.7	-1.0000	-1.0000	-0.00004	-0.00039	0.023	0.002000	80000.000000	80000.000000	0.0000	0.0000	0.0000	0.0000
6.1820	1813.07	4504.91	10.0	-1.0	-1818.1	-4543.3	-1.0000	-1.0000	-0.00004	-0.00039	0.023	0.002000	80000.000000	80000.000000	0.0000	0.0000	0.0000	0.0000
6.1840	1811.42	4505.57	10.0	-1.0	-1816.4	-4543.9	-1.0000	-1.0000	-0.00004	-0.00039	0.023	0.002000	80000.000000	80000.000000	0.0000	0.0000	0.0000	0.0000
6.1860	1809.78	4506.23	10.0	-1.0	-1814.7	-4544.5	-1.0000	-1.0000	-0.00004	-0.00039	0.023	0.002000	80000.000000	80000.000000	0.0000	0.0000	0.0000	0.0000
6.1880	1808.13	4506.89	10.0	-1.0	-1813.0	-4545.1	-1.0000	-1.0000	-0.00004	-0.00039	0.023	0.002000	80000.000000	80000.000000	0.0000	0.0000	0.0000	0.0000
6.1900	1806.48	4507.55	10.0	-1.0	-1811.4	-4545.7	-1.0000	-1.0000	-0.00004	-0.00039	0.023	0.002000	80000.000000	80000.000000	0.0000	0.0000	0.0000	0.0000
6.1920	1804.83	4508.21	10.0	-1.0	-1809.7	-4546.2	-1.0000	-1.0000	-0.00004	-0.00039	0.023	0.002000	80000.000000	80000.000000	0.0000	0.0000	0.0000	0.0000
6.1940	1803.19	4508.87	10.0	-1.0	-1808.0	-4546.8	-1.0000	-1.0000	-0.00004	-0.00039	0.023	0.002000	80000.000000	80000.000000	0.0000	0.0000	0.0000	0.0000
6.1960	1801.54	4509.52	10.0	-1.0	-1806.3	-4547.4	-1.0000	-1.0000	-0.00004	-0.00039	0.023	0.002000	80000.000000	80000.000000	0.0000	0.0000	0.0000	0.0000
6.1980	1799.89	4510.18	10.0	-1.0	-1804.6	-4548.0	-1.0000	-1.0000	-0.00004	-0.00039	0.023	0.002000	80000.000000	80000.000000	0.0000	0.0000	0.0000	0.0000
6.2000	1798.24	4510.83	10.0	-1.0	-1802.9	-4548.6	-1.0000	-1.0000	-0.00004	-0.00039	0.023	0.002000	80000.000000	80000.000000	0.0000	0.0000	0.0000	0.0000
6.2020	1796.59	4511.49	10.0	-1.0	-1801.2	-4549.2	-1.0000	-1.0000	-0.00004	-0.00039	0.023	0.002000	80000.000000	80000.000000	0.0000	0.0000	0.0000	0.0000
6.2040	1794.94	4512.14	10.0	-1.0	-1799.5	-4549.8	-1.0000	-1.0000	-0.00004	-0.00039	0.023	0.002000	80000.000000	80000.000000	0.0000	0.0000	0.0000	0.0000
6.2060	1793.29	4512.80	10.0	-1.0	-1797.8	-4550.4	-1.0000	-1.0000	-0.00004	-0.00039	0.023	0.002000	80000.000000	80000.000000	0.0000	0.0000	0.0000	0.0000
6.2080	1791.64	4513.45	10.0	-1.0	-1796.1	-4550.9	-1.0000	-1.0000	-0.00004	-0.00039	0.023	0.002000	80000.000000	80000.000000	0.0000	0.0000	0.0000	0.0000
6.2100	1789.99	4514.10	10.0	-1.0	-1794.4	-4551.5	-1.0000	-1.0000	-0.00004	-0.00039	0.023	0.002000	80000.000000	80000.000000	0.0000	0.0000	0.0000	0.0000
6.2120	1788.34	4514.75	10.0	-1.0	-1792.7	-4552.1	-1.0000	-1.0000	-0.00004	-0.00039	0.023	0.002000	80000.000000	80000.000000	0.0000	0.0000	0.0000	0.0000
6.2140	1786.68	4515.40	10.0	-1.0	-1791.0	-4552.7	-1.0000	-1.0000	-0.00004	-0.00039	0.023	0.002000	80000.000000	80000.000000	0.0000	0.0000	0.0000	0.0000
6.2160	1785.03	4516.05	10.0	-1.0	-1789.3	-4553.3	-1.0000	-1.0000	-0.00004	-0.00039	0.023	0.002000	80000.000000	80000.000000	0.0000	0.0000	0.0000	0.0000
6.2180	1783.38	4516.70	10.0	-1.0	-1787.7	-4553.9	-1.0000	-1.0000	-0.00004	-0.00039	0.023	0.002000	80000.000000	80000.000000	0.0000	0.0000	0.0000	0.0000
6.2200	1781.73	4517.35	10.0	-1.0	-1786.0	-4554.4	-1.0000	-1.0000	-0.00004	-0.00039	0.023	0.002000	80000.000000	80000.000000	0.0000	0.0000	0.0000	0.0000
6.2220	1780.07	4517.99	10.0	-1.0	-1784.3	-4555.0	-1.0000	-1.0000	-0.00004	-0.00039	0.023	0.002000	80000.000000	80000.000000	0.0000	0.0000	0.0000	0.0000
6.2240	1778.42	4518.64	10.0	-1.0	-1782.6	-4555.6	-1.0000	-1.0000	-0.00004	-0.00039	0.023	0.002000	80000.000000	80000.000000	0.0000	0.0000	0.0000	0.0000
6.2260	1776.77	4519.28	10.0	-1.0	-1780.9	-4556.2	-1.0000	-1.0000	-0.00004	-0.00039	0.023	0.002000	80000.000000	80000.000000	0.0000	0.0000	0.0000	0.0000
6.2280	1775.11	4519.93	10.0	-1.0	-1779.2	-4556.7	-1.0000	-1.0000	-0.00004	-0.00039	0.023	0.002000	80000.000000	80000.000000	0.0000	0.0000	0.0000	0.0000
6.2300	1773.46	4520.57	10.0	-1.0	-1777.5	-4557.3	-1.0000	-1.0000	-0.00004	-0.00039	0.023	0.002000	80000.000000	80000.000000	0.0000	0.0000	0.0000	0.0000
6.2320	1771.80	4521.22	10.0	-1.0	-1775.8	-4557.9	-1.0000	-1.0000	-0.00004	-0.00039	0.023	0.002000	80000.000000	80000.000000	0.0000	0.0000	0.0000	0.0000
6.2340	1770.15	4521.86	10.0	-1.0	-1774.1	-4558.5	-1.0000	-1.0000	-0.00004	-0.00039	0.023	0.002000	80000.000000	80000.000000	0.0000	0.0000	0.0000	0.0000
6.2360	1768.49	4522.50	10.0	-1.0	-1772.4	-4559.1	-1.0000	-1.0000	-0.00004	-0.00039	0.023	0.002000	80000.000000	80000.000000	0.0000	0.0000	0.0000	0.0000
6.2380	1766.84	4523.14	10.0	-1.0	-1770.7	-4559.6	-1.0000	-1.0000	-0.00004	-0.00039	0.023	0.002000	80000.000000	80000.000000	0.0000	0.0000	0.0000	0.0000
6.2400	1765.18	4523.78	10.0	-1.0	-1769.0	-4560.2	-1.0000	-1.0000	-0.00004	-0.00039	0.023	0.002000	80000.000000	80000.000000	0.0000	0.0000	0.0000	0.0000
6.2420	1763.52	4524.42	10.0	-1.0	-1767.3	-4560.8	-1.0000	-1.0000	-0.00004	-0.00039	0.023	0.002000	80000.000000	80000.000000	0.0000	0.0000	0.0000	0.0000
6.2440	1761.87	4525.06	10.0	-1.0	-1765.6	-4561.3	-1.0000	-1.0000	-0.00004	-0.00039	0.023	0.002000	80000.000000	80000.000000	0.0000	0.0000	0.0000	0.0000
6.2460	1760.21	4525.69	10.0	-1.0	-1763.9	-4561.9	-1.0000	-1.0000	-0.00004	-0.00039	0.023	0.002000	80000.000000	80000.000000	0.0000	0.0000	0.0000	0.0000
6.2480	1758.55	4526.33	10.0	-1.0	-1762.2	-4562.5	-1.0000	-1.0000	-0.00004	-0.00039	0.023	0.002000	80000.000000	80000.000000	0.0000	0.0000	0.0000	0.0000
6.2500	1756.89	4526.96	10.0	-1.0	-1760.5	-4563.1	-1.0000	-1.0000	-0.00004	-0.00039	0.023	0.002000	80000.000000	80000.000000	0.0000	0.0000	0.0000	0.0000
6.2520	1755.23	4527.60	10.0	-1.0	-1758.8	-4563.6	-1.0000	-1.0000	-0.00004	-0.00039	0.023	0.002000	80000.000000	80000.000000	0.0000	0.0000	0.0000	0.0000
6.2540	1753.57	4528.23	10.0	-1.0	-1757.1	-4564.2	-1.0000	-1.0000	-0.00004	-0.00039	0.023	0.002000	80000.000000	80000.000000	0.0000	0.0000	0.0000	0.0000
6.2560	1751.92	4528.87	10.0	-1.0	-1755.4	-4564.8	-1.0000	-1.0000	-0.00004	-0.00039	0.023	0.002000	80000.000000	80000.000000	0.0000	0.0000	0.0000	0.0000
6.2580	1750.26	4529.50	10.0	-1.0	-1753.7	-4565.3	-1.0000	-1.0000	-0.00004	-0.00039	0.023	0.002000	80000.000000	80000.000000	0.0000	0.0000	0.0000	0.0000
6.2600	1748.60	4530.13	10.0	-1.0	-1752.0	-4565.9	-1.0000	-1.0000	-0.00004	-0.00039	0.023	0.002000	80000.000000	80000.000000	0.0000	0.0000	0.0000	0.0000
6.2620	1746.94	4530.76	10.0	-1.0	-1750.3	-4566.5	-1.0000	-1.0000	-0.00004	-0.00039	0.023	0.002000	80000.000000	80000.000000	0.0000	0.0000	0.0000	0.0000
6.2640	1745.28	4531.39	10.0	-1.0	-1748.6	-4567.0	-1.0000	-1.0000	-0.00004	-0.00039	0.023	0.002000	80000.000000	80000.000000	0.0000	0.0000	0.0000	0.0000
6.2660	1743.62	4532.02	10.0	-1.0	-1746.9	-4567.6	-1.0000	-1.0000	-0.00004	-0.00039	0.023	0.002000	80000.000000	80000.000000	0.0000	0.0000	0.0000	0.0000
6.2680	1741.95	4532.65	10.0	-1.0	-1745.2	-4568.2	-1.0000	-1.0000	-0.00004	-0.00039	0.023	0.002000	80000.000000	80000.000000	0.0000	0.0000	0.0000	0.0000
6.2700	1740.29	4533.28	10.0	-1.0	-1743.5	-4568.7	-1.0000	-1.0000	-0.00004	-0.00039	0.023	0.002000	80000.000000	80000.000000	0.0000	0.0000	0.0000	0.0000
6.2720	1738.63	4533.90	10.0	-1.0	-1741.8	-4569.3	-1.0000	-1.0000	-0.00004	-0.00039	0.023	0.002000	80000.000000	80000.000000	0.0000	0.0000	0.0000	0.0000
6.2740	1736.97	4534.53	10.0	-1.0	-1740.1	-4569.8	-1.0000	-1.0000	-0.00004	-0.00039	0.023	0.002000	80000.000000	80000.000000	0.0000	0.0000	0.0000	0.0000
6.2760	1735.31	4535.15	10.0	-1.0	-1738.4	-4570.4	-1.0000	-1.0000	-0.00004	-0.00039	0.023	0.002000	80000.000000	80000.000000	0.0000	0.0000	0.0000	0.0000
6.2780	1733.64	4535.78	10.0	-1.0	-1736.7	-4571.0	-1.0000	-1.0000	-0.00004	-0.00039	0.023	0.002000	80000.000000	80000.000000	0.0000	0.0000	0.0000	0.0000
6.2800	1731.98	4536.40	10.0	-1.0	-1735.0	-4571.5	-1.0000	-1.0000	-0.00004	-0.00039	0.023	0.002000	80000.000000	80000.000000	0.0000	0.0000	0.0000	0.0000
6.2820	1730.32	4537.03	10.0	-1.0	-1733.3	-4572.1	-1.0000	-1.0000	-0.00004	-0.00039	0.023	0.002000	80000.000000	80000.000000	0.0000	0.0000	0.0000	0.0000
6.2840	1728.65	4537.65	10.0	-1.0	-1731.6	-4572.6	-1.0000	-1.0000	-0.00004	-0.00039	0.023	0.002000	80000.000000	80000.000000	0.0000	0.0000	0.0000	0.0000
6.2860	1726.99	4538.27	10.0	-1.0	-1729.9	-4573.2	-1.0000	-1.0000	-0.00004	-0.00039	0.023	0.002000	80000.000000	80000.000000	0.0000	0.0000	0.0000	0.0000
6.2880	1725.33	4538.89	10.0	-1.0	-1728.2	-4573.8	-1.0000	-1.0000	-0.00004	-0.00039	0.023	0.002000	80000.000000	80000.000000	0.0000	0.0000	0.0000	0.0000
6.2900	1723.66	4539.51	10.0	-1.0	-1726.5	-4574.3	-1.0000	-1.0000	-0.00004	-0.00039	0.023	0.002000	80000.000000	80000.000000	0.0000	0.0000	0.0000	0.0000
6.2920	1722.00	4540.13	10.0	-1.0	-1724.8	-4574.9	-1.0000	-1.0000	-0.00004	-0.00039	0.023	0.002000	80000.000000	80000.000000	0.0000	0.0000	0.0000	0.0000
6.2940	1720.33	4540.75	10.0	-1.0	-1723.1	-4575.4	-1.0000	-1.0000	-0.00004	-0.00039	0.023	0.002000	80000.000000	80000.000000	0.0000	0.0000	0.0000	0.0000
6.2960	1718.66	4541.36	10.0	-1.0	-1721.4	-4576.0	-1.0000	-1.0000	-0.00004	-0.00039	0.023	0.002000	80000.000000	80000.000000	0.0000	0.0000	0.0000	0.0000
6.2980	1717.00	4541.98	10.0	-1.0	-1719.7	-4576.5	-1.0000	-1.0000	-0.00004	-0.00039	0.023	0.002000	80000.000000	80000.000000	0.0000	0.0000	0.0000	0.0000
6.3000	1715.33	4542.60	10.0	-1.0	-1718.0	-4577.1	-1.0000	-1.0000	-0.00004	-0.00039	0.023	0.002000	80000.000000	80000.000000	0.0000	0.0000	0.0000	0.0000
6.3020	1713.66	4543.21	10.0	-1.0	-1716.3	-4577.6	-1.0000	-1.0000	-0.00004	-0.00039	0.023	0.002000	80000.000000	80000.000000	0.0000	0.0000	0.0000	0.0000
6.3040	1712.00	4543.82	10.0	-1.0	-1714.6	-4578.2	-1.0000	-1.0000	-0.00004	-0.00039	0.023	0.002000	80000.000000	80000.000000	0.0000	0.0000	0.0000	0.0000
6.3060	1710.33	4544.44	10.0	-1.0	-1712.9	-4578.7	-1.0000	-1.0000	-0.00004	-0.00039	0.023	0.002000	80000.000000	80000.000000	0.0000	0.0000	0.0000	0.0000
6.3080	1708.66	4545.05	10.0	-1.0	-1711.2	-4579.3	-1.0000	-1.0000	-0.00004	-0.00039	0.023	0.002000	80000.000000	80000.000000	0.0000	0.0000	0.0000	0.0000
6.3100	1706.99	4545.66	10.0	-1.0	-1709.5	-4579.8	-1.0000	-1.0000	-0.00004	-0.00039	0.023	0.002000	80000.000000	80000.000000	0.0000	0.0000	0.0000	0.0000
6.3120	1705.33	4546.27	10.0	-1.0	-1707.7	-4580.4	-1.0000	-1.0000	-0.00004	-0.00039	0.023	0.002000	80000.000000	80000.000000	0.0000	0.0000	0.0000	0.0000
6.3140	1703.66	4546.88	10.0	-1.0	-1706.0	-4580.9	-1.0000	-1.0000	-0.00004	-0.00039	0.023	0.002000	80000.000000	80000.000000	0.0000	0.0000	0.0000	0.0000
6.3160	1701.99	4547.49	10.0	-1.0	-1704.3	-4581.5	-1.0000	-1.0000	-0.00004	-0.00039	0.023	0.002000	80000.000000	80000.000000	0.0000	0.0000	0.0000	0.0000
6.3180	1700.32	4548.10	10.0	-1.0	-1702.6	-4582.0	-1.0000	-1.0000	-0.00004	-0.00039	0.023	0.002000	80000.000000	80000.000000	0.0000	0.0000	0.0000	0.0000
6.3200	1698.65	4548.71	10.0	-1.0	-1700.9	-4582.6	-1.0000	-1.0000	-0.00004	-0.00039	0.023	0.002000	80000.000000	80000.000000	0.0000	0.0000	0.0000	0.0000
6.3220	1696.98	4549.32	10.0	-1.0	-1699.2	-4583.1	-1.0000	-1.0000	-0.00004	-0.00039	0.023	0.002000	80000.000000	80000.000000	0.0000	0.0000	0.0000	0.0000
6.3240	1695.31	4549.92	10.0	-1.0	-1697.5	-4583.7	-1.0000	-1.0000	-0.00004	-0.00039	0.023	0.002000	80000.000000	80000.000000	0.0000	0.0000	0.0000	0.0000
6.3260	1693.64	4550.53	10.0	-1.0	-1695.8	-4584.2	-1.0000	-1.0000	-0.00004	-0.00039	0.023	0.002000	80000.000000	80000.000000	0.0000	0.0000	0.0000	0.0000
6.3280	1691.97	4551.13	10.0	-1.0	-1694.1	-4584.8	-1.0000	-1.0000	-0.00004	-0.00039	0.023	0.002000	80000.000000	80000.000000	0.0000	0.0000	0.0000	0.0000
6.3300	1690.30	4551.74	10.0	-1.0	-1692.4	-4585.3	-1.0000	-1.0000	-0.00004	-0.00039	0.023	0.002000	80000.000000	80000.000000	0.0000	0.0000	0.0000	0.0000
6.3320	1688.62	4552.34	10.0	-1.0	-1690.7	-4585.8	-1.0000	-1.0000	-0.00004	-0.00039	0.023	0.002000	80000.000000	80000.000000	0.0000	0.0000	0.0000	0.0000
6.3340	1686.95	4552.94	10.0	-1.0	-1689.0	-4586.4	-1.0000	-1.0000	-0.00004	-0.00039	0.023	0.002000	80000.000000	80000.000000	0.0000	0.0000	0.0000	0.0000
6.3360	1685.28	4553.54	10.0	-1.0	-1687.3	-4586.9	-1.0000	-1.0000	-0.00004	-0.00039	0.023	0.002000	80000.000000	80000.000000	0.0000	0.0000	0.0000	0.0000
6.3380	1683.61	4554.14	10.0	-1.0	-1685.6	-4587.5	-1.0000	-1.0000	-0.00004	-0.00039	0.023	0.002000	80000.000000	80000.000000	0.0000	0.0000	0.0000	0.0000
6.3400	1681.94	4554.74	10.0	-1.0	-1683.8	-4588.0	-1.0000	-1.0000	-0.00004	-0.00039	0.023	0.002000	80000.000000	80000.000000	0.0000	0.0000	0.0000	0.0000
6.3420	1680.26	4555.34	10.0	-1.0	-1682.1	-4588.5	-1.0000	-1.0000	-0.00004	-0.00039	0.023	0.002000	80000.000000	80000.000000	0.0000	0.0000	0.0000	0.0000
6.3440	1677.60	4555.94	9.0	-1.0	-1680.4	-4589.1	-1.0000	-1.0000	-0.00004	-0.00035	0.020	0.002000	80000.000000	80000.000000	0.0000	0.0000	0.0000	0.0000
6.3460	1676.91	4556.54	10.0	-1.0	-1678.7	-4589.6	-1.0000	-1.0000	-0.00004	-0.00039	0.023	0.002000	80000.000000	80000.000000	0.0000	0.0000	0.0000	0.0000
6.3480	1675.24	4557.13	10.0	-1.0	-1677.0	-4590.1	-1.0000	-1.0000	-0.00004	-0.00039	0.023	0.002000	80000.000000	80000.000000	0.0000	0.0000	0.0000	0.0000
6.3500	1673.57	4557.73	10.0	-1.0	-1675.3	-4590.7	-1.0000	-1.0000	-0.00004	-0.00039	0.023	0.002000	80000.000000	80000.000000	0.0000	0.0000	0.0000	0.0000
6.3520	1671.89	4558.32	10.0	-1.0	-1673.6	-4591.2	-1.0000	-1.0000	-0.00004	-0.00039	0.023	0.002000	80000.000000	80000.000000	0.0000	0.0000	0.0000	0.0000
6.3540	1670.22	4558.92	10.0	-1.0	-1671.9	-4591.8	-1.0000	-1.0000	-0.00004	-0.00039	0.023	0.002000	80000.000000	80000.000000	0.0000	0.0000	0.0000	0.0000
6.3560	1668.54	4559.51	10.0	-1.0	-1670.2	-4592.3	-1.0000	-1.0000	-0.00004	-0.00039	0.023	0.002000	80000.000000	80000.000000	0.0000	0.0000	0.0000	0.0000
6.3580	1666.87	4560.10	10.0	-1.0	-1668.5	-4592.8	-1.0000	-1.0000	-0.00004	-0.00039	0.023	0.002000	80000.000000	80000.000000	0.0000	0.0000	0.0000	0.0000
6.3600	1665.19	4560.70	10.0	-1.0	-1666.7	-4593.4	-1.0000	-1.0000	-0.00004	-0.00039	0.023	0.002000	80000.000000	80000.000000	0.0000	0.0000	0.0000	0.0000
6.3620	1663.51	4561.29	10.0	-1.0	-1665.0	-4593.9	-1.0000	-1.0000	-0.00004	-0.00039	0.023	0.002000	80000.000000	80000.000000	0.0000	0.0000	0.0000	0.0000
6.3640	1661.84	4561.88	10.0	-1.0	-1663.3	-4594.4	-1.0000	-1.0000	-0.00004	-0.00039	0.023	0.002000	80000.000000	80000.000000	0.0000	0.0000	0.0000	0.0000
6.3660	1660.16	4562.47	10.0	-1.0	-1661.6	-4594.9	-1.0000	-1.0000	-0.00004	-0.00039	0.023	0.002000	80000.000000	80000.000000	0.0000	0.0000	0.0000	0.0000
6.3680	1658.48	4563.06	10.0	-1.0	-1659.9	-4595.5	-1.0000	-1.0000	-0.00004	-0.00039	0.023	0.002000	80000.000000	80000.000000	0.0000	0.0000	0.0000	0.0000
6.3700	1656.80	4563.64	10.0	-1.0	-1658.2	-4596.0	-1.0000	-1.0000	-0.00004	-0.00039	0.023	0.002000	80000.000000	80000.000000	0.0000	0.0000	0.0000	0.0000
6.3720	1655.13	4564.23	10.0	-1.0	-1656.5	-4596.5	-1.0000	-1.0000	-0.00004	-0.00039	0.023	0.002000	80000.000000	80000.000000	0.0000	0.0000	0.0000	0.0000
6.3740	1653.45	4564.82	10.0	-1.0	-1654.8	-4597.1	-1.0000	-1.0000	-0.00004	-0.00039	0.023	0.002000	80000.000000	80000.000000	0.0000	0.0000	0.0000	0.0000
6.3760	1651.77	4565.40	10.0	-1.0	-1653.1	-4597.6	-1.0000	-1.0000	-0.00004	-0.00039	0.023	0.002000	80000.000000	80000.000000	0.0000	0.0000	0.0000	0.0000
6.3780	1650.09	4565.99	10.0	-1.0	-1651.3	-4598.1	-1.0000	-1.0000	-0.00004	-0.00039	0.023	0.002000	80000.000000	80000.000000	0.0000	0.0000	0.0000	0.0000
6.3800	1648.41	4566.57	10.0	-1.0	-1649.6	-4598.6	-1.0000	-1.0000	-0.00004	-0.00039	0.023	0.002000	80000.000000	80000.000000	0.0000	0.0000	0.0000	0.0000
6.3820	1646.73	4567.15	10.0	-1.0	-1647.9	-4599.2	-1.0000	-1.0000	-0.00004	-0.00039	0.023	0.002000	80000.000000	80000.000000	0.0000	0.0000	0.0000	0.0000
6.3840	1645.05	4567.74	10.0	-1.0	-1646.2	-4599.7	-1.0000	-1.0000	-0.00004	-0.00039	0.023	0.002000	80000.000000	80000.000000	0.0000	0.0000	0.0000	0.0000
6.3860	1643.37	4568.32	10.0	-1.0	-1644.5	-4600.2	-1.0000	-1.0000	-0.00004	-0.00039	0.023	0.002000	80000.000000	80000.000000	0.0000	0.0000	0.0000	0.0000
6.3880	1641.69	4568.90	10.0	-1.0	-1642.8	-4600.7	-1.0000	-1.0000	-0.00004	-0.00039	0.023	0.002000	80000.000000	80000.000000	0.0000	0.0000	0.0000	0.0000
6.3900	1640.01	4569.48	10.0	-1.0	-1641.1	-4601.3	-1.0000	-1.0000	-0.00004	-0.00039	0.023	0.002000	80000.000000	80000.000000	0.0000	0.0000	0.0000	0.0000
6.3920	1638.33	4570.06	10.0	-1.0	-1639.3	-4601.8	-1.0000	-1.0000	-0.00004	-0.00039	0.023	0.002000	80000.000000	80000.000000	0.0000	0.0000	0.0000	0.0000
6.3940	1636.65	4570.64	10.0	-1.0	-1637.6	-4602.3	-1.0000	-1.0000	-0.00004	-0.00039	0.023	0.002000	80000.000000	80000.000000	0.0000	0.0000	0.0000	0.0000
6.3960	1634.97	4571.21	10.0	-1.0	-1635.9	-4602.8	-1.0000	-1.0000	-0.00004	-0.00039	0.023	0.002000	80000.000000	80000.000000	0.0000	0.0000	0.0000	0.0000
6.3980	1633.29	4571.79	10.0	-1.0	-1634.2	-4603.3	-1.0000	-1.0000	-0.00004	-0.00039	0.023	0.002000	80000.000000	80000.000000	0.0000	0.0000	0.0000	0.0000
6.4000	1631.60	4572.37	10.0	-1.0	-1632.5	-4603.9	-1.0000	-1.0000	-0.00004	-0.00039	0.023	0.002000	80000.000000	80000.000000	0.0000	0.0000	0.0000	0.0000
6.4020	1628.93	4572.94	9.0	-1.0	-1630.8	-4604.4	-1.0000	-1.0000	-0.00004	-0.00035	0.020	0.002000	80000.000000	80000.000000	0.0000	0.0000	0.0000	0.0000
6.4040	1628.24	4573.52	10.0	-1.0	-1629.1	-4604.9	-1.0000	-1.0000	-0.00004	-0.00039	0.023	0.002000	80000.000000	80000.000000	0.0000	0.0000	0.0000	0.0000
6.4060	1626.56	4574.09	10.0	-1.0	-1627.3	-4605.4	-1.0000	-1.0000	-0.00004	-0.00039	0.023	0.002000	80000.000000	80000.000000	0.0000	0.0000	0.0000	0.0000
6.4080	1624.87	4574.66	10.0	-1.0	-1625.6	-4605.9	-1.0000	-1.0000	-0.00004	-0.00039	0.023	0.002000	80000.000000	80000.000000	0.0000	0.0000	0.0000	0.0000
6.4100	1623.19	4575.23	10.0	-1.0	-1623.9	-4606.4	-1.0000	-1.0000	-0.00004	-0.00039	0.023	0.002000	80000.000000	80000.000000	0.0000	0.0000	0.0000	0.0000
6.4120	1621.50	4575.81	10.0	-1.0	-1622.2	-4607.0	-1.0000	-1.0000	-0.00004	-0.00039	0.023	0.002000	80000.000000	80000.000000	0.0000	0.0000	0.0000	0.0000
6.4140	1619.82	4576.38	10.0	-1.0	-1620.5	-4607.5	-1.0000	-1.0000	-0.00004	-0.00039	0.023	0.002000	80000.000000	80000.000000	0.0000	0.0000	0.0000	0.0000
6.4160	1618.14	4576.95	10.0	-1.0	-1618.8	-4608.0	-1.0000	-1.0000	-0.00004	-0.00039	0.023	0.002000	80000.000000	80000.000000	0.0000	0.0000	0.0000	0.0000
6.4180	1616.45	4577.52	10.0	-1.0	-1617.0	-4608.5	-1.0000	-1.0000	-0.00004	-0.00039	0.023	0.002000	80000.000000	80000.000000	0.0000	0.0000	0.0000	0.0000
6.4200	1614.77	4578.08	10.0	-1.0	-1615.3	-4609.0	-1.0000	-1.0000	-0.00004	-0.00039	0.023	0.002000	80000.000000	80000.000000	0.0000	0.0000	0.0000	0.0000
6.4220	1613.08	4578.65	10.0	-1.0	-1613.6	-4609.5	-1.0000	-1.0000	-0.00004	-0.00039	0.023	0.002000	80000.000000	80000.000000	0.0000	0.0000	0.0000	0.0000
6.4240	1611.39	4579.22	10.0	-1.0	-1611.9	-4610.0	-1.0000	-1.0000	-0.00004	-0.00039	0.023	0.002000	80000.000000	80000.000000	0.0000	0.0000	0.0000	0.0000
6.4260	1609.71	4579.78	10.0	-1.0	-1610.2	-4610.5	-1.0000	-1.0000	-0.00004	-0.00039	0.023	0.002000	80000.000000	80000.000000	0.0000	0.0000	0.0000	0.0000
6.4280	1608.02	4580.35	10.0	-1.0	-1608.4	-4611.0	-1.0000	-1.0000	-0.00004	-0.00039	0.023	0.002000	80000.000000	80000.000000	0.0000	0.0000	0.0000	0.0000
6.4300	1606.34	4580.91	10.0	-1.0	-1606.7	-4611.6	-1.0000	-1.0000	-0.00004	-0.00039	0.023	0.002000	80000.000000	80000.000000	0.0000	0.0000	0.0000	0.0000
6.4320	1604.65	4581.48	10.0	-1.0	-1605.0	-4612.1	-1.0000	-1.0000	-0.00004	-0.00039	0.023	0.002000	80000.000000	80000.000000	0.0000	0.0000	0.0000	0.0000
6.4340	1602.96	4582.04	10.0	-1.0	-1603.3	-4612.6	-1.0000	-1.0000	-0.00004	-0.00039	0.023	0.002000	80000.000000	80000.000000	0.0000	0.0000	0.0000	0.0000
6.4360	1601.27	4583.59	10.0	0.0	-1601.6	-4613.1	-1.0000	-1.0000	0.00000	-0.00039	0.022	0.002000	80000.000000	80000.000000	0.0000	0.0000	0.0000	0.0000
6.4380	1599.59	4583.16	10.0	-1.0	-1599.9	-4613.6	-1.0000	-1.0000	-0.00004	-0.00039	0.023	0.002000	80000.000000	80000.000000	0.0000	0.0000	0.0000	0.0000
6.4400	1597.90	4583.72	10.0	-1.0	-1598.1	-4614.1	-1.0000	-1.0000	-0.00004	-0.00039	0.023	0.002000	80000.000000	80000.000000	0.0000	0.0000	0.0000	0.0000
6.4420	1596.21	4584.28	10.0	-1.0	-1596.4	-4614.6	-1.0000	-1.0000	-0.00004	-0.00039	0.023	0.002000	80000.000000	80000.000000	0.0000	0.0000	0.0000	0.0000
6.4440	1594.52	4584.84	10.0	-1.0	-1594.7	-4615.1	-1.0000	-1.0000	-0.00004	-0.00039	0.023	0.002000	80000.000000	80000.000000	0.0000	0.0000	0.0000	0.0000
6.4460	1592.83	4585.40	10.0	-1.0	-1593.0	-4615.6	-1.0000	-1.0000	-0.00004	-0.00039	0.023	0.002000	80000.000000	80000.000000	0.0000	0.0000	0.0000	0.0000
6.4480	1591.14	4585.95	10.0	-1.0	-1591.3	-4616.1	-1.0000	-1.0000	-0.00004	-0.00039	0.023	0.002000	80000.000000	80000.000000	0.0000	0.0000	0.0000	0.0000
6.4500	1589.45	4586.51	10.0	-1.0	-1589.5	-4616.6	-1.0000	-1.0000	-0.00004	-0.00039	0.023	0.002000	80000.000000	80000.000000	0.0000	0.0000	0.0000	0.0000
6.4520	1587.76	4587.06	10.0	-1.0	-1587.8	-4617.1	-1.0000	-1.0000	-0.00004	-0.00039	0.023	0.002000	80000.000000	80000.000000	0.0000	0.0000	0.0000	0.0000
6.4540	1586.07	4587.62	10.0	-1.0	-1586.1	-4617.6	-1.0000	-1.0000	-0.00004	-0.00039	0.023	0.002000	80000.000000	80000.000000	0.0000	0.0000	0.0000	0.0000
6.4560	1584.38	4588.17	10.0	-1.0	-1584.4	-4618.1	-1.0000	-1.0000	-0.00004	-0.00039	0.023	0.002000	80000.000000	80000.000000	0.0000	0.0000	0.0000	0.0000
6.4580	1582.69	4588.73	10.0	-1.0	-1582.6	-4618.6	-1.0000	-1.0000	-0.00004	-0.00039	0.023	0.002000	80000.000000	80000.000000	0.0000	0.0000	0.0000	0.0000
6.4600	1581.00	4589.28	10.0	-1.0	-1580.9	-4619.1	-1.0000	-1.0000	-0.00004	-0.00039	0.023	0.002000	80000.000000	80000.000000	0.0000	0.0000	0.0000	0.0000
6.4620	1579.31	4589.83	10.0	-1.0	-1579.2	-4619.6	-1.0000	-1.0000	-0.00004	-0.00039	0.023	0.002000	80000.000000	80000.000000	0.0000	0.0000	0.0000	0.0000
6.4640	1577.62	4590.38	10.0	-1.0	-1577.5	-4620.1	-1.0000	-1.0000	-0.00004	-0.00039	0.023	0.002000	80000.000000	80000.000000	0.0000	0.0000	0.0000	0.0000
6.4660	1575.93	4590.93	10.0	-1.0	-1575.8	-4620.6	-1.0000	-1.0000	-0.00004	-0.00039	0.023	0.002000	80000.000000	80000.000000	0.0000	0.0000	0.0000	0.0000
6.4680	1574.23	4591.48	10.0	-1.0	-1574.0	-4621.1	-1.0000	-1.0000	-0.00004	-0.00039	0.023	0.002000	80000.000000	80000.000000	0.0000	0.0000	0.0000	0.0000
6.4700	1572.54	4592.03	10.0	-1.0	-1572.3	-4621.6	-1.0000	-1.0000	-0.00004	-0.00039	0.023	0.002000	80000.000000	80000.000000	0.0000	0.0000	0.0000	0.0000
6.4720	1569.85	4592.58	9.0	-1.0	-1570.6	-4622.1	-1.0000	-1.0000	-0.00004	-0.00035	0.020	0.002000	80000.000000	80000.000000	0.0000	0.0000	0.0000	0.0000
6.4740	1569.15	4593.12	10.0	-1.0	-1568.9	-4622.6	-1.0000	-1.0000	-0.00004	-0.00039	0.023	0.002000	80000.000000	80000.000000	0.0000	0.0000	0.0000	0.0000
6.4760	1567.46	4593.67	10.0	-1.0	-1567.1	-4623.1	-1.0000	-1.0000	-0.00004	-0.00039	0.023	0.002000	80000.000000	80000.000000	0.0000	0.0000	0.0000	0.0000
6.4780	1565.77	4594.21	10.0	-1.0	-1565.4	-4623.5	-1.0000	-1.0000	-0.00004	-0.00039	0.023	0.002000	80000.000000	80000.000000	0.0000	0.0000	0.0000	0.0000
6.4800	1564.07	4594.76	10.0	-1.0	-1563.7	-4624.0	-1.0000	-1.0000	-0.00004	-0.00039	0.023	0.002000	80000.000000	80000.000000	0.0000	0.0000	0.0000	0.0000
6.4820	1562.38	4595.30	10.0	-1.0	-1562.0	-4624.5	-1.0000	-1.0000	-0.00004	-0.00039	0.023	0.002000	80000.000000	80000.000000	0.0000	0.0000	0.0000	0.0000
6.4840	1560.69	4595.84	10.0	-1.0	-1560.3	-4625.0	-1.0000	-1.0000	-0.00004	-0.00039	0.023	0.002000	80000.000000	80000.000000	0.0000	0.0000	0.0000	0.0000
6.4860	1558.99	4596.39	10.0	-1.0	-1558.5	-4625.5	-1.0000	-1.0000	-0.00004	-0.00039	0.023	0.002000	80000.000000	80000.000000	0.0000	0.0000	0.0000	0.0000
6.4880	1557.30	4596.93	10.0	-1.0	-1556.8	-4626.0	-1.0000	-1.0000	-0.00004	-0.00039	0.023	0.002000	80000.000000	80000.000000	0.0000	0.0000	0.0000	0.0000
6.4900	1555.60	4597.47	10.0	-1.0	-1555.1	-4626.5	-1.0000	-1.0000	-0.00004	-0.00039	0.023	0.002000	80000.000000	80000.000000	0.0000	0.0000	0.0000	0.0000
6.4920	1553.90	4598.01	10.0	-1.0	-1553.4	-4627.0	-1.0000	-1.0000	-0.00004	-0.00039	0.023	0.002000	80000.000000	80000.000000	0.0000	0.0000	0.0000	0.0000
6.4940	1552.21	4598.55	10.0	-1.0	-1551.6	-4627.5	-1.0000	-1.0000	-0.00004	-0.00039	0.023	0.002000	80000.000000	80000.000000	0.0000	0.0000	0.0000	0.0000
6.4960	1550.51	4599.08	10.0	-1.0	-1549.9	-4627.9	-1.0000	-1.0000	-0.00004	-0.00039	0.023	0.002000	80000.000000	80000.000000	0.0000	0.0000	0.0000	0.0000
6.4980	1548.82	4599.62	10.0	-1.0	-1548.2	-4628.4	-1.0000	-1.0000	-0.00004	-0.00039	0.023	0.002000	80000.000000	80000.000000	0.0000	0.0000	0.0000	0.0000
6.5000	1547.12	4600.16	10.0	-1.0	-1546.5	-4628.9	-1.0000	-1.0000	-0.00004	-0.00039	0.023	0.002000	80000.000000	80000.000000	0.0000	0.0000	0.0000	0.0000
6.5020	1545.42	4600.69	10.0	-1.0	-1544.7	-4629.4	-1.0000	-1.0000	-0.00004	-0.00039	0.023	0.002000	80000.000000	80000.000000	0.0000	0.0000	0.0000	0.0000
6.5040	1543.73	4601.23	10.0	-1.0	-1543.0	-4629.9	-1.0000	-1.0000	-0.00004	-0.00039	0.023	0.002000	80000.000000	80000.000000	0.0000	0.0000	0.0000	0.0000
6.5060	1542.03	4601.76	10.0	-1.0	-1541.3	-4630.4	-1.0000	-1.0000	-0.00004	-0.00039	0.023	0.002000	80000.000000	80000.000000	0.0000	0.0000	0.0000	0.0000
6.5080	1540.33	4602.30	10.0	-1.0	-1539.5	-4630.8	-1.0000	-1.0000	-0.00004	-0.00039	0.023	0.002000	80000.000000	80000.000000	0.0000	0.0000	0.0000	0.0000
6.5100	1538.63	4602.83	10.0	-1.0	-1537.8	-4631.3	-1.0000	-1.0000	-0.00004	-0.00039	0.023	0.002000	80000.000000	80000.000000	0.0000	0.0000	0.0000	0.0000
6.5120	1536.93	4603.36	10.0	-1.0	-1536.1	-4631.8	-1.0000	-1.0000	-0.00004	-0.00039	0.023	0.002000	80000.000000	80000.000000	0.0000	0.0000	0.0000	0.0000
6.5140	1535.23	4603.89	10.0	-1.0	-1534.4	-4632.3	-1.0000	-1.0000	-0.00004	-0.00039	0.023	0.002000	80000.000000	80000.000000	0.0000	0.0000	0.0000	0.0000
6.5160	1533.54	4604.42	10.0	-1.0	-1532.6	-4632.8	-1.0000	-1.0000	-0.00004	-0.00039	0.023	0.002000	80000.000000	80000.000000	0.0000	0.0000	0.0000	0.0000
6.5180	1531.84	4604.95	10.0	-1.0	-1530.9	-4633.2	-1.0000	-1.0000	-0.00004	-0.00039	0.023	0.002000	80000.000000	80000.000000	0.0000	0.0000	0.0000	0.0000
6.5200	1530.14	4605.48	10.0	-1.0	-1529.2	-4633.7	-1.0000	-1.0000	-0.00004	-0.00039	0.023	0.002000	80000.000000	80000.000000	0.0000	0.0000	0.0000	0.0000
6.5220	1528.44	4606.01	10.0	-1.0	-1527.5	-4634.2	-1.0000	-1.0000	-0.00004	-0.00039	0.023	0.002000	80000.000000	80000.000000	0.0000	0.0000	0.0000	0.0000
6.5240	1526.74	4606.53	10.0	-1.0	-1525.7	-4634.7	-1.0000	-1.0000	-0.00004	-0.00039	0.023	0.002000	80000.000000	80000.000000	0.0000	0.0000	0.0000	0.0000
6.5260	1525.04	4607.06	10.0	-1.0	-1524.0	-4635.1	-1.0000	-1.0000	-0.00004	-0.00039	0.023	0.002000	80000.000000	80000.000000	0.0000	0.0000	0.0000	0.0000
6.5280	1523.34	4607.59	10.0	-1.0	-1522.3	-4635.6	-1.0000	-1.0000	-0.00004	-0.00039	0.023	0.002000	80000.000000	80000.000000	0.0000	0.0000	0.0000	0.0000
6.5300	1521.64	4608.11	10.0	-1.0	-1520.5	-4636.1	-1.0000	-1.0000	-0.00004	-0.00039	0.023	0.002000	80000.000000	80000.000000	0.0000	0.0000	0.0000	0.0000
6.5320	1519.93	4608.64	10.0	-1.0	-1518.8	-4636.6	-1.0000	-1.0000	-0.00004	-0.00039	0.023	0.002000	80000.000000	80000.000000	0.0000	0.0000	0.0000	0.0000
6.5340	1518.23	4609.16	10.0	-1.0	-1517.1	-4637.0	-1.0000	-1.0000	-0.00004	-0.00039	0.023	0.002000	80000.000000	80000.000000	0.0000	0.0000	0.0000	0.0000
6.5360	1516.53	4609.68	10.0	-1.0	-1515.4	-4637.5	-1.0000	-1.0000	-0.00004	-0.00039	0.023	0.002000	80000.000000	80000.000000	0.0000	0.0000	0.0000	0.0000
6.5380	1514.83	4610.20	10.0	-1.0	-1513.6	-4638.0	-1.0000	-1.0000	-0.00004	-0.00039	0.023	0.002000	80000.000000	80000.000000	0.0000	0.0000	0.0000	0.0000
6.5400	1513.13	4610.72	10.0	-1.0	-1511.9	-4638.4	-1.0000	-1.0000	-0.00004	-0.00039	0.023	0.002000	80000.000000	80000.000000	0.0000	0.0000	0.0000	0.0000
6.5420	1511.43	4611.24	10.0	-1.0	-1510.2	-4638.9	-1.0000	-1.0000	-0.00004	-0.00039	0.023	0.002000	80000.000000	80000.000000	0.0000	0.0000	0.0000	0.0000
6.5440	1509.72	4611.76	10.0	-1.0	-1508.4	-4639.4	-1.0000	-1.0000	-0.00004	-0.00039	0.023	0.002000	80000.000000	80000.000000	0.0000	0.0000	0.0000	0.0000
6.5460	1508.02	4612.28	10.0	-1.0	-1506.7	-4639.8	-1.0000	-1.0000	-0.00004	-0.00039	0.023	0.002000	80000.000000	80000.000000	0.0000	0.0000	0.0000	0.0000
6.5480	1506.32	4612.80	10.0	-1.0	-1505.0	-4640.3	-1.0000	-1.0000	-0.00004	-0.00039	0.023	0.002000	80000.000000	80000.000000	0.0000	0.0000	0.0000	0.0000
6.5500	1504.61	4613.31	10.0	-1.0	-1503.2	-4640.8	-1.0000	-1.0000	-0.00004	-0.00039	0.023	0.002000	80000.000000	80000.000000	0.0000	0.0000	0.0000	0.0000
6.5520	1502.91	4613.83	10.0	-1.0	-1501.5	-4641.2	-1.0000	-1.0000	-0.00004	-0.00039	0.023	0.002000	80000.000000	80000.000000	0.0000	0.0000	0.0000	0.0000
6.5540	1501.20	4614.35	10.0	-1.0	-1499.8	-4641.7	-1.0000	-1.0000	-0.00004	-0.00039	0.023	0.002000	80000.000000	80000.000000	0.0000	0.0000	0.0000	0.0000
6.5560	1499.50	4614.86	10.0	-1.0	-1498.1	-4642.2	-1.0000	-1.0000	-0.00004	-0.00039	0.023	0.002000	80000.000000	80000.000000	0.0000	0.0000	0.0000	0.0000
6.5580	1497.80	4615.37	10.0	-1.0	-1496.3	-4642.6	-1.0000	-1.0000	-0.00004	-0.00039	0.023	0.002000	80000.000000	80000.000000	0.0000	0.0000	0.0000	0.0000
6.5600	1496.09	4615.89	10.0	-1.0	-1494.6	-4643.1	-1.0000	-1.0000	-0.00004	-0.00039	0.023	0.002000	80000.000000	80000.000000	0.0000	0.0000	0.0000	0.0000
6.5620	1494.39	4616.40	10.0	-1.0	-1492.9	-4643.6	-1.0000	-1.0000	-0.00004	-0.00039	0.023	0.002000	80000.000000	80000.000000	0.0000	0.0000	0.0000	0.0000
6.5640	1492.68	4616.91	10.0	-1.0	-1491.1	-4644.0	-1.0000	-1.0000	-0.00004	-0.00039	0.023	0.002000	80000.000000	80000.000000	0.0000	0.0000	0.0000	0.0000
6.5660	1490.97	4617.42	10.0	-1.0	-1489.4	-4644.5	-1.0000	-1.0000	-0.00004	-0.00039	0.023	0.002000	80000.000000	80000.000000	0.0000	0.0000	0.0000	0.0000
6.5680	1489.27	4617.93	10.0	-1.0	-1487.7	-4644.9	-1.0000	-1.0000	-0.00004	-0.00039	0.023	0.002000	80000.000000	80000.000000	0.0000	0.0000	0.0000	0.0000
6.5700	1487.56	4618.44	10.0	-1.0	-1485.9	-4645.4	-1.0000	-1.0000	-0.00004	-0.00039	0.023	0.002000	80000.000000	80000.000000	0.0000	0.0000	0.0000	0.0000
6.5720	1485.86	4618.95	10.0	-1.0	-1484.2	-4645.9	-1.0000	-1.0000	-0.00004	-0.00039	0.023	0.002000	80000.000000	80000.000000	0.0000	0.0000	0.0000	0.0000
6.5740	1484.15	4619.45	10.0	-1.0	-1482.5	-4646.3	-1.0000	-1.0000	-0.00004	-0.00039	0.023	0.002000	80000.000000	80000.000000	0.0000	0.0000	0.0000	0.0000
6.5760	1482.44	4619.96	10.0	-1.0	-1480.7	-4646.8	-1.0000	-1.0000	-0.00004	-0.00039	0.023	0.002000	80000.000000	80000.000000	0.0000	0.0000	0.0000	0.0000
6.5780	1480.74	4620.47	10.0	-1.0	-1479.0	-4647.2	-1.0000	-1.0000	-0.00004	-0.00039	0.023	0.002000	80000.000000	80000.000000	0.0000	0.0000	0.0000	0.0000
6.5800	1479.03	4620.97	10.0	-1.0	-1477.3	-4647.7	-1.0000	-1.0000	-0.00004	-0.00039	0.023	0.002000	80000.000000	80000.000000	0.0000	0.0000	0.0000	0.0000
6.5820	1477.32	4621.48	10.0	-1.0	-1475.5	-4648.2	-1.0000	-1.0000	-0.00004	-0.00039	0.023	0.002000	80000.000000	80000.000000	0.0000	0.0000	0.0000	0.0000
6.5840	1475.61	4621.98	10.0	-1.0	-1473.8	-4648.6	-1.0000	-1.0000	-0.00004	-0.00039	0.023	0.002000	80000.000000	80000.000000	0.0000	0.0000	0.0000	0.0000
6.5860	1473.90	4622.48	10.0	-1.0	-1472.1	-4649.1	-1.0000	-1.0000	-0.00004	-0.00039	0.023	0.002000	80000.000000	80000.000000	0.0000	0.0000	0.0000	0.0000
6.5880	1472.20	4622.98	10.0	-1.0	-1470.3	-4649.5	-1.0000	-1.0000	-0.00004	-0.00039	0.023	0.002000	80000.000000	80000.000000	0.0000	0.0000	0.0000	0.0000
6.5900	1470.49	4623.49	10.0	-1.0	-1468.6	-4650.0	-1.0000	-1.0000	-0.00004	-0.00039	0.023	0.002000	80000.000000	80000.000000	0.0000	0.0000	0.0000	0.0000
6.5920	1468.78	4623.99	10.0	-1.0	-1466.9	-4650.4	-1.0000	-1.0000	-0.00004	-0.00039	0.023	0.002000	80000.000000	80000.000000	0.0000	0.0000	0.0000	0.0000
6.5940	1467.07	4624.49	10.0	-1.0	-1465.1	-4650.9	-1.0000	-1.0000	-0.00004	-0.00039	0.023	0.002000	80000.000000	80000.000000	0.0000	0.0000	0.0000	0.0000
6.5960	1465.36	4624.98	10.0	-1.0	-1463.4	-4651.3	-1.0000	-1.0000	-0.00004	-0.00039	0.023	0.002000	80000.000000	80000.000000	0.0000	0.0000	0.0000	0.0000
6.5980	1463.65	4625.48	10.0	-1.0	-1461.7	-4651.8	-1.0000	-1.0000	-0.00004	-0.00039	0.023	0.002000	80000.000000	80000.000000	0.0000	0.0000	0.0000	0.0000
6.6000	1460.94	4625.98	9.0	-1.0	-1459.9	-4652.2	-1.0000	-1.0000	-0.00004	-0.00035	0.020	0.002000	80000.000000	80000.000000	0.0000	0.0000	0.0000	0.0000
6.6020	1460.23	4626.48	10.0	-1.0	-1458.2	-4652.7	-1.0000	-1.0000	-0.00004	-0.00039	0.023	0.002000	80000.000000	80000.000000	0.0000	0.0000	0.0000	0.0000
6.6040	1458.52	4626.97	10.0	-1.0	-1456.4	-4653.1	-1.0000	-1.0000	-0.00004	-0.00039	0.023	0.002000	80000.000000	80000.000000	0.0000	0.0000	0.0000	0.0000
6.6060	1456.81	4627.47	10.0	-1.0	-1454.7	-4653.6	-1.0000	-1.0000	-0.00004	-0.00039	0.023	0.002000	80000.000000	80000.000000	0.0000	0.0000	0.0000	0.0000
6.6080	1455.10	4627.96	10.0	-1.0	-1453.0	-4654.0	-1.0000	-1.0000	-0.00004	-0.00039	0.023	0.002000	80000.000000	80000.000000	0.0000	0.0000	0.0000	0.0000
6.6100	1453.38	4628.45	10.0	-1.0	-1451.2	-4654.5	-1.0000	-1.0000	-0.00004	-0.00039	0.023	0.002000	80000.000000	80000.000000	0.0000	0.0000	0.0000	0.0000
6.6120	1451.67	4628.95	10.0	-1.0	-1449.5	-4654.9	-1.0000	-1.0000	-0.00004	-0.00039	0.023	0.002000	80000.000000	80000.000000	0.0000	0.0000	0.0000	0.0000
6.6140	1449.96	4629.44	10.0	-1.0	-1447.8	-4655.3	-1.0000	-1.0000	-0.00004	-0.00039	0.023	0.002000	80000.000000	80000.000000	0.0000	0.0000	0.0000	0.0000
6.6160	1448.25	4629.93	10.0	-1.0	-1446.0	-4655.8	-1.0000	-1.0000	-0.00004	-0.00039	0.023	0.002000	80000.000000	80000.000000	0.0000	0.0000	0.0000	0.0000
6.6180	1446.54	4630.42	10.0	-1.0	-1444.3	-4656.2	-1.0000	-1.0000	-0.00004	-0.00039	0.023	0.002000	80000.000000	80000.000000	0.0000	0.0000	0.0000	0.0000
6.6200	1444.82	4630.91	10.0	-1.0	-1442.6	-4656.7	-1.0000	-1.0000	-0.00004	-0.00039	0.023	0.002000	80000.000000	80000.000000	0.0000	0.0000	0.0000	0.0000
6.6220	1443.11	4631.40	10.0	-1.0	-1440.8	-4657.1	-1.0000	-1.0000	-0.00004	-0.00039	0.023	0.002000	80000.000000	80000.000000	0.0000	0.0000	0.0000	0.0000
6.6240	1441.40	4631.88	10.0	-1.0	-1439.1	-4657.6	-1.0000	-1.0000	-0.00004	-0.00039	0.023	0.002000	80000.000000	80000.000000	0.0000	0.0000	0.0000	0.0000
6.6260	1439.68	4632.37	10.0	-1.0	-1437.3	-4658.0	-1.0000	-1.0000	-0.00004	-0.00039	0.023	0.002000	80000.000000	80000.000000	0.0000	0.0000	0.0000	0.0000
6.6280	1437.97	4632.86	10.0	-1.0	-1435.6	-4658.4	-1.0000	-1.0000	-0.00004	-0.00039	0.023	0.002000	80000.000000	80000.000000	0.0000	0.0000	0.0000	0.0000
6.6300	1436.26	4633.34	10.0	-1.0	-1433.9	-4658.9	-1.0000	-1.0000	-0.00004	-0.00039	0.023	0.002000	80000.000000	80000.000000	0.0000	0.0000	0.0000	0.0000
6.6320	1434.54	4633.83	10.0	-1.0	-1432.1	-4659.3	-1.0000	-1.0000	-0.00004	-0.00039	0.023	0.002000	80000.000000	80000.000000	0.0000	0.0000	0.0000	0.0000
6.6340	1432.83	4634.31	10.0	-1.0	-1430.4	-4659.7	-1.0000	-1.0000	-0.00004	-0.00039	0.023	0.002000	80000.000000	80000.000000	0.0000	0.0000	0.0000	0.0000
6.6360	1431.11	4634.79	10.0	-1.0	-1428.6	-4660.2	-1.0000	-1.0000	-0.00004	-0.00039	0.023	0.002000	80000.000000	80000.000000	0.0000	0.0000	0.0000	0.0000
6.6380	1429.40	4635.28	10.0	-1.0	-1426.9	-4660.6	-1.0000	-1.0000	-0.00004	-0.00039	0.023	0.002000	80000.000000	80000.000000	0.0000	0.0000	0.0000	0.0000
6.6400	1427.68	4635.76	10.0	-1.0	-1425.2	-4661.1	-1.0000	-1.0000	-0.00004	-0.00039	0.023	0.002000	80000.000000	80000.000000	0.0000	0.0000	0.0000	0.0000
6.6420	1425.97	4636.24	10.0	-1.0	-1423.4	-4661.5	-1.0000	-1.0000	-0.00004	-0.00039	0.023	0.002000	80000.000000	80000.000000	0.0000	0.0000	0.0000	0.0000
6.6440	1424.25	4636.72	10.0	-1.0	-1421.7	-4661.9	-1.0000	-1.0000	-0.00004	-0.00039	0.023	0.002000	80000.000000	80000.000000	0.0000	0.0000	0.0000	0.0000
6.6460	1422.54	4637.20	10.0	-1.0	-1419.9	-4662.4	-1.0000	-1.0000	-0.00004	-0.00039	0.023	0.002000	80000.000000	80000.000000	0.0000	0.0000	0.0000	0.0000
6.6480	1420.82	4637.68	10.0	-1.0	-1418.2	-4662.8	-1.0000	-1.0000	-0.00004	-0.00039	0.023	0.002000	80000.000000	80000.000000	0.0000	0.0000	0.0000	0.0000
6.6500	1419.11	4638.15	10.0	-1.0	-1416.5	-4663.2	-1.0000	-1.0000	-0.00004	-0.00039	0.023	0.002000	80000.000000	80000.000000	0.0000	0.0000	0.0000	0.0000
6.6520	1417.39	4638.63	10.0	-1.0	-1414.7	-4663.7	-1.0000	-1.0000	-0.00004	-0.00039	0.023	0.002000	80000.000000	80000.000000	0.0000	0.0000	0.0000	0.0000
6.6540	1415.67	4639.11	10.0	-1.0	-1413.0	-4664.1	-1.0000	-1.0000	-0.00004	-0.00039	0.023	0.002000	80000.000000	80000.000000	0.0000	0.0000	0.0000	0.0000
6.6560	1413.96	4639.58	10.0	-1.0	-1411.2	-4664.5	-1.0000	-1.0000	-0.00004	-0.00039	0.023	0.002000	80000.000000	80000.000000	0.0000	0.0000	0.0000	0.0000
6.6580	1412.24	4640.06	10.0	-1.0	-1409.5	-4664.9	-1.0000	-1.0000	-0.00004	-0.00039	0.023	0.002000	80000.000000	80000.000000	0.0000	0.0000	0.0000	0.0000
6.6600	1410.52	4640.53	10.0	-1.0	-1407.8	-4665.4	-1.0000	-1.0000	-0.00004	-0.00039	0.023	0.002000	80000.000000	80000.000000	0.0000	0.0000	0.0000	0.0000
6.6620	1408.80	4641.00	10.0	-1.0	-1406.0	-4665.8	-1.0000	-1.0000	-0.00004	-0.00039	0.023	0.002000	80000.000000	80000.000000	0.0000	0.0000	0.0000	0.0000
6.6640	1407.08	4641.47	10.0	-1.0	-1404.3	-4666.2	-1.0000	-1.0000	-0.00004	-0.00039	0.023	0.002000	80000.000000	80000.000000	0.0000	0.0000	0.0000	0.0000
6.6660	1405.37	4641.95	10.0	-1.0	-1402.5	-4666.7	-1.0000	-1.0000	-0.00004	-0.00039	0.023	0.002000	80000.000000	80000.000000	0.0000	0.0000	0.0000	0.0000
6.6680	1403.65	4642.42	10.0	-1.0	-1400.8	-4667.1	-1.0000	-1.0000	-0.00004	-0.00039	0.023	0.002000	80000.000000	80000.000000	0.0000	0.0000	0.0000	0.0000
6.6700	1401.93	4642.89	10.0	-1.0	-1399.1	-4667.5	-1.0000	-1.0000	-0.00004	-0.00039	0.023	0.002000	80000.000000	80000.000000	0.0000	0.0000	0.0000	0.0000
6.6720	1400.21	4643.35	10.0	-1.0	-1397.3	-4667.9	-1.0000	-1.0000	-0.00004	-0.00039	0.023	0.002000	80000.000000	80000.000000	0.0000	0.0000	0.0000	0.0000
6.6740	1398.49	4643.82	10.0	-1.0	-1395.6	-4668.3	-1.0000	-1.0000	-0.00004	-0.00039	0.023	0.002000	80000.000000	80000.000000	0.0000	0.0000	0.0000	0.0000
6.6760	1396.77	4644.29	10.0	-1.0	-1393.8	-4668.8	-1.0000	-1.0000	-0.00004	-0.00039	0.023	0.002000	80000.000000	80000.000000	0.0000	0.0000	0.0000	0.0000
6.6780	1395.05	4644.76	10.0	-1.0	-1392.1	-4669.2	-1.0000	-1.0000	-0.00004	-0.00039	0.023	0.002000	80000.000000	80000.000000	0.0000	0.0000	0.0000	0.0000
6.6800	1393.33	4645.22	10.0	-1.0	-1390.3	-4669.6	-1.0000	-1.0000	-0.00004	-0.00039	0.023	0.002000	80000.000000	80000.000000	0.0000	0.0000	0.0000	0.0000
6.6820	1391.61	4645.69	10.0	-1.0	-1388.6	-4670.0	-1.0000	-1.0000	-0.00004	-0.00039	0.023	0.002000	80000.000000	80000.000000	0.0000	0.0000	0.0000	0.0000
6.6840	1389.89	4646.15	10.0	-1.0	-1386.9	-4670.5	-1.0000	-1.0000	-0.00004	-0.00039	0.023	0.002000	80000.000000	80000.000000	0.0000	0.0000	0.0000	0.0000
6.6860	1388.17	4646.62	10.0	-1.0	-1385.1	-4670.9	-1.0000	-1.0000	-0.00004	-0.00039	0.023	0.002000	80000.000000	80000.000000	0.0000	0.0000	0.0000	0.0000
6.6880	1386.45	4647.08	10.0	-1.0	-1383.4	-4671.3	-1.0000	-1.0000	-0.00004	-0.00039	0.023	0.002000	80000.000000	80000.000000	0.0000	0.0000	0.0000	0.0000
6.6900	1384.73	4647.54	10.0	-1.0	-1381.6	-4671.7	-1.0000	-1.0000	-0.00004	-0.00039	0.023	0.002000	80000.000000	80000.000000	0.0000	0.0000	0.0000	0.0000
6.6920	1383.01	4648.00	10.0	-1.0	-1379.9	-4672.1	-1.0000	-1.0000	-0.00004	-0.00039	0.023	0.002000	80000.000000	80000.000000	0.0000	0.0000	0.0000	0.0000
6.6940	1381.29	4648.46	10.0	-1.0	-1378.1	-4672.5	-1.0000	-1.0000	-0.00004	-0.00039	0.023	0.002000	80000.000000	80000.000000	0.0000	0.0000	0.0000	0.0000
6.6960	1379.56	4648.92	10.0	-1.0	-1376.4	-4673.0	-1.0000	-1.0000	-0.00004	-0.00039	0.023	0.002000	80000.000000	80000.000000	0.0000	0.0000	0.0000	0.0000
6.6980	1377.84	4649.38	10.0	-1.0	-1374.7	-4673.4	-1.0000	-1.0000	-0.00004	-0.00039	0.023	0.002000	80000.000000	80000.000000	0.0000	0.0000	0.0000	0.0000
6.7000	1376.12	4649.84	10.0	-1.0	-1372.9	-4673.8	-1.0000	-1.0000	-0.00004	-0.00039	0.023	0.002000	80000.000000	80000.000000	0.0000	0.0000	0.0000	0.0000
6.7020	1374.40	4650.29	10.0	-1.0	-1371.2	-4674.2	-1.0000	-1.0000	-0.00004	-0.00039	0.023	0.002000	80000.000000	80000.000000	0.0000	0.0000	0.0000	0.0000
6.7040	1372.67	4650.75	10.0	-1.0	-1369.4	-4674.6	-1.0000	-1.0000	-0.00004	-0.00039	0.023	0.002000	80000.000000	80000.000000	0.0000	0.0000	0.0000	0.0000
6.7060	1370.95	4651.21	10.0	-1.0	-1367.7	-4675.0	-1.0000	-1.0000	-0.00004	-0.00039	0.023	0.002000	80000.000000	80000.000000	0.0000	0.0000	0.0000	0.0000
6.7080	1369.23	4651.66	10.0	-1.0	-1365.9	-4675.4	-1.0000	-1.0000	-0.00004	-0.00039	0.023	0.002000	80000.000000	80000.000000	0.0000	0.0000	0.0000	0.0000
6.7100	1367.50	4652.12	10.0	-1.0	-1364.2	-4675.8	-1.0000	-1.0000	-0.00004	-0.00039	0.023	0.002000	80000.000000	80000.000000	0.0000	0.0000	0.0000	0.0000
6.7120	1365.78	4652.57	10.0	-1.0	-1362.4	-4676.3	-1.0000	-1.0000	-0.00004	-0.00039	0.023	0.002000	80000.000000	80000.000000	0.0000	0.0000	0.0000	0.0000
6.7140	1364.06	4653.02	10.0	-1.0	-1360.7	-4676.7	-1.0000	-1.0000	-0.00004	-0.00039	0.023	0.002000	80000.000000	80000.000000	0.0000	0.0000	0.0000	0.0000
6.7160	1362.33	4653.47	10.0	-1.0	-1359.0	-4677.1	-1.0000	-1.0000	-0.00004	-0.00039	0.023	0.002000	80000.000000	80000.000000	0.0000	0.0000	0.0000	0.0000
6.7180	1360.61	4653.92	10.0	-1.0	-1357.2	-4677.5	-1.0000	-1.0000	-0.00004	-0.00039	0.023	0.002000	80000.000000	80000.000000	0.0000	0.0000	0.0000	0.0000
6.7200	1358.88	4654.37	10.0	-1.0	-1355.5	-4677.9	-1.0000	-1.0000	-0.00004	-0.00039	0.023	0.002000	80000.000000	80000.000000	0.0000	0.0000	0.0000	0.0000
6.7220	1357.16	4654.82	10.0	-1.0	-1353.7	-4678.3	-1.0000	-1.0000	-0.00004	-0.00039	0.023	0.002000	80000.000000	80000.000000	0.0000	0.0000	0.0000	0.0000
6.7240	1355.43	4655.27	10.0	-1.0	-1352.0	-4678.7	-1.0000	-1.0000	-0.00004	-0.00039	0.023	0.002000	80000.000000	80000.000000	0.0000	0.0000	0.0000	0.0000
6.7260	1353.71	4655.72	10.0	-1.0	-1350.2	-4679.1	-1.0000	-1.0000	-0.00004	-0.00039	0.023	0.002000	80000.000000	80000.000000	0.0000	0.0000	0.0000	0.0000
6.7280	1351.98	4656.17	10.0	-1.0	-1348.5	-4679.5	-1.0000	-1.0000	-0.00004	-0.00039	0.023	0.002000	80000.000000	80000.000000	0.0000	0.0000	0.0000	0.0000
6.7300	1350.26	4656.61	10.0	-1.0	-1346.7	-4679.9	-1.0000	-1.0000	-0.00004	-0.00039	0.023	0.002000	80000.000000	80000.000000	0.0000	0.0000	0.0000	0.0000
6.7320	1348.53	4657.06	10.0	-1.0	-1345.0	-4680.3	-1.0000	-1.0000	-0.00004	-0.00039	0.023	0.002000	80000.000000	80000.000000	0.0000	0.0000	0.0000	0.0000
6.7340	1346.81	4657.50	10.0	-1.0	-1343.2	-4680.7	-1.0000	-1.0000	-0.00004	-0.00039	0.023	0.002000	80000.000000	80000.000000	0.0000	0.0000	0.0000	0.0000
6.7360	1345.08	4657.95	10.0	-1.0	-1341.5	-4681.1	-1.0000	-1.0000	-0.00004	-0.00039	0.023	0.002000	80000.000000	80000.000000	0.0000	0.0000	0.0000	0.0000
6.7380	1343.35	4658.39	10.0	-1.0	-1339.7	-4681.5	-1.0000	-1.0000	-0.00004	-0.00039	0.023	0.002000	80000.000000	80000.000000	0.0000	0.0000	0.0000	0.0000
6.7400	1341.63	4658.83	10.0	-1.0	-1338.0	-4681.9	-1.0000	-1.0000	-0.00004	-0.00039	0.023	0.002000	80000.000000	80000.000000	0.0000	0.0000	0.0000	0.0000
6.7420	1339.90	4659.27	10.0	-1.0	-1336.2	-4682.3	-1.0000	-1.0000	-0.00004	-0.00039	0.023	0.002000	80000.000000	80000.000000	0.0000	0.0000	0.0000	0.0000
6.7440	1338.17	4659.72	10.0	-1.0	-1334.5	-4682.7	-1.0000	-1.0000	-0.00004	-0.00039	0.023	0.002000	80000.000000	80000.000000	0.0000	0.0000	0.0000	0.0000
6.7460	1336.44	4660.16	10.0	-1.0	-1332.7	-4683.1	-1.0000	-1.0000	-0.00004	-0.00039	0.023	0.002000	80000.000000	80000.000000	0.0000	0.0000	0.0000	0.0000
6.7480	1334.72	4660.59	10.0	-1.0	-1331.0	-4683.5	-1.0000	-1.0000	-0.00004	-0.00039	0.023	0.002000	80000.000000	80000.000000	0.0000	0.0000	0.0000	0.0000
6.7500	1332.99	4661.03	10.0	-1.0	-1329.2	-4683.9	-1.0000	-1.0000	-0.00004	-0.00039	0.023	0.002000	80000.000000	80000.000000	0.0000	0.0000	0.0000	0.0000
6.7520	1331.26	4661.47	10.0	-1.0	-1327.5	-4684.3	-1.0000	-1.0000	-0.00004	-0.00039	0.023	0.002000	80000.000000	80000.000000	0.0000	0.0000	0.0000	0.0000
6.7540	1329.53	4661.91	10.0	-1.0	-1325.7	-4684.7	-1.0000	-1.0000	-0.00004	-0.00039	0.023	0.002000	80000.000000	80000.000000	0.0000	0.0000	0.0000	0.0000
6.7560	1327.80	4662.34	10.0	-1.0	-1324.0	-4685.1	-1.0000	-1.0000	-0.00004	-0.00039	0.023	0.002000	80000.000000	80000.000000	0.0000	0.0000	0.0000	0.0000
6.7580	1326.07	4662.78	10.0	-1.0	-1322.2	-4685.5	-1.0000	-1.0000	-0.00004	-0.00039	0.023	0.002000	80000.000000	80000.000000	0.0000	0.0000	0.0000	0.0000
6.7600	1324.34	4663.21	10.0	-1.0	-1320.5	-4685.9	-1.0000	-1.0000	-0.00004	-0.00039	0.023	0.002000	80000.000000	80000.000000	0.0000	0.0000	0.0000	0.0000
6.7620	1322.62	4663.65	10.0	-1.0	-1318.8	-4686.3	-1.0000	-1.0000	-0.00004	-0.00039	0.023	0.002000	80000.000000	80000.000000	0.0000	0.0000	0.0000	0.0000
6.7640	1320.89	4664.08	10.0	-1.0	-1317.0	-4686.7	-1.0000	-1.0000	-0.00004	-0.00039	0.023	0.002000	80000.000000	80000.000000	0.0000	0.0000	0.0000	0.0000
6.7660	1319.16	4664.51	10.0	-1.0	-1315.3	-4687.1	-1.0000	-1.0000	-0.00004	-0.00039	0.023	0.002000	80000.000000	80000.000000	0.0000	0.0000	0.0000	0.0000
6.7680	1317.43	4664.94	10.0	-1.0	-1313.5	-4687.5	-1.0000	-1.0000	-0.00004	-0.00039	0.023	0.002000	80000.000000	80000.000000	0.0000	0.0000	0.0000	0.0000
6.7700	1315.70	4665.37	10.0	-1.0	-1311.8	-4687.8	-1.0000	-1.0000	-0.00004	-0.00039	0.023	0.002000	80000.000000	80000.000000	0.0000	0.0000	0.0000	0.0000
6.7720	1313.97	4665.80	10.0	-1.0	-1310.0	-4688.2	-1.0000	-1.0000	-0.00004	-0.00039	0.023	0.002000	80000.000000	80000.000000	0.0000	0.0000	0.0000	0.0000
6.7740	1312.24	4666.23	10.0	-1.0	-1308.2	-4688.6	-1.0000	-1.0000	-0.00004	-0.00039	0.023	0.002000	80000.000000	80000.000000	0.0000	0.0000	0.0000	0.0000
6.7760	1310.50	4666.66	10.0	-1.0	-1306.5	-4689.0	-1.0000	-1.0000	-0.00004	-0.00039	0.023	0.002000	80000.000000	80000.000000	0.0000	0.0000	0.0000	0.0000
6.7780	1308.77	4667.09	10.0	-1.0	-1304.7	-4689.4	-1.0000	-1.0000	-0.00004	-0.00039	0.023	0.002000	80000.000000	80000.000000	0.0000	0.0000	0.0000	0.0000
6.7800	1307.04	4667.52	10.0	-1.0	-1303.0	-4689.8	-1.0000	-1.0000	-0.00004	-0.00039	0.023	0.002000	80000.000000	80000.000000	0.0000	0.0000	0.0000	0.0000
6.7820	1305.31	4667.94	10.0	-1.0	-1301.2	-4690.2	-1.0000	-1.0000	-0.00004	-0.00039	0.023	0.002000	80000.000000	80000.000000	0.0000	0.0000	0.0000	0.0000
6.7840	1303.58	4668.37	10.0	-1.0	-1299.5	-4690.5	-1.0000	-1.0000	-0.00004	-0.00039	0.023	0.002000	80000.000000	80000.000000	0.0000	0.0000	0.0000	0.0000
6.7860	1301.85	4668.79	10.0	-1.0	-1297.7	-4690.9	-1.0000	-1.0000	-0.00004	-0.00039	0.023	0.002000	80000.000000	80000.000000	0.0000	0.0000	0.0000	0.0000
6.7880	1300.12	4669.22	10.0	-1.0	-1296.0	-4691.3	-1.0000	-1.0000	-0.00004	-0.00039	0.023	0.002000	80000.000000	80000.000000	0.0000	0.0000	0.0000	0.0000
6.7900	1297.39	4669.64	9.0	-1.0	-1294.2	-4691.7	-1.0000	-1.0000	-0.00004	-0.00035	0.020	0.002000	80000.000000	80000.000000	0.0000	0.0000	0.0000	0.0000
6.7920	1296.65	4670.06	10.0	-1.0	-1292.5	-4692.1	-1.0000	-1.0000	-0.00004	-0.00039	0.023	0.002000	80000.000000	80000.000000	0.0000	0.0000	0.0000	0.0000
6.7940	1294.92	4670.48	10.0	-1.0	-1290.7	-4692.5	-1.0000	-1.0000	-0.00004	-0.00039	0.023	0.002000	80000.000000	80000.000000	0.0000	0.0000	0.0000	0.0000
6.7960	1293.18	4670.90	10.0	-1.0	-1289.0	-4692.8	-1.0000	-1.0000	-0.00004	-0.00039	0.023	0.002000	80000.000000	80000.000000	0.0000	0.0000	0.0000	0.0000
6.7980	1291.45	4671.32	10.0	-1.0	-1287.2	-4693.2	-1.0000	-1.0000	-0.00004	-0.00039	0.023	0.002000	80000.000000	80000.000000	0.0000	0.0000	0.0000	0.0000
6.8000	1289.72	4671.74	10.0	-1.0	-1285.5	-4693.6	-1.0000	-1.0000	-0.00004	-0.00039	0.023	0.002000	80000.000000	80000.000000	0.0000	0.0000	0.0000	0.0000
6.8020	1287.98	4672.16	10.0	-1.0	-1283.7	-4694.0	-1.0000	-1.0000	-0.00004	-0.00039	0.023	0.002000	80000.000000	80000.000000	0.0000	0.0000	0.0000	0.0000
6.8040	1286.25	4672.58	10.0	-1.0	-1282.0	-4694.4	-1.0000	-1.0000	-0.00004	-0.00039	0.023	0.002000	80000.000000	80000.000000	0.0000	0.0000	0.0000	0.0000
6.8060	1284.52	4672.99	10.0	-1.0	-1280.2	-4694.7	-1.0000	-1.0000	-0.00004	-0.00039	0.023	0.002000	80000.000000	80000.000000	0.0000	0.0000	0.0000	0.0000
6.8080	1282.78	4673.41	10.0	-1.0	-1278.5	-4695.1	-1.0000	-1.0000	-0.00004	-0.00039	0.023	0.002000	80000.000000	80000.000000	0.0000	0.0000	0.0000	0.0000
6.8100	1281.05	4673.82	10.0	-1.0	-1276.7	-4695.5	-1.0000	-1.0000	-0.00004	-0.00039	0.023	0.002000	80000.000000	80000.000000	0.0000	0.0000	0.0000	0.0000
6.8120	1279.31	4674.24	10.0	-1.0	-1275.0	-4695.9	-1.0000	-1.0000	-0.00004	-0.00039	0.023	0.002000	80000.000000	80000.000000	0.0000	0.0000	0.0000	0.0000
6.8140	1277.58	4674.65	10.0	-1.0	-1273.2	-4696.2	-1.0000	-1.0000	-0.00004	-0.00039	0.023	0.002000	80000.000000	80000.000000	0.0000	0.0000	0.0000	0.0000
6.8160	1275.84	4675.06	10.0	-1.0	-1271.4	-4696.6	-1.0000	-1.0000	-0.00004	-0.00039	0.023	0.002000	80000.000000	80000.000000	0.0000	0.0000	0.0000	0.0000
6.8180	1274.11	4675.48	10.0	-1.0	-1269.7	-4697.0	-1.0000	-1.0000	-0.00004	-0.00039	0.023	0.002000	80000.000000	80000.000000	0.0000	0.0000	0.0000	0.0000
6.8200	1272.37	4675.89	10.0	-1.0	-1267.9	-4697.4	-1.0000	-1.0000	-0.00004	-0.00039	0.023	0.002000	80000.000000	80000.000000	0.0000	0.0000	0.0000	0.0000
6.8220	1270.64	4676.30	10.0	-1.0	-1266.2	-4697.7	-1.0000	-1.0000	-0.00004	-0.00039	0.023	0.002000	80000.000000	80000.000000	0.0000	0.0000	0.0000	0.0000
6.8240	1268.90	4676.71	10.0	-1.0	-1264.4	-4698.1	-1.0000	-1.0000	-0.00004	-0.00039	0.023	0.002000	80000.000000	80000.000000	0.0000	0.0000	0.0000	0.0000
6.8260	1267.16	4677.12	10.0	-1.0	-1262.7	-4698.5	-1.0000	-1.0000	-0.00004	-0.00039	0.023	0.002000	80000.000000	80000.000000	0.0000	0.0000	0.0000	0.0000
6.8280	1265.43	4677.52	10.0	-1.0	-1260.9	-4698.8	-1.0000	-1.0000	-0.00004	-0.00039	0.023	0.002000	80000.000000	80000.000000	0.0000	0.0000	0.0000	0.0000
6.8300	1263.69	4677.93	10.0	-1.0	-1259.2	-4699.2	-1.0000	-1.0000	-0.00004	-0.00039	0.023	0.002000	80000.000000	80000.000000	0.0000	0.0000	0.0000	0.0000
6.8320	1261.96	4678.34	10.0	-1.0	-1257.4	-4699.6	-1.0000	-1.0000	-0.00004	-0.00039	0.023	0.002000	80000.000000	80000.000000	0.0000	0.0000	0.0000	0.0000
6.8340	1260.22	4678.74	10.0	-1.0	-1255.7	-4699.9	-1.0000	-1.0000	-0.00004	-0.00039	0.023	0.002000	80000.000000	80000.000000	0.0000	0.0000	0.0000	0.0000
6.8360	1258.48	4679.15	10.0	-1.0	-1253.9	-4700.3	-1.0000	-1.0000	-0.00004	-0.00039	0.023	0.002000	80000.000000	80000.000000	0.0000	0.0000	0.0000	0.0000
6.8380	1256.74	4679.55	10.0	-1.0	-1252.1	-4700.7	-1.0000	-1.0000	-0.00004	-0.00039	0.023	0.002000	80000.000000	80000.000000	0.0000	0.0000	0.0000	0.0000
6.8400	1255.01	4679.96	10.0	-1.0	-1250.4	-4701.0	-1.0000	-1.0000	-0.00004	-0.00039	0.023	0.002000	80000.000000	80000.000000	0.0000	0.0000	0.0000	0.0000
6.8420	1253.27	4680.36	10.0	-1.0	-1248.6	-4701.4	-1.0000	-1.0000	-0.00004	-0.00039	0.023	0.002000	80000.000000	80000.000000	0.0000	0.0000	0.0000	0.0000
6.8440	1251.53	4680.76	10.0	-1.0	-1246.9	-4701.8	-1.0000	-1.0000	-0.00004	-0.00039	0.023	0.002000	80000.000000	80000.000000	0.0000	0.0000	0.0000	0.0000
6.8460	1249.79	4681.16	10.0	-1.0	-1245.1	-4702.1	-1.0000	-1.0000	-0.00004	-0.00039	0.023	0.002000	80000.000000	80000.000000	0.0000	0.0000	0.0000	0.0000
6.8480	1248.05	4681.56	10.0	-1.0	-1243.4	-4702.5	-1.0000	-1.0000	-0.00004	-0.00039	0.023	0.002000	80000.000000	80000.000000	0.0000	0.0000	0.0000	0.0000
6.8500	1246.32	4681.96	10.0	-1.0	-1241.6	-4702.8	-1.0000	-1.0000	-0.00004	-0.00039	0.023	0.002000	80000.000000	80000.000000	0.0000	0.0000	0.0000	0.0000
6.8520	1244.58	4682.36	10.0	-1.0	-1239.9	-4703.2	-1.0000	-1.0000	-0.00004	-0.00039	0.023	0.002000	80000.000000	80000.000000	0.0000	0.0000	0.0000	0.0000
6.8540	1242.84	4682.76	10.0	-1.0	-1238.1	-4703.6	-1.0000	-1.0000	-0.00004	-0.00039	0.023	0.002000	80000.000000	80000.000000	0.0000	0.0000	0.0000	0.0000
6.8560	1241.10	4683.16	10.0	-1.0	-1236.3	-4703.9	-1.0000	-1.0000	-0.00004	-0.00039	0.023	0.002000	80000.000000	80000.000000	0.0000	0.0000	0.0000	0.0000
6.8580	1239.36	4683.55	10.0	-1.0	-1234.6	-4704.3	-1.0000	-1.0000	-0.00004	-0.00039	0.023	0.002000	80000.000000	80000.000000	0.0000	0.0000	0.0000	0.0000
6.8600	1237.62	4683.95	10.0	-1.0	-1232.8	-4704.6	-1.0000	-1.0000	-0.00004	-0.00039	0.023	0.002000	80000.000000	80000.000000	0.0000	0.0000	0.0000	0.0000
6.8620	1235.88	4684.34	10.0	-1.0	-1231.1	-4705.0	-1.0000	-1.0000	-0.00004	-0.00039	0.023	0.002000	80000.000000	80000.000000	0.0000	0.0000	0.0000	0.0000
6.8640	1234.14	4684.74	10.0	-1.0	-1229.3	-4705.4	-1.0000	-1.0000	-0.00004	-0.00039	0.023	0.002000	80000.000000	80000.000000	0.0000	0.0000	0.0000	0.0000
6.8660	1232.40	4685.13	10.0	-1.0	-1227.6	-4705.7	-1.0000	-1.0000	-0.00004	-0.00039	0.023	0.002000	80000.000000	80000.000000	0.0000	0.0000	0.0000	0.0000
6.8680	1230.66	4685.52	10.0	-1.0	-1225.8	-4706.1	-1.0000	-1.0000	-0.00004	-0.00039	0.023	0.002000	80000.000000	80000.000000	0.0000	0.0000	0.0000	0.0000
6.8700	1228.92	4685.91	10.0	-1.0	-1224.0	-4706.4	-1.0000	-1.0000	-0.00004	-0.00039	0.023	0.002000	80000.000000	80000.000000	0.0000	0.0000	0.0000	0.0000
6.8720	1226.18	4686.30	9.0	-1.0	-1222.3	-4706.8	-1.0000	-1.0000	-0.00004	-0.00035	0.020	0.002000	80000.000000	80000.000000	0.0000	0.0000	0.0000	0.0000
6.8740	1225.44	4686.70	10.0	-1.0	-1220.5	-4707.1	-1.0000	-1.0000	-0.00004	-0.00039	0.023	0.002000	80000.000000	80000.000000	0.0000	0.0000	0.0000	0.0000
6.8760	1223.70	4687.08	10.0	-1.0	-1218.8	-4707.5	-1.0000	-1.0000	-0.00004	-0.00039	0.023	0.002000	80000.000000	80000.000000	0.0000	0.0000	0.0000	0.0000
6.8780	1221.96	4687.47	10.0	-1.0	-1217.0	-4707.8	-1.0000	-1.0000	-0.00004	-0.00039	0.023	0.002000	80000.000000	80000.000000	0.0000	0.0000	0.0000	0.0000
6.8800	1220.21	4687.86	10.0	-1.0	-1215.2	-4708.2	-1.0000	-1.0000	-0.00004	-0.00039	0.023	0.002000	80000.000000	80000.000000	0.0000	0.0000	0.0000	0.0000
6.8820	1218.47	4688.25	10.0	-1.0	-1213.5	-4708.5	-1.0000	-1.0000	-0.00004	-0.00039	0.023	0.002000	80000.000000	80000.000000	0.0000	0.0000	0.0000	0.0000
6.8840	1216.73	4688.63	10.0	-1.0	-1211.7	-4708.9	-1.0000	-1.0000	-0.00004	-0.00039	0.023	0.002000	80000.000000	80000.000000	0.0000	0.0000	0.0000	0.0000
6.8860	1214.99	4689.02	10.0	-1.0	-1210.0	-4709.2	-1.0000	-1.0000	-0.00004	-0.00039	0.023	0.002000	80000.000000	80000.000000	0.0000	0.0000	0.0000	0.0000
6.8880	1213.25	4689.40	10.0	-1.0	-1208.2	-4709.6	-1.0000	-1.0000	-0.00004	-0.00039	0.023	0.002000	80000.000000	80000.000000	0.0000	0.0000	0.0000	0.0000
6.8900	1211.50	4689.79	10.0	-1.0	-1206.4	-4709.9	-1.0000	-1.0000	-0.00004	-0.00039	0.023	0.002000	80000.000000	80000.000000	0.0000	0.0000	0.0000	0.0000
6.8920	1209.76	4690.17	10.0	-1.0	-1204.7	-4710.3	-1.0000	-1.0000	-0.00004	-0.00039	0.023	0.002000	80000.000000	80000.000000	0.0000	0.0000	0.0000	0.0000
6.8940	1208.02	4690.55	10.0	-1.0	-1202.9	-4710.6	-1.0000	-1.0000	-0.00004	-0.00039	0.023	0.002000	80000.000000	80000.000000	0.0000	0.0000	0.0000	0.0000
6.8960	1206.27	4690.94	10.0	-1.0	-1201.2	-4711.0	-1.0000	-1.0000	-0.00004	-0.00039	0.023	0.002000	80000.000000	80000.000000	0.0000	0.0000	0.0000	0.0000
6.8980	1204.53	4691.32	10.0	-1.0	-1199.4	-4711.3	-1.0000	-1.0000	-0.00004	-0.00039	0.023	0.002000	80000.000000	80000.000000	0.0000	0.0000	0.0000	0.0000
6.9000	1202.79	4691.70	10.0	-1.0	-1197.6	-4711.6	-1.0000	-1.0000	-0.00004	-0.00039	0.023	0.002000	80000.000000	80000.000000	0.0000	0.0000	0.0000	0.0000
6.9020	1201.04	4692.08	10.0	-1.0	-1195.9	-4712.0	-1.0000	-1.0000	-0.00004	-0.00039	0.023	0.002000	80000.000000	80000.000000	0.0000	0.0000	0.0000	0.0000
6.9040	1199.30	4692.45	10.0	-1.0	-1194.1	-4712.3	-1.0000	-1.0000	-0.00004	-0.00039	0.023	0.002000	80000.000000	80000.000000	0.0000	0.0000	0.0000	0.0000
6.9060	1197.56	4692.83	10.0	-1.0	-1192.4	-4712.7	-1.0000	-1.0000	-0.00004	-0.00039	0.023	0.002000	80000.000000	80000.000000	0.0000	0.0000	0.0000	0.0000
6.9080	1195.81	4693.21	10.0	-1.0	-1190.6	-4713.0	-1.0000	-1.0000	-0.00004	-0.00039	0.023	0.002000	80000.000000	80000.000000	0.0000	0.0000	0.0000	0.0000
6.9100	1194.07	4693.59	10.0	-1.0	-1188.8	-4713.4	-1.0000	-1.0000	-0.00004	-0.00039	0.023	0.002000	80000.000000	80000.000000	0.0000	0.0000	0.0000	0.0000
6.9120	1192.32	4693.96	10.0	-1.0	-1187.1	-4713.7	-1.0000	-1.0000	-0.00004	-0.00039	0.023	0.002000	80000.000000	80000.000000	0.0000	0.0000	0.0000	0.0000
6.9140	1190.58	4694.34	10.0	-1.0	-1185.3	-4714.0	-1.0000	-1.0000	-0.00004	-0.00039	0.023	0.002000	80000.000000	80000.000000	0.0000	0.0000	0.0000	0.0000
6.9160	1188.83	4694.71	10.0	-1.0	-1183.6	-4714.4	-1.0000	-1.0000	-0.00004	-0.00039	0.023	0.002000	80000.000000	80000.000000	0.0000	0.0000	0.0000	0.0000
6.9180	1186.09	4695.08	9.0	-1.0	-1181.8	-4714.7	-1.0000	-1.0000	-0.00004	-0.00035	0.020	0.002000	80000.000000	80000.000000	0.0000	0.0000	0.0000	0.0000
6.9200	1185.34	4695.45	10.0	-1.0	-1180.0	-4715.0	-1.0000	-1.0000	-0.00004	-0.00039	0.023	0.002000	80000.000000	80000.000000	0.0000	0.0000	0.0000	0.0000
6.9220	1183.60	4695.83	10.0	-1.0	-1178.3	-4715.4	-1.0000	-1.0000	-0.00004	-0.00039	0.023	0.002000	80000.000000	80000.000000	0.0000	0.0000	0.0000	0.0000
6.9240	1181.85	4696.20	10.0	-1.0	-1176.5	-4715.7	-1.0000	-1.0000	-0.00004	-0.00039	0.023	0.002000	80000.000000	80000.000000	0.0000	0.0000	0.0000	0.0000
6.9260	1180.11	4696.57	10.0	-1.0	-1174.8	-4716.0	-1.0000	-1.0000	-0.00004	-0.00039	0.023	0.002000	80000.000000	80000.000000	0.0000	0.0000	0.0000	0.0000
6.9280	1178.36	4696.94	10.0	-1.0	-1173.0	-4716.4	-1.0000	-1.0000	-0.00004	-0.00039	0.023	0.002000	80000.000000	80000.000000	0.0000	0.0000	0.0000	0.0000
6.9300	1176.61	4697.30	10.0	-1.0	-1171.2	-4716.7	-1.0000	-1.0000	-0.00004	-0.00039	0.023	0.002000	80000.000000	80000.000000	0.0000	0.0000	0.0000	0.0000
6.9320	1174.87	4697.67	10.0	-1.0	-1169.5	-4717.0	-1.0000	-1.0000	-0.00004	-0.00039	0.023	0.002000	80000.000000	80000.000000	0.0000	0.0000	0.0000	0.0000
6.9340	1173.12	4698.04	10.0	-1.0	-1167.7	-4717.4	-1.0000	-1.0000	-0.00004	-0.00039	0.023	0.002000	80000.000000	80000.000000	0.0000	0.0000	0.0000	0.0000
6.9360	1171.37	4698.41	10.0	-1.0	-1165.9	-4717.7	-1.0000	-1.0000	-0.00004	-0.00039	0.023	0.002000	80000.000000	80000.000000	0.0000	0.0000	0.0000	0.0000
6.9380	1169.63	4698.77	10.0	-1.0	-1164.2	-4718.0	-1.0000	-1.0000	-0.00004	-0.00039	0.023	0.002000	80000.000000	80000.000000	0.0000	0.0000	0.0000	0.0000
6.9400	1167.88	4699.14	10.0	-1.0	-1162.4	-4718.4	-1.0000	-1.0000	-0.00004	-0.00039	0.023	0.002000	80000.000000	80000.000000	0.0000	0.0000	0.0000	0.0000
6.9420	1166.13	4699.50	10.0	-1.0	-1160.6	-4718.7	-1.0000	-1.0000	-0.00004	-0.00039	0.023	0.002000	80000.000000	80000.000000	0.0000	0.0000	0.0000	0.0000
6.9440	1164.38	4699.86	10.0	-1.0	-1158.9	-4719.0	-1.0000	-1.0000	-0.00004	-0.00039	0.023	0.002000	80000.000000	80000.000000	0.0000	0.0000	0.0000	0.0000
6.9460	1162.64	4700.22	10.0	-1.0	-1157.1	-4719.4	-1.0000	-1.0000	-0.00004	-0.00039	0.023	0.002000	80000.000000	80000.000000	0.0000	0.0000	0.0000	0.0000
6.9480	1160.89	4700.59	10.0	-1.0	-1155.4	-4719.7	-1.0000	-1.0000	-0.00004	-0.00039	0.023	0.002000	80000.000000	80000.000000	0.0000	0.0000	0.0000	0.0000
6.9500	1159.14	4700.95	10.0	-1.0	-1153.6	-4720.0	-1.0000	-1.0000	-0.00004	-0.00039	0.023	0.002000	80000.000000	80000.000000	0.0000	0.0000	0.0000	0.0000
6.9520	1157.39	4701.31	10.0	-1.0	-1151.8	-4720.3	-1.0000	-1.0000	-0.00004	-0.00039	0.023	0.002000	80000.000000	80000.000000	0.0000	0.0000	0.0000	0.0000
6.9540	1155.64	4701.67	10.0	-1.0	-1150.1	-4720.7	-1.0000	-1.0000	-0.00004	-0.00039	0.023	0.002000	80000.000000	80000.000000	0.0000	0.0000	0.0000	0.0000
6.9560	1153.90	4702.02	10.0	-1.0	-1148.3	-4721.0	-1.0000	-1.0000	-0.00004	-0.00039	0.023	0.002000	80000.000000	80000.000000	0.0000	0.0000	0.0000	0.0000
6.9580	1152.15	4702.38	10.0	-1.0	-1146.5	-4721.3	-1.0000	-1.0000	-0.00004	-0.00039	0.023	0.002000	80000.000000	80000.000000	0.0000	0.0000	0.0000	0.0000
6.9600	1150.40	4702.74	10.0	-1.0	-1144.8	-4721.6	-1.0000	-1.0000	-0.00004	-0.00039	0.023	0.002000	80000.000000	80000.000000	0.0000	0.0000	0.0000	0.0000
6.9620	1148.65	4703.09	10.0	-1.0	-1143.0	-4721.9	-1.0000	-1.0000	-0.00004	-0.00039	0.023	0.002000	80000.000000	80000.000000	0.0000	0.0000	0.0000	0.0000
6.9640	1146.90	4703.45	10.0	-1.0	-1141.2	-4722.3	-1.0000	-1.0000	-0.00004	-0.00039	0.023	0.002000	80000.000000	80000.000000	0.0000	0.0000	0.0000	0.0000
6.9660	1145.15	4703.80	10.0	-1.0	-1139.5	-4722.6	-1.0000	-1.0000	-0.00004	-0.00039	0.023	0.002000	80000.000000	80000.000000	0.0000	0.0000	0.0000	0.0000
6.9680	1143.40	4704.16	10.0	-1.0	-1137.7	-4722.9	-1.0000	-1.0000	-0.00004	-0.00039	0.023	0.002000	80000.000000	80000.000000	0.0000	0.0000	0.0000	0.0000
6.9700	1141.65	4704.51	10.0	-1.0	-1135.9	-4723.2	-1.0000	-1.0000	-0.00004	-0.00039	0.023	0.002000	80000.000000	80000.000000	0.0000	0.0000	0.0000	0.0000
6.9720	1139.90	4704.86	10.0	-1.0	-1134.2	-4723.5	-1.0000	-1.0000	-0.00004	-0.00039	0.023	0.002000	80000.000000	80000.000000	0.0000	0.0000	0.0000	0.0000
6.9740	1138.15	4705.21	10.0	-1.0	-1132.4	-4723.9	-1.0000	-1.0000	-0.00004	-0.00039	0.023	0.002000	80000.000000	80000.000000	0.0000	0.0000	0.0000	0.0000
6.9760	1136.40	4705.56	10.0	-1.0	-1130.7	-4724.2	-1.0000	-1.0000	-0.00004	-0.00039	0.023	0.002000	80000.000000	80000.000000	0.0000	0.0000	0.0000	0.0000
6.9780	1134.65	4705.91	10.0	-1.0	-1128.9	-4724.5	-1.0000	-1.0000	-0.00004	-0.00039	0.023	0.002000	80000.000000	80000.000000	0.0000	0.0000	0.0000	0.0000
6.9800	1131.90	4706.26	9.0	-1.0	-1127.1	-4724.8	-1.0000	-1.0000	-0.00004	-0.00035	0.020	0.002000	80000.000000	80000.000000	0.0000	0.0000	0.0000	0.0000
6.9820	1131.15	4706.61	10.0	-1.0	-1125.4	-4725.1	-1.0000	-1.0000	-0.00004	-0.00039	0.023	0.002000	80000.000000	80000.000000	0.0000	0.0000	0.0000	0.0000
6.9840	1129.40	4706.96	10.0	-1.0	-1123.6	-4725.4	-1.0000	-1.0000	-0.00004	-0.00039	0.023	0.002000	80000.000000	80000.000000	0.0000	0.0000	0.0000	0.0000
6.9860	1127.65	4707.31	10.0	-1.0	-1121.8	-4725.8	-1.0000	-1.0000	-0.00004	-0.00039	0.023	0.002000	80000.000000	80000.000000	0.0000	0.0000	0.0000	0.0000
6.9880	1125.89	4707.65	10.0	-1.0	-1120.1	-4726.1	-1.0000	-1.0000	-0.00004	-0.00039	0.023	0.002000	80000.000000	80000.000000	0.0000	0.0000	0.0000	0.0000
6.9900	1124.14	4708.00	10.0	-1.0	-1118.3	-4726.4	-1.0000	-1.0000	-0.00004	-0.00039	0.023	0.002000	80000.000000	80000.000000	0.0000	0.0000	0.0000	0.0000
6.9920	1122.39	4708.34	10.0	-1.0	-1116.5	-4726.7	-1.0000	-1.0000	-0.00004	-0.00039	0.023	0.002000	80000.000000	80000.000000	0.0000	0.0000	0.0000	0.0000
6.9940	1120.64	4708.69	10.0	-1.0	-1114.8	-4727.0	-1.0000	-1.0000	-0.00004	-0.00039	0.023	0.002000	80000.000000	80000.000000	0.0000	0.0000	0.0000	0.0000
6.9960	1118.89	4709.03	10.0	-1.0	-1113.0	-4727.3	-1.0000	-1.0000	-0.00004	-0.00039	0.023	0.002000	80000.000000	80000.000000	0.0000	0.0000	0.0000	0.0000
6.9980	1117.13	4709.37	10.0	-1.0	-1111.2	-4727.6	-1.0000	-1.0000	-0.00004	-0.00039	0.023	0.002000	80000.000000	80000.000000	0.0000	0.0000	0.0000	0.0000
7.0000	1115.38	4709.71	10.0	-1.0	-1109.5	-4727.9	-1.0000	-1.0000	-0.00004	-0.00039	0.023	0.002000	80000.000000	80000.000000	0.0000	0.0000	0.0000	0.0000
7.0020	1113.63	4710.05	10.0	-1.0	-1107.7	-4728.2	-1.0000	-1.0000	-0.00004	-0.00039	0.023	0.002000	80000.000000	80000.000000	0.0000	0.0000	0.0000	0.0000
7.0040	1111.88	4710.39	10.0	-1.0	-1105.9	-4728.5	-1.0000	-1.0000	-0.00004	-0.00039	0.023	0.002000	80000.000000	80000.000000	0.0000	0.0000	0.0000	0.0000
7.0060	1110.12	4710.73	10.0	-1.0	-1104.2	-4728.8	-1.0000	-1.0000	-0.00004	-0.00039	0.023	0.002000	80000.000000	80000.000000	0.0000	0.0000	0.0000	0.0000
7.0080	1108.37	4711.07	10.0	-1.0	-1102.4	-4729.1	-1.0000	-1.0000	-0.00004	-0.00039	0.023	0.002000	80000.000000	80000.000000	0.0000	0.0000	0.0000	0.0000
7.0100	1106.62	4711.41	10.0	-1.0	-1100.6	-4729.5	-1.0000	-1.0000	-0.00004	-0.00039	0.023	0.002000	80000.000000	80000.000000	0.0000	0.0000	0.0000	0.0000
7.0120	1104.86	4711.74	10.0	-1.0	-1098.9	-4729.8	-1.0000	-1.0000	-0.00004	-0.00039	0.023	0.002000	80000.000000	80000.000000	0.0000	0.0000	0.0000	0.0000
7.0140	1103.11	4712.08	10.0	-1.0	-1097.1	-4730.1	-1.0000	-1.0000	-0.00004	-0.00039	0.023	0.002000	80000.000000	80000.000000	0.0000	0.0000	0.0000	0.0000
7.0160	1101.36	4712.41	10.0	-1.0	-1095.3	-4730.4	-1.0000	-1.0000	-0.00004	-0.00039	0.023	0.002000	80000.000000	80000.000000	0.0000	0.0000	0.0000	0.0000
7.0180	1099.60	4712.75	10.0	-1.0	-1093.5	-4730.7	-1.0000	-1.0000	-0.00004	-0.00039	0.023	0.002000	80000.000000	80000.000000	0.0000	0.0000	0.0000	0.0000
7.0200	1097.85	4713.08	10.0	-1.0	-1091.8	-4731.0	-1.0000	-1.0000	-0.00004	-0.00039	0.023	0.002000	80000.000000	80000.000000	0.0000	0.0000	0.0000	0.0000
7.0220	1096.09	4713.42	10.0	-1.0	-1090.0	-4731.3	-1.0000	-1.0000	-0.00004	-0.00039	0.023	0.002000	80000.000000	80000.000000	0.0000	0.0000	0.0000	0.0000
7.0240	1094.34	4713.75	10.0	-1.0	-1088.2	-4731.6	-1.0000	-1.0000	-0.00004	-0.00039	0.023	0.002000	80000.000000	80000.000000	0.0000	0.0000	0.0000	0.0000
7.0260	1092.59	4714.08	10.0	-1.0	-1086.5	-4731.9	-1.0000	-1.0000	-0.00004	-0.00039	0.023	0.002000	80000.000000	80000.000000	0.0000	0.0000	0.0000	0.0000
7.0280	1090.83	4714.41	10.0	-1.0	-1084.7	-4732.2	-1.0000	-1.0000	-0.00004	-0.00039	0.023	0.002000	80000.000000	80000.000000	0.0000	0.0000	0.0000	0.0000
7.0300	1089.08	4714.74	10.0	-1.0	-1082.9	-4732.5	-1.0000	-1.0000	-0.00004	-0.00039	0.023	0.002000	80000.000000	80000.000000	0.0000	0.0000	0.0000	0.0000
7.0320	1087.32	4715.07	10.0	-1.0	-1081.2	-4732.8	-1.0000	-1.0000	-0.00004	-0.00039	0.023	0.002000	80000.000000	80000.000000	0.0000	0.0000	0.0000	0.0000
7.0340	1085.56	4715.40	10.0	-1.0	-1079.4	-4733.0	-1.0000	-1.0000	-0.00004	-0.00039	0.023	0.002000	80000.000000	80000.000000	0.0000	0.0000	0.0000	0.0000
7.0360	1083.81	4715.72	10.0	-1.0	-1077.6	-4733.3	-1.0000	-1.0000	-0.00004	-0.00039	0.023	0.002000	80000.000000	80000.000000	0.0000	0.0000	0.0000	0.0000
7.0380	1082.05	4716.05	10.0	-1.0	-1075.9	-4733.6	-1.0000	-1.0000	-0.00004	-0.00039	0.023	0.002000	80000.000000	80000.000000	0.0000	0.0000	0.0000	0.0000
7.0400	1080.30	4716.38	10.0	-1.0	-1074.1	-4733.9	-1.0000	-1.0000	-0.00004	-0.00039	0.023	0.002000	80000.000000	80000.000000	0.0000	0.0000	0.0000	0.0000
7.0420	1078.54	4716.70	10.0	-1.0	-1072.3	-4734.2	-1.0000	-1.0000	-0.00004	-0.00039	0.023	0.002000	80000.000000	80000.000000	0.0000	0.0000	0.0000	0.0000
7.0440	1076.79	4717.02	10.0	-1.0	-1070.6	-4734.5	-1.0000	-1.0000	-0.00004	-0.00039	0.023	0.002000	80000.000000	80000.000000	0.0000	0.0000	0.0000	0.0000
7.0460	1075.03	4717.35	10.0	-1.0	-1068.8	-4734.8	-1.0000	-1.0000	-0.00004	-0.00039	0.023	0.002000	80000.000000	80000.000000	0.0000	0.0000	0.0000	0.0000
7.0480	1073.27	4717.67	10.0	-1.0	-1067.0	-4735.1	-1.0000	-1.0000	-0.00004	-0.00039	0.023	0.002000	80000.000000	80000.000000	0.0000	0.0000	0.0000	0.0000
7.0500	1071.52	4717.99	10.0	-1.0	-1065.2	-4735.4	-1.0000	-1.0000	-0.00004	-0.00039	0.023	0.002000	80000.000000	80000.000000	0.0000	0.0000	0.0000	0.0000
7.0520	1069.76	4718.31	10.0	-1.0	-1063.5	-4735.7	-1.0000	-1.0000	-0.00004	-0.00039	0.023	0.002000	80000.000000	80000.000000	0.0000	0.0000	0.0000	0.0000
7.0540	1068.00	4718.63	10.0	-1.0	-1061.7	-4736.0	-1.0000	-1.0000	-0.00004	-0.00039	0.023	0.002000	80000.000000	80000.000000	0.0000	0.0000	0.0000	0.0000
7.0560	1066.25	4718.95	10.0	-1.0	-1059.9	-4736.3	-1.0000	-1.0000	-0.00004	-0.00039	0.023	0.002000	80000.000000	80000.000000	0.0000	0.0000	0.0000	0.0000
7.0580	1064.49	4719.27	10.0	-1.0	-1058.2	-4736.5	-1.0000	-1.0000	-0.00004	-0.00039	0.023	0.002000	80000.000000	80000.000000	0.0000	0.0000	0.0000	0.0000
7.0600	1062.73	4719.59	10.0	-1.0	-1056.4	-4736.8	-1.0000	-1.0000	-0.00004	-0.00039	0.023	0.002000	80000.000000	80000.000000	0.0000	0.0000	0.0000	0.0000
7.0620	1060.97	4719.91	10.0	-1.0	-1054.6	-4737.1	-1.0000	-1.0000	-0.00004	-0.00039	0.023	0.002000	80000.000000	80000.000000	0.0000	0.0000	0.0000	0.0000
7.0640	1059.22	4720.23	10.0	-1.0	-1052.8	-4737.4	-1.0000	-1.0000	-0.00004	-0.00039	0.023	0.002000	80000.000000	80000.000000	0.0000	0.0000	0.0000	0.0000
7.0660	1056.46	4720.54	9.0	-1.0	-1051.1	-4737.7	-1.0000	-1.0000	-0.00004	-0.00035	0.020	0.002000	80000.000000	80000.000000	0.0000	0.0000	0.0000	0.0000
7.0680	1055.70	4720.86	10.0	-1.0	-1049.3	-4738.0	-1.0000	-1.0000	-0.00004	-0.00039	0.023	0.002000	80000.000000	80000.000000	0.0000	0.0000	0.0000	0.0000
7.0700	1053.94	4721.17	10.0	-1.0	-1047.5	-4738.3	-1.0000	-1.0000	-0.00004	-0.00039	0.023	0.002000	80000.000000	80000.000000	0.0000	0.0000	0.0000	0.0000
7.0720	1052.18	4721.48	10.0	-1.0	-1045.8	-4738.5	-1.0000	-1.0000	-0.00004	-0.00039	0.023	0.002000	80000.000000	80000.000000	0.0000	0.0000	0.0000	0.0000
7.0740	1050.43	4721.80	10.0	-1.0	-1044.0	-4738.8	-1.0000	-1.0000	-0.00004	-0.00039	0.023	0.002000	80000.000000	80000.000000	0.0000	0.0000	0.0000	0.0000
7.0760	1048.67	4722.11	10.0	-1.0	-1042.2	-4739.1	-1.0000	-1.0000	-0.00004	-0.00039	0.023	0.002000	80000.000000	80000.000000	0.0000	0.0000	0.0000	0.0000
7.0780	1046.91	4722.42	10.0	-1.0	-1040.4	-4739.4	-1.0000	-1.0000	-0.00004	-0.00039	0.023	0.002000	80000.000000	80000.000000	0.0000	0.0000	0.0000	0.0000
7.0800	1045.15	4722.73	10.0	-1.0	-1038.7	-4739.7	-1.0000	-1.0000	-0.00004	-0.00039	0.023	0.002000	80000.000000	80000.000000	0.0000	0.0000	0.0000	0.0000
7.0820	1043.39	4723.04	10.0	-1.0	-1036.9	-4739.9	-1.0000	-1.0000	-0.00004	-0.00039	0.023	0.002000	80000.000000	80000.000000	0.0000	0.0000	0.0000	0.0000
7.0840	1041.63	4723.35	10.0	-1.0	-1035.1	-4740.2	-1.0000	-1.0000	-0.00004	-0.00039	0.023	0.002000	80000.000000	80000.000000	0.0000	0.0000	0.0000	0.0000
7.0860	1039.87	4723.66	10.0	-1.0	-1033.4	-4740.5	-1.0000	-1.0000	-0.00004	-0.00039	0.023	0.002000	80000.000000	80000.000000	0.0000	0.0000	0.0000	0.0000
7.0880	1038.11	4723.96	10.0	-1.0	-1031.6	-4740.8	-1.0000	-1.0000	-0.00004	-0.00039	0.023	0.002000	80000.000000	80000.000000	0.0000	0.0000	0.0000	0.0000
7.0900	1036.35	4724.27	10.0	-1.0	-1029.8	-4741.0	-1.0000	-1.0000	-0.00004	-0.00039	0.023	0.002000	80000.000000	80000.000000	0.0000	0.0000	0.0000	0.0000
7.0920	1034.59	4724.58	10.0	-1.0	-1028.0	-4741.3	-1.0000	-1.0000	-0.00004	-0.00039	0.023	0.002000	80000.000000	80000.000000	0.0000	0.0000	0.0000	0.0000
7.0940	1032.83	4724.88	10.0	-1.0	-1026.3	-4741.6	-1.0000	-1.0000	-0.00004	-0.00039	0.023	0.002000	80000.000000	80000.000000	0.0000	0.0000	0.0000	0.0000
7.0960	1031.07	4725.19	10.0	-1.0	-1024.5	-4741.9	-1.0000	-1.0000	-0.00004	-0.00039	0.023	0.002000	80000.000000	80000.000000	0.0000	0.0000	0.0000	0.0000
7.0980	1029.31	4725.49	10.0	-1.0	-1022.7	-4742.1	-1.0000	-1.0000	-0.00004	-0.00039	0.023	0.002000	80000.000000	80000.000000	0.0000	0.0000	0.0000	0.0000
7.1000	1027.55	4725.79	10.0	-1.0	-1020.9	-4742.4	-1.0000	-1.0000	-0.00004	-0.00039	0.023	0.002000	80000.000000	80000.000000	0.0000	0.0000	0.0000	0.0000
7.1020	1025.79	4726.09	10.0	-1.0	-1019.2	-4742.7	-1.0000	-1.0000	-0.00004	-0.00039	0.023	0.002000	80000.000000	80000.000000	0.0000	0.0000	0.0000	0.0000
7.1040	1024.03	4726.40	10.0	-1.0	-1017.4	-4743.0	-1.0000	-1.0000	-0.00004	-0.00039	0.023	0.002000	80000.000000	80000.000000	0.0000	0.0000	0.0000	0.0000
7.1060	1022.27	4726.70	10.0	-1.0	-1015.6	-4743.2	-1.0000	-1.0000	-0.00004	-0.00039	0.023	0.002000	80000.000000	80000.000000	0.0000	0.0000	0.0000	0.0000
7.1080	1020.51	4727.00	10.0	-1.0	-1013.9	-4743.5	-1.0000	-1.0000	-0.00004	-0.00039	0.023	0.002000	80000.000000	80000.000000	0.0000	0.0000	0.0000	0.0000
7.1100	1018.75	4727.29	10.0	-1.0	-1012.1	-4743.8	-1.0000	-1.0000	-0.00004	-0.00039	0.023	0.002000	80000.000000	80000.000000	0.0000	0.0000	0.0000	0.0000
7.1120	1016.99	4727.59	10.0	-1.0	-1010.3	-4744.0	-1.0000	-1.0000	-0.00004	-0.00039	0.023	0.002000	80000.000000	80000.000000	0.0000	0.0000	0.0000	0.0000
7.1140	1015.22	4727.89	10.0	-1.0	-1008.5	-4744.3	-1.0000	-1.0000	-0.00004	-0.00039	0.023	0.002000	80000.000000	80000.000000	0.0000	0.0000	0.0000	0.0000
7.1160	1013.46	4728.19	10.0	-1.0	-1006.8	-4744.6	-1.0000	-1.0000	-0.00004	-0.00039	0.023	0.002000	80000.000000	80000.000000	0.0000	0.0000	0.0000	0.0000
7.1180	1011.70	4728.48	10.0	-1.0	-1005.0	-4744.8	-1.0000	-1.0000	-0.00004	-0.00039	0.023	0.002000	80000.000000	80000.000000	0.0000	0.0000	0.0000	0.0000
7.1200	1009.94	4728.78	10.0	-1.0	-1003.2	-4745.1	-1.0000	-1.0000	-0.00004	-0.00039	0.023	0.002000	80000.000000	80000.000000	0.0000	0.0000	0.0000	0.0000
7.1220	1008.18	4729.07	10.0	-1.0	-1001.4	-4745.4	-1.0000	-1.0000	-0.00004	-0.00039	0.023	0.002000	80000.000000	80000.000000	0.0000	0.0000	0.0000	0.0000
7.1240	1006.41	4729.36	10.0	-1.0	-999.7	-4745.6	-1.0000	-1.0000	-0.00004	-0.00039	0.023	0.002000	80000.000000	80000.000000	0.0000	0.0000	0.0000	0.0000
7.1260	1004.65	4729.66	10.0	-1.0	-997.9	-4745.9	-1.0000	-1.0000	-0.00004	-0.00039	0.023	0.002000	80000.000000	80000.000000	0.0000	0.0000	0.0000	0.0000
7.1280	1002.89	4729.95	10.0	-1.0	-996.1	-4746.2	-1.0000	-1.0000	-0.00004	-0.00039	0.023	0.002000	80000.000000	80000.000000	0.0000	0.0000	0.0000	0.0000
7.1300	1001.13	4730.24	10.0	-1.0	-994.3	-4746.4	-1.0000	-1.0000	-0.00004	-0.00039	0.023	0.002000	80000.000000	80000.000000	0.0000	0.0000	0.0000	0.0000
7.1320	999.36	4730.53	10.0	-1.0	-992.6	-4746.7	-1.0000	-1.0000	-0.00004	-0.00039	0.023	0.002000	80000.000000	80000.000000	0.0000	0.0000	0.0000	0.0000
7.1340	997.60	4730.82	10.0	-1.0	-990.8	-4746.9	-1.0000	-1.0000	-0.00004	-0.00039	0.023	0.002000	80000.000000	80000.000000	0.0000	0.0000	0.0000	0.0000
7.1360	995.84	4731.11	10.0	-1.0	-989.0	-4747.2	-1.0000	-1.0000	-0.00004	-0.00039	0.023	0.002000	80000.000000	80000.000000	0.0000	0.0000	0.0000	0.0000
7.1380	994.07	4731.40	10.0	-1.0	-987.2	-4747.5	-1.0000	-1.0000	-0.00004	-0.00039	0.023	0.002000	80000.000000	80000.000000	0.0000	0.0000	0.0000	0.0000
7.1400	992.31	4731.68	10.0	-1.0	-985.5	-4747.7	-1.0000	-1.0000	-0.00004	-0.00039	0.023	0.002000	80000.000000	80000.000000	0.0000	0.0000	0.0000	0.0000
7.1420	990.55	4731.97	10.0	-1.0	-983.7	-4748.0	-1.0000	-1.0000	-0.00004	-0.00039	0.023	0.002000	80000.000000	80000.000000	0.0000	0.0000	0.0000	0.0000
7.1440	988.78	4732.26	10.0	-1.0	-981.9	-4748.2	-1.0000	-1.0000	-0.00004	-0.00039	0.023	0.002000	80000.000000	80000.000000	0.0000	0.0000	0.0000	0.0000
7.1460	987.02	4732.54	10.0	-1.0	-980.1	-4748.5	-1.0000	-1.0000	-0.00004	-0.00039	0.023	0.002000	80000.000000	80000.000000	0.0000	0.0000	0.0000	0.0000
7.1480	985.26	4732.83	10.0	-1.0	-978.4	-4748.7	-1.0000	-1.0000	-0.00004	-0.00039	0.023	0.002000	80000.000000	80000.000000	0.0000	0.0000	0.0000	0.0000
7.1500	983.49	4733.11	10.0	-1.0	-976.6	-4749.0	-1.0000	-1.0000	-0.00004	-0.00039	0.023	0.002000	80000.000000	80000.000000	0.0000	0.0000	0.0000	0.0000
7.1520	981.73	4733.39	10.0	-1.0	-974.8	-4749.2	-1.0000	-1.0000	-0.00004	-0.00039	0.023	0.002000	80000.000000	80000.000000	0.0000	0.0000	0.0000	0.0000
7.1540	979.96	4733.67	10.0	-1.0	-973.0	-4749.5	-1.0000	-1.0000	-0.00004	-0.00039	0.023	0.002000	80000.000000	80000.000000	0.0000	0.0000	0.0000	0.0000
7.1560	978.20	4733.95	10.0	-1.0	-971.3	-4749.8	-1.0000	-1.0000	-0.00004	-0.00039	0.023	0.002000	80000.000000	80000.000000	0.0000	0.0000	0.0000	0.0000
7.1580	976.43	4734.23	10.0	-1.0	-969.5	-4750.0	-1.0000	-1.0000	-0.00004	-0.00039	0.023	0.002000	80000.000000	80000.000000	0.0000	0.0000	0.0000	0.0000
7.1600	974.67	4734.51	10.0	-1.0	-967.7	-4750.3	-1.0000	-1.0000	-0.00004	-0.00039	0.023	0.002000	80000.000000	80000.000000	0.0000	0.0000	0.0000	0.0000
7.1620	972.90	4734.79	10.0	-1.0	-965.9	-4750.5	-1.0000	-1.0000	-0.00004	-0.00039	0.023	0.002000	80000.000000	80000.000000	0.0000	0.0000	0.0000	0.0000
7.1640	971.14	4735.07	10.0	-1.0	-964.2	-4750.8	-1.0000	-1.0000	-0.00004	-0.00039	0.023	0.002000	80000.000000	80000.000000	0.0000	0.0000	0.0000	0.0000
7.1660	969.37	4735.35	10.0	-1.0	-962.4	-4751.0	-1.0000	-1.0000	-0.00004	-0.00039	0.023	0.002000	80000.000000	80000.000000	0.0000	0.0000	0.0000	0.0000
7.1680	967.61	4735.62	10.0	-1.0	-960.6	-4751.2	-1.0000	-1.0000	-0.00004	-0.00039	0.023	0.002000	80000.000000	80000.000000	0.0000	0.0000	0.0000	0.0000
7.1700	965.84	4735.90	10.0	-1.0	-958.8	-4751.5	-1.0000	-1.0000	-0.00004	-0.00039	0.023	0.002000	80000.000000	80000.000000	0.0000	0.0000	0.0000	0.0000
7.1720	964.08	4736.18	10.0	-1.0	-957.0	-4751.7	-1.0000	-1.0000	-0.00004	-0.00039	0.023	0.002000	80000.000000	80000.000000	0.0000	0.0000	0.0000	0.0000
7.1740	962.31	4736.45	10.0	-1.0	-955.3	-4752.0	-1.0000	-1.0000	-0.00004	-0.00039	0.023	0.002000	80000.000000	80000.000000	0.0000	0.0000	0.0000	0.0000
7.1760	960.55	4736.72	10.0	-1.0	-953.5	-4752.2	-1.0000	-1.0000	-0.00004	-0.00039	0.023	0.002000	80000.000000	80000.000000	0.0000	0.0000	0.0000	0.0000
7.1780	958.78	4737.00	10.0	-1.0	-951.7	-4752.5	-1.0000	-1.0000	-0.00004	-0.00039	0.023	0.002000	80000.000000	80000.000000	0.0000	0.0000	0.0000	0.0000
7.1800	957.01	4737.27	10.0	-1.0	-949.9	-4752.7	-1.0000	-1.0000	-0.00004	-0.00039	0.023	0.002000	80000.000000	80000.000000	0.0000	0.0000	0.0000	0.0000
7.1820	955.25	4737.54	10.0	-1.0	-948.2	-4753.0	-1.0000	-1.0000	-0.00004	-0.00039	0.023	0.002000	80000.000000	80000.000000	0.0000	0.0000	0.0000	0.0000
7.1840	953.48	4737.81	10.0	-1.0	-946.4	-4753.2	-1.0000	-1.0000	-0.00004	-0.00039	0.023	0.002000	80000.000000	80000.000000	0.0000	0.0000	0.0000	0.0000
7.1860	951.71	4738.08	10.0	-1.0	-944.6	-4753.4	-1.0000	-1.0000	-0.00004	-0.00039	0.023	0.002000	80000.000000	80000.000000	0.0000	0.0000	0.0000	0.0000
7.1880	949.95	4738.35	10.0	-1.0	-942.8	-4753.7	-1.0000	-1.0000	-0.00004	-0.00039	0.023	0.002000	80000.000000	80000.000000	0.0000	0.0000	0.0000	0.0000
7.1900	948.18	4738.62	10.0	-1.0	-941.0	-4753.9	-1.0000	-1.0000	-0.00004	-0.00039	0.023	0.002000	80000.000000	80000.000000	0.0000	0.0000	0.0000	0.0000
7.1920	946.41	4738.88	10.0	-1.0	-939.3	-4754.2	-1.0000	-1.0000	-0.00004	-0.00039	0.023	0.002000	80000.000000	80000.000000	0.0000	0.0000	0.0000	0.0000
7.1940	944.65	4739.15	10.0	-1.0	-937.5	-4754.4	-1.0000	-1.0000	-0.00004	-0.00039	0.023	0.002000	80000.000000	80000.000000	0.0000	0.0000	0.0000	0.0000
7.1960	942.88	4739.41	10.0	-1.0	-935.7	-4754.6	-1.0000	-1.0000	-0.00004	-0.00039	0.023	0.002000	80000.000000	80000.000000	0.0000	0.0000	0.0000	0.0000
7.1980	941.11	4739.68	10.0	-1.0	-933.9	-4754.9	-1.0000	-1.0000	-0.00004	-0.00039	0.023	0.002000	80000.000000	80000.000000	0.0000	0.0000	0.0000	0.0000
7.2000	939.34	4739.94	10.0	-1.0	-932.2	-4755.1	-1.0000	-1.0000	-0.00004	-0.00039	0.023	0.002000	80000.000000	80000.000000	0.0000	0.0000	0.0000	0.0000
7.2020	937.58	4740.21	10.0	-1.0	-930.4	-4755.4	-1.0000	-1.0000	-0.00004	-0.00039	0.023	0.002000	80000.000000	80000.000000	0.0000	0.0000	0.0000	0.0000
7.2040	935.81	4740.47	10.0	-1.0	-928.6	-4755.6	-1.0000	-1.0000	-0.00004	-0.00039	0.023	0.002000	80000.000000	80000.000000	0.0000	0.0000	0.0000	0.0000
7.2060	934.04	4740.73	10.0	-1.0	-926.8	-4755.8	-1.0000	-1.0000	-0.00004	-0.00039	0.023	0.002000	80000.000000	80000.000000	0.0000	0.0000	0.0000	0.0000
7.2080	932.27	4740.99	10.0	-1.0	-925.0	-4756.1	-1.0000	-1.0000	-0.00004	-0.00039	0.023	0.002000	80000.000000	80000.000000	0.0000	0.0000	0.0000	0.0000
7.2100	930.51	4741.25	10.0	-1.0	-923.3	-4756.3	-1.0000	-1.0000	-0.00004	-0.00039	0.023	0.002000	80000.000000	80000.000000	0.0000	0.0000	0.0000	0.0000
7.2120	928.74	4741.51	10.0	-1.0	-921.5	-4756.5	-1.0000	-1.0000	-0.00004	-0.00039	0.023	0.002000	80000.000000	80000.000000	0.0000	0.0000	0.0000	0.0000
7.2140	926.97	4741.77	10.0	-1.0	-919.7	-4756.8	-1.0000	-1.0000	-0.00004	-0.00039	0.023	0.002000	80000.000000	80000.000000	0.0000	0.0000	0.0000	0.0000
7.2160	925.20	4742.03	10.0	-1.0	-917.9	-4757.0	-1.0000	-1.0000	-0.00004	-0.00039	0.023	0.002000	80000.000000	80000.000000	0.0000	0.0000	0.0000	0.0000
7.2180	923.43	4742.29	10.0	-1.0	-916.1	-4757.2	-1.0000	-1.0000	-0.00004	-0.00039	0.023	0.002000	80000.000000	80000.000000	0.0000	0.0000	0.0000	0.0000
7.2200	921.66	4742.54	10.0	-1.0	-914.4	-4757.4	-1.0000	-1.0000	-0.00004	-0.00039	0.023	0.002000	80000.000000	80000.000000	0.0000	0.0000	0.0000	0.0000
7.2220	919.89	4742.80	10.0	-1.0	-912.6	-4757.7	-1.0000	-1.0000	-0.00004	-0.00039	0.023	0.002000	80000.000000	80000.000000	0.0000	0.0000	0.0000	0.0000
7.2240	918.12	4743.05	10.0	-1.0	-910.8	-4757.9	-1.0000	-1.0000	-0.00004	-0.00039	0.023	0.002000	80000.000000	80000.000000	0.0000	0.0000	0.0000	0.0000
7.2260	916.36	4743.31	10.0	-1.0	-909.0	-4758.1	-1.0000	-1.0000	-0.00004	-0.00039	0.023	0.002000	80000.000000	80000.000000	0.0000	0.0000	0.0000	0.0000
7.2280	914.59	4743.56	10.0	-1.0	-907.2	-4758.4	-1.0000	-1.0000	-0.00004	-0.00039	0.023	0.002000	80000.000000	80000.000000	0.0000	0.0000	0.0000	0.0000
7.2300	912.82	4743.81	10.0	-1.0	-905.5	-4758.6	-1.0000	-1.0000	-0.00004	-0.00039	0.023	0.002000	80000.000000	80000.000000	0.0000	0.0000	0.0000	0.0000
7.2320	911.05	4744.07	10.0	-1.0	-903.7	-4758.8	-1.0000	-1.0000	-0.00004	-0.00039	0.023	0.002000	80000.000000	80000.000000	0.0000	0.0000	0.0000	0.0000
7.2340	909.28	4744.32	10.0	-1.0	-901.9	-4759.0	-1.0000	-1.0000	-0.00004	-0.00039	0.023	0.002000	80000.000000	80000.000000	0.0000	0.0000	0.0000	0.0000
7.2360	907.51	4744.57	10.0	-1.0	-900.1	-4759.3	-1.0000	-1.0000	-0.00004	-0.00039	0.023	0.002000	80000.000000	80000.000000	0.0000	0.0000	0.0000	0.0000
7.2380	905.74	4744.82	10.0	-1.0	-898.3	-4759.5	-1.0000	-1.0000	-0.00004	-0.00039	0.023	0.002000	80000.000000	80000.000000	0.0000	0.0000	0.0000	0.0000
7.2400	903.97	4745.07	10.0	-1.0	-896.6	-4759.7	-1.0000	-1.0000	-0.00004	-0.00039	0.023	0.002000	80000.000000	80000.000000	0.0000	0.0000	0.0000	0.0000
7.2420	902.20	4745.31	10.0	-1.0	-894.8	-4759.9	-1.0000	-1.0000	-0.00004	-0.00039	0.023	0.002000	80000.000000	80000.000000	0.0000	0.0000	0.0000	0.0000
7.2440	900.43	4745.56	10.0	-1.0	-893.0	-4760.1	-1.0000	-1.0000	-0.00004	-0.00039	0.023	0.002000	80000.000000	80000.000000	0.0000	0.0000	0.0000	0.0000
7.2460	898.66	4745.81	10.0	-1.0	-891.2	-4760.4	-1.0000	-1.0000	-0.00004	-0.00039	0.023	0.002000	80000.000000	80000.000000	0.0000	0.0000	0.0000	0.0000
7.2480	896.89	4746.05	10.0	-1.0	-889.4	-4760.6	-1.0000	-1.0000	-0.00004	-0.00039	0.023	0.002000	80000.000000	80000.000000	0.0000	0.0000	0.0000	0.0000
7.2500	895.12	4746.30	10.0	-1.0	-887.7	-4760.8	-1.0000	-1.0000	-0.00004	-0.00039	0.023	0.002000	80000.000000	80000.000000	0.0000	0.0000	0.0000	0.0000
7.2520	893.35	4746.54	10.0	-1.0	-885.9	-4761.0	-1.0000	-1.0000	-0.00004	-0.00039	0.023	0.002000	80000.000000	80000.000000	0.0000	0.0000	0.0000	0.0000
7.2540	891.57	4746.79	10.0	-1.0	-884.1	-4761.2	-1.0000	-1.0000	-0.00004	-0.00039	0.023	0.002000	80000.000000	80000.000000	0.0000	0.0000	0.0000	0.0000
7.2560	889.80	4747.03	10.0	-1.0	-882.3	-4761.5	-1.0000	-1.0000	-0.00004	-0.00039	0.023	0.002000	80000.000000	80000.000000	0.0000	0.0000	0.0000	0.0000
7.2580	888.03	4747.27	10.0	-1.0	-880.5	-4761.7	-1.0000	-1.0000	-0.00004	-0.00039	0.023	0.002000	80000.000000	80000.000000	0.0000	0.0000	0.0000	0.0000
7.2600	886.26	4747.51	10.0	-1.0	-878.8	-4761.9	-1.0000	-1.0000	-0.00004	-0.00039	0.023	0.002000	80000.000000	80000.000000	0.0000	0.0000	0.0000	0.0000
7.2620	884.49	4747.75	10.0	-1.0	-877.0	-4762.1	-1.0000	-1.0000	-0.00004	-0.00039	0.023	0.002000	80000.000000	80000.000000	0.0000	0.0000	0.0000	0.0000
7.2640	882.72	4747.99	10.0	-1.0	-875.2	-4762.3	-1.0000	-1.0000	-0.00004	-0.00039	0.023	0.002000	80000.000000	80000.000000	0.0000	0.0000	0.0000	0.0000
7.2660	880.95	4748.23	10.0	-1.0	-873.4	-4762.5	-1.0000	-1.0000	-0.00004	-0.00039	0.023	0.002000	80000.000000	80000.000000	0.0000	0.0000	0.0000	0.0000
7.2680	879.17	4748.47	10.0	-1.0	-871.6	-4762.7	-1.0000	-1.0000	-0.00004	-0.00039	0.023	0.002000	80000.000000	80000.000000	0.0000	0.0000	0.0000	0.0000
7.2700	877.40	4748.71	10.0	-1.0	-869.8	-4762.9	-1.0000	-1.0000	-0.00004	-0.00039	0.023	0.002000	80000.000000	80000.000000	0.0000	0.0000	0.0000	0.0000
7.2720	875.63	4748.94	10.0	-1.0	-868.1	-4763.2	-1.0000	-1.0000	-0.00004	-0.00039	0.023	0.002000	80000.000000	80000.000000	0.0000	0.0000	0.0000	0.0000
7.2740	873.86	4749.18	10.0	-1.0	-866.3	-4763.4	-1.0000	-1.0000	-0.00004	-0.00039	0.023	0.002000	80000.000000	80000.000000	0.0000	0.0000	0.0000	0.0000
7.2760	872.09	4749.41	10.0	-1.0	-864.5	-4763.6	-1.0000	-1.0000	-0.00004	-0.00039	0.023	0.002000	80000.000000	80000.000000	0.0000	0.0000	0.0000	0.0000
7.2780	870.31	4749.65	10.0	-1.0	-862.7	-4763.8	-1.0000	-1.0000	-0.00004	-0.00039	0.023	0.002000	80000.000000	80000.000000	0.0000	0.0000	0.0000	0.0000
7.2800	867.54	4749.88	9.0	-1.0	-860.9	-4764.0	-1.0000	-1.0000	-0.00004	-0.00035	0.020	0.002000	80000.000000	80000.000000	0.0000	0.0000	0.0000	0.0000
7.2820	866.77	4750.11	10.0	-1.0	-859.2	-4764.2	-1.0000	-1.0000	-0.00004	-0.00039	0.023	0.002000	80000.000000	80000.000000	0.0000	0.0000	0.0000	0.0000
7.2840	865.00	4750.35	10.0	-1.0	-857.4	-4764.4	-1.0000	-1.0000	-0.00004	-0.00039	0.023	0.002000	80000.000000	80000.000000	0.0000	0.0000	0.0000	0.0000
7.2860	863.22	4750.58	10.0	-1.0	-855.6	-4764.6	-1.0000	-1.0000	-0.00004	-0.00039	0.023	0.002000	80000.000000	80000.000000	0.0000	0.0000	0.0000	0.0000
7.2880	861.45	4750.81	10.0	-1.0	-853.8	-4764.8	-1.0000	-1.0000	-0.00004	-0.00039	0.023	0.002000	80000.000000	80000.000000	0.0000	0.0000	0.0000	0.0000
7.2900	859.68	4751.04	10.0	-1.0	-852.0	-4765.0	-1.0000	-1.0000	-0.00004	-0.00039	0.023	0.002000	80000.000000	80000.000000	0.0000	0.0000	0.0000	0.0000
7.2920	857.90	4751.27	10.0	-1.0	-850.2	-4765.2	-1.0000	-1.0000	-0.00004	-0.00039	0.023	0.002000	80000.000000	80000.000000	0.0000	0.0000	0.0000	0.0000
7.2940	856.13	4751.49	10.0	-1.0	-848.5	-4765.4	-1.0000	-1.0000	-0.00004	-0.00039	0.023	0.002000	80000.000000	80000.000000	0.0000	0.0000	0.0000	0.0000
7.2960	854.36	4751.72	10.0	-1.0	-846.7	-4765.6	-1.0000	-1.0000	-0.00004	-0.00039	0.023	0.002000	80000.000000	80000.000000	0.0000	0.0000	0.0000	0.0000
7.2980	852.59	4751.95	10.0	-1.0	-844.9	-4765.8	-1.0000	-1.0000	-0.00004	-0.00039	0.023	0.002000	80000.000000	80000.000000	0.0000	0.0000	0.0000	0.0000
7.3000	850.81	4752.17	10.0	-1.0	-843.1	-4766.0	-1.0000	-1.0000	-0.00004	-0.00039	0.023	0.002000	80000.000000	80000.000000	0.0000	0.0000	0.0000	0.0000
7.3020	849.04	4752.40	10.0	-1.0	-841.3	-4766.2	-1.0000	-1.0000	-0.00004	-0.00039	0.023	0.002000	80000.000000	80000.000000	0.0000	0.0000	0.0000	0.0000
7.3040	847.26	4752.62	10.0	-1.0	-839.5	-4766.4	-1.0000	-1.0000	-0.00004	-0.00039	0.023	0.002000	80000.000000	80000.000000	0.0000	0.0000	0.0000	0.0000
7.3060	845.49	4752.85	10.0	-1.0	-837.8	-4766.6	-1.0000	-1.0000	-0.00004	-0.00039	0.023	0.002000	80000.000000	80000.000000	0.0000	0.0000	0.0000	0.0000
7.3080	843.72	4753.07	10.0	-1.0	-836.0	-4766.8	-1.0000	-1.0000	-0.00004	-0.00039	0.023	0.002000	80000.000000	80000.000000	0.0000	0.0000	0.0000	0.0000
7.3100	841.94	4753.29	10.0	-1.0	-834.2	-4767.0	-1.0000	-1.0000	-0.00004	-0.00039	0.023	0.002000	80000.000000	80000.000000	0.0000	0.0000	0.0000	0.0000
7.3120	840.17	4753.51	10.0	-1.0	-832.4	-4767.2	-1.0000	-1.0000	-0.00004	-0.00039	0.023	0.002000	80000.000000	80000.000000	0.0000	0.0000	0.0000	0.0000
7.3140	838.39	4753.73	10.0	-1.0	-830.6	-4767.4	-1.0000	-1.0000	-0.00004	-0.00039	0.023	0.002000	80000.000000	80000.000000	0.0000	0.0000	0.0000	0.0000
7.3160	836.62	4753.95	10.0	-1.0	-828.8	-4767.6	-1.0000	-1.0000	-0.00004	-0.00039	0.023	0.002000	80000.000000	80000.000000	0.0000	0.0000	0.0000	0.0000
7.3180	834.84	4754.17	10.0	-1.0	-827.1	-4767.8	-1.0000	-1.0000	-0.00004	-0.00039	0.023	0.002000	80000.000000	80000.000000	0.0000	0.0000	0.0000	0.0000
7.3200	833.07	4754.39	10.0	-1.0	-825.3	-4768.0	-1.0000	-1.0000	-0.00004	-0.00039	0.023	0.002000	80000.000000	80000.000000	0.0000	0.0000	0.0000	0.0000
7.3220	831.29	4754.61	10.0	-1.0	-823.5	-4768.2	-1.0000	-1.0000	-0.00004	-0.00039	0.023	0.002000	80000.000000	80000.000000	0.0000	0.0000	0.0000	0.0000
7.3240	829.52	4754.82	10.0	-1.0	-821.7	-4768.4	-1.0000	-1.0000	-0.00004	-0.00039	0.023	0.002000	80000.000000	80000.000000	0.0000	0.0000	0.0000	0.0000
7.3260	827.74	4755.04	10.0	-1.0	-819.9	-4768.6	-1.0000	-1.0000	-0.00004	-0.00039	0.023	0.002000	80000.000000	80000.000000	0.0000	0.0000	0.0000	0.0000
7.3280	825.97	4755.25	10.0	-1.0	-818.1	-4768.8	-1.0000	-1.0000	-0.00004	-0.00039	0.023	0.002000	80000.000000	80000.000000	0.0000	0.0000	0.0000	0.0000
7.3300	823.20	4755.47	9.0	-1.0	-816.4	-4769.0	-1.0000	-1.0000	-0.00004	-0.00035	0.020	0.002000	80000.000000	80000.000000	0.0000	0.0000	0.0000	0.0000
7.3320	822.42	4755.68	10.0	-1.0	-814.6	-4769.1	-1.0000	-1.0000	-0.00004	-0.00039	0.023	0.002000	80000.000000	80000.000000	0.0000	0.0000	0.0000	0.0000
7.3340	820.64	4755.89	10.0	-1.0	-812.8	-4769.3	-1.0000	-1.0000	-0.00004	-0.00039	0.023	0.002000	80000.000000	80000.000000	0.0000	0.0000	0.0000	0.0000
7.3360	818.87	4756.11	10.0	-1.0	-811.0	-4769.5	-1.0000	-1.0000	-0.00004	-0.00039	0.023	0.002000	80000.000000	80000.000000	0.0000	0.0000	0.0000	0.0000
7.3380	817.09	4756.32	10.0	-1.0	-809.2	-4769.7	-1.0000	-1.0000	-0.00004	-0.00039	0.023	0.002000	80000.000000	80000.000000	0.0000	0.0000	0.0000	0.0000
7.3400	815.32	4756.53	10.0	-1.0	-807.4	-4769.9	-1.0000	-1.0000	-0.00004	-0.00039	0.023	0.002000	80000.000000	80000.000000	0.0000	0.0000	0.0000	0.0000
7.3420	813.54	4756.74	10.0	-1.0	-805.7	-4770.1	-1.0000	-1.0000	-0.00004	-0.00039	0.023	0.002000	80000.000000	80000.000000	0.0000	0.0000	0.0000	0.0000
7.3440	811.77	4756.95	10.0	-1.0	-803.9	-4770.3	-1.0000	-1.0000	-0.00004	-0.00039	0.023	0.002000	80000.000000	80000.000000	0.0000	0.0000	0.0000	0.0000
7.3460	809.99	4757.16	10.0	-1.0	-802.1	-4770.4	-1.0000	-1.0000	-0.00004	-0.00039	0.023	0.002000	80000.000000	80000.000000	0.0000	0.0000	0.0000	0.0000
7.3480	808.21	4757.36	10.0	-1.0	-800.3	-4770.6	-1.0000	-1.0000	-0.00004	-0.00039	0.023	0.002000	80000.000000	80000.000000	0.0000	0.0000	0.0000	0.0000
7.3500	806.44	4757.57	10.0	-1.0	-798.5	-4770.8	-1.0000	-1.0000	-0.00004	-0.00039	0.023	0.002000	80000.000000	80000.000000	0.0000	0.0000	0.0000	0.0000
7.3520	804.66	4757.78	10.0	-1.0	-796.7	-4771.0	-1.0000	-1.0000	-0.00004	-0.00039	0.023	0.002000	80000.000000	80000.000000	0.0000	0.0000	0.0000	0.0000
7.3540	802.88	4757.98	10.0	-1.0	-794.9	-4771.2	-1.0000	-1.0000	-0.00004	-0.00039	0.023	0.002000	80000.000000	80000.000000	0.0000	0.0000	0.0000	0.0000
7.3560	801.11	4758.18	10.0	-1.0	-793.2	-4771.4	-1.0000	-1.0000	-0.00004	-0.00039	0.023	0.002000	80000.000000	80000.000000	0.0000	0.0000	0.0000	0.0000
7.3580	799.33	4758.39	10.0	-1.0	-791.4	-4771.5	-1.0000	-1.0000	-0.00004	-0.00039	0.023	0.002000	80000.000000	80000.000000	0.0000	0.0000	0.0000	0.0000
7.3600	797.55	4758.59	10.0	-1.0	-789.6	-4771.7	-1.0000	-1.0000	-0.00004	-0.00039	0.023	0.002000	80000.000000	80000.000000	0.0000	0.0000	0.0000	0.0000
7.3620	795.78	4758.79	10.0	-1.0	-787.8	-4771.9	-1.0000	-1.0000	-0.00004	-0.00039	0.023	0.002000	80000.000000	80000.000000	0.0000	0.0000	0.0000	0.0000
7.3640	794.00	4758.99	10.0	-1.0	-786.0	-4772.1	-1.0000	-1.0000	-0.00004	-0.00039	0.023	0.002000	80000.000000	80000.000000	0.0000	0.0000	0.0000	0.0000
7.3660	792.22	4759.19	10.0	-1.0	-784.2	-4772.2	-1.0000	-1.0000	-0.00004	-0.00039	0.023	0.002000	80000.000000	80000.000000	0.0000	0.0000	0.0000	0.0000
7.3680	790.45	4759.39	10.0	-1.0	-782.4	-4772.4	-1.0000	-1.0000	-0.00004	-0.00039	0.023	0.002000	80000.000000	80000.000000	0.0000	0.0000	0.0000	0.0000
7.3700	788.67	4759.59	10.0	-1.0	-780.7	-4772.6	-1.0000	-1.0000	-0.00004	-0.00039	0.023	0.002000	80000.000000	80000.000000	0.0000	0.0000	0.0000	0.0000
7.3720	786.89	4759.79	10.0	-1.0	-778.9	-4772.8	-1.0000	-1.0000	-0.00004	-0.00039	0.023	0.002000	80000.000000	80000.000000	0.0000	0.0000	0.0000	0.0000
7.3740	785.11	4759.99	10.0	-1.0	-777.1	-4772.9	-1.0000	-1.0000	-0.00004	-0.00039	0.023	0.002000	80000.000000	80000.000000	0.0000	0.0000	0.0000	0.0000
7.3760	783.34	4760.19	10.0	-1.0	-775.3	-4773.1	-1.0000	-1.0000	-0.00004	-0.00039	0.023	0.002000	80000.000000	80000.000000	0.0000	0.0000	0.0000	0.0000
7.3780	781.56	4760.38	10.0	-1.0	-773.5	-4773.3	-1.0000	-1.0000	-0.00004	-0.00039	0.023	0.002000	80000.000000	80000.000000	0.0000	0.0000	0.0000	0.0000
7.3800	779.78	4760.58	10.0	-1.0	-771.7	-4773.5	-1.0000	-1.0000	-0.00004	-0.00039	0.023	0.002000	80000.000000	80000.000000	0.0000	0.0000	0.0000	0.0000
7.3820	778.00	4760.77	10.0	-1.0	-769.9	-4773.6	-1.0000	-1.0000	-0.00004	-0.00039	0.023	0.002000	80000.000000	80000.000000	0.0000	0.0000	0.0000	0.0000
7.3840	776.22	4760.96	10.0	-1.0	-768.2	-4773.8	-1.0000	-1.0000	-0.00004	-0.00039	0.023	0.002000	80000.000000	80000.000000	0.0000	0.0000	0.0000	0.0000
7.3860	774.45	4761.16	10.0	-1.0	-766.4	-4774.0	-1.0000	-1.0000	-0.00004	-0.00039	0.023	0.002000	80000.000000	80000.000000	0.0000	0.0000	0.0000	0.0000
7.3880	772.67	4761.35	10.0	-1.0	-764.6	-4774.1	-1.0000	-1.0000	-0.00004	-0.00039	0.023	0.002000	80000.000000	80000.000000	0.0000	0.0000	0.0000	0.0000
7.3900	770.89	4761.54	10.0	-1.0	-762.8	-4774.3	-1.0000	-1.0000	-0.00004	-0.00039	0.023	0.002000	80000.000000	80000.000000	0.0000	0.0000	0.0000	0.0000
7.3920	769.11	4761.73	10.0	-1.0	-761.0	-4774.5	-1.0000	-1.0000	-0.00004	-0.00039	0.023	0.002000	80000.000000	80000.000000	0.0000	0.0000	0.0000	0.0000
7.3940	767.33	4761.92	10.0	-1.0	-759.2	-4774.6	-1.0000	-1.0000	-0.00004	-0.00039	0.023	0.002000	80000.000000	80000.000000	0.0000	0.0000	0.0000	0.0000
7.3960	765.56	4762.11	10.0	-1.0	-757.4	-4774.8	-1.0000	-1.0000	-0.00004	-0.00039	0.023	0.002000	80000.000000	80000.000000	0.0000	0.0000	0.0000	0.0000
7.3980	763.78	4762.30	10.0	-1.0	-755.7	-4775.0	-1.0000	-1.0000	-0.00004	-0.00039	0.023	0.002000	80000.000000	80000.000000	0.0000	0.0000	0.0000	0.0000
7.4000	762.00	4762.49	10.0	-1.0	-753.9	-4775.1	-1.0000	-1.0000	-0.00004	-0.00039	0.023	0.002000	80000.000000	80000.000000	0.0000	0.0000	0.0000	0.0000
7.4020	760.22	4762.67	10.0	-1.0	-752.1	-4775.3	-1.0000	-1.0000	-0.00004	-0.00039	0.023	0.002000	80000.000000	80000.000000	0.0000	0.0000	0.0000	0.0000
7.4040	758.44	4762.86	10.0	-1.0	-750.3	-4775.5	-1.0000	-1.0000	-0.00004	-0.00039	0.023	0.002000	80000.000000	80000.000000	0.0000	0.0000	0.0000	0.0000
7.4060	756.66	4763.04	10.0	-1.0	-748.5	-4775.6	-1.0000	-1.0000	-0.00004	-0.00039	0.023	0.002000	80000.000000	80000.000000	0.0000	0.0000	0.0000	0.0000
7.4080	754.88	4763.23	10.0	-1.0	-746.7	-4775.8	-1.0000	-1.0000	-0.00004	-0.00039	0.023	0.002000	80000.000000	80000.000000	0.0000	0.0000	0.0000	0.0000
7.4100	753.10	4763.41	10.0	-1.0	-744.9	-4776.0	-1.0000	-1.0000	-0.00004	-0.00039	0.023	0.002000	80000.000000	80000.000000	0.0000	0.0000	0.0000	0.0000
7.4120	751.32	4763.60	10.0	-1.0	-743.1	-4776.1	-1.0000	-1.0000	-0.00004	-0.00039	0.023	0.002000	80000.000000	80000.000000	0.0000	0.0000	0.0000	0.0000
7.4140	749.54	4763.78	10.0	-1.0	-741.4	-4776.3	-1.0000	-1.0000	-0.00004	-0.00039	0.023	0.002000	80000.000000	80000.000000	0.0000	0.0000	0.0000	0.0000
7.4160	747.76	4763.96	10.0	-1.0	-739.6	-4776.4	-1.0000	-1.0000	-0.00004	-0.00039	0.023	0.002000	80000.000000	80000.000000	0.0000	0.0000	0.0000	0.0000
7.4180	745.99	4764.14	10.0	-1.0	-737.8	-4776.6	-1.0000	-1.0000	-0.00004	-0.00039	0.023	0.002000	80000.000000	80000.000000	0.0000	0.0000	0.0000	0.0000
7.4200	744.21	4764.32	10.0	-1.0	-736.0	-4776.8	-1.0000	-1.0000	-0.00004	-0.00039	0.023	0.002000	80000.000000	80000.000000	0.0000	0.0000	0.0000	0.0000
7.4220	742.43	4764.50	10.0	-1.0	-734.2	-4776.9	-1.0000	-1.0000	-0.00004	-0.00039	0.023	0.002000	80000.000000	80000.000000	0.0000	0.0000	0.0000	0.0000
7.4240	740.65	4764.68	10.0	-1.0	-732.4	-4777.1	-1.0000	-1.0000	-0.00004	-0.00039	0.023	0.002000	80000.000000	80000.000000	0.0000	0.0000	0.0000	0.0000
7.4260	738.87	4764.85	10.0	-1.0	-730.6	-4777.2	-1.0000	-1.0000	-0.00004	-0.00039	0.023	0.002000	80000.000000	80000.000000	0.0000	0.0000	0.0000	0.0000
7.4280	737.09	4765.03	10.0	-1.0	-728.8	-4777.4	-1.0000	-1.0000	-0.00004	-0.00039	0.023	0.002000	80000.000000	80000.000000	0.0000	0.0000	0.0000	0.0000
7.4300	735.31	4765.21	10.0	-1.0	-727.1	-4777.5	-1.0000	-1.0000	-0.00004	-0.00039	0.023	0.002000	80000.000000	80000.000000	0.0000	0.0000	0.0000	0.0000
7.4320	733.53	4765.38	10.0	-1.0	-725.3	-4777.7	-1.0000	-1.0000	-0.00004	-0.00039	0.023	0.002000	80000.000000	80000.000000	0.0000	0.0000	0.0000	0.0000
7.4340	731.75	4765.56	10.0	-1.0	-723.5	-4777.8	-1.0000	-1.0000	-0.00004	-0.00039	0.023	0.002000	80000.000000	80000.000000	0.0000	0.0000	0.0000	0.0000
7.4360	729.97	4765.73	10.0	-1.0	-721.7	-4778.0	-1.0000	-1.0000	-0.00004	-0.00039	0.023	0.002000	80000.000000	80000.000000	0.0000	0.0000	0.0000	0.0000
7.4380	728.18	4765.90	10.0	-1.0	-719.9	-4778.1	-1.0000	-1.0000	-0.00004	-0.00039	0.023	0.002000	80000.000000	80000.000000	0.0000	0.0000	0.0000	0.0000
7.4400	726.40	4766.08	10.0	-1.0	-718.1	-4778.3	-1.0000	-1.0000	-0.00004	-0.00039	0.023	0.002000	80000.000000	80000.000000	0.0000	0.0000	0.0000	0.0000
7.4420	724.62	4766.25	10.0	-1.0	-716.3	-4778.4	-1.0000	-1.0000	-0.00004	-0.00039	0.023	0.002000	80000.000000	80000.000000	0.0000	0.0000	0.0000	0.0000
7.4440	722.84	4766.42	10.0	-1.0	-714.5	-4778.6	-1.0000	-1.0000	-0.00004	-0.00039	0.023	0.002000	80000.000000	80000.000000	0.0000	0.0000	0.0000	0.0000
7.4460	721.06	4766.59	10.0	-1.0	-712.7	-4778.7	-1.0000	-1.0000	-0.00004	-0.00039	0.023	0.002000	80000.000000	80000.000000	0.0000	0.0000	0.0000	0.0000
7.4480	719.28	4766.76	10.0	-1.0	-711.0	-4778.9	-1.0000	-1.0000	-0.00004	-0.00039	0.023	0.002000	80000.000000	80000.000000	0.0000	0.0000	0.0000	0.0000
7.4500	717.50	4766.93	10.0	-1.0	-709.2	-4779.0	-1.0000	-1.0000	-0.00004	-0.00039	0.023	0.002000	80000.000000	80000.000000	0.0000	0.0000	0.0000	0.0000
7.4520	715.72	4767.09	10.0	-1.0	-707.4	-4779.2	-1.0000	-1.0000	-0.00004	-0.00039	0.023	0.002000	80000.000000	80000.000000	0.0000	0.0000	0.0000	0.0000
7.4540	713.94	4767.26	10.0	-1.0	-705.6	-4779.3	-1.0000	-1.0000	-0.00004	-0.00039	0.023	0.002000	80000.000000	80000.000000	0.0000	0.0000	0.0000	0.0000
7.4560	712.16	4767.43	10.0	-1.0	-703.8	-4779.5	-1.0000	-1.0000	-0.00004	-0.00039	0.023	0.002000	80000.000000	80000.000000	0.0000	0.0000	0.0000	0.0000
7.4580	710.38	4767.59	10.0	-1.0	-702.0	-4779.6	-1.0000	-1.0000	-0.00004	-0.00039	0.023	0.002000	80000.000000	80000.000000	0.0000	0.0000	0.0000	0.0000
7.4600	708.59	4767.76	10.0	-1.0	-700.2	-4779.7	-1.0000	-1.0000	-0.00004	-0.00039	0.023	0.002000	80000.000000	80000.000000	0.0000	0.0000	0.0000	0.0000
7.4620	706.81	4767.92	10.0	-1.0	-698.4	-4779.9	-1.0000	-1.0000	-0.00004	-0.00039	0.023	0.002000	80000.000000	80000.000000	0.0000	0.0000	0.0000	0.0000
7.4640	705.03	4768.08	10.0	-1.0	-696.7	-4780.0	-1.0000	-1.0000	-0.00004	-0.00039	0.023	0.002000	80000.000000	80000.000000	0.0000	0.0000	0.0000	0.0000
7.4660	703.25	4768.25	10.0	-1.0	-694.9	-4780.2	-1.0000	-1.0000	-0.00004	-0.00039	0.023	0.002000	80000.000000	80000.000000	0.0000	0.0000	0.0000	0.0000
7.4680	701.47	4768.41	10.0	-1.0	-693.1	-4780.3	-1.0000	-1.0000	-0.00004	-0.00039	0.023	0.002000	80000.000000	80000.000000	0.0000	0.0000	0.0000	0.0000
7.4700	699.69	4768.57	10.0	-1.0	-691.3	-4780.5	-1.0000	-1.0000	-0.00004	-0.00039	0.023	0.002000	80000.000000	80000.000000	0.0000	0.0000	0.0000	0.0000
7.4720	697.90	4768.73	10.0	-1.0	-689.5	-4780.6	-1.0000	-1.0000	-0.00004	-0.00039	0.023	0.002000	80000.000000	80000.000000	0.0000	0.0000	0.0000	0.0000
7.4740	696.12	4768.89	10.0	-1.0	-687.7	-4780.7	-1.0000	-1.0000	-0.00004	-0.00039	0.023	0.002000	80000.000000	80000.000000	0.0000	0.0000	0.0000	0.0000
7.4760	694.34	4769.05	10.0	-1.0	-685.9	-4780.9	-1.0000	-1.0000	-0.00004	-0.00039	0.023	0.002000	80000.000000	80000.000000	0.0000	0.0000	0.0000	0.0000
7.4780	692.56	4769.20	10.0	-1.0	-684.1	-4781.0	-1.0000	-1.0000	-0.00004	-0.00039	0.023	0.002000	80000.000000	80000.000000	0.0000	0.0000	0.0000	0.0000
7.4800	690.78	4769.36	10.0	-1.0	-682.3	-4781.1	-1.0000	-1.0000	-0.00004	-0.00039	0.023	0.002000	80000.000000	80000.000000	0.0000	0.0000	0.0000	0.0000
7.4820	688.99	4769.52	10.0	-1.0	-680.5	-4781.3	-1.0000	-1.0000	-0.00004	-0.00039	0.023	0.002000	80000.000000	80000.000000	0.0000	0.0000	0.0000	0.0000
7.4840	687.21	4769.67	10.0	-1.0	-678.8	-4781.4	-1.0000	-1.0000	-0.00004	-0.00039	0.023	0.002000	80000.000000	80000.000000	0.0000	0.0000	0.0000	0.0000
7.4860	685.43	4769.83	10.0	-1.0	-677.0	-4781.5	-1.0000	-1.0000	-0.00004	-0.00039	0.023	0.002000	80000.000000	80000.000000	0.0000	0.0000	0.0000	0.0000
7.4880	683.65	4769.98	10.0	-1.0	-675.2	-4781.7	-1.0000	-1.0000	-0.00004	-0.00039	0.023	0.002000	80000.000000	80000.000000	0.0000	0.0000	0.0000	0.0000
7.4900	681.86	4770.13	10.0	-1.0	-673.4	-4781.8	-1.0000	-1.0000	-0.00004	-0.00039	0.023	0.002000	80000.000000	80000.000000	0.0000	0.0000	0.0000	0.0000
7.4920	680.08	4770.29	10.0	-1.0	-671.6	-4781.9	-1.0000	-1.0000	-0.00004	-0.00039	0.023	0.002000	80000.000000	80000.000000	0.0000	0.0000	0.0000	0.0000
7.4940	678.30	4770.44	10.0	-1.0	-669.8	-4782.1	-1.0000	-1.0000	-0.00004	-0.00039	0.023	0.002000	80000.000000	80000.000000	0.0000	0.0000	0.0000	0.0000
7.4960	676.52	4770.59	10.0	-1.0	-668.0	-4782.2	-1.0000	-1.0000	-0.00004	-0.00039	0.023	0.002000	80000.000000	80000.000000	0.0000	0.0000	0.0000	0.0000
7.4980	674.73	4770.74	10.0	-1.0	-666.2	-4782.3	-1.0000	-1.0000	-0.00004	-0.00039	0.023	0.002000	80000.000000	80000.000000	0.0000	0.0000	0.0000	0.0000
7.5000	672.95	4770.89	10.0	-1.0	-664.4	-4782.5	-1.0000	-1.0000	-0.00004	-0.00039	0.023	0.002000	80000.000000	80000.000000	0.0000	0.0000	0.0000	0.0000
7.5020	671.17	4771.04	10.0	-1.0	-662.7	-4782.6	-1.0000	-1.0000	-0.00004	-0.00039	0.023	0.002000	80000.000000	80000.000000	0.0000	0.0000	0.0000	0.0000
7.5040	669.38	4771.18	10.0	-1.0	-660.9	-4782.7	-1.0000	-1.0000	-0.00004	-0.00039	0.023	0.002000	80000.000000	80000.000000	0.0000	0.0000	0.0000	0.0000
7.5060	667.60	4771.33	10.0	-1.0	-659.1	-4782.8	-1.0000	-1.0000	-0.00004	-0.00039	0.023	0.002000	80000.000000	80000.000000	0.0000	0.0000	0.0000	0.0000
7.5080	665.82	4771.48	10.0	-1.0	-657.3	-4783.0	-1.0000	-1.0000	-0.00004	-0.00039	0.023	0.002000	80000.000000	80000.000000	0.0000	0.0000	0.0000	0.0000
7.5100	664.03	4771.62	10.0	-1.0	-655.5	-4783.1	-1.0000	-1.0000	-0.00004	-0.00039	0.023	0.002000	80000.000000	80000.000000	0.0000	0.0000	0.0000	0.0000
7.5120	662.25	4771.77	10.0	-1.0	-653.7	-4783.2	-1.0000	-1.0000	-0.00004	-0.00039	0.023	0.002000	80000.000000	80000.000000	0.0000	0.0000	0.0000	0.0000
7.5140	660.47	4771.91	10.0	-1.0	-651.9	-4783.3	-1.0000	-1.0000	-0.00004	-0.00039	0.023	0.002000	80000.000000	80000.000000	0.0000	0.0000	0.0000	0.0000
7.5160	658.68	4772.06	10.0	-1.0	-650.1	-4783.5	-1.0000	-1.0000	-0.00004	-0.00039	0.023	0.002000	80000.000000	80000.000000	0.0000	0.0000	0.0000	0.0000
7.5180	656.90	4772.20	10.0	-1.0	-648.3	-4783.6	-1.0000	-1.0000	-0.00004	-0.00039	0.023	0.002000	80000.000000	80000.000000	0.0000	0.0000	0.0000	0.0000
7.5200	655.12	4772.34	10.0	-1.0	-646.5	-4783.7	-1.0000	-1.0000	-0.00004	-0.00039	0.023	0.002000	80000.000000	80000.000000	0.0000	0.0000	0.0000	0.0000
7.5220	653.33	4772.48	10.0	-1.0	-644.7	-4783.8	-1.0000	-1.0000	-0.00004	-0.00039	0.023	0.002000	80000.000000	80000.000000	0.0000	0.0000	0.0000	0.0000
7.5240	651.55	4772.62	10.0	-1.0	-643.0	-4783.9	-1.0000	-1.0000	-0.00004	-0.00039	0.023	0.002000	80000.000000	80000.000000	0.0000	0.0000	0.0000	0.0000
7.5260	649.77	4772.76	10.0	-1.0	-641.2	-4784.1	-1.0000	-1.0000	-0.00004	-0.00039	0.023	0.002000	80000.000000	80000.000000	0.0000	0.0000	0.0000	0.0000
7.5280	647.98	4772.90	10.0	-1.0	-639.4	-4784.2	-1.0000	-1.0000	-0.00004	-0.00039	0.023	0.002000	80000.000000	80000.000000	0.0000	0.0000	0.0000	0.0000
7.5300	646.20	4773.04	10.0	-1.0	-637.6	-4784.3	-1.0000	-1.0000	-0.00004	-0.00039	0.023	0.002000	80000.000000	80000.000000	0.0000	0.0000	0.0000	0.0000
7.5320	644.41	4773.17	10.0	-1.0	-635.8	-4784.4	-1.0000	-1.0000	-0.00004	-0.00039	0.023	0.002000	80000.000000	80000.000000	0.0000	0.0000	0.0000	0.0000
7.5340	642.63	4773.31	10.0	-1.0	-634.0	-4784.5	-1.0000	-1.0000	-0.00004	-0.00039	0.023	0.002000	80000.000000	80000.000000	0.0000	0.0000	0.0000	0.0000
7.5360	640.84	4773.45	10.0	-1.0	-632.2	-4784.6	-1.0000	-1.0000	-0.00004	-0.00039	0.023	0.002000	80000.000000	80000.000000	0.0000	0.0000	0.0000	0.0000
7.5380	639.06	4773.58	10.0	-1.0	-630.4	-4784.8	-1.0000	-1.0000	-0.00004	-0.00039	0.023	0.002000	80000.000000	80000.000000	0.0000	0.0000	0.0000	0.0000
7.5400	637.28	4773.72	10.0	-1.0	-628.6	-4784.9	-1.0000	-1.0000	-0.00004	-0.00039	0.023	0.002000	80000.000000	80000.000000	0.0000	0.0000	0.0000	0.0000
7.5420	635.49	4773.85	10.0	-1.0	-626.8	-4785.0	-1.0000	-1.0000	-0.00004	-0.00039	0.023	0.002000	80000.000000	80000.000000	0.0000	0.0000	0.0000	0.0000
7.5440	633.71	4773.98	10.0	-1.0	-625.1	-4785.1	-1.0000	-1.0000	-0.00004	-0.00039	0.023	0.002000	80000.000000	80000.000000	0.0000	0.0000	0.0000	0.0000
7.5460	631.92	4774.11	10.0	-1.0	-623.3	-4785.2	-1.0000	-1.0000	-0.00004	-0.00039	0.023	0.002000	80000.000000	80000.000000	0.0000	0.0000	0.0000	0.0000
7.5480	630.14	4774.24	10.0	-1.0	-621.5	-4785.3	-1.0000	-1.0000	-0.00004	-0.00039	0.023	0.002000	80000.000000	80000.000000	0.0000	0.0000	0.0000	0.0000
7.5500	628.35	4774.37	10.0	-1.0	-619.7	-4785.4	-1.0000	-1.0000	-0.00004	-0.00039	0.023	0.002000	80000.000000	80000.000000	0.0000	0.0000	0.0000	0.0000
7.5520	626.57	4774.50	10.0	-1.0	-617.9	-4785.5	-1.0000	-1.0000	-0.00004	-0.00039	0.023	0.002000	80000.000000	80000.000000	0.0000	0.0000	0.0000	0.0000
7.5540	624.78	4774.63	10.0	-1.0	-616.1	-4785.7	-1.0000	-1.0000	-0.00004	-0.00039	0.023	0.002000	80000.000000	80000.000000	0.0000	0.0000	0.0000	0.0000
7.5560	623.00	4774.76	10.0	-1.0	-614.3	-4785.8	-1.0000	-1.0000	-0.00004	-0.00039	0.023	0.002000	80000.000000	80000.000000	0.0000	0.0000	0.0000	0.0000
7.5580	621.21	4774.89	10.0	-1.0	-612.5	-4785.9	-1.0000	-1.0000	-0.00004	-0.00039	0.023	0.002000	80000.000000	80000.000000	0.0000	0.0000	0.0000	0.0000
7.5600	619.43	4775.01	10.0	-1.0	-610.7	-4786.0	-1.0000	-1.0000	-0.00004	-0.00039	0.023	0.002000	80000.000000	80000.000000	0.0000	0.0000	0.0000	0.0000
7.5620	617.64	4775.14	10.0	-1.0	-608.9	-4786.1	-1.0000	-1.0000	-0.00004	-0.00039	0.023	0.002000	80000.000000	80000.000000	0.0000	0.0000	0.0000	0.0000
7.5640	615.86	4775.27	10.0	-1.0	-607.1	-4786.2	-1.0000	-1.0000	-0.00004	-0.00039	0.023	0.002000	80000.000000	80000.000000	0.0000	0.0000	0.0000	0.0000
7.5660	614.07	4775.39	10.0	-1.0	-605.3	-4786.3	-1.0000	-1.0000	-0.00004	-0.00039	0.023	0.002000	80000.000000	80000.000000	0.0000	0.0000	0.0000	0.0000
7.5680	612.29	4775.51	10.0	-1.0	-603.6	-4786.4	-1.0000	-1.0000	-0.00004	-0.00039	0.023	0.002000	80000.000000	80000.000000	0.0000	0.0000	0.0000	0.0000
7.5700	610.50	4775.64	10.0	-1.0	-601.8	-4786.5	-1.0000	-1.0000	-0.00004	-0.00039	0.023	0.002000	80000.000000	80000.000000	0.0000	0.0000	0.0000	0.0000
7.5720	608.72	4775.76	10.0	-1.0	-600.0	-4786.6	-1.0000	-1.0000	-0.00004	-0.00039	0.023	0.002000	80000.000000	80000.000000	0.0000	0.0000	0.0000	0.0000
7.5740	606.93	4775.88	10.0	-1.0	-598.2	-4786.7	-1.0000	-1.0000	-0.00004	-0.00039	0.023	0.002000	80000.000000	80000.000000	0.0000	0.0000	0.0000	0.0000
7.5760	605.15	4776.00	10.0	-1.0	-596.4	-4786.8	-1.0000	-1.0000	-0.00004	-0.00039	0.023	0.002000	80000.000000	80000.000000	0.0000	0.0000	0.0000	0.0000
7.5780	603.36	4776.12	10.0	-1.0	-594.6	-4786.9	-1.0000	-1.0000	-0.00004	-0.00039	0.023	0.002000	80000.000000	80000.000000	0.0000	0.0000	0.0000	0.0000
7.5800	601.57	4776.24	10.0	-1.0	-592.8	-4787.0	-1.0000	-1.0000	-0.00004	-0.00039	0.023	0.002000	80000.000000	80000.000000	0.0000	0.0000	0.0000	0.0000
7.5820	599.79	4776.36	10.0	-1.0	-591.0	-4787.1	-1.0000	-1.0000	-0.00004	-0.00039	0.023	0.002000	80000.000000	80000.000000	0.0000	0.0000	0.0000	0.0000
7.5840	598.00	4776.47	10.0	-1.0	-589.2	-4787.2	-1.0000	-1.0000	-0.00004	-0.00039	0.023	0.002000	80000.000000	80000.000000	0.0000	0.0000	0.0000	0.0000
7.5860	596.22	4776.59	10.0	-1.0	-587.4	-4787.3	-1.0000	-1.0000	-0.00004	-0.00039	0.023	0.002000	80000.000000	80000.000000	0.0000	0.0000	0.0000	0.0000
7.5880	594.43	4776.71	10.0	-1.0	-585.6	-4787.4	-1.0000	-1.0000	-0.00004	-0.00039	0.023	0.002000	80000.000000	80000.000000	0.0000	0.0000	0.0000	0.0000
7.5900	592.65	4776.82	10.0	-1.0	-583.8	-4787.5	-1.0000	-1.0000	-0.00004	-0.00039	0.023	0.002000	80000.000000	80000.000000	0.0000	0.0000	0.0000	0.0000
7.5920	590.86	4776.94	10.0	-1.0	-582.1	-4787.6	-1.0000	-1.0000	-0.00004	-0.00039	0.023	0.002000	80000.000000	80000.000000	0.0000	0.0000	0.0000	0.0000
7.5940	589.07	4777.05	10.0	-1.0	-580.3	-4787.7	-1.0000	-1.0000	-0.00004	-0.00039	0.023	0.002000	80000.000000	80000.000000	0.0000	0.0000	0.0000	0.0000
7.5960	587.29	4777.16	10.0	-1.0	-578.5	-4787.8	-1.0000	-1.0000	-0.00004	-0.00039	0.023	0.002000	80000.000000	80000.000000	0.0000	0.0000	0.0000	0.0000
7.5980	585.50	4777.27	10.0	-1.0	-576.7	-4787.9	-1.0000	-1.0000	-0.00004	-0.00039	0.023	0.002000	80000.000000	80000.000000	0.0000	0.0000	0.0000	0.0000
7.6000	583.71	4777.39	10.0	-1.0	-574.9	-4788.0	-1.0000	-1.0000	-0.00004	-0.00039	0.023	0.002000	80000.000000	80000.000000	0.0000	0.0000	0.0000	0.0000
7.6020	581.93	4777.50	10.0	-1.0	-573.1	-4788.1	-1.0000	-1.0000	-0.00004	-0.00039	0.023	0.002000	80000.000000	80000.000000	0.0000	0.0000	0.0000	0.0000
7.6040	580.14	4777.61	10.0	-1.0	-571.3	-4788.1	-1.0000	-1.0000	-0.00004	-0.00039	0.023	0.002000	80000.000000	80000.000000	0.0000	0.0000	0.0000	0.0000
7.6060	578.36	4777.71	10.0	-1.0	-569.5	-4788.2	-1.0000	-1.0000	-0.00004	-0.00039	0.023	0.002000	80000.000000	80000.000000	0.0000	0.0000	0.0000	0.0000
7.6080	576.57	4777.82	10.0	-1.0	-567.7	-4788.3	-1.0000	-1.0000	-0.00004	-0.00039	0.023	0.002000	80000.000000	80000.000000	0.0000	0.0000	0.0000	0.0000
7.6100	574.78	4777.93	10.0	-1.0	-565.9	-4788.4	-1.0000	-1.0000	-0.00004	-0.00039	0.023	0.002000	80000.000000	80000.000000	0.0000	0.0000	0.0000	0.0000
7.6120	573.00	4778.04	10.0	-1.0	-564.1	-4788.5	-1.0000	-1.0000	-0.00004	-0.00039	0.023	0.002000	80000.000000	80000.000000	0.0000	0.0000	0.0000	0.0000
7.6140	571.21	4778.14	10.0	-1.0	-562.3	-4788.6	-1.0000	-1.0000	-0.00004	-0.00039	0.023	0.002000	80000.000000	80000.000000	0.0000	0.0000	0.0000	0.0000
7.6160	569.42	4778.25	10.0	-1.0	-560.5	-4788.7	-1.0000	-1.0000	-0.00004	-0.00039	0.023	0.002000	80000.000000	80000.000000	0.0000	0.0000	0.0000	0.0000
7.6180	567.64	4778.35	10.0	-1.0	-558.8	-4788.8	-1.0000	-1.0000	-0.00004	-0.00039	0.023	0.002000	80000.000000	80000.000000	0.0000	0.0000	0.0000	0.0000
7.6200	565.85	4778.46	10.0	-1.0	-557.0	-4788.8	-1.0000	-1.0000	-0.00004	-0.00039	0.023	0.002000	80000.000000	80000.000000	0.0000	0.0000	0.0000	0.0000
7.6220	564.06	4778.56	10.0	-1.0	-555.2	-4788.9	-1.0000	-1.0000	-0.00004	-0.00039	0.023	0.002000	80000.000000	80000.000000	0.0000	0.0000	0.0000	0.0000
7.6240	562.28	4778.66	10.0	-1.0	-553.4	-4789.0	-1.0000	-1.0000	-0.00004	-0.00039	0.023	0.002000	80000.000000	80000.000000	0.0000	0.0000	0.0000	0.0000
7.6260	560.49	4778.76	10.0	-1.0	-551.6	-4789.1	-1.0000	-1.0000	-0.00004	-0.00039	0.023	0.002000	80000.000000	80000.000000	0.0000	0.0000	0.0000	0.0000
7.6280	558.70	4778.86	10.0	-1.0	-549.8	-4789.2	-1.0000	-1.0000	-0.00004	-0.00039	0.023	0.002000	80000.000000	80000.000000	0.0000	0.0000	0.0000	0.0000
7.6300	556.91	4778.96	10.0	-1.0	-548.0	-4789.3	-1.0000	-1.0000	-0.00004	-0.00039	0.023	0.002000	80000.000000	80000.000000	0.0000	0.0000	0.0000	0.0000
7.6320	555.13	4779.06	10.0	-1.0	-546.2	-4789.3	-1.0000	-1.0000	-0.00004	-0.00039	0.023	0.002000	80000.000000	80000.000000	0.0000	0.0000	0.0000	0.0000
7.6340	553.34	4779.16	10.0	-1.0	-544.4	-4789.4	-1.0000	-1.0000	-0.00004	-0.00039	0.023	0.002000	80000.000000	80000.000000	0.0000	0.0000	0.0000	0.0000
7.6360	551.55	4779.26	10.0	-1.0	-542.6	-4789.5	-1.0000	-1.0000	-0.00004	-0.00039	0.023	0.002000	80000.000000	80000.000000	0.0000	0.0000	0.0000	0.0000
7.6380	549.77	4779.36	10.0	-1.0	-540.8	-4789.6	-1.0000	-1.0000	-0.00004	-0.00039	0.023	0.002000	80000.000000	80000.000000	0.0000	0.0000	0.0000	0.0000
7.6400	547.98	4779.45	10.0	-1.0	-539.0	-4789.7	-1.0000	-1.0000	-0.00004	-0.00039	0.023	0.002000	80000.000000	80000.000000	0.0000	0.0000	0.0000	0.0000
7.6420	546.19	4779.55	10.0	-1.0	-537.2	-4789.7	-1.0000	-1.0000	-0.00004	-0.00039	0.023	0.002000	80000.000000	80000.000000	0.0000	0.0000	0.0000	0.0000
7.6440	543.40	4779.64	9.0	-1.0	-535.4	-4789.8	-1.0000	-1.0000	-0.00004	-0.00035	0.020	0.002000	80000.000000	80000.000000	0.0000	0.0000	0.0000	0.0000
7.6460	542.62	4779.74	10.0	-1.0	-533.7	-4789.9	-1.0000	-1.0000	-0.00004	-0.00039	0.023	0.002000	80000.000000	80000.000000	0.0000	0.0000	0.0000	0.0000
7.6480	540.83	4779.83	10.0	-1.0	-531.9	-4790.0	-1.0000	-1.0000	-0.00004	-0.00039	0.023	0.002000	80000.000000	80000.000000	0.0000	0.0000	0.0000	0.0000
7.6500	539.04	4779.92	10.0	-1.0	-530.1	-4790.0	-1.0000	-1.0000	-0.00004	-0.00039	0.023	0.002000	80000.000000	80000.000000	0.0000	0.0000	0.0000	0.0000
7.6520	536.25	4780.01	9.0	-1.0	-528.3	-4790.1	-1.0000	-1.0000	-0.00004	-0.00035	0.020	0.002000	80000.000000	80000.000000	0.0000	0.0000	0.0000	0.0000
7.6540	535.46	4780.10	10.0	-1.0	-526.5	-4790.2	-1.0000	-1.0000	-0.00004	-0.00039	0.023	0.002000	80000.000000	80000.000000	0.0000	0.0000	0.0000	0.0000
7.6560	533.68	4780.19	10.0	-1.0	-524.7	-4790.3	-1.0000	-1.0000	-0.00004	-0.00039	0.023	0.002000	80000.000000	80000.000000	0.0000	0.0000	0.0000	0.0000
7.6580	531.89	4780.28	10.0	-1.0	-522.9	-4790.3	-1.0000	-1.0000	-0.00004	-0.00039	0.023	0.002000	80000.000000	80000.000000	0.0000	0.0000	0.0000	0.0000
7.6600	530.10	4780.37	10.0	-1.0	-521.1	-4790.4	-1.0000	-1.0000	-0.00004	-0.00039	0.023	0.002000	80000.000000	80000.000000	0.0000	0.0000	0.0000	0.0000
7.6620	528.31	4780.46	10.0	-1.0	-519.3	-4790.5	-1.0000	-1.0000	-0.00004	-0.00039	0.023	0.002000	80000.000000	80000.000000	0.0000	0.0000	0.0000	0.0000
7.6640	526.53	4780.55	10.0	-1.0	-517.5	-4790.5	-1.0000	-1.0000	-0.00004	-0.00039	0.023	0.002000	80000.000000	80000.000000	0.0000	0.0000	0.0000	0.0000
7.6660	524.74	4780.63	10.0	-1.0	-515.7	-4790.6	-1.0000	-1.0000	-0.00004	-0.00039	0.023	0.002000	80000.000000	80000.000000	0.0000	0.0000	0.0000	0.0000
7.6680	522.95	4780.72	10.0	-1.0	-513.9	-4790.7	-1.0000	-1.0000	-0.00004	-0.00039	0.023	0.002000	80000.000000	80000.000000	0.0000	0.0000	0.0000	0.0000
7.6700	521.16	4780.80	10.0	-1.0	-512.1	-4790.7	-1.0000	-1.0000	-0.00004	-0.00039	0.023	0.002000	80000.000000	80000.000000	0.0000	0.0000	0.0000	0.0000
7.6720	519.37	4780.89	10.0	-1.0	-510.3	-4790.8	-1.0000	-1.0000	-0.00004	-0.00039	0.023	0.002000	80000.000000	80000.000000	0.0000	0.0000	0.0000	0.0000
7.6740	517.59	4780.97	10.0	-1.0	-508.5	-4790.9	-1.0000	-1.0000	-0.00004	-0.00039	0.023	0.002000	80000.000000	80000.000000	0.0000	0.0000	0.0000	0.0000
7.6760	515.80	4781.05	10.0	-1.0	-506.8	-4790.9	-1.0000	-1.0000	-0.00004	-0.00039	0.023	0.002000	80000.000000	80000.000000	0.0000	0.0000	0.0000	0.0000
7.6780	514.01	4781.13	10.0	-1.0	-505.0	-4791.0	-1.0000	-1.0000	-0.00004	-0.00039	0.023	0.002000	80000.000000	80000.000000	0.0000	0.0000	0.0000	0.0000
7.6800	512.22	4781.22	10.0	-1.0	-503.2	-4791.1	-1.0000	-1.0000	-0.00004	-0.00039	0.023	0.002000	80000.000000	80000.000000	0.0000	0.0000	0.0000	0.0000
7.6820	510.43	4781.30	10.0	-1.0	-501.4	-4791.1	-1.0000	-1.0000	-0.00004	-0.00039	0.023	0.002000	80000.000000	80000.000000	0.0000	0.0000	0.0000	0.0000
7.6840	508.64	4781.38	10.0	-1.0	-499.6	-4791.2	-1.0000	-1.0000	-0.00004	-0.00039	0.023	0.002000	80000.000000	80000.000000	0.0000	0.0000	0.0000	0.0000
7.6860	506.86	4781.45	10.0	-1.0	-497.8	-4791.2	-1.0000	-1.0000	-0.00004	-0.00039	0.023	0.002000	80000.000000	80000.000000	0.0000	0.0000	0.0000	0.0000
7.6880	505.07	4781.53	10.0	-1.0	-496.0	-4791.3	-1.0000	-1.0000	-0.00004	-0.00039	0.023	0.002000	80000.000000	80000.000000	0.0000	0.0000	0.0000	0.0000
7.6900	503.28	4781.61	10.0	-1.0	-494.2	-4791.4	-1.0000	-1.0000	-0.00004	-0.00039	0.023	0.002000	80000.000000	80000.000000	0.0000	0.0000	0.0000	0.0000
7.6920	501.49	4781.69	10.0	-1.0	-492.4	-4791.4	-1.0000	-1.0000	-0.00004	-0.00039	0.023	0.002000	80000.000000	80000.000000	0.0000	0.0000	0.0000	0.0000
7.6940	499.70	4781.76	10.0	-1.0	-490.6	-4791.5	-1.0000	-1.0000	-0.00004	-0.00039	0.023	0.002000	80000.000000	80000.000000	0.0000	0.0000	0.0000	0.0000
7.6960	497.91	4781.84	10.0	-1.0	-488.8	-4791.5	-1.0000	-1.0000	-0.00004	-0.00039	0.023	0.002000	80000.000000	80000.000000	0.0000	0.0000	0.0000	0.0000
7.6980	496.12	4781.91	10.0	-1.0	-487.0	-4791.6	-1.0000	-1.0000	-0.00004	-0.00039	0.023	0.002000	80000.000000	80000.000000	0.0000	0.0000	0.0000	0.0000
7.7000	494.34	4781.98	10.0	-1.0	-485.2	-4791.7	-1.0000	-1.0000	-0.00004	-0.00039	0.023	0.002000	80000.000000	80000.000000	0.0000	0.0000	0.0000	0.0000
7.7020	492.55	4782.06	10.0	-1.0	-483.4	-4791.7	-1.0000	-1.0000	-0.00004	-0.00039	0.023	0.002000	80000.000000	80000.000000	0.0000	0.0000	0.0000	0.0000
7.7040	490.76	4782.13	10.0	-1.0	-481.6	-4791.8	-1.0000	-1.0000	-0.00004	-0.00039	0.023	0.002000	80000.000000	80000.000000	0.0000	0.0000	0.0000	0.0000
7.7060	488.97	4782.20	10.0	-1.0	-479.8	-4791.8	-1.0000	-1.0000	-0.00004	-0.00039	0.023	0.002000	80000.000000	80000.000000	0.0000	0.0000	0.0000	0.0000
7.7080	487.18	4782.27	10.0	-1.0	-478.1	-4791.9	-1.0000	-1.0000	-0.00004	-0.00039	0.023	0.002000	80000.000000	80000.000000	0.0000	0.0000	0.0000	0.0000
7.7100	485.39	4782.34	10.0	-1.0	-476.3	-4791.9	-1.0000	-1.0000	-0.00004	-0.00039	0.023	0.002000	80000.000000	80000.000000	0.0000	0.0000	0.0000	0.0000
7.7120	483.60	4782.41	10.0	-1.0	-474.5	-4792.0	-1.0000	-1.0000	-0.00004	-0.00039	0.023	0.002000	80000.000000	80000.000000	0.0000	0.0000	0.0000	0.0000
7.7140	481.81	4782.48	10.0	-1.0	-472.7	-4792.0	-1.0000	-1.0000	-0.00004	-0.00039	0.023	0.002000	80000.000000	80000.000000	0.0000	0.0000	0.0000	0.0000
7.7160	480.02	4782.54	10.0	-1.0	-470.9	-4792.1	-1.0000	-1.0000	-0.00004	-0.00039	0.023	0.002000	80000.000000	80000.000000	0.0000	0.0000	0.0000	0.0000
7.7180	478.23	4782.61	10.0	-1.0	-469.1	-4792.1	-1.0000	-1.0000	-0.00004	-0.00039	0.023	0.002000	80000.000000	80000.000000	0.0000	0.0000	0.0000	0.0000
7.7200	476.45	4782.68	10.0	-1.0	-467.3	-4792.2	-1.0000	-1.0000	-0.00004	-0.00039	0.023	0.002000	80000.000000	80000.000000	0.0000	0.0000	0.0000	0.0000
7.7220	474.66	4782.74	10.0	-1.0	-465.5	-4792.2	-1.0000	-1.0000	-0.00004	-0.00039	0.023	0.002000	80000.000000	80000.000000	0.0000	0.0000	0.0000	0.0000
7.7240	472.87	4782.81	10.0	-1.0	-463.7	-4792.3	-1.0000	-1.0000	-0.00004	-0.00039	0.023	0.002000	80000.000000	80000.000000	0.0000	0.0000	0.0000	0.0000
7.7260	471.08	4782.87	10.0	-1.0	-461.9	-4792.3	-1.0000	-1.0000	-0.00004	-0.00039	0.023	0.002000	80000.000000	80000.000000	0.0000	0.0000	0.0000	0.0000
7.7280	469.29	4782.93	10.0	-1.0	-460.1	-4792.4	-1.0000	-1.0000	-0.00004	-0.00039	0.023	0.002000	80000.000000	80000.000000	0.0000	0.0000	0.0000	0.0000
7.7300	466.50	4782.99	9.0	-1.0	-458.3	-4792.4	-1.0000	-1.0000	-0.00004	-0.00035	0.020	0.002000	80000.000000	80000.000000	0.0000	0.0000	0.0000	0.0000
7.7320	465.71	4783.05	10.0	-1.0	-456.5	-4792.5	-1.0000	-1.0000	-0.00004	-0.00039	0.023	0.002000	80000.000000	80000.000000	0.0000	0.0000	0.0000	0.0000
7.7340	463.92	4783.12	10.0	-1.0	-454.7	-4792.5	-1.0000	-1.0000	-0.00004	-0.00039	0.023	0.002000	80000.000000	80000.000000	0.0000	0.0000	0.0000	0.0000
7.7360	462.13	4783.18	10.0	-1.0	-452.9	-4792.5	-1.0000	-1.0000	-0.00004	-0.00039	0.023	0.002000	80000.000000	80000.000000	0.0000	0.0000	0.0000	0.0000
7.7380	459.34	4783.23	9.0	-1.0	-451.1	-4792.6	-1.0000	-1.0000	-0.00004	-0.00035	0.020	0.002000	80000.000000	80000.000000	0.0000	0.0000	0.0000	0.0000
7.7400	458.55	4783.29	10.0	-1.0	-449.4	-4792.6	-1.0000	-1.0000	-0.00004	-0.00039	0.023	0.002000	80000.000000	80000.000000	0.0000	0.0000	0.0000	0.0000
7.7420	456.76	4783.35	10.0	-1.0	-447.6	-4792.7	-1.0000	-1.0000	-0.00004	-0.00039	0.023	0.002000	80000.000000	80000.000000	0.0000	0.0000	0.0000	0.0000
7.7440	454.97	4783.41	10.0	-1.0	-445.8	-4792.7	-1.0000	-1.0000	-0.00004	-0.00039	0.023	0.002000	80000.000000	80000.000000	0.0000	0.0000	0.0000	0.0000
7.7460	453.18	4783.46	10.0	-1.0	-444.0	-4792.7	-1.0000	-1.0000	-0.00004	-0.00039	0.023	0.002000	80000.000000	80000.000000	0.0000	0.0000	0.0000	0.0000
7.7480	451.39	4783.52	10.0	-1.0	-442.2	-4792.8	-1.0000	-1.0000	-0.00004	-0.00039	0.023	0.002000	80000.000000	80000.000000	0.0000	0.0000	0.0000	0.0000
7.7500	449.61	4783.57	10.0	-1.0	-440.4	-4792.8	-1.0000	-1.0000	-0.00004	-0.00039	0.023	0.002000	80000.000000	80000.000000	0.0000	0.0000	0.0000	0.0000
7.7520	447.82	4783.63	10.0	-1.0	-438.6	-4792.9	-1.0000	-1.0000	-0.00004	-0.00039	0.023	0.002000	80000.000000	80000.000000	0.0000	0.0000	0.0000	0.0000
7.7540	446.03	4783.68	10.0	-1.0	-436.8	-4792.9	-1.0000	-1.0000	-0.00004	-0.00039	0.023	0.002000	80000.000000	80000.000000	0.0000	0.0000	0.0000	0.0000
7.7560	444.24	4783.73	10.0	-1.0	-435.0	-4792.9	-1.0000	-1.0000	-0.00004	-0.00039	0.023	0.002000	80000.000000	80000.000000	0.0000	0.0000	0.0000	0.0000
7.7580	442.45	4783.78	10.0	-1.0	-433.2	-4793.0	-1.0000	-1.0000	-0.00004	-0.00039	0.023	0.002000	80000.000000	80000.000000	0.0000	0.0000	0.0000	0.0000
7.7600	440.66	4783.83	10.0	-1.0	-431.4	-4793.0	-1.0000	-1.0000	-0.00004	-0.00039	0.023	0.002000	80000.000000	80000.000000	0.0000	0.0000	0.0000	0.0000
7.7620	438.87	4783.88	10.0	-1.0	-429.6	-4793.0	-1.0000	-1.0000	-0.00004	-0.00039	0.023	0.002000	80000.000000	80000.000000	0.0000	0.0000	0.0000	0.0000
7.7640	437.08	4783.93	10.0	-1.0	-427.8	-4793.1	-1.0000	-1.0000	-0.00004	-0.00039	0.023	0.002000	80000.000000	80000.000000	0.0000	0.0000	0.0000	0.0000
7.7660	435.29	4783.98	10.0	-1.0	-426.0	-4793.1	-1.0000	-1.0000	-0.00004	-0.00039	0.023	0.002000	80000.000000	80000.000000	0.0000	0.0000	0.0000	0.0000
7.7680	433.50	4785.03	10.0	0.0	-424.2	-4793.1	-1.0000	-1.0000	0.00000	-0.00039	0.022	0.002000	80000.000000	80000.000000	0.0000	0.0000	0.0000	0.0000
7.7700	431.71	4784.08	10.0	-1.0	-422.4	-4793.2	-1.0000	-1.0000	-0.00004	-0.00039	0.023	0.002000	80000.000000	80000.000000	0.0000	0.0000	0.0000	0.0000
7.7720	429.92	4784.12	10.0	-1.0	-420.6	-4793.2	-1.0000	-1.0000	-0.00004	-0.00039	0.023	0.002000	80000.000000	80000.000000	0.0000	0.0000	0.0000	0.0000
7.7740	428.13	4784.17	10.0	-1.0	-418.8	-4793.2	-1.0000	-1.0000	-0.00004	-0.00039	0.023	0.002000	80000.000000	80000.000000	0.0000	0.0000	0.0000	0.0000
7.7760	426.34	4784.21	10.0	-1.0	-417.1	-4793.2	-1.0000	-1.0000	-0.00004	-0.00039	0.023	0.002000	80000.000000	80000.000000	0.0000	0.0000	0.0000	0.0000
7.7780	424.55	4784.26	10.0	-1.0	-415.3	-4793.3	-1.0000	-1.0000	-0.00004	-0.00039	0.023	0.002000	80000.000000	80000.000000	0.0000	0.0000	0.0000	0.0000
7.7800	422.76	4784.30	10.0	-1.0	-413.5	-4793.3	-1.0000	-1.0000	-0.00004	-0.00039	0.023	0.002000	80000.000000	80000.000000	0.0000	0.0000	0.0000	0.0000
7.7820	420.97	4784.34	10.0	-1.0	-411.7	-4793.3	-1.0000	-1.0000	-0.00004	-0.00039	0.023	0.002000	80000.000000	80000.000000	0.0000	0.0000	0.0000	0.0000
7.7840	419.18	4784.38	10.0	-1.0	-409.9	-4793.4	-1.0000	-1.0000	-0.00004	-0.00039	0.023	0.002000	80000.000000	80000.000000	0.0000	0.0000	0.0000	0.0000
7.7860	417.39	4784.42	10.0	-1.0	-408.1	-4793.4	-1.0000	-1.0000	-0.00004	-0.00039	0.023	0.002000	80000.000000	80000.000000	0.0000	0.0000	0.0000	0.0000
7.7880	415.60	4784.46	10.0	-1.0	-406.3	-4793.4	-1.0000	-1.0000	-0.00004	-0.00039	0.023	0.002000	80000.000000	80000.000000	0.0000	0.0000	0.0000	0.0000
7.7900	413.81	4784.50	10.0	-1.0	-404.5	-4793.4	-1.0000	-1.0000	-0.00004	-0.00039	0.023	0.002000	80000.000000	80000.000000	0.0000	0.0000	0.0000	0.0000
7.7920	412.02	4784.54	10.0	-1.0	-402.7	-4793.5	-1.0000	-1.0000	-0.00004	-0.00039	0.023	0.002000	80000.000000	80000.000000	0.0000	0.0000	0.0000	0.0000
7.7940	410.23	4784.58	10.0	-1.0	-400.9	-4793.5	-1.0000	-1.0000	-0.00004	-0.00039	0.023	0.002000	80000.000000	80000.000000	0.0000	0.0000	0.0000	0.0000
7.7960	408.44	4784.62	10.0	-1.0	-399.1	-4793.5	-1.0000	-1.0000	-0.00004	-0.00039	0.023	0.002000	80000.000000	80000.000000	0.0000	0.0000	0.0000	0.0000
7.7980	406.65	4784.65	10.0	-1.0	-397.3	-4793.5	-1.0000	-1.0000	-0.00004	-0.00039	0.023	0.002000	80000.000000	80000.000000	0.0000	0.0000	0.0000	0.0000
7.8000	403.86	4784.69	9.0	-1.0	-395.5	-4793.5	-1.0000	-1.0000	-0.00004	-0.00035	0.020	0.002000	80000.000000	80000.000000	0.0000	0.0000	0.0000	0.0000
7.8020	403.07	4784.72	10.0	-1.0	-393.7	-4793.6	-1.0000	-1.0000	-0.00004	-0.00039	0.023	0.002000	80000.000000	80000.000000	0.0000	0.0000	0.0000	0.0000
7.8040	401.27	4784.76	10.0	-1.0	-391.9	-4793.6	-1.0000	-1.0000	-0.00004	-0.00039	0.023	0.002000	80000.000000	80000.000000	0.0000	0.0000	0.0000	0.0000
7.8060	399.48	4784.79	10.0	-1.0	-390.1	-4793.6	-1.0000	-1.0000	-0.00004	-0.00039	0.023	0.002000	80000.000000	80000.000000	0.0000	0.0000	0.0000	0.0000
7.8080	397.69	4784.82	10.0	-1.0	-388.3	-4793.6	-1.0000	-1.0000	-0.00004	-0.00039	0.023	0.002000	80000.000000	80000.000000	0.0000	0.0000	0.0000	0.0000
7.8100	395.90	4784.86	10.0	-1.0	-386.5	-4793.6	-1.0000	-1.0000	-0.00004	-0.00039	0.023	0.002000	80000.000000	80000.000000	0.0000	0.0000	0.0000	0.0000
7.8120	394.11	4784.89	10.0	-1.0	-384.8	-4793.6	-1.0000	-1.0000	-0.00004	-0.00039	0.023	0.002000	80000.000000	80000.000000	0.0000	0.0000	0.0000	0.0000
7.8140	392.32	4784.92	10.0	-1.0	-383.0	-4793.7	-1.0000	-1.0000	-0.00004	-0.00039	0.023	0.002000	80000.000000	80000.000000	0.0000	0.0000	0.0000	0.0000
7.8160	390.53	4784.95	10.0	-1.0	-381.2	-4793.7	-1.0000	-1.0000	-0.00004	-0.00039	0.023	0.002000	80000.000000	80000.000000	0.0000	0.0000	0.0000	0.0000
7.8180	388.74	4784.97	10.0	-1.0	-379.4	-4793.7	-1.0000	-1.0000	-0.00004	-0.00039	0.023	0.002000	80000.000000	80000.000000	0.0000	0.0000	0.0000	0.0000
7.8200	386.95	4785.00	10.0	-1.0	-377.6	-4793.7	-1.0000	-1.0000	-0.00004	-0.00039	0.023	0.002000	80000.000000	80000.000000	0.0000	0.0000	0.0000	0.0000
7.8220	385.16	4785.03	10.0	-1.0	-375.8	-4793.7	-1.0000	-1.0000	-0.00004	-0.00039	0.023	0.002000	80000.000000	80000.000000	0.0000	0.0000	0.0000	0.0000
7.8240	383.37	4785.06	10.0	-1.0	-374.0	-4793.7	-1.0000	-1.0000	-0.00004	-0.00039	0.023	0.002000	80000.000000	80000.000000	0.0000	0.0000	0.0000	0.0000
7.8260	381.58	4785.08	10.0	-1.0	-372.2	-4793.7	-1.0000	-1.0000	-0.00004	-0.00039	0.023	0.002000	80000.000000	80000.000000	0.0000	0.0000	0.0000	0.0000
7.8280	379.79	4785.11	10.0	-1.0	-370.4	-4793.7	-1.0000	-1.0000	-0.00004	-0.00039	0.023	0.002000	80000.000000	80000.000000	0.0000	0.0000	0.0000	0.0000
7.8300	378.00	4785.13	10.0	-1.0	-368.6	-4793.7	-1.0000	-1.0000	-0.00004	-0.00039	0.023	0.002000	80000.000000	80000.000000	0.0000	0.0000	0.0000	0.0000
7.8320	376.21	4785.16	10.0	-1.0	-366.8	-4793.8	-1.0000	-1.0000	-0.00004	-0.00039	0.023	0.002000	80000.000000	80000.000000	0.0000	0.0000	0.0000	0.0000
7.8340	374.42	4785.18	10.0	-1.0	-365.0	-4793.8	-1.0000	-1.0000	-0.00004	-0.00039	0.023	0.002000	80000.000000	80000.000000	0.0000	0.0000	0.0000	0.0000
7.8360	372.63	4785.20	10.0	-1.0	-363.2	-4793.8	-1.0000	-1.0000	-0.00004	-0.00039	0.023	0.002000	80000.000000	80000.000000	0.0000	0.0000	0.0000	0.0000
7.8380	370.84	4785.22	10.0	-1.0	-361.4	-4793.8	-1.0000	-1.0000	-0.00004	-0.00039	0.023	0.002000	80000.000000	80000.000000	0.0000	0.0000	0.0000	0.0000
7.8400	369.05	4785.24	10.0	-1.0	-359.6	-4793.8	-1.0000	-1.0000	-0.00004	-0.00039	0.023	0.002000	80000.000000	80000.000000	0.0000	0.0000	0.0000	0.0000
7.8420	367.25	4785.26	10.0	-1.0	-357.8	-4793.8	-1.0000	-1.0000	-0.00004	-0.00039	0.023	0.002000	80000.000000	80000.000000	0.0000	0.0000	0.0000	0.0000
7.8440	365.46	4785.28	10.0	-1.0	-356.0	-4793.8	-1.0000	-1.0000	-0.00004	-0.00039	0.023	0.002000	80000.000000	80000.000000	0.0000	0.0000	0.0000	0.0000
7.8460	363.67	4785.30	10.0	-1.0	-354.2	-4793.8	-1.0000	-1.0000	-0.00004	-0.00039	0.023	0.002000	80000.000000	80000.000000	0.0000	0.0000	0.0000	0.0000
7.8480	361.88	4785.32	10.0	-1.0	-352.4	-4793.8	-1.0000	-1.0000	-0.00004	-0.00039	0.023	0.002000	80000.000000	80000.000000	0.0000	0.0000	0.0000	0.0000
7.8500	360.09	4785.33	10.0	-1.0	-350.7	-4793.8	-1.0000	-1.0000	-0.00004	-0.00039	0.023	0.002000	80000.000000	80000.000000	0.0000	0.0000	0.0000	0.0000
7.8520	358.30	4785.35	10.0	-1.0	-348.9	-4793.8	-1.0000	-1.0000	-0.00004	-0.00039	0.023	0.002000	80000.000000	80000.000000	0.0000	0.0000	0.0000	0.0000
7.8540	356.51	4785.36	10.0	-1.0	-347.1	-4793.8	-1.0000	-1.0000	-0.00004	-0.00039	0.023	0.002000	80000.000000	80000.000000	0.0000	0.0000	0.0000	0.0000
7.8560	354.72	4785.38	10.0	-1.0	-345.3	-4793.8	-1.0000	-1.0000	-0.00004	-0.00039	0.023	0.002000	80000.000000	80000.000000	0.0000	0.0000	0.0000	0.0000
7.8580	352.93	4785.39	10.0	-1.0	-343.5	-4793.8	-1.0000	-1.0000	-0.00004	-0.00039	0.023	0.002000	80000.000000	80000.000000	0.0000	0.0000	0.0000	0.0000
7.8600	351.14	4785.41	10.0	-1.0	-341.7	-4793.8	-1.0000	-1.0000	-0.00004	-0.00039	0.023	0.002000	80000.000000	80000.000000	0.0000	0.0000	0.0000	0.0000
7.8620	349.35	4785.42	10.0	-1.0	-339.9	-4793.8	-1.0000	-1.0000	-0.00004	-0.00039	0.023	0.002000	80000.000000	80000.000000	0.0000	0.0000	0.0000	0.0000
7.8640	347.56	4785.43	10.0	-1.0	-338.1	-4793.8	-1.0000	-1.0000	-0.00004	-0.00039	0.023	0.002000	80000.000000	80000.000000	0.0000	0.0000	0.0000	0.0000
7.8660	345.77	4785.44	10.0	-1.0	-336.3	-4793.8	-1.0000	-1.0000	-0.00004	-0.00039	0.023	0.002000	80000.000000	80000.000000	0.0000	0.0000	0.0000	0.0000
7.8680	343.97	4785.45	10.0	-1.0	-334.5	-4793.8	-1.0000	-1.0000	-0.00004	-0.00039	0.023	0.002000	80000.000000	80000.000000	0.0000	0.0000	0.0000	0.0000
7.8700	342.18	4785.46	10.0	-1.0	-332.7	-4793.8	-1.0000	-1.0000	-0.00004	-0.00039	0.023	0.002000	80000.000000	80000.000000	0.0000	0.0000	0.0000	0.0000
7.8720	340.39	4785.47	10.0	-1.0	-330.9	-4793.8	-1.0000	-1.0000	-0.00004	-0.00039	0.023	0.002000	80000.000000	80000.000000	0.0000	0.0000	0.0000	0.0000
7.8740	338.60	4785.48	10.0	-1.0	-329.1	-4793.8	-1.0000	-1.0000	-0.00004	-0.00039	0.023	0.002000	80000.000000	80000.000000	0.0000	0.0000	0.0000	0.0000
7.8760	336.81	4785.48	10.0	-1.0	-327.3	-4793.8	-1.0000	-1.0000	-0.00004	-0.00039	0.023	0.002000	80000.000000	80000.000000	0.0000	0.0000	0.0000	0.0000
7.8780	335.02	4785.49	10.0	-1.0	-325.5	-4793.7	-1.0000	-1.0000	-0.00004	-0.00039	0.023	0.002000	80000.000000	80000.000000	0.0000	0.0000	0.0000	0.0000
7.8800	333.23	4785.49	10.0	-1.0	-323.7	-4793.7	-1.0000	-1.0000	-0.00004	-0.00039	0.023	0.002000	80000.000000	80000.000000	0.0000	0.0000	0.0000	0.0000
7.8820	331.44	4785.50	10.0	-1.0	-321.9	-4793.7	-1.0000	-1.0000	-0.00004	-0.00039	0.023	0.002000	80000.000000	80000.000000	0.0000	0.0000	0.0000	0.0000
7.8840	329.65	4785.50	10.0	-1.0	-320.1	-4793.7	-1.0000	-1.0000	-0.00004	-0.00039	0.023	0.002000	80000.000000	80000.000000	0.0000	0.0000	0.0000	0.0000
7.8860	327.86	4785.51	10.0	-1.0	-318.3	-4793.7	-1.0000	-1.0000	-0.00004	-0.00039	0.023	0.002000	80000.000000	80000.000000	0.0000	0.0000	0.0000	0.0000
7.8880	326.06	4785.51	10.0	-1.0	-316.6	-4793.7	-1.0000	-1.0000	-0.00004	-0.00039	0.023	0.002000	80000.000000	80000.000000	0.0000	0.0000	0.0000	0.0000
7.8900	324.27	4785.51	10.0	-1.0	-314.8	-4793.7	-1.0000	-1.0000	-0.00004	-0.00039	0.023	0.002000	80000.000000	80000.000000	0.0000	0.0000	0.0000	0.0000
7.8920	322.48	4785.51	10.0	-1.0	-313.0	-4793.7	-1.0000	-1.0000	-0.00004	-0.00039	0.023	0.002000	80000.000000	80000.000000	0.0000	0.0000	0.0000	0.0000
7.8940	320.69	4785.51	10.0	-1.0	-311.2	-4793.7	-1.0000	-1.0000	-0.00004	-0.00039	0.023	0.002000	80000.000000	80000.000000	0.0000	0.0000	0.0000	0.0000
7.8960	317.90	4785.51	9.0	-1.0	-309.4	-4793.6	-1.0000	-1.0000	-0.00004	-0.00035	0.020	0.002000	80000.000000	80000.000000	0.0000	0.0000	0.0000	0.0000
7.8980	317.11	4785.51	10.0	-1.0	-307.6	-4793.6	-1.0000	-1.0000	-0.00004	-0.00039	0.023	0.002000	80000.000000	80000.000000	0.0000	0.0000	0.0000	0.0000
7.9000	315.32	4785.51	10.0	-1.0	-305.8	-4793.6	-1.0000	-1.0000	-0.00004	-0.00039	0.023	0.002000	80000.000000	80000.000000	0.0000	0.0000	0.0000	0.0000
7.9020	313.53	4785.50	10.0	-1.0	-304.0	-4793.6	-1.0000	-1.0000	-0.00004	-0.00039	0.023	0.002000	80000.000000	80000.000000	0.0000	0.0000	0.0000	0.0000
7.9040	310.74	4785.50	9.0	-1.0	-302.2	-4793.6	-1.0000	-1.0000	-0.00004	-0.00035	0.020	0.002000	80000.000000	80000.000000	0.0000	0.0000	0.0000	0.0000
7.9060	309.95	4785.50	10.0	-1.0	-300.4	-4793.6	-1.0000	-1.0000	-0.00004	-0.00039	0.023	0.002000	80000.000000	80000.000000	0.0000	0.0000	0.0000	0.0000
7.9080	308.15	4785.49	10.0	-1.0	-298.6	-4793.5	-1.0000	-1.0000	-0.00004	-0.00039	0.023	0.002000	80000.000000	80000.000000	0.0000	0.0000	0.0000	0.0000
7.9100	306.36	4785.49	10.0	-1.0	-296.8	-4793.5	-1.0000	-1.0000	-0.00004	-0.00039	0.023	0.002000	80000.000000	80000.000000	0.0000	0.0000	0.0000	0.0000
7.9120	304.57	4785.48	10.0	-1.0	-295.0	-4793.5	-1.0000	-1.0000	-0.00004	-0.00039	0.023	0.002000	80000.000000	80000.000000	0.0000	0.0000	0.0000	0.0000
7.9140	302.78	4785.47	10.0	-1.0	-293.2	-4793.5	-1.0000	-1.0000	-0.00004	-0.00039	0.023	0.002000	80000.000000	80000.000000	0.0000	0.0000	0.0000	0.0000
7.9160	300.99	4785.46	10.0	-1.0	-291.4	-4793.5	-1.0000	-1.0000	-0.00004	-0.00039	0.023	0.002000	80000.000000	80000.000000	0.0000	0.0000	0.0000	0.0000
7.9180	299.20	4785.45	10.0	-1.0	-289.6	-4793.4	-1.0000	-1.0000	-0.00004	-0.00039	0.023	0.002000	80000.000000	80000.000000	0.0000	0.0000	0.0000	0.0000
7.9200	297.41	4785.44	10.0	-1.0	-287.8	-4793.4	-1.0000	-1.0000	-0.00004	-0.00039	0.023	0.002000	80000.000000	80000.000000	0.0000	0.0000	0.0000	0.0000
7.9220	295.62	4785.43	10.0	-1.0	-286.0	-4793.4	-1.0000	-1.0000	-0.00004	-0.00039	0.023	0.002000	80000.000000	80000.000000	0.0000	0.0000	0.0000	0.0000
7.9240	293.83	4785.42	10.0	-1.0	-284.3	-4793.4	-1.0000	-1.0000	-0.00004	-0.00039	0.023	0.002000	80000.000000	80000.000000	0.0000	0.0000	0.0000	0.0000
7.9260	292.04	4785.41	10.0	-1.0	-282.5	-4793.3	-1.0000	-1.0000	-0.00004	-0.00039	0.023	0.002000	80000.000000	80000.000000	0.0000	0.0000	0.0000	0.0000
7.9280	290.24	4785.40	10.0	-1.0	-280.7	-4793.3	-1.0000	-1.0000	-0.00004	-0.00039	0.023	0.002000	80000.000000	80000.000000	0.0000	0.0000	0.0000	0.0000
7.9300	288.45	4785.39	10.0	-1.0	-278.9	-4793.3	-1.0000	-1.0000	-0.00004	-0.00039	0.023	0.002000	80000.000000	80000.000000	0.0000	0.0000	0.0000	0.0000
7.9320	286.66	4785.37	10.0	-1.0	-277.1	-4793.2	-1.0000	-1.0000	-0.00004	-0.00039	0.023	0.002000	80000.000000	80000.000000	0.0000	0.0000	0.0000	0.0000
7.9340	284.87	4785.36	10.0	-1.0	-275.3	-4793.2	-1.0000	-1.0000	-0.00004	-0.00039	0.023	0.002000	80000.000000	80000.000000	0.0000	0.0000	0.0000	0.0000
7.9360	283.08	4785.34	10.0	-1.0	-273.5	-4793.2	-1.0000	-1.0000	-0.00004	-0.00039	0.023	0.002000	80000.000000	80000.000000	0.0000	0.0000	0.0000	0.0000
7.9380	281.29	4785.32	10.0	-1.0	-271.7	-4793.2	-1.0000	-1.0000	-0.00004	-0.00039	0.023	0.002000	80000.000000	80000.000000	0.0000	0.0000	0.0000	0.0000
7.9400	279.50	4785.31	10.0	-1.0	-269.9	-4793.1	-1.0000	-1.0000	-0.00004	-0.00039	0.023	0.002000	80000.000000	80000.000000	0.0000	0.0000	0.0000	0.0000
7.9420	277.71	4785.29	10.0	-1.0	-268.1	-4793.1	-1.0000	-1.0000	-0.00004	-0.00039	0.023	0.002000	80000.000000	80000.000000	0.0000	0.0000	0.0000	0.0000
7.9440	275.92	4785.27	10.0	-1.0	-266.3	-4793.1	-1.0000	-1.0000	-0.00004	-0.00039	0.023	0.002000	80000.000000	80000.000000	0.0000	0.0000	0.0000	0.0000
7.9460	274.12	4785.25	10.0	-1.0	-264.5	-4793.0	-1.0000	-1.0000	-0.00004	-0.00039	0.023	0.002000	80000.000000	80000.000000	0.0000	0.0000	0.0000	0.0000
7.9480	272.33	4785.23	10.0	-1.0	-262.7	-4793.0	-1.0000	-1.0000	-0.00004	-0.00039	0.023	0.002000	80000.000000	80000.000000	0.0000	0.0000	0.0000	0.0000
7.9500	270.54	4785.21	10.0	-1.0	-260.9	-4793.0	-1.0000	-1.0000	-0.00004	-0.00039	0.023	0.002000	80000.000000	80000.000000	0.0000	0.0000	0.0000	0.0000
7.9520	268.75	4785.19	10.0	-1.0	-259.1	-4792.9	-1.0000	-1.0000	-0.00004	-0.00039	0.023	0.002000	80000.000000	80000.000000	0.0000	0.0000	0.0000	0.0000
7.9540	266.96	4785.17	10.0	-1.0	-257.3	-4792.9	-1.0000	-1.0000	-0.00004	-0.00039	0.023	0.002000	80000.000000	80000.000000	0.0000	0.0000	0.0000	0.0000
7.9560	265.17	4785.14	10.0	-1.0	-255.5	-4792.9	-1.0000	-1.0000	-0.00004	-0.00039	0.023	0.002000	80000.000000	80000.000000	0.0000	0.0000	0.0000	0.0000
7.9580	263.38	4785.12	10.0	-1.0	-253.7	-4792.8	-1.0000	-1.0000	-0.00004	-0.00039	0.023	0.002000	80000.000000	80000.000000	0.0000	0.0000	0.0000	0.0000
7.9600	261.59	4785.09	10.0	-1.0	-252.0	-4792.8	-1.0000	-1.0000	-0.00004	-0.00039	0.023	0.002000	80000.000000	80000.000000	0.0000	0.0000	0.0000	0.0000
7.9620	259.80	4785.07	10.0	-1.0	-250.2	-4792.7	-1.0000	-1.0000	-0.00004	-0.00039	0.023	0.002000	80000.000000	80000.000000	0.0000	0.0000	0.0000	0.0000
7.9640	258.01	4785.04	10.0	-1.0	-248.4	-4792.7	-1.0000	-1.0000	-0.00004	-0.00039	0.023	0.002000	80000.000000	80000.000000	0.0000	0.0000	0.0000	0.0000
7.9660	256.21	4785.02	10.0	-1.0	-246.6	-4792.7	-1.0000	-1.0000	-0.00004	-0.00039	0.023	0.002000	80000.000000	80000.000000	0.0000	0.0000	0.0000	0.0000
7.9680	254.42	4784.99	10.0	-1.0	-244.8	-4792.6	-1.0000	-1.0000	-0.00004	-0.00039	0.023	0.002000	80000.000000	80000.000000	0.0000	0.0000	0.0000	0.0000
7.9700	252.63	4784.96	10.0	-1.0	-243.0	-4792.6	-1.0000	-1.0000	-0.00004	-0.00039	0.023	0.002000	80000.000000	80000.000000	0.0000	0.0000	0.0000	0.0000
7.9720	250.84	4784.93	10.0	-1.0	-241.2	-4792.5	-1.0000	-1.0000	-0.00004	-0.00039	0.023	0.002000	80000.000000	80000.000000	0.0000	0.0000	0.0000	0.0000
7.9740	249.05	4784.90	10.0	-1.0	-239.4	-4792.5	-1.0000	-1.0000	-0.00004	-0.00039	0.023	0.002000	80000.000000	80000.000000	0.0000	0.0000	0.0000	0.0000
7.9760	247.26	4784.87	10.0	-1.0	-237.6	-4792.5	-1.0000	-1.0000	-0.00004	-0.00039	0.023	0.002000	80000.000000	80000.000000	0.0000	0.0000	0.0000	0.0000
7.9780	245.47	4784.84	10.0	-1.0	-235.8	-4792.4	-1.0000	-1.0000	-0.00004	-0.00039	0.023	0.002000	80000.000000	80000.000000	0.0000	0.0000	0.0000	0.0000
7.9800	243.68	4784.81	10.0	-1.0	-234.0	-4792.4	-1.0000	-1.0000	-0.00004	-0.00039	0.023	0.002000	80000.000000	80000.000000	0.0000	0.0000	0.0000	0.0000
7.9820	241.89	4784.77	10.0	-1.0	-232.2	-4792.3	-1.0000	-1.0000	-0.00004	-0.00039	0.023	0.002000	80000.000000	80000.000000	0.0000	0.0000	0.0000	0.0000
7.9840	240.10	4784.74	10.0	-1.0	-230.4	-4792.3	-1.0000	-1.0000	-0.00004	-0.00039	0.023	0.002000	80000.000000	80000.000000	0.0000	0.0000	0.0000	0.0000
7.9860	238.30	4784.71	10.0	-1.0	-228.6	-4792.2	-1.0000	-1.0000	-0.00004	-0.00039	0.023	0.002000	80000.000000	80000.000000	0.0000	0.0000	0.0000	0.0000
7.9880	236.51	4784.67	10.0	-1.0	-226.8	-4792.2	-1.0000	-1.0000	-0.00004	-0.00039	0.023	0.002000	80000.000000	80000.000000	0.0000	0.0000	0.0000	0.0000
7.9900	234.72	4784.64	10.0	-1.0	-225.0	-4792.1	-1.0000	-1.0000	-0.00004	-0.00039	0.023	0.002000	80000.000000	80000.000000	0.0000	0.0000	0.0000	0.0000
7.9920	232.93	4784.60	10.0	-1.0	-223.2	-4792.1	-1.0000	-1.0000	-0.00004	-0.00039	0.023	0.002000	80000.000000	80000.000000	0.0000	0.0000	0.0000	0.0000
7.9940	231.14	4784.56	10.0	-1.0	-221.5	-4792.0	-1.0000	-1.0000	-0.00004	-0.00039	0.023	0.002000	80000.000000	80000.000000	0.0000	0.0000	0.0000	0.0000
7.9960	229.35	4784.52	10.0	-1.0	-219.7	-4792.0	-1.0000	-1.0000	-0.00004	-0.00039	0.023	0.002000	80000.000000	80000.000000	0.0000	0.0000	0.0000	0.0000
7.9980	227.56	4784.48	10.0	-1.0	-217.9	-4791.9	-1.0000	-1.0000	-0.00004	-0.00039	0.023	0.002000	80000.000000	80000.000000	0.0000	0.0000	0.0000	0.0000
8.0000	225.77	4784.45	10.0	-1.0	-216.1	-4791.9	-1.0000	-1.0000	-0.00004	-0.00039	0.023	0.002000	80000.000000	80000.000000	0.0000	0.0000	0.0000	0.0000
8.0020	223.98	4784.40	10.0	-1.0	-214.3	-4791.8	-1.0000	-1.0000	-0.00004	-0.00039	0.023	0.002000	80000.000000	80000.000000	0.0000	0.0000	0.0000	0.0000
8.0040	222.19	4784.36	10.0	-1.0	-212.5	-4791.8	-1.0000	-1.0000	-0.00004	-0.00039	0.023	0.002000	80000.000000	80000.000000	0.0000	0.0000	0.0000	0.0000
8.0060	220.40	4784.32	10.0	-1.0	-210.7	-4791.7	-1.0000	-1.0000	-0.00004	-0.00039	0.023	0.002000	80000.000000	80000.000000	0.0000	0.0000	0.0000	0.0000
8.0080	218.60	4784.28	10.0	-1.0	-208.9	-4791.7	-1.0000	-1.0000	-0.00004	-0.00039	0.023	0.002000	80000.000000	80000.000000	0.0000	0.0000	0.0000	0.0000
8.0100	216.81	4784.24	10.0	-1.0	-207.1	-4791.6	-1.0000	-1.0000	-0.00004	-0.00039	0.023	0.002000	80000.000000	80000.000000	0.0000	0.0000	0.0000	0.0000
8.0120	215.02	4784.19	10.0	-1.0	-205.3	-4791.5	-1.0000	-1.0000	-0.00004	-0.00039	0.023	0.002000	80000.000000	80000.000000	0.0000	0.0000	0.0000	0.0000
8.0140	213.23	4784.15	10.0	-1.0	-203.5	-4791.5	-1.0000	-1.0000	-0.00004	-0.00039	0.023	0.002000	80000.000000	80000.000000	0.0000	0.0000	0.0000	0.0000
8.0160	211.44	4784.10	10.0	-1.0	-201.7	-4791.4	-1.0000	-1.0000	-0.00004	-0.00039	0.023	0.002000	80000.000000	80000.000000	0.0000	0.0000	0.0000	0.0000
8.0180	209.65	4784.05	10.0	-1.0	-199.9	-4791.4	-0.9978	-1.0000	-0.00004	-0.00039	0.023	0.002000	80000.000000	80000.000000	0.0000	0.0000	0.0000	0.0000
8.0200	207.86	4784.01	10.0	-1.0	-198.1	-4791.3	-0.9917	-1.0000	-0.00004	-0.00039	0.023	0.002000	80000.000000	80000.000000	0.0000	0.0000	0.0000	0.0000
8.0220	206.07	4784.96	10.0	0.0	-196.3	-4791.2	-0.9835	-1.0000	0.00000	-0.00039	0.022	0.002000	80000.000000	80000.000000	0.0000	0.0000	0.0000	0.0000
8.0240	204.28	4783.91	10.0	-1.0	-194.5	-4791.2	-0.9774	-1.0000	-0.00004	-0.00039	0.023	0.002000	80000.000000	80000.000000	0.0000	0.0000	0.0000	0.0000
8.0260	202.49	4783.86	10.0	-1.0	-192.8	-4791.1	-0.9692	-1.0000	-0.00004	-0.00039	0.023	0.002000	80000.000000	80000.000000	0.0000	0.0000	0.0000	0.0000
8.0280	200.70	4783.81	10.0	-1.0	-191.0	-4791.1	-0.9631	-1.0000	-0.00004	-0.00039	0.023	0.002000	80000.000000	80000.000000	0.0000	0.0000	0.0000	0.0000
8.0300	198.91	4783.76	10.0	-1.0	-189.2	-4791.0	-0.9549	-1.0000	-0.00004	-0.00039	0.023	0.002000	80000.000000	80000.000000	0.0000	0.0000	0.0000	0.0000
8.0320	197.12	4783.71	10.0	-1.0	-187.4	-4790.9	-0.9488	-1.0000	-0.00004	-0.00039	0.023	0.002000	80000.000000	80000.000000	0.0000	0.0000	0.0000	0.0000
8.0340	195.32	4783.66	10.0	-1.0	-185.6	-4790.9	-0.9406	-1.0000	-0.00004	-0.00039	0.023	0.002000	80000.000000	80000.000000	0.0000	0.0000	0.0000	0.0000
8.0360	193.53	4783.60	10.0	-1.0	-183.8	-4790.8	-0.9345	-1.0000	-0.00004	-0.00039	0.023	0.002000	80000.000000	80000.000000	0.0000	0.0000	0.0000	0.0000
8.0380	191.74	4783.55	10.0	-1.0	-182.0	-4790.7	-0.9262	-1.0000	-0.00004	-0.00039	0.023	0.002000	80000.000000	80000.000000	0.0000	0.0000	0.0000	0.0000
8.0400	189.95	4783.50	10.0	-1.0	-180.2	-4790.7	-0.9201	-1.0000	-0.00004	-0.00039	0.023	0.002000	80000.000000	80000.000000	0.0000	0.0000	0.0000	0.0000
8.0420	188.16	4783.44	10.0	-1.0	-178.4	-4790.6	-0.9119	-1.0000	-0.00004	-0.00039	0.023	0.002000	80000.000000	80000.000000	0.0000	0.0000	0.0000	0.0000
8.0440	186.37	4783.38	10.0	-1.0	-176.6	-4790.5	-0.9058	-1.0000	-0.00004	-0.00039	0.023	0.002000	80000.000000	80000.000000	0.0000	0.0000	0.0000	0.0000
8.0460	184.58	4783.33	10.0	-1.0	-174.8	-4790.5	-0.8976	-1.0000	-0.00004	-0.00039	0.023	0.002000	80000.000000	80000.000000	0.0000	0.0000	0.0000	0.0000
8.0480	182.79	4783.27	10.0	-1.0	-173.0	-4790.4	-0.8915	-1.0000	-0.00004	-0.00039	0.023	0.002000	80000.000000	80000.000000	0.0000	0.0000	0.0000	0.0000
8.0500	181.00	4783.21	10.0	-1.0	-171.2	-4790.3	-0.8833	-1.0000	-0.00004	-0.00039	0.023	0.002000	80000.000000	80000.000000	0.0000	0.0000	0.0000	0.0000
8.0520	179.21	4783.15	10.0	-1.0	-169.4	-4790.2	-0.8772	-1.0000	-0.00004	-0.00039	0.023	0.002000	80000.000000	80000.000000	0.0000	0.0000	0.0000	0.0000
8.0540	177.42	4783.09	10.0	-1.0	-167.6	-4790.2	-0.8690	-1.0000	-0.00004	-0.00039	0.023	0.002000	80000.000000	80000.000000	0.0000	0.0000	0.0000	0.0000
8.0560	175.63	4783.03	10.0	-1.0	-165.9	-4790.1	-0.8629	-1.0000	-0.00004	-0.00039	0.023	0.002000	80000.000000	80000.000000	0.0000	0.0000	0.0000	0.0000
8.0580	173.84	4782.97	10.0	-1.0	-164.1	-4790.0	-0.8547	-1.0000	-0.00004	-0.00039	0.023	0.002000	80000.000000	80000.000000	0.0000	0.0000	0.0000	0.0000
8.0600	172.05	4782.91	10.0	-1.0	-162.3	-4790.0	-0.8486	-1.0000	-0.00004	-0.00039	0.023	0.002000	80000.000000	80000.000000	0.0000	0.0000	0.0000	0.0000
8.0620	170.26	4782.85	10.0	-1.0	-160.5	-4789.9	-0.8403	-1.0000	-0.00004	-0.00039	0.023	0.002000	80000.000000	80000.000000	0.0000	0.0000	0.0000	0.0000
8.0640	168.47	4782.78	10.0	-1.0	-158.7	-4789.8	-0.8342	-1.0000	-0.00004	-0.00039	0.023	0.002000	80000.000000	80000.000000	0.0000	0.0000	0.0000	0.0000
8.0660	166.68	4782.72	10.0	-1.0	-156.9	-4789.7	-0.8260	-1.0000	-0.00004	-0.00039	0.023	0.002000	80000.000000	80000.000000	0.0000	0.0000	0.0000	0.0000
8.0680	164.89	4782.65	10.0	-1.0	-155.1	-4789.7	-0.8199	-1.0000	-0.00004	-0.00039	0.023	0.002000	80000.000000	80000.000000	0.0000	0.0000	0.0000	0.0000
8.0700	163.10	4782.59	10.0	-1.0	-153.3	-4789.6	-0.8117	-1.0000	-0.00004	-0.00039	0.023	0.002000	80000.000000	80000.000000	0.0000	0.0000	0.0000	0.0000
8.0720	161.31	4782.52	10.0	-1.0	-151.5	-4789.5	-0.8056	-1.0000	-0.00004	-0.00039	0.023	0.002000	80000.000000	80000.000000	0.0000	0.0000	0.0000	0.0000
8.0740	159.52	4782.45	10.0	-1.0	-149.7	-4789.4	-0.7974	-1.0000	-0.00004	-0.00039	0.023	0.002000	80000.000000	80000.000000	0.0000	0.0000	0.0000	0.0000
8.0760	157.73	4782.38	10.0	-1.0	-147.9	-4789.3	-0.7913	-1.0000	-0.00004	-0.00039	0.023	0.002000	80000.000000	80000.000000	0.0000	0.0000	0.0000	0.0000
8.0780	155.94	4782.32	10.0	-1.0	-146.1	-4789.3	-0.7831	-1.0000	-0.00004	-0.00039	0.023	0.002000	80000.000000	80000.000000	0.0000	0.0000	0.0000	0.0000
8.0800	154.15	4782.25	10.0	-1.0	-144.3	-4789.2	-0.7770	-1.0000	-0.00004	-0.00039	0.023	0.002000	80000.000000	80000.000000	0.0000	0.0000	0.0000	0.0000
8.0820	152.36	4782.18	10.0	-1.0	-142.5	-4789.1	-0.7688	-1.0000	-0.00004	-0.00039	0.023	0.002000	80000.000000	80000.000000	0.0000	0.0000	0.0000	0.0000
8.0840	150.56	4782.11	10.0	-1.0	-140.8	-4789.0	-0.7627	-1.0000	-0.00004	-0.00039	0.023	0.002000	80000.000000	80000.000000	0.0000	0.0000	0.0000	0.0000
8.0860	148.77	4782.03	10.0	-1.0	-139.0	-4788.9	-0.7544	-1.0000	-0.00004	-0.00039	0.023	0.002000	80000.000000	80000.000000	0.0000	0.0000	0.0000	0.0000
8.0880	146.98	4781.96	10.0	-1.0	-137.2	-4788.8	-0.7484	-1.0000	-0.00004	-0.00039	0.023	0.002000	80000.000000	80000.000000	0.0000	0.0000	0.0000	0.0000
8.0900	145.19	4781.89	10.0	-1.0	-135.4	-4788.8	-0.7401	-1.0000	-0.00004	-0.00039	0.023	0.002000	80000.000000	80000.000000	0.0000	0.0000	0.0000	0.0000
8.0920	143.40	4781.81	10.0	-1.0	-133.6	-4788.7	-0.7340	-1.0000	-0.00004	-0.00039	0.023	0.002000	80000.000000	80000.000000	0.0000	0.0000	0.0000	0.0000
8.0940	141.61	4781.74	10.0	-1.0	-131.8	-4788.6	-0.7258	-1.0000	-0.00004	-0.00039	0.023	0.002000	80000.000000	80000.000000	0.0000	0.0000	0.0000	0.0000
8.0960	139.82	4781.66	10.0	-1.0	-130.0	-4788.5	-0.7197	-1.0000	-0.00004	-0.00039	0.023	0.002000	80000.000000	80000.000000	0.0000	0.0000	0.0000	0.0000
8.0980	138.03	4781.59	10.0	-1.0	-128.2	-4788.4	-0.7115	-1.0000	-0.00004	-0.00039	0.023	0.002000	80000.000000	80000.000000	0.0000	0.0000	0.0000	0.0000
8.1000	136.24	4781.51	10.0	-1.0	-126.4	-4788.3	-0.7054	-1.0000	-0.00004	-0.00039	0.023	0.002000	80000.000000	80000.000000	0.0000	0.0000	0.0000	0.0000
8.1020	134.45	4781.43	10.0	-1.0	-124.6	-4788.2	-0.6972	-1.0000	-0.00004	-0.00039	0.023	0.002000	80000.000000	80000.000000	0.0000	0.0000	0.0000	0.0000
8.1040	132.66	4781.35	10.0	-1.0	-122.8	-4788.1	-0.6911	-1.0000	-0.00004	-0.00039	0.023	0.002000	80000.000000	80000.000000	0.0000	0.0000	0.0000	0.0000
8.1060	130.88	4781.27	10.0	-1.0	-121.0	-4788.0	-0.6829	-1.0000	-0.00004	-0.00039	0.023	0.002000	80000.000000	80000.000000	0.0000	0.0000	0.0000	0.0000
8.1080	129.09	4781.19	10.0	-1.0	-119.2	-4788.0	-0.6768	-1.0000	-0.00004	-0.00039	0.023	0.002000	80000.000000	80000.000000	0.0000	0.0000	0.0000	0.0000
8.1100	127.30	4781.11	10.0	-1.0	-117.4	-4787.9	-0.6686	-1.0000	-0.00004	-0.00039	0.023	0.002000	80000.000000	80000.000000	0.0000	0.0000	0.0000	0.0000
8.1120	125.51	4781.03	10.0	-1.0	-115.7	-4787.8	-0.6625	-1.0000	-0.00004	-0.00039	0.023	0.002000	80000.000000	80000.000000	0.0000	0.0000	0.0000	0.0000
8.1140	123.72	4780.95	10.0	-1.0	-113.9	-4787.7	-0.6542	-1.0000	-0.00004	-0.00039	0.023	0.002000	80000.000000	80000.000000	0.0000	0.0000	0.0000	0.0000
8.1160	121.93	4780.87	10.0	-1.0	-112.1	-4787.6	-0.6482	-1.0000	-0.00004	-0.00039	0.023	0.002000	80000.000000	80000.000000	0.0000	0.0000	0.0000	0.0000
8.1180	120.14	4780.78	10.0	-1.0	-110.3	-4787.5	-0.6399	-1.0000	-0.00004	-0.00039	0.023	0.002000	80000.000000	80000.000000	0.0000	0.0000	0.0000	0.0000
8.1200	118.35	4780.70	10.0	-1.0	-108.5	-4787.4	-0.6338	-1.0000	-0.00004	-0.00039	0.023	0.002000	80000.000000	80000.000000	0.0000	0.0000	0.0000	0.0000
8.1220	116.56	4780.61	10.0	-1.0	-106.7	-4787.3	-0.6256	-1.0000	-0.00004	-0.00039	0.023	0.002000	80000.000000	80000.000000	0.0000	0.0000	0.0000	0.0000
8.1240	114.77	4780.53	10.0	-1.0	-104.9	-4787.2	-0.6195	-1.0000	-0.00004	-0.00039	0.023	0.002000	80000.000000	80000.000000	0.0000	0.0000	0.0000	0.0000
8.1260	112.98	4780.44	10.0	-1.0	-103.1	-4787.1	-0.6113	-1.0000	-0.00004	-0.00039	0.023	0.002000	80000.000000	80000.000000	0.0000	0.0000	0.0000	0.0000
8.1280	111.19	4780.35	10.0	-1.0	-101.3	-4787.0	-0.6052	-1.0000	-0.00004	-0.00039	0.023	0.002000	80000.000000	80000.000000	0.0000	0.0000	0.0000	0.0000
8.1300	109.40	4780.27	10.0	-1.0	-99.5	-4786.9	-0.5970	-1.0000	-0.00004	-0.00039	0.023	0.002000	80000.000000	80000.000000	0.0000	0.0000	0.0000	0.0000
8.1320	107.61	4780.18	10.0	-1.0	-97.7	-4786.8	-0.5909	-1.0000	-0.00004	-0.00039	0.023	0.002000	80000.000000	80000.000000	0.0000	0.0000	0.0000	0.0000
8.1340	105.82	4780.09	10.0	-1.0	-95.9	-4786.7	-0.5827	-1.0000	-0.00004	-0.00039	0.023	0.002000	80000.000000	80000.000000	0.0000	0.0000	0.0000	0.0000
8.1360	104.03	4780.00	10.0	-1.0	-94.2	-4786.6	-0.5766	-1.0000	-0.00004	-0.00039	0.023	0.002000	80000.000000	80000.000000	0.0000	0.0000	0.0000	0.0000
8.1380	102.24	4779.90	10.0	-1.0	-92.4	-4786.5	-0.5684	-1.0000	-0.00004	-0.00039	0.023	0.002000	80000.000000	80000.000000	0.0000	0.0000	0.0000	0.0000
8.1400	100.45	4779.81	10.0	-1.0	-90.6	-4786.4	-0.5623	-1.0000	-0.00004	-0.00039	0.023	0.002000	80000.000000	80000.000000	0.0000	0.0000	0.0000	0.0000
8.1420	98.66	4779.72	10.0	-1.0	-88.8	-4786.3	-0.5541	-1.0000	-0.00004	-0.00039	0.023	0.002000	80000.000000	80000.000000	0.0000	0.0000	0.0000	0.0000
8.1440	96.87	4779.63	10.0	-1.0	-87.0	-4786.2	-0.5480	-1.0000	-0.00004	-0.00039	0.023	0.002000	80000.000000	80000.000000	0.0000	0.0000	0.0000	0.0000
8.1460	95.08	4779.53	10.0	-1.0	-85.2	-4786.1	-0.5398	-1.0000	-0.00004	-0.00039	0.023	0.002000	80000.000000	80000.000000	0.0000	0.0000	0.0000	0.0000
8.1480	93.30	4779.44	10.0	-1.0	-83.4	-4786.0	-0.5337	-1.0000	-0.00004	-0.00039	0.023	0.002000	80000.000000	80000.000000	0.0000	0.0000	0.0000	0.0000
8.1500	91.51	4779.34	10.0	-1.0	-81.6	-4785.9	-0.5254	-1.0000	-0.00004	-0.00039	0.023	0.002000	80000.000000	80000.000000	0.0000	0.0000	0.0000	0.0000
8.1520	89.72	4779.25	10.0	-1.0	-79.8	-4785.8	-0.5194	-1.0000	-0.00004	-0.00039	0.023	0.002000	80000.000000	80000.000000	0.0000	0.0000	0.0000	0.0000
8.1540	87.93	4779.15	10.0	-1.0	-78.0	-4785.6	-0.5111	-1.0000	-0.00004	-0.00039	0.023	0.002000	80000.000000	80000.000000	0.0000	0.0000	0.0000	0.0000
8.1560	86.14	4779.05	10.0	-1.0	-76.2	-4785.5	-0.5051	-1.0000	-0.00004	-0.00039	0.023	0.002000	80000.000000	80000.000000	0.0000	0.0000	0.0000	0.0000
8.1580	84.35	4778.95	10.0	-1.0	-74.4	-4785.4	-0.4968	-1.0000	-0.00004	-0.00039	0.023	0.002000	80000.000000	80000.000000	0.0000	0.0000	0.0000	0.0000
8.1600	82.56	4778.85	10.0	-1.0	-72.7	-4785.3	-0.4907	-1.0000	-0.00004	-0.00039	0.023	0.002000	80000.000000	80000.000000	0.0000	0.0000	0.0000	0.0000
8.1620	80.77	4778.75	10.0	-1.0	-70.9	-4785.2	-0.4825	-1.0000	-0.00004	-0.00039	0.023	0.002000	80000.000000	80000.000000	0.0000	0.0000	0.0000	0.0000
8.1640	78.98	4778.65	10.0	-1.0	-69.1	-4785.1	-0.4764	-1.0000	-0.00004	-0.00039	0.023	0.002000	80000.000000	80000.000000	0.0000	0.0000	0.0000	0.0000
8.1660	77.19	4778.55	10.0	-1.0	-67.3	-4785.0	-0.4682	-1.0000	-0.00004	-0.00039	0.023	0.002000	80000.000000	80000.000000	0.0000	0.0000	0.0000	0.0000
8.1680	75.41	4778.45	10.0	-1.0	-65.5	-4784.9	-0.4621	-1.0000	-0.00004	-0.00039	0.023	0.002000	80000.000000	80000.000000	0.0000	0.0000	0.0000	0.0000
8.1700	73.62	4778.34	10.0	-1.0	-63.7	-4784.8	-0.4539	-1.0000	-0.00004	-0.00039	0.023	0.002000	80000.000000	80000.000000	0.0000	0.0000	0.0000	0.0000
8.1720	71.83	4778.24	10.0	-1.0	-61.9	-4784.6	-0.4478	-1.0000	-0.00004	-0.00039	0.023	0.002000	80000.000000	80000.000000	0.0000	0.0000	0.0000	0.0000
8.1740	70.04	4778.14	10.0	-1.0	-60.1	-4784.5	-0.4396	-1.0000	-0.00004	-0.00039	0.023	0.002000	80000.000000	80000.000000	0.0000	0.0000	0.0000	0.0000
8.1760	68.25	4778.03	10.0	-1.0	-58.3	-4784.4	-0.4335	-1.0000	-0.00004	-0.00039	0.023	0.002000	80000.000000	80000.000000	0.0000	0.0000	0.0000	0.0000
8.1780	66.46	4777.92	10.0	-1.0	-56.5	-4784.3	-0.4253	-1.0000	-0.00004	-0.00039	0.023	0.002000	80000.000000	80000.000000	0.0000	0.0000	0.0000	0.0000
8.1800	64.67	4777.82	10.0	-1.0	-54.7	-4784.2	-0.4192	-1.0000	-0.00004	-0.00039	0.023	0.002000	80000.000000	80000.000000	0.0000	0.0000	0.0000	0.0000
8.1820	62.89	4777.71	10.0	-1.0	-53.0	-4784.1	-0.4110	-1.0000	-0.00004	-0.00039	0.023	0.002000	80000.000000	80000.000000	0.0000	0.0000	0.0000	0.0000
8.1840	61.10	4777.60	10.0	-1.0	-51.2	-4783.9	-0.4049	-1.0000	-0.00004	-0.00039	0.023	0.002000	80000.000000	80000.000000	0.0000	0.0000	0.0000	0.0000
8.1860	59.31	4777.49	10.0	-1.0	-49.4	-4783.8	-0.3967	-1.0000	-0.00004	-0.00039	0.023	0.002000	80000.000000	80000.000000	0.0000	0.0000	0.0000	0.0000
8.1880	57.52	4777.38	10.0	-1.0	-47.6	-4783.7	-0.3906	-1.0000	-0.00004	-0.00039	0.023	0.002000	80000.000000	80000.000000	0.0000	0.0000	0.0000	0.0000
8.1900	55.73	4777.27	10.0	-1.0	-45.8	-4783.6	-0.3824	-1.0000	-0.00004	-0.00039	0.023	0.002000	80000.000000	80000.000000	0.0000	0.0000	0.0000	0.0000
8.1920	53.94	4777.16	10.0	-1.0	-44.0	-4783.5	-0.3763	-1.0000	-0.00004	-0.00039	0.023	0.002000	80000.000000	80000.000000	0.0000	0.0000	0.0000	0.0000
8.1940	52.16	4777.05	10.0	-1.0	-42.2	-4783.3	-0.3681	-1.0000	-0.00004	-0.00039	0.023	0.002000	80000.000000	80000.000000	0.0000	0.0000	0.0000	0.0000
8.1960	50.37	4776.94	10.0	-1.0	-40.4	-4783.2	-0.3620	-1.0000	-0.00004	-0.00039	0.023	0.002000	80000.000000	80000.000000	0.0000	0.0000	0.0000	0.0000
8.1980	48.58	4776.82	10.0	-1.0	-38.6	-4783.1	-0.3538	-1.0000	-0.00004	-0.00039	0.023	0.002000	80000.000000	80000.000000	0.0000	0.0000	0.0000	0.0000
8.2000	46.79	4776.71	10.0	-1.0	-36.8	-4783.0	-0.3477	-1.0000	-0.00004	-0.00039	0.023	0.002000	80000.000000	80000.000000	0.0000	0.0000	0.0000	0.0000
8.2020	45.00	4776.59	10.0	-1.0	-35.1	-4782.8	-0.3395	-1.0000	-0.00004	-0.00039	0.023	0.002000	80000.000000	80000.000000	0.0000	0.0000	0.0000	0.0000
8.2040	43.21	4776.48	10.0	-1.0	-33.3	-4782.7	-0.3334	-1.0000	-0.00004	-0.00039	0.023	0.002000	80000.000000	80000.000000	0.0000	0.0000	0.0000	0.0000
8.2060	41.43	4776.36	10.0	-1.0	-31.5	-4782.6	-0.3252	-1.0000	-0.00004	-0.00039	0.023	0.002000	80000.000000	80000.000000	0.0000	0.0000	0.0000	0.0000
8.2080	39.64	4776.24	10.0	-1.0	-29.7	-4782.5	-0.3191	-1.0000	-0.00004	-0.00039	0.023	0.002000	80000.000000	80000.000000	0.0000	0.0000	0.0000	0.0000
8.2100	37.85	4776.13	10.0	-1.0	-27.9	-4782.3	-0.3109	-1.0000	-0.00004	-0.00039	0.023	0.002000	80000.000000	80000.000000	0.0000	0.0000	0.0000	0.0000
8.2120	36.06	4776.01	10.0	-1.0	-26.1	-4782.2	-0.3048	-1.0000	-0.00004	-0.00039	0.023	0.002000	80000.000000	80000.000000	0.0000	0.0000	0.0000	0.0000
8.2140	34.27	4775.89	10.0	-1.0	-24.3	-4782.1	-0.2966	-1.0000	-0.00004	-0.00039	0.023	0.002000	80000.000000	80000.000000	0.0000	0.0000	0.0000	0.0000
8.2160	32.49	4775.77	10.0	-1.0	-22.5	-4781.9	-0.2905	-1.0000	-0.00004	-0.00039	0.023	0.002000	80000.000000	80000.000000	0.0000	0.0000	0.0000	0.0000
8.2180	30.70	4775.65	10.0	-1.0	-20.7	-4781.8	-0.2823	-1.0000	-0.00004	-0.00039	0.023	0.002000	80000.000000	80000.000000	0.0000	0.0000	0.0000	0.0000
8.2200	28.91	4775.53	10.0	-1.0	-18.9	-4781.7	-0.2762	-1.0000	-0.00004	-0.00039	0.023	0.002000	80000.000000	80000.000000	0.0000	0.0000	0.0000	0.0000
8.2220	27.12	4775.40	10.0	-1.0	-17.2	-4781.5	-0.2680	-1.0000	-0.00004	-0.00039	0.023	0.002000	80000.000000	80000.000000	0.0000	0.0000	0.0000	0.0000
8.2240	25.34	4775.28	10.0	-1.0	-15.4	-4781.4	-0.2619	-1.0000	-0.00004	-0.00039	0.023	0.002000	80000.000000	80000.000000	0.0000	0.0000	0.0000	0.0000
8.2260	23.55	4775.16	10.0	-1.0	-13.6	-4781.3	-0.2537	-1.0000	-0.00004	-0.00039	0.023	0.002000	80000.000000	80000.000000	0.0000	0.0000	0.0000	0.0000
8.2280	21.76	4775.03	10.0	-1.0	-11.8	-4781.1	-0.2476	-1.0000	-0.00004	-0.00039	0.023	0.002000	80000.000000	80000.000000	0.0000	0.0000	0.0000	0.0000
8.2300	19.97	4774.91	10.0	-1.0	-10.0	-4781.0	-0.2394	-1.0000	-0.00004	-0.00039	0.023	0.002000	80000.000000	80000.000000	0.0000	0.0000	0.0000	0.0000
8.2320	18.19	4774.78	10.0	-1.0	-8.2	-4780.9	-0.2333	-1.0000	-0.00004	-0.00039	0.023	0.002000	80000.000000	80000.000000	0.0000	0.0000	0.0000	0.0000
8.2340	16.40	4774.65	10.0	-1.0	-6.4	-4780.7	-0.2251	-1.0000	-0.00004	-0.00039	0.023	0.002000	80000.000000	80000.000000	0.0000	0.0000	0.0000	0.0000
8.2360	14.61	4774.52	10.0	-1.0	-4.6	-4780.6	-0.2190	-1.0000	-0.00004	-0.00039	0.023	0.002000	80000.000000	80000.000000	0.0000	0.0000	0.0000	0.0000
8.2380	12.82	4774.40	10.0	-1.0	-2.8	-4780.4	-0.2108	-1.0000	-0.00004	-0.00039	0.023	0.002000	80000.000000	80000.000000	0.0000	0.0000	0.0000	0.0000
8.2400	11.04	4774.27	10.0	-1.0	-1.0	-4780.3	-0.2047	-1.0000	-0.00004	-0.00039	0.023	0.002000	80000.000000	80000.000000	0.0000	0.0000	0.0000	0.0000
8.2420	9.25	4774.14	10.0	-1.0	0.7	-4780.2	-0.1965	-1.0000	-0.00004	-0.00039	0.023	0.002000	80000.000000	80000.000000	0.0000	0.0000	0.0000	0.0000
8.2440	7.46	4774.01	10.0	-1.0	2.5	-4780.0	-0.1904	-1.0000	-0.00004	-0.00039	0.023	0.002000	80000.000000	80000.000000	0.0000	0.0000	0.0000	0.0000
8.2460	5.68	4773.88	10.0	-1.0	4.3	-4779.9	-0.1822	-1.0000	-0.00004	-0.00039	0.023	0.002000	80000.000000	80000.000000	0.0000	0.0000	0.0000	0.0000
8.2480	3.89	4773.74	10.0	-1.0	6.1	-4779.7	-0.1761	-1.0000	-0.00004	-0.00039	0.023	0.002000	80000.000000	80000.000000	0.0000	0.0000	0.0000	0.0000
8.2500	2.10	4773.61	10.0	-1.0	7.9	-4779.6	-0.1679	-1.0000	-0.00004	-0.00039	0.023	0.002000	80000.000000	80000.000000	0.0000	0.0000	0.0000	0.0000
8.2520	0.32	4773.48	10.0	-1.0	9.7	-4779.5	-0.1618	-1.0000	-0.00004	-0.00039	0.023	0.002000	80000.000000	80000.000000	0.0000	0.0000	0.0000	0.0000
8.2540	-1.47	4773.34	10.0	-1.0	11.5	-4779.3	-0.1536	-1.0000	-0.00004	-0.00039	0.023	0.002000	80000.000000	80000.000000	0.0000	0.0000	0.0000	0.0000
8.2560	-3.26	4773.21	10.0	-1.0	13.3	-4779.2	-0.1475	-1.0000	-0.00004	-0.00039	0.023	0.002000	80000.000000	80000.000000	0.0000	0.0000	0.0000	0.0000
8.2580	-5.05	4773.07	10.0	-1.0	15.1	-4779.0	-0.1393	-1.0000	-0.00004	-0.00039	0.023	0.002000	80000.000000	80000.000000	0.0000	0.0000	0.0000	0.0000
8.2600	-6.83	4772.94	10.0	-1.0	16.8	-4778.9	-0.1332	-1.0000	-0.00004	-0.00039	0.023	0.002000	80000.000000	80000.000000	0.0000	0.0000	0.0000	0.0000
8.2620	-8.62	4772.80	10.0	-1.0	18.6	-4778.7	-0.1250	-1.0000	-0.00004	-0.00039	0.023	0.002000	80000.000000	80000.000000	0.0000	0.0000	0.0000	0.0000
8.2640	-10.41	4772.66	10.0	-1.0	20.4	-4778.6	-0.1189	-1.0000	-0.00004	-0.00039	0.023	0.002000	80000.000000	80000.000000	0.0000	0.0000	0.0000	0.0000
8.2660	-12.19	4772.52	10.0	-1.0	22.2	-4778.4	-0.1107	-1.0000	-0.00004	-0.00039	0.023	0.002000	80000.000000	80000.000000	0.0000	0.0000	0.0000	0.0000
8.2680	-13.98	4772.38	10.0	-1.0	24.0	-4778.3	-0.1046	-1.0000	-0.00004	-0.00039	0.023	0.002000	80000.000000	80000.000000	0.0000	0.0000	0.0000	0.0000
8.2700	-15.76	4772.24	10.0	-1.0	25.8	-4778.1	-0.0964	-1.0000	-0.00004	-0.00039	0.023	0.002000	80000.000000	80000.000000	0.0000	0.0000	0.0000	0.0000
8.2720	-17.55	4772.10	10.0	-1.0	27.6	-4778.0	-0.0903	-1.0000	-0.00004	-0.00039	0.023	0.002000	80000.000000	80000.000000	0.0000	0.0000	0.0000	0.0000
8.2740	-19.34	4771.96	10.0	-1.0	29.4	-4777.8	-0.0821	-1.0000	-0.00004	-0.00039	0.023	0.002000	80000.000000	80000.000000	0.0000	0.0000	0.0000	0.0000
8.2760	-21.12	4771.82	10.0	-1.0	31.1	-4777.7	-0.0760	-1.0000	-0.00004	-0.00039	0.023	0.002000	80000.000000	80000.000000	0.0000	0.0000	0.0000	0.0000
8.2780	-22.91	4771.67	10.0	-1.0	32.9	-4777.5	-0.0678	-1.0000	-0.00004	-0.00039	0.023	0.002000	80000.000000	80000.000000	0.0000	0.0000	0.0000	0.0000
8.2800	-24.70	4771.53	10.0	-1.0	34.7	-4777.4	-0.0618	-1.0000	-0.00004	-0.00039	0.023	0.002000	80000.000000	80000.000000	0.0000	0.0000	0.0000	0.0000
8.2820	-26.48	4771.38	10.0	-1.0	36.5	-4777.2	-0.0535	-1.0000	-0.00004	-0.00039	0.023	0.002000	80000.000000	80000.000000	0.0000	0.0000	0.0000	0.0000
8.2840	-28.27	4771.24	10.0	-1.0	38.3	-4777.1	-0.0475	-1.0000	-0.00004	-0.00039	0.023	0.002000	80000.000000	80000.000000	0.0000	0.0000	0.0000	0.0000
8.2860	-30.05	4771.09	10.0	-1.0	40.1	-4776.9	-0.0392	-1.0000	-0.00004	-0.00039	0.023	0.002000	80000.000000	80000.000000	0.0000	0.0000	0.0000	0.0000
8.2880	-31.84	4770.95	10.0	-1.0	41.9	-4776.7	-0.0332	-1.0000	-0.00004	-0.00039	0.023	0.002000	80000.000000	80000.000000	0.0000	0.0000	0.0000	0.0000
8.2900	-33.63	4770.80	10.0	-1.0	43.7	-4776.6	-0.0250	-1.0000	-0.00004	-0.00039	0.023	0.002000	80000.000000	80000.000000	0.0000	0.0000	0.0000	0.0000
8.2920	-35.41	4770.65	10.0	-1.0	45.4	-4776.4	-0.0189	-1.0000	-0.00004	-0.00039	0.023	0.002000	80000.000000	80000.000000	0.0000	0.0000	0.0000	0.0000
8.2940	-37.20	4770.50	10.0	-1.0	47.2	-4776.3	-0.0107	-1.0000	-0.00004	-0.00039	0.023	0.002000	80000.000000	80000.000000	0.0000	0.0000	0.0000	0.0000
8.2960	-38.98	4770.35	10.0	-1.0	49.0	-4776.1	-0.0046	-1.0000	-0.00004	-0.00039	0.023	0.002000	80000.000000	80000.000000	0.0000	0.0000	0.0000	0.0000
8.2980	-40.77	4770.20	10.0	-1.0	50.8	-4776.0	0.0036	-1.0000	-0.00004	-0.00039	0.023	0.002000	80000.000000	80000.000000	0.0000	0.0000	0.0000	0.0000
8.3000	-42.55	4770.05	10.0	-1.0	52.6	-4775.8	0.0097	-1.0000	-0.00004	-0.00039	0.023	0.002000	80000.000000	80000.000000	0.0000	0.0000	0.0000	0.0000
8.3020	-44.34	4769.90	10.0	-1.0	54.4	-4775.6	0.0179	-1.0000	-0.00004	-0.00039	0.023	0.002000	80000.000000	80000.000000	0.0000	0.0000	0.0000	0.0000
8.3040	-46.12	4769.74	10.0	-1.0	56.2	-4775.5	0.0240	-1.0000	-0.00004	-0.00039	0.023	0.002000	80000.000000	80000.000000	0.0000	0.0000	0.0000	0.0000
8.3060	-47.91	4769.59	10.0	-1.0	58.0	-4775.3	0.0322	-1.0000	-0.00004	-0.00039	0.023	0.002000	80000.000000	80000.000000	0.0000	0.0000	0.0000	0.0000
8.3080	-49.70	4769.44	10.0	-1.0	59.7	-4775.1	0.0383	-1.0000	-0.00004	-0.00039	0.023	0.002000	80000.000000	80000.000000	0.0000	0.0000	0.0000	0.0000
8.3100	-51.48	4769.28	10.0	-1.0	61.5	-4775.0	0.0465	-1.0000	-0.00004	-0.00039	0.023	0.002000	80000.000000	80000.000000	0.0000	0.0000	0.0000	0.0000
8.3120	-53.27	4769.13	10.0	-1.0	63.3	-4774.8	0.0525	-1.0000	-0.00004	-0.00039	0.023	0.002000	80000.000000	80000.000000	0.0000	0.0000	0.0000	0.0000
8.3140	-55.05	4768.97	10.0	-1.0	65.1	-4774.6	0.0608	-1.0000	-0.00004	-0.00039	0.023	0.002000	80000.000000	80000.000000	0.0000	0.0000	0.0000	0.0000
8.3160	-56.84	4768.81	10.0	-1.0	66.9	-4774.5	0.0668	-1.0000	-0.00004	-0.00039	0.023	0.002000	80000.000000	80000.000000	0.0000	0.0000	0.0000	0.0000
8.3180	-58.62	4768.65	10.0	-1.0	68.7	-4774.3	0.0750	-1.0000	-0.00004	-0.00039	0.023	0.002000	80000.000000	80000.000000	0.0000	0.0000	0.0000	0.0000
8.3200	-60.41	4768.49	10.0	-1.0	70.5	-4774.1	0.0811	-1.0000	-0.00004	-0.00039	0.023	0.002000	80000.000000	80000.000000	0.0000	0.0000	0.0000	0.0000
8.3220	-62.19	4768.34	10.0	-1.0	72.3	-4774.0	0.0893	-1.0000	-0.00004	-0.00039	0.023	0.002000	80000.000000	80000.000000	0.0000	0.0000	0.0000	0.0000
8.3240	-63.98	4768.18	10.0	-1.0	74.0	-4773.8	0.0954	-1.0000	-0.00004	-0.00039	0.023	0.002000	80000.000000	80000.000000	0.0000	0.0000	0.0000	0.0000
8.3260	-65.76	4768.01	10.0	-1.0	75.8	-4773.6	0.1036	-1.0000	-0.00004	-0.00039	0.023	0.002000	80000.000000	80000.000000	0.0000	0.0000	0.0000	0.0000
8.3280	-67.54	4767.85	10.0	-1.0	77.6	-4773.5	0.1097	-1.0000	-0.00004	-0.00039	0.023	0.002000	80000.000000	80000.000000	0.0000	0.0000	0.0000	0.0000
8.3300	-69.33	4767.69	10.0	-1.0	79.4	-4773.3	0.1179	-1.0000	-0.00004	-0.00039	0.023	0.002000	80000.000000	80000.000000	0.0000	0.0000	0.0000	0.0000
8.3320	-71.11	4767.53	10.0	-1.0	81.2	-4773.1	0.1239	-1.0000	-0.00004	-0.00039	0.023	0.002000	80000.000000	80000.000000	0.0000	0.0000	0.0000	0.0000
8.3340	-72.90	4767.36	10.0	-1.0	83.0	-4772.9	0.1322	-1.0000	-0.00004	-0.00039	0.023	0.002000	80000.000000	80000.000000	0.0000	0.0000	0.0000	0.0000
8.3360	-74.68	4767.20	10.0	-1.0	84.8	-4772.8	0.1382	-1.0000	-0.00004	-0.00039	0.023	0.002000	80000.000000	80000.000000	0.0000	0.0000	0.0000	0.0000
8.3380	-76.47	4767.03	10.0	-1.0	86.5	-4772.6	0.1464	-1.0000	-0.00004	-0.00039	0.023	0.002000	80000.000000	80000.000000	0.0000	0.0000	0.0000	0.0000
8.3400	-78.25	4766.87	10.0	-1.0	88.3	-4772.4	0.1525	-1.0000	-0.00004	-0.00039	0.023	0.002000	80000.000000	80000.000000	0.0000	0.0000	0.0000	0.0000
8.3420	-80.04	4766.70	10.0	-1.0	90.1	-4772.2	0.1607	-1.0000	-0.00004	-0.00039	0.023	0.002000	80000.000000	80000.000000	0.0000	0.0000	0.0000	0.0000
8.3440	-81.82	4766.53	10.0	-1.0	91.9	-4772.1	0.1668	-1.0000	-0.00004	-0.00039	0.023	0.002000	80000.000000	80000.000000	0.0000	0.0000	0.0000	0.0000
8.3460	-83.60	4766.36	10.0	-1.0	93.7	-4771.9	0.1750	-1.0000	-0.00004	-0.00039	0.023	0.002000	80000.000000	80000.000000	0.0000	0.0000	0.0000	0.0000
8.3480	-85.39	4766.19	10.0	-1.0	95.5	-4771.7	0.1811	-1.0000	-0.00004	-0.00039	0.023	0.002000	80000.000000	80000.000000	0.0000	0.0000	0.0000	0.0000
8.3500	-87.17	4766.02	10.0	-1.0	97.3	-4771.5	0.1893	-1.0000	-0.00004	-0.00039	0.023	0.002000	80000.000000	80000.000000	0.0000	0.0000	0.0000	0.0000
8.3520	-88.96	4765.85	10.0	-1.0	99.0	-4771.4	0.1953	-1.0000	-0.00004	-0.00039	0.023	0.002000	80000.000000	80000.000000	0.0000	0.0000	0.0000	0.0000
8.3540	-90.74	4765.68	10.0	-1.0	100.8	-4771.2	0.2035	-1.0000	-0.00004	-0.00039	0.023	0.002000	80000.000000	80000.000000	0.0000	0.0000	0.0000	0.0000
8.3560	-92.52	4765.51	10.0	-1.0	102.6	-4771.0	0.2096	-1.0000	-0.00004	-0.00039	0.023	0.002000	80000.000000	80000.000000	0.0000	0.0000	0.0000	0.0000
8.3580	-94.31	4765.34	10.0	-1.0	104.4	-4770.8	0.2178	-1.0000	-0.00004	-0.00039	0.023	0.002000	80000.000000	80000.000000	0.0000	0.0000	0.0000	0.0000
8.3600	-96.09	4765.16	10.0	-1.0	106.2	-4770.6	0.2239	-1.0000	-0.00004	-0.00039	0.023	0.002000	80000.000000	80000.000000	0.0000	0.0000	0.0000	0.0000
8.3620	-97.87	4764.99	10.0	-1.0	108.0	-4770.4	0.2321	-1.0000	-0.00004	-0.00039	0.023	0.002000	80000.000000	80000.000000	0.0000	0.0000	0.0000	0.0000
8.3640	-99.66	4764.82	10.0	-1.0	109.8	-4770.3	0.2381	-1.0000	-0.00004	-0.00039	0.023	0.002000	80000.000000	80000.000000	0.0000	0.0000	0.0000	0.0000
8.3660	-101.44	4764.64	10.0	-1.0	111.5	-4770.1	0.2464	-1.0000	-0.00004	-0.00039	0.023	0.002000	80000.000000	80000.000000	0.0000	0.0000	0.0000	0.0000
8.3680	-103.22	4764.46	10.0	-1.0	113.3	-4769.9	0.2524	-1.0000	-0.00004	-0.00039	0.023	0.002000	80000.000000	80000.000000	0.0000	0.0000	0.0000	0.0000
8.3700	-105.01	4764.29	10.0	-1.0	115.1	-4769.7	0.2606	-1.0000	-0.00004	-0.00039	0.023	0.002000	80000.000000	80000.000000	0.0000	0.0000	0.0000	0.0000
8.3720	-106.79	4764.11	10.0	-1.0	116.9	-4769.5	0.2667	-1.0000	-0.00004	-0.00039	0.023	0.002000	80000.000000	80000.000000	0.0000	0.0000	0.0000	0.0000
8.3740	-108.57	4763.93	10.0	-1.0	118.7	-4769.3	0.2749	-1.0000	-0.00004	-0.00039	0.023	0.002000	80000.000000	80000.000000	0.0000	0.0000	0.0000	0.0000
8.3760	-110.36	4763.75	10.0	-1.0	120.5	-4769.1	0.2810	-1.0000	-0.00004	-0.00039	0.023	0.002000	80000.000000	80000.000000	0.0000	0.0000	0.0000	0.0000
8.3780	-112.14	4763.57	10.0	-1.0	122.2	-4769.0	0.2892	-1.0000	-0.00004	-0.00039	0.023	0.002000	80000.000000	80000.000000	0.0000	0.0000	0.0000	0.0000
8.3800	-113.92	4763.39	10.0	-1.0	124.0	-4768.8	0.2952	-1.0000	-0.00004	-0.00039	0.023	0.002000	80000.000000	80000.000000	0.0000	0.0000	0.0000	0.0000
8.3820	-114.71	4763.21	11.0	-1.0	125.8	-4768.6	0.2984	-1.0000	-0.00004	-0.00043	0.025	0.002000	80000.000000	80000.000000	0.0000	0.0000	0.0000	0.0000
8.3840	-89.51	4763.02	38.0	-1.0	127.6	-4768.4	0.1716	-1.0000	-0.00004	-0.00149	0.085	0.002000	80000.000000	80000.000000	0.0000	0.0000	0.0000	0.0000
8.3860	-91.30	4762.84	38.0	-1.0	129.4	-4768.2	0.2318	-1.0000	-0.00004	-0.00149	0.085	0.002000	80000.000000	80000.000000	0.0000	0.0000	0.0000	0.0000
8.3880	-93.08	4762.66	38.0	-1.0	131.2	-4768.0	0.1859	-1.0000	-0.00004	-0.00149	0.085	0.002000	80000.000000	80000.000000	0.0000	0.0000	0.0000	0.0000
8.3900	-94.86	4762.47	38.0	-1.0	132.9	-4767.8	0.2460	-1.0000	-0.00004	-0.00149	0.085	0.002000	80000.000000	80000.000000	0.0000	0.0000	0.0000	0.0000
8.3920	-97.64	4762.29	37.0	-1.0	134.7	-4767.6	0.2051	-1.0000	-0.00004	-0.00145	0.083	0.002000	80000.000000	80000.000000	0.0000	0.0000	0.0000	0.0000
8.3940	-99.43	4762.10	37.0	-1.0	136.5	-4767.4	0.2633	-1.0000	-0.00004	-0.00145	0.083	0.002000	80000.000000	80000.000000	0.0000	0.0000	0.0000	0.0000
8.3960	-101.21	4761.91	37.0	-1.0	138.3	-4767.2	0.2194	-1.0000	-0.00004	-0.00145	0.083	0.002000	80000.000000	80000.000000	0.0000	0.0000	0.0000	0.0000
8.3980	-102.99	4761.73	37.0	-1.0	140.1	-4767.0	0.2776	-1.0000	-0.00004	-0.00145	0.083	0.002000	80000.000000	80000.000000	0.0000	0.0000	0.0000	0.0000
8.4000	-104.77	4761.54	37.0	-1.0	141.9	-4766.8	0.2337	-1.0000	-0.00004	-0.00145	0.083	0.002000	80000.000000	80000.000000	0.0000	0.0000	0.0000	0.0000
8.4020	-106.55	4761.35	37.0	-1.0	143.6	-4766.6	0.2918	-1.0000	-0.00004	-0.00145	0.083	0.002000	80000.000000	80000.000000	0.0000	0.0000	0.0000	0.0000
8.4040	-107.34	4761.16	38.0	-1.0	145.4	-4766.4	0.2429	-1.0000	-0.00004	-0.00149	0.085	0.002000	80000.000000	80000.000000	0.0000	0.0000	0.0000	0.0000
8.4060	-109.12	4760.97	38.0	-1.0	147.2	-4766.2	0.3031	-1.0000	-0.00004	-0.00149	0.085	0.002000	80000.000000	80000.000000	0.0000	0.0000	0.0000	0.0000
8.4080	-110.90	4760.78	38.0	-1.0	149.0	-4766.0	0.2572	-1.0000	-0.00004	-0.00149	0.085	0.002000	80000.000000	80000.000000	0.0000	0.0000	0.0000	0.0000
8.4100	-112.68	4760.59	38.0	-1.0	150.8	-4765.8	0.3173	-1.0000	-0.00004	-0.00149	0.085	0.002000	80000.000000	80000.000000	0.0000	0.0000	0.0000	0.0000
8.4120	-114.46	4760.39	38.0	-1.0	152.6	-4765.6	0.2714	-1.0000	-0.00004	-0.00149	0.085	0.002000	80000.000000	80000.000000	0.0000	0.0000	0.0000	0.0000
8.4140	-116.24	4760.20	38.0	-1.0	154.3	-4765.4	0.3316	-1.0000	-0.00004	-0.00149	0.085	0.002000	80000.000000	80000.000000	0.0000	0.0000	0.0000	0.0000
8.4160	-117.03	4760.01	39.0	-1.0	156.1	-4765.2	0.2807	-1.0000	-0.00004	-0.00153	0.088	0.002000	80000.000000	80000.000000	0.0000	0.0000	0.0000	0.0000
8.4180	-118.81	4759.81	39.0	-1.0	157.9	-4765.0	0.3429	-1.0000	-0.00004	-0.00153	0.088	0.002000	80000.000000	80000.000000	0.0000	0.0000	0.0000	0.0000
8.4200	-120.59	4759.62	39.0	-1.0	159.7	-4764.8	0.2950	-1.0000	-0.00004	-0.00153	0.088	0.002000	80000.000000	80000.000000	0.0000	0.0000	0.0000	0.0000
8.4220	-122.37	4759.42	39.0	-1.0	161.5	-4764.6	0.3571	-1.0000	-0.00004	-0.00153	0.088	0.002000	80000.000000	80000.000000	0.0000	0.0000	0.0000	0.0000
8.4240	-78.19	4759.22	85.0	-1.0	163.3	-4764.4	0.0794	-1.0000	-0.00003	-0.00334	0.191	0.002000	80000.000000	80000.000000	0.0000	0.0000	0.0000	0.0000
8.4260	-78.97	4759.02	86.0	-1.0	165.0	-4764.2	0.2285	-1.0000	-0.00003	-0.00338	0.193	0.002000	80000.000000	80000.000000	0.0000	0.0000	0.0000	0.0000
8.4280	-81.75	4758.83	85.0	-1.0	166.8	-4764.0	0.0957	-1.0000	-0.00003	-0.00334	0.191	0.002000	80000.000000	80000.000000	0.0000	0.0000	0.0000	0.0000
8.4300	-83.54	4758.63	85.0	-1.0	168.6	-4763.8	0.2457	-1.0000	-0.00003	-0.00334	0.191	0.002000	80000.000000	80000.000000	0.0000	0.0000	0.0000	0.0000
8.4320	-85.32	4758.43	85.0	-1.0	170.4	-4763.6	0.1099	-1.0000	-0.00003	-0.00334	0.191	0.002000	80000.000000	80000.000000	0.0000	0.0000	0.0000	0.0000
8.4340	-87.10	4758.23	85.0	-1.0	172.2	-4763.4	0.2600	-1.0000	-0.00003	-0.00334	0.191	0.002000	80000.000000	80000.000000	0.0000	0.0000	0.0000	0.0000
8.4360	-88.88	4758.02	85.0	-1.0	174.0	-4763.2	0.1242	-1.0000	-0.00003	-0.00334	0.191	0.002000	80000.000000	80000.000000	0.0000	0.0000	0.0000	0.0000
8.4380	-89.66	4757.82	86.0	-1.0	175.7	-4762.9	0.2692	-1.0000	-0.00003	-0.00338	0.193	0.002000	80000.000000	80000.000000	0.0000	0.0000	0.0000	0.0000
8.4400	-91.44	4757.62	86.0	-1.0	177.5	-4762.7	0.1354	-1.0000	-0.00003	-0.00338	0.193	0.002000	80000.000000	80000.000000	0.0000	0.0000	0.0000	0.0000
8.4420	-93.22	4757.41	86.0	-1.0	179.3	-4762.5	0.2835	-1.0000	-0.00003	-0.00338	0.193	0.002000	80000.000000	80000.000000	0.0000	0.0000	0.0000	0.0000
8.4440	-95.00	4757.21	86.0	-1.0	181.1	-4762.3	0.1497	-1.0000	-0.00003	-0.00338	0.193	0.002000	80000.000000	80000.000000	0.0000	0.0000	0.0000	0.0000
8.4460	-95.78	4757.00	87.0	-1.0	182.9	-4762.1	0.2927	-1.0000	-0.00003	-0.00342	0.196	0.002000	80000.000000	80000.000000	0.0000	0.0000	0.0000	0.0000
8.4480	-97.56	4756.80	87.0	-1.0	184.6	-4761.9	0.1609	-1.0000	-0.00003	-0.00342	0.196	0.002000	80000.000000	80000.000000	0.0000	0.0000	0.0000	0.0000
8.4500	-99.34	4756.59	87.0	-1.0	186.4	-4761.7	0.3070	-1.0000	-0.00003	-0.00342	0.196	0.002000	80000.000000	80000.000000	0.0000	0.0000	0.0000	0.0000
8.4520	-102.12	4756.38	86.0	-1.0	188.2	-4761.4	0.1801	-1.0000	-0.00003	-0.00338	0.193	0.002000	80000.000000	80000.000000	0.0000	0.0000	0.0000	0.0000
8.4540	-44.95	4756.18	145.0	-1.0	190.0	-4761.2	0.0295	-1.0000	-0.00002	-0.00570	0.326	0.002000	80000.000000	80000.000000	0.0000	0.0000	0.0000	0.0000
8.4560	-46.73	4755.97	145.0	-1.0	191.8	-4761.0	0.0175	-1.0000	-0.00002	-0.00570	0.326	0.002000	80000.000000	80000.000000	0.0000	0.0000	0.0000	0.0000
8.4580	-48.51	4755.76	145.0	-1.0	193.6	-4760.8	0.0437	-1.0000	-0.00002	-0.00570	0.326	0.002000	80000.000000	80000.000000	0.0000	0.0000	0.0000	0.0000
8.4600	-50.29	4755.55	145.0	-1.0	195.3	-4760.6	0.0318	-1.0000	-0.00002	-0.00570	0.326	0.002000	80000.000000	80000.000000	0.0000	0.0000	0.0000	0.0000
8.4620	-52.07	4755.34	145.0	-1.0	197.1	-4760.4	0.0579	-1.0000	-0.00002	-0.00570	0.326	0.002000	80000.000000	80000.000000	0.0000	0.0000	0.0000	0.0000
8.4640	-53.85	4755.12	145.0	-1.0	198.9	-4760.1	0.0460	-1.0000	-0.00002	-0.00570	0.326	0.002000	80000.000000	80000.000000	0.0000	0.0000	0.0000	0.0000
8.4660	-55.63	4754.91	145.0	-1.0	200.7	-4759.9	0.0722	-1.0000	-0.00002	-0.00570	0.326	0.002000	80000.000000	80000.000000	0.0000	0.0000	0.0000	0.0000
8.4680	-56.41	4754.70	146.0	-1.0	202.5	-4759.7	0.0553	-1.0000	-0.00002	-0.00574	0.329	0.002000	80000.000000	80000.000000	0.0000	0.0000	0.0000	0.0000
8.4700	-58.19	4754.49	146.0	-1.0	204.2	-4759.5	0.0834	-1.0000	-0.00002	-0.00574	0.329	0.002000	80000.000000	80000.000000	0.0000	0.0000	0.0000	0.0000
8.4720	-59.96	4754.27	146.0	-1.0	206.0	-4759.3	0.0695	-1.0000	-0.00002	-0.00574	0.329	0.002000	80000.000000	80000.000000	0.0000	0.0000	0.0000	0.0000
8.4740	-61.74	4754.05	146.0	-1.0	207.8	-4759.0	0.0976	-1.0000	-0.00002	-0.00574	0.329	0.002000	80000.000000	80000.000000	0.0000	0.0000	0.0000	0.0000
8.4760	-62.52	4753.84	147.0	-1.0	209.6	-4758.8	0.0787	-1.0000	-0.00002	-0.00578	0.331	0.002000	80000.000000	80000.000000	0.0000	0.0000	0.0000	0.0000
8.4780	-64.30	4753.62	147.0	-1.0	211.4	-4758.6	0.1089	-1.0000	-0.00002	-0.00578	0.331	0.002000	80000.000000	80000.000000	0.0000	0.0000	0.0000	0.0000
8.4800	-66.08	4753.40	147.0	-1.0	213.1	-4758.4	0.0930	-1.0000	-0.00002	-0.00578	0.331	0.002000	80000.000000	80000.000000	0.0000	0.0000	0.0000	0.0000
8.4820	-67.86	4753.19	147.0	-1.0	214.9	-4758.1	0.1231	-1.0000	-0.00002	-0.00578	0.331	0.002000	80000.000000	80000.000000	0.0000	0.0000	0.0000	0.0000
8.4840	-30.67	4752.97	186.0	-1.0	216.7	-4757.9	-0.0877	-1.0000	-0.00002	-0.00731	0.419	0.002000	80000.000000	80000.000000	0.0000	0.0000	0.0000	0.0000
8.4860	-32.45	4752.75	186.0	-1.0	218.5	-4757.7	0.0204	-1.0000	-0.00002	-0.00731	0.419	0.002000	80000.000000	80000.000000	0.0000	0.0000	0.0000	0.0000
8.4880	-35.23	4752.53	185.0	-1.0	220.3	-4757.4	-0.0684	-1.0000	-0.00002	-0.00727	0.417	0.002000	80000.000000	80000.000000	0.0000	0.0000	0.0000	0.0000
8.4900	-37.00	4752.30	185.0	-1.0	222.0	-4757.2	0.0377	-1.0000	-0.00002	-0.00727	0.417	0.002000	80000.000000	80000.000000	0.0000	0.0000	0.0000	0.0000
8.4920	-38.78	4752.08	185.0	-1.0	223.8	-4757.0	-0.0542	-1.0000	-0.00002	-0.00727	0.417	0.002000	80000.000000	80000.000000	0.0000	0.0000	0.0000	0.0000
8.4940	-40.56	4751.86	185.0	-1.0	225.6	-4756.8	0.0519	-1.0000	-0.00002	-0.00727	0.417	0.002000	80000.000000	80000.000000	0.0000	0.0000	0.0000	0.0000
8.4960	-42.34	4751.64	185.0	-1.0	227.4	-4756.5	-0.0400	-1.0000	-0.00002	-0.00727	0.417	0.002000	80000.000000	80000.000000	0.0000	0.0000	0.0000	0.0000
8.4980	-43.12	4751.41	186.0	-1.0	229.2	-4756.3	0.0611	-1.0000	-0.00002	-0.00731	0.419	0.002000	80000.000000	80000.000000	0.0000	0.0000	0.0000	0.0000
8.5000	-44.89	4751.19	186.0	-1.0	230.9	-4756.1	-0.0288	-1.0000	-0.00002	-0.00731	0.419	0.002000	80000.000000	80000.000000	0.0000	0.0000	0.0000	0.0000
8.5020	-46.67	4750.96	186.0	-1.0	232.7	-4755.8	0.0753	-1.0000	-0.00002	-0.00731	0.419	0.002000	80000.000000	80000.000000	0.0000	0.0000	0.0000	0.0000
8.5040	-48.45	4750.73	186.0	-1.0	234.5	-4755.6	-0.0145	-1.0000	-0.00002	-0.00731	0.419	0.002000	80000.000000	80000.000000	0.0000	0.0000	0.0000	0.0000
8.5060	-50.23	4750.51	186.0	-1.0	236.3	-4755.4	0.0896	-1.0000	-0.00002	-0.00731	0.419	0.002000	80000.000000	80000.000000	0.0000	0.0000	0.0000	0.0000
8.5080	-52.00	4750.28	186.0	-1.0	238.0	-4755.1	-0.0003	-1.0000	-0.00002	-0.00731	0.419	0.002000	80000.000000	80000.000000	0.0000	0.0000	0.0000	0.0000
8.5100	-52.78	4750.05	187.0	-1.0	239.8	-4754.9	0.0988	-1.0000	-0.00002	-0.00735	0.421	0.002000	80000.000000	80000.000000	0.0000	0.0000	0.0000	0.0000
8.5120	-54.56	4749.82	187.0	-1.0	241.6	-4754.6	0.0109	-1.0000	-0.00002	-0.00735	0.421	0.002000	80000.000000	80000.000000	0.0000	0.0000	0.0000	0.0000
8.5140	-56.34	4749.59	187.0	-1.0	243.4	-4754.4	0.1130	-1.0000	-0.00002	-0.00735	0.421	0.002000	80000.000000	80000.000000	0.0000	0.0000	0.0000	0.0000
8.5160	-59.11	4749.36	186.0	-1.0	245.2	-4754.2	0.0301	-1.0000	-0.00002	-0.00731	0.419	0.002000	80000.000000	80000.000000	0.0000	0.0000	0.0000	0.0000
8.5180	-25.92	4749.13	221.0	-1.0	246.9	-4753.9	-0.0446	-1.0000	-0.00001	-0.00870	0.498	0.002000	80000.000000	80000.000000	0.0000	0.0000	0.0000	0.0000
8.5200	-27.69	4748.90	221.0	-1.0	248.7	-4753.7	-0.0606	-1.0000	-0.00001	-0.00870	0.498	0.002000	80000.000000	80000.000000	0.0000	0.0000	0.0000	0.0000
8.5220	-29.47	4748.66	221.0	-1.0	250.5	-4753.4	-0.0304	-1.0000	-0.00001	-0.00870	0.498	0.002000	80000.000000	80000.000000	0.0000	0.0000	0.0000	0.0000
8.5240	-31.25	4748.43	221.0	-1.0	252.3	-4753.2	-0.0464	-1.0000	-0.00001	-0.00870	0.498	0.002000	80000.000000	80000.000000	0.0000	0.0000	0.0000	0.0000
8.5260	-33.02	4748.19	221.0	-1.0	254.0	-4753.0	-0.0162	-1.0000	-0.00001	-0.00870	0.498	0.002000	80000.000000	80000.000000	0.0000	0.0000	0.0000	0.0000
8.5280	-34.80	4747.96	221.0	-1.0	255.8	-4752.7	-0.0322	-1.0000	-0.00001	-0.00870	0.498	0.002000	80000.000000	80000.000000	0.0000	0.0000	0.0000	0.0000
8.5300	-36.57	4747.72	221.0	-1.0	257.6	-4752.5	-0.0020	-1.0000	-0.00001	-0.00870	0.498	0.002000	80000.000000	80000.000000	0.0000	0.0000	0.0000	0.0000
8.5320	-38.35	4747.49	221.0	-1.0	259.4	-4752.2	-0.0179	-1.0000	-0.00001	-0.00870	0.498	0.002000	80000.000000	80000.000000	0.0000	0.0000	0.0000	0.0000
8.5340	-40.13	4747.25	221.0	-1.0	261.2	-4752.0	0.0122	-1.0000	-0.00001	-0.00870	0.498	0.002000	80000.000000	80000.000000	0.0000	0.0000	0.0000	0.0000
8.5360	-40.90	4747.01	222.0	-1.0	262.9	-4751.7	-0.0087	-1.0000	-0.00001	-0.00874	0.501	0.002000	80000.000000	80000.000000	0.0000	0.0000	0.0000	0.0000
8.5380	-42.68	4746.77	222.0	-1.0	264.7	-4751.5	0.0234	-1.0000	-0.00001	-0.00874	0.501	0.002000	80000.000000	80000.000000	0.0000	0.0000	0.0000	0.0000
8.5400	-44.45	4746.53	222.0	-1.0	266.5	-4751.2	0.0055	-1.0000	-0.00001	-0.00874	0.501	0.002000	80000.000000	80000.000000	0.0000	0.0000	0.0000	0.0000
8.5420	-46.23	4746.29	222.0	-1.0	268.3	-4751.0	0.0376	-1.0000	-0.00001	-0.00874	0.501	0.002000	80000.000000	80000.000000	0.0000	0.0000	0.0000	0.0000
8.5440	-48.01	4746.05	222.0	-1.0	270.0	-4750.7	0.0197	-1.0000	-0.00001	-0.00874	0.501	0.002000	80000.000000	80000.000000	0.0000	0.0000	0.0000	0.0000
8.5460	-49.78	4745.81	222.0	-1.0	271.8	-4750.5	0.0518	-1.0000	-0.00001	-0.00874	0.501	0.002000	80000.000000	80000.000000	0.0000	0.0000	0.0000	0.0000
8.5480	-50.56	4745.57	223.0	-1.0	273.6	-4750.2	0.0289	-1.0000	-0.00000	-0.00878	0.503	0.002000	80000.000000	80000.000000	0.0000	0.0000	0.0000	0.0000
8.5500	-52.33	4745.32	223.0	-1.0	275.4	-4750.0	0.0630	-1.0000	-0.00000	-0.00878	0.503	0.002000	80000.000000	80000.000000	0.0000	0.0000	0.0000	0.0000
8.5520	-54.11	4745.08	223.0	-1.0	277.1	-4749.7	0.0431	-1.0000	-0.00000	-0.00878	0.503	0.002000	80000.000000	80000.000000	0.0000	0.0000	0.0000	0.0000
8.5540	-55.88	4744.83	223.0	-1.0	278.9	-4749.5	0.0772	-1.0000	-0.00000	-0.00878	0.503	0.002000	80000.000000	80000.000000	0.0000	0.0000	0.0000	0.0000
8.5560	-57.66	4744.59	223.0	-1.0	280.7	-4749.2	0.0573	-1.0000	-0.00000	-0.00878	0.503	0.002000	80000.000000	80000.000000	0.0000	0.0000	0.0000	0.0000
8.5580	-59.43	4744.34	223.0	-1.0	282.5	-4749.0	0.0914	-1.0000	-0.00000	-0.00878	0.503	0.002000	80000.000000	80000.000000	0.0000	0.0000	0.0000	0.0000
8.5600	-61.21	4744.09	223.0	-1.0	284.3	-4748.7	0.0715	-1.0000	-0.00000	-0.00878	0.503	0.002000	80000.000000	80000.000000	0.0000	0.0000	0.0000	0.0000
8.5620	-16.02	4743.85	270.0	-1.0	286.0	-4748.5	-0.1292	-1.0000	0.00001	-0.01063	0.609	0.002000	80000.000000	80000.000000	0.0000	0.0000	0.0000	0.0000
8.5640	-17.79	4743.60	270.0	-1.0	287.8	-4748.2	-0.0552	-1.0000	0.00001	-0.01063	0.609	0.002000	80000.000000	80000.000000	0.0000	0.0000	0.0000	0.0000
8.5660	-19.57	4743.35	270.0	-1.0	289.6	-4748.0	-0.1150	-1.0000	0.00001	-0.01063	0.609	0.002000	80000.000000	80000.000000	0.0000	0.0000	0.0000	0.0000
8.5680	-22.34	4743.10	269.0	-1.0	291.4	-4747.7	-0.0360	-1.0000	0.00001	-0.01059	0.607	0.002000	80000.000000	80000.000000	0.0000	0.0000	0.0000	0.0000
8.5700	-24.11	4742.85	269.0	-1.0	293.1	-4747.4	-0.0978	-1.0000	0.00001	-0.01059	0.607	0.002000	80000.000000	80000.000000	0.0000	0.0000	0.0000	0.0000
8.5720	-25.89	4742.60	269.0	-1.0	294.9	-4747.2	-0.0218	-1.0000	0.00001	-0.01059	0.607	0.002000	80000.000000	80000.000000	0.0000	0.0000	0.0000	0.0000
8.5740	-27.66	4742.35	269.0	-1.0	296.7	-4746.9	-0.0836	-1.0000	0.00001	-0.01059	0.607	0.002000	80000.000000	80000.000000	0.0000	0.0000	0.0000	0.0000
8.5760	-29.44	4742.09	269.0	-1.0	298.5	-4746.7	-0.0076	-1.0000	0.00001	-0.01059	0.607	0.002000	80000.000000	80000.000000	0.0000	0.0000	0.0000	0.0000
8.5780	-31.21	4741.84	269.0	-1.0	300.2	-4746.4	-0.0694	-1.0000	0.00001	-0.01059	0.607	0.002000	80000.000000	80000.000000	0.0000	0.0000	0.0000	0.0000
8.5800	-32.98	4741.58	269.0	-1.0	302.0	-4746.1	0.0066	-1.0000	0.00001	-0.01059	0.607	0.002000	80000.000000	80000.000000	0.0000	0.0000	0.0000	0.0000
8.5820	-34.76	4741.33	269.0	-1.0	303.8	-4745.9	-0.0552	-1.0000	0.00001	-0.01059	0.607	0.002000	80000.000000	80000.000000	0.0000	0.0000	0.0000	0.0000
8.5840	-36.53	4741.07	269.0	-1.0	305.6	-4745.6	0.0208	-1.0000	0.00001	-0.01059	0.607	0.002000	80000.000000	80000.000000	0.0000	0.0000	0.0000	0.0000
8.5860	-37.30	4740.82	270.0	-1.0	307.3	-4745.4	-0.0460	-1.0000	0.00001	-0.01063	0.609	0.002000	80000.000000	80000.000000	0.0000	0.0000	0.0000	0.0000
8.5880	-39.08	4740.56	270.0	-1.0	309.1	-4745.1	0.0319	-1.0000	0.00001	-0.01063	0.609	0.002000	80000.000000	80000.000000	0.0000	0.0000	0.0000	0.0000
8.5900	-40.85	4740.30	270.0	-1.0	310.9	-4744.8	-0.0318	-1.0000	0.00001	-0.01063	0.609	0.002000	80000.000000	80000.000000	0.0000	0.0000	0.0000	0.0000
8.5920	-42.62	4740.04	270.0	-1.0	312.7	-4744.6	0.0461	-1.0000	0.00001	-0.01063	0.609	0.002000	80000.000000	80000.000000	0.0000	0.0000	0.0000	0.0000
8.5940	-44.40	4739.78	270.0	-1.0	314.4	-4744.3	-0.0177	-1.0000	0.00001	-0.01063	0.609	0.002000	80000.000000	80000.000000	0.0000	0.0000	0.0000	0.0000
8.5960	-46.17	4739.52	270.0	-1.0	316.2	-4744.0	0.0603	-1.0000	0.00001	-0.01063	0.609	0.002000	80000.000000	80000.000000	0.0000	0.0000	0.0000	0.0000
8.5980	-47.94	4739.26	270.0	-1.0	318.0	-4743.8	-0.0035	-1.0000	0.00001	-0.01063	0.609	0.002000	80000.000000	80000.000000	0.0000	0.0000	0.0000	0.0000
8.6000	-49.71	4739.00	270.0	-1.0	319.8	-4743.5	0.0745	-1.0000	0.00001	-0.01063	0.609	0.002000	80000.000000	80000.000000	0.0000	0.0000	0.0000	0.0000
8.6020	-50.49	4738.74	271.0	-1.0	321.5	-4743.2	0.0057	-1.0000	0.00001	-0.01067	0.612	0.002000	80000.000000	80000.000000	0.0000	0.0000	0.0000	0.0000
8.6040	-52.26	4738.48	271.0	-1.0	323.3	-4743.0	0.0857	-1.0000	0.00001	-0.01067	0.612	0.002000	80000.000000	80000.000000	0.0000	0.0000	0.0000	0.0000
8.6060	-54.03	4738.21	271.0	-1.0	325.1	-4742.7	0.0199	-1.0000	0.00001	-0.01067	0.612	0.002000	80000.000000	80000.000000	0.0000	0.0000	0.0000	0.0000
8.6080	-55.80	4737.95	271.0	-1.0	326.8	-4742.4	0.0999	-1.0000	0.00001	-0.01067	0.612	0.002000	80000.000000	80000.000000	0.0000	0.0000	0.0000	0.0000
8.6100	-57.58	4737.68	271.0	-1.0	328.6	-4742.1	0.0341	-1.0000	0.00001	-0.01067	0.612	0.002000	80000.000000	80000.000000	0.0000	0.0000	0.0000	0.0000
8.6120	-59.35	4737.42	271.0	-1.0	330.4	-4741.9	0.1140	-1.0000	0.00001	-0.01067	0.612	0.002000	80000.000000	80000.000000	0.0000	0.0000	0.0000	0.0000
8.6140	-61.12	4737.15	271.0	-1.0	332.2	-4741.6	0.0482	-1.0000	0.00001	-0.01067	0.612	0.002000	80000.000000	80000.000000	0.0000	0.0000	0.0000	0.0000
8.6160	-62.89	4736.88	271.0	-1.0	333.9	-4741.3	0.1282	-1.0000	0.00001	-0.01067	0.612	0.002000	80000.000000	80000.000000	0.0000	0.0000	0.0000	0.0000
8.6180	-64.66	4736.61	271.0	-1.0	335.7	-4741.0	0.0624	-1.0000	0.00001	-0.01067	0.612	0.002000	80000.000000	80000.000000	0.0000	0.0000	0.0000	0.0000
8.6200	-66.43	4736.34	271.0	-1.0	337.5	-4740.8	0.1424	-1.0000	0.00001	-0.01067	0.612	0.002000	80000.000000	80000.000000	0.0000	0.0000	0.0000	0.0000
8.6220	13.73	4736.08	353.0	-1.0	339.3	-4740.5	-0.3331	-1.0000	0.00005	-0.01392	0.798	0.002000	80000.000000	80000.000000	0.0000	0.0000	0.0000	0.0000
8.6240	11.96	4735.80	353.0	-1.0	341.0	-4740.2	-0.0893	-1.0000	0.00005	-0.01392	0.798	0.002000	80000.000000	80000.000000	0.0000	0.0000	0.0000	0.0000
8.6260	11.19	4735.53	354.0	-1.0	342.8	-4739.9	-0.3239	-1.0000	0.00005	-0.01396	0.800	0.002000	80000.000000	80000.000000	0.0000	0.0000	0.0000	0.0000
8.6280	8.42	4735.26	353.0	-1.0	344.6	-4739.7	-0.0731	-1.0000	0.00005	-0.01392	0.798	0.002000	80000.000000	80000.000000	0.0000	0.0000	0.0000	0.0000
8.6300	6.65	4734.99	353.0	-1.0	346.3	-4739.4	-0.3068	-1.0000	0.00005	-0.01392	0.798	0.002000	80000.000000	80000.000000	0.0000	0.0000	0.0000	0.0000
8.6320	4.88	4734.72	353.0	-1.0	348.1	-4739.1	-0.0589	-1.0000	0.00005	-0.01392	0.798	0.002000	80000.000000	80000.000000	0.0000	0.0000	0.0000	0.0000
8.6340	3.11	4734.44	353.0	-1.0	349.9	-4738.8	-0.2926	-1.0000	0.00005	-0.01392	0.798	0.002000	80000.000000	80000.000000	0.0000	0.0000	0.0000	0.0000
8.6360	1.34	4734.17	353.0	-1.0	351.7	-4738.5	-0.0448	-1.0000	0.00005	-0.01392	0.798	0.002000	80000.000000	80000.000000	0.0000	0.0000	0.0000	0.0000
8.6380	-0.43	4733.89	353.0	-1.0	353.4	-4738.2	-0.2784	-1.0000	0.00005	-0.01392	0.798	0.002000	80000.000000	80000.000000	0.0000	0.0000	0.0000	0.0000
8.6400	-2.20	4733.62	353.0	-1.0	355.2	-4738.0	-0.0306	-1.0000	0.00005	-0.01392	0.798	0.002000	80000.000000	80000.000000	0.0000	0.0000	0.0000	0.0000
8.6420	-3.97	4733.34	353.0	-1.0	357.0	-4737.7	-0.2643	-1.0000	0.00005	-0.01392	0.798	0.002000	80000.000000	80000.000000	0.0000	0.0000	0.0000	0.0000
8.6440	-5.74	4733.06	353.0	-1.0	358.7	-4737.4	-0.0164	-1.0000	0.00005	-0.01392	0.798	0.002000	80000.000000	80000.000000	0.0000	0.0000	0.0000	0.0000
8.6460	-7.51	4732.78	353.0	-1.0	360.5	-4737.1	-0.2501	-1.0000	0.00005	-0.01392	0.798	0.002000	80000.000000	80000.000000	0.0000	0.0000	0.0000	0.0000
8.6480	-9.28	4732.50	353.0	-1.0	362.3	-4736.8	-0.0023	-1.0000	0.00005	-0.01392	0.798	0.002000	80000.000000	80000.000000	0.0000	0.0000	0.0000	0.0000
8.6500	-11.05	4732.22	353.0	-1.0	364.1	-4736.5	-0.2360	-1.0000	0.00005	-0.01392	0.798	0.002000	80000.000000	80000.000000	0.0000	0.0000	0.0000	0.0000
8.6520	-12.82	4731.94	353.0	-1.0	365.8	-4736.3	0.0119	-1.0000	0.00005	-0.01392	0.798	0.002000	80000.000000	80000.000000	0.0000	0.0000	0.0000	0.0000
8.6540	-14.59	4731.66	353.0	-1.0	367.6	-4736.0	-0.2218	-1.0000	0.00005	-0.01392	0.798	0.002000	80000.000000	80000.000000	0.0000	0.0000	0.0000	0.0000
8.6560	-16.36	4731.38	353.0	-1.0	369.4	-4735.7	0.0260	-1.0000	0.00005	-0.01392	0.798	0.002000	80000.000000	80000.000000	0.0000	0.0000	0.0000	0.0000
8.6580	-18.13	4731.10	353.0	-1.0	371.1	-4735.4	-0.2077	-1.0000	0.00005	-0.01392	0.798	0.002000	80000.000000	80000.000000	0.0000	0.0000	0.0000	0.0000
8.6600	-19.90	4730.81	353.0	-1.0	372.9	-4735.1	0.0402	-1.0000	0.00005	-0.01392	0.798	0.002000	80000.000000	80000.000000	0.0000	0.0000	0.0000	0.0000
8.6620	-21.67	4730.53	353.0	-1.0	374.7	-4734.8	-0.1935	-1.0000	0.00005	-0.01392	0.798	0.002000	80000.000000	80000.000000	0.0000	0.0000	0.0000	0.0000
8.6640	-23.44	4730.24	353.0	-1.0	376.5	-4734.5	0.0543	-1.0000	0.00005	-0.01392	0.798	0.002000	80000.000000	80000.000000	0.0000	0.0000	0.0000	0.0000
8.6660	-25.20	4729.96	353.0	-1.0	378.2	-4734.2	-0.1794	-1.0000	0.00005	-0.01392	0.798	0.002000	80000.000000	80000.000000	0.0000	0.0000	0.0000	0.0000
8.6680	-26.97	4729.67	353.0	-1.0	380.0	-4733.9	0.0685	-1.0000	0.00005	-0.01392	0.798	0.002000	80000.000000	80000.000000	0.0000	0.0000	0.0000	0.0000
8.6700	-27.74	4729.39	354.0	-1.0	381.8	-4733.6	-0.1702	-1.0000	0.00005	-0.01396	0.800	0.002000	80000.000000	80000.000000	0.0000	0.0000	0.0000	0.0000
8.6720	-29.51	4729.10	354.0	-1.0	383.5	-4733.3	0.0796	-1.0000	0.00005	-0.01396	0.800	0.002000	80000.000000	80000.000000	0.0000	0.0000	0.0000	0.0000
8.6740	-31.28	4728.81	354.0	-1.0	385.3	-4733.0	-0.1561	-1.0000	0.00005	-0.01396	0.800	0.002000	80000.000000	80000.000000	0.0000	0.0000	0.0000	0.0000
8.6760	-33.05	4728.52	354.0	-1.0	387.1	-4732.7	0.0938	-1.0000	0.00005	-0.01396	0.800	0.002000	80000.000000	80000.000000	0.0000	0.0000	0.0000	0.0000
8.6780	-34.81	4728.23	354.0	-1.0	388.8	-4732.5	-0.1419	-1.0000	0.00005	-0.01396	0.800	0.002000	80000.000000	80000.000000	0.0000	0.0000	0.0000	0.0000
8.6800	-36.58	4727.94	354.0	-1.0	390.6	-4732.2	0.1079	-1.0000	0.00005	-0.01396	0.800	0.002000	80000.000000	80000.000000	0.0000	0.0000	0.0000	0.0000
8.6820	-38.35	4727.65	354.0	-1.0	392.4	-4731.9	-0.1278	-1.0000	0.00005	-0.01396	0.800	0.002000	80000.000000	80000.000000	0.0000	0.0000	0.0000	0.0000
8.6840	-40.12	4727.36	354.0	-1.0	394.1	-4731.6	0.1221	-1.0000	0.00005	-0.01396	0.800	0.002000	80000.000000	80000.000000	0.0000	0.0000	0.0000	0.0000
8.6860	-41.89	4727.06	354.0	-1.0	395.9	-4731.3	-0.1136	-1.0000	0.00005	-0.01396	0.800	0.002000	80000.000000	80000.000000	0.0000	0.0000	0.0000	0.0000
8.6880	-43.65	4726.77	354.0	-1.0	397.7	-4731.0	0.1362	-1.0000	0.00005	-0.01396	0.800	0.002000	80000.000000	80000.000000	0.0000	0.0000	0.0000	0.0000
8.6900	-45.42	4726.47	354.0	-1.0	399.5	-4730.7	-0.0995	-1.0000	0.00005	-0.01396	0.800	0.002000	80000.000000	80000.000000	0.0000	0.0000	0.0000	0.0000
8.6920	-47.19	4726.18	354.0	-1.0	401.2	-4730.4	0.1504	-1.0000	0.00005	-0.01396	0.800	0.002000	80000.000000	80000.000000	0.0000	0.0000	0.0000	0.0000
8.6940	-48.95	4725.88	354.0	-1.0	403.0	-4730.1	-0.0853	-1.0000	0.00005	-0.01396	0.800	0.002000	80000.000000	80000.000000	0.0000	0.0000	0.0000	0.0000
8.6960	-50.72	4725.59	354.0	-1.0	404.8	-4729.7	0.1645	-1.0000	0.00005	-0.01396	0.800	0.002000	80000.000000	80000.000000	0.0000	0.0000	0.0000	0.0000
8.6980	-52.49	4725.29	354.0	-1.0	406.5	-4729.4	-0.0712	-1.0000	0.00005	-0.01396	0.800	0.002000	80000.000000	80000.000000	0.0000	0.0000	0.0000	0.0000
8.7000	-54.26	4724.99	354.0	-1.0	408.3	-4729.1	0.1786	-1.0000	0.00005	-0.01396	0.800	0.002000	80000.000000	80000.000000	0.0000	0.0000	0.0000	0.0000
8.7020	-56.02	4724.69	354.0	-1.0	410.1	-4728.8	-0.0571	-1.0000	0.00005	-0.01396	0.800	0.002000	80000.000000	80000.000000	0.0000	0.0000	0.0000	0.0000
8.7040	-57.79	4724.39	354.0	-1.0	411.8	-4728.5	0.1928	-1.0000	0.00005	-0.01396	0.800	0.002000	80000.000000	80000.000000	0.0000	0.0000	0.0000	0.0000
8.7060	-59.55	4724.09	354.0	-1.0	413.6	-4728.2	-0.0429	-1.0000	0.00005	-0.01396	0.800	0.002000	80000.000000	80000.000000	0.0000	0.0000	0.0000	0.0000
8.7080	-61.32	4723.79	354.0	-1.0	415.4	-4727.9	0.2069	-1.0000	0.00005	-0.01396	0.800	0.002000	80000.000000	80000.000000	0.0000	0.0000	0.0000	0.0000
8.7100	-63.09	4723.49	354.0	-1.0	417.1	-4727.6	-0.0288	-1.0000	0.00005	-0.01396	0.800	0.002000	80000.000000	80000.000000	0.0000	0.0000	0.0000	0.0000
8.7120	-64.85	4723.19	354.0	-1.0	418.9	-4727.3	0.2210	-1.0000	0.00005	-0.01396	0.800	0.002000	80000.000000	80000.000000	0.0000	0.0000	0.0000	0.0000
8.7140	-66.62	4722.89	354.0	-1.0	420.7	-4727.0	-0.0147	-1.0000	0.00005	-0.01396	0.800	0.002000	80000.000000	80000.000000	0.0000	0.0000	0.0000	0.0000
8.7160	-68.38	4722.58	354.0	-1.0	422.4	-4726.7	0.2352	-1.0000	0.00005	-0.01396	0.800	0.002000	80000.000000	80000.000000	0.0000	0.0000	0.0000	0.0000
8.7180	-70.15	4722.28	354.0	-1.0	424.2	-4726.4	-0.0005	-1.0000	0.00005	-0.01396	0.800	0.002000	80000.000000	80000.000000	0.0000	0.0000	0.0000	0.0000
8.7200	-71.92	4721.97	354.0	-1.0	426.0	-4726.1	0.2493	-1.0000	0.00005	-0.01396	0.800	0.002000	80000.000000	80000.000000	0.0000	0.0000	0.0000	0.0000
8.7220	-73.68	4721.67	354.0	-1.0	427.7	-4725.7	0.0136	-1.0000	0.00005	-0.01396	0.800	0.002000	80000.000000	80000.000000	0.0000	0.0000	0.0000	0.0000
8.7240	-75.45	4721.36	354.0	-1.0	429.5	-4725.4	0.2634	-1.0000	0.00005	-0.01396	0.800	0.002000	80000.000000	80000.000000	0.0000	0.0000	0.0000	0.0000
8.7260	-77.21	4721.05	354.0	-1.0	431.3	-4725.1	0.0277	-1.0000	0.00005	-0.01396	0.800	0.002000	80000.000000	80000.000000	0.0000	0.0000	0.0000	0.0000
8.7280	-78.98	4720.74	354.0	-1.0	433.0	-4724.8	0.2775	-1.0000	0.00005	-0.01396	0.800	0.002000	80000.000000	80000.000000	0.0000	0.0000	0.0000	0.0000
8.7300	-79.74	4720.43	355.0	-1.0	434.8	-4724.5	0.0368	-1.0000	0.00005	-0.01400	0.802	0.002000	80000.000000	80000.000000	0.0000	0.0000	0.0000	0.0000
8.7320	-81.51	4720.13	355.0	-1.0	436.6	-4724.2	0.2887	-1.0000	0.00005	-0.01400	0.802	0.002000	80000.000000	80000.000000	0.0000	0.0000	0.0000	0.0000
8.7340	-83.27	4719.81	355.0	-1.0	438.3	-4723.9	0.0509	-1.0000	0.00005	-0.01400	0.802	0.002000	80000.000000	80000.000000	0.0000	0.0000	0.0000	0.0000
8.7360	-85.04	4719.50	355.0	-1.0	440.1	-4723.5	0.3028	-1.0000	0.00005	-0.01400	0.802	0.002000	80000.000000	80000.000000	0.0000	0.0000	0.0000	0.0000
8.7380	-86.80	4719.19	355.0	-1.0	441.9	-4723.2	0.0651	-1.0000	0.00005	-0.01400	0.802	0.002000	80000.000000	80000.000000	0.0000	0.0000	0.0000	0.0000
8.7400	-88.56	4718.88	355.0	-1.0	443.6	-4722.9	0.3169	-1.0000	0.00005	-0.01400	0.802	0.002000	80000.000000	80000.000000	0.0000	0.0000	0.0000	0.0000
8.7420	-90.33	4718.57	355.0	-1.0	445.4	-4722.6	0.0792	-1.0000	0.00005	-0.01400	0.802	0.002000	80000.000000	80000.000000	0.0000	0.0000	0.0000	0.0000
8.7440	-92.09	4718.25	355.0	-1.0	447.2	-4722.3	0.3310	-1.0000	0.00005	-0.01400	0.802	0.002000	80000.000000	80000.000000	0.0000	0.0000	0.0000	0.0000
8.7460	-93.86	4717.94	355.0	-1.0	448.9	-4721.9	0.0933	-1.0000	0.00005	-0.01400	0.802	0.002000	80000.000000	80000.000000	0.0000	0.0000	0.0000	0.0000
8.7480	-95.62	4717.62	355.0	-1.0	450.7	-4721.6	0.3451	-1.0000	0.00005	-0.01400	0.802	0.002000	80000.000000	80000.000000	0.0000	0.0000	0.0000	0.0000
8.7500	-97.38	4717.31	355.0	-1.0	452.4	-4721.3	0.1074	-1.0000	0.00005	-0.01400	0.802	0.002000	80000.000000	80000.000000	0.0000	0.0000	0.0000	0.0000
8.7520	63.75	4716.99	518.0	-1.0	454.2	-4721.0	-0.4553	-1.0000	0.00015	-0.02049	1.174	0.002000	80000.000000	80000.000000	0.0000	0.0000	0.0000	0.0000
8.7540	60.99	4716.67	517.0	-1.0	456.0	-4720.7	-0.3622	-1.0000	0.00015	-0.02045	1.172	0.002000	80000.000000	80000.000000	0.0000	0.0000	0.0000	0.0000
8.7560	59.22	4716.35	517.0	-1.0	457.7	-4720.3	-0.4382	-1.0000	0.00015	-0.02045	1.172	0.002000	80000.000000	80000.000000	0.0000	0.0000	0.0000	0.0000
8.7580	57.46	4716.03	517.0	-1.0	459.5	-4720.0	-0.3481	-1.0000	0.00015	-0.02045	1.172	0.002000	80000.000000	80000.000000	0.0000	0.0000	0.0000	0.0000
8.7600	55.70	4715.71	517.0	-1.0	461.3	-4719.7	-0.4241	-1.0000	0.00015	-0.02045	1.172	0.002000	80000.000000	80000.000000	0.0000	0.0000	0.0000	0.0000
8.7620	53.94	4715.39	517.0	-1.0	463.0	-4719.3	-0.3340	-1.0000	0.00015	-0.02045	1.172	0.002000	80000.000000	80000.000000	0.0000	0.0000	0.0000	0.0000
8.7640	52.17	4715.07	517.0	-1.0	464.8	-4719.0	-0.4100	-1.0000	0.00015	-0.02045	1.172	0.002000	80000.000000	80000.000000	0.0000	0.0000	0.0000	0.0000
8.7660	50.41	4714.75	517.0	-1.0	466.6	-4718.7	-0.3199	-1.0000	0.00015	-0.02045	1.172	0.002000	80000.000000	80000.000000	0.0000	0.0000	0.0000	0.0000
8.7680	48.65	4714.43	517.0	-1.0	468.3	-4718.4	-0.3959	-1.0000	0.00015	-0.02045	1.172	0.002000	80000.000000	80000.000000	0.0000	0.0000	0.0000	0.0000
8.7700	46.89	4714.11	517.0	-1.0	470.1	-4718.0	-0.3058	-1.0000	0.00015	-0.02045	1.172	0.002000	80000.000000	80000.000000	0.0000	0.0000	0.0000	0.0000
8.7720	45.13	4713.78	517.0	-1.0	471.8	-4717.7	-0.3818	-1.0000	0.00015	-0.02045	1.172	0.002000	80000.000000	80000.000000	0.0000	0.0000	0.0000	0.0000
8.7740	43.36	4713.46	517.0	-1.0	473.6	-4717.4	-0.2917	-1.0000	0.00015	-0.02045	1.172	0.002000	80000.000000	80000.000000	0.0000	0.0000	0.0000	0.0000
8.7760	41.60	4713.13	517.0	-1.0	475.4	-4717.0	-0.3677	-1.0000	0.00015	-0.02045	1.172	0.002000	80000.000000	80000.000000	0.0000	0.0000	0.0000	0.0000
8.7780	39.84	4712.80	517.0	-1.0	477.1	-4716.7	-0.2776	-1.0000	0.00015	-0.02045	1.172	0.002000	80000.000000	80000.000000	0.0000	0.0000	0.0000	0.0000
8.7800	39.08	4712.48	518.0	-1.0	478.9	-4716.4	-0.3586	-1.0000	0.00015	-0.02049	1.174	0.002000	80000.000000	80000.000000	0.0000	0.0000	0.0000	0.0000
8.7820	37.32	4712.15	518.0	-1.0	480.7	-4716.0	-0.2665	-1.0000	0.00015	-0.02049	1.174	0.002000	80000.000000	80000.000000	0.0000	0.0000	0.0000	0.0000
8.7840	35.56	4711.82	518.0	-1.0	482.4	-4715.7	-0.3445	-1.0000	0.00015	-0.02049	1.174	0.002000	80000.000000	80000.000000	0.0000	0.0000	0.0000	0.0000
8.7860	33.80	4711.49	518.0	-1.0	484.2	-4715.4	-0.2524	-1.0000	0.00015	-0.02049	1.174	0.002000	80000.000000	80000.000000	0.0000	0.0000	0.0000	0.0000
8.7880	32.03	4711.16	518.0	-1.0	485.9	-4715.0	-0.3304	-1.0000	0.00015	-0.02049	1.174	0.002000	80000.000000	80000.000000	0.0000	0.0000	0.0000	0.0000
8.7900	30.27	4710.83	518.0	-1.0	487.7	-4714.7	-0.2383	-1.0000	0.00015	-0.02049	1.174	0.002000	80000.000000	80000.000000	0.0000	0.0000	0.0000	0.0000
8.7920	28.51	4710.50	518.0	-1.0	489.5	-4714.4	-0.3163	-1.0000	0.00015	-0.02049	1.174	0.002000	80000.000000	80000.000000	0.0000	0.0000	0.0000	0.0000
8.7940	26.75	4710.17	518.0	-1.0	491.2	-4714.0	-0.2243	-1.0000	0.00015	-0.02049	1.174	0.002000	80000.000000	80000.000000	0.0000	0.0000	0.0000	0.0000
8.7960	24.99	4709.84	518.0	-1.0	493.0	-4713.7	-0.3022	-1.0000	0.00015	-0.02049	1.174	0.002000	80000.000000	80000.000000	0.0000	0.0000	0.0000	0.0000
8.7980	23.23	4709.50	518.0	-1.0	494.8	-4713.3	-0.2102	-1.0000	0.00015	-0.02049	1.174	0.002000	80000.000000	80000.000000	0.0000	0.0000	0.0000	0.0000
8.8000	21.47	4709.17	518.0	-1.0	496.5	-4713.0	-0.2882	-1.0000	0.00015	-0.02049	1.174	0.002000	80000.000000	80000.000000	0.0000	0.0000	0.0000	0.0000
8.8020	19.71	4708.83	518.0	-1.0	498.3	-4712.7	-0.1961	-1.0000	0.00015	-0.02049	1.174	0.002000	80000.000000	80000.000000	0.0000	0.0000	0.0000	0.0000
8.8040	17.95	4708.50	518.0	-1.0	500.0	-4712.3	-0.2741	-1.0000	0.00015	-0.02049	1.174	0.002000	80000.000000	80000.000000	0.0000	0.0000	0.0000	0.0000
8.8060	16.19	4708.16	518.0	-1.0	501.8	-4712.0	-0.1820	-1.0000	0.00015	-0.02049	1.174	0.002000	80000.000000	80000.000000	0.0000	0.0000	0.0000	0.0000
8.8080	15.43	4707.82	519.0	-1.0	503.6	-4711.6	-0.2650	-1.0000	0.00015	-0.02053	1.176	0.002000	80000.000000	80000.000000	0.0000	0.0000	0.0000	0.0000
8.8100	13.67	4707.49	519.0	-1.0	505.3	-4711.3	-0.1710	-1.0000	0.00015	-0.02053	1.176	0.002000	80000.000000	80000.000000	0.0000	0.0000	0.0000	0.0000
8.8120	11.91	4707.15	519.0	-1.0	507.1	-4711.0	-0.2509	-1.0000	0.00015	-0.02053	1.176	0.002000	80000.000000	80000.000000	0.0000	0.0000	0.0000	0.0000
8.8140	10.16	4706.81	519.0	-1.0	508.8	-4710.6	-0.1569	-1.0000	0.00015	-0.02053	1.176	0.002000	80000.000000	80000.000000	0.0000	0.0000	0.0000	0.0000
8.8160	8.40	4706.47	519.0	-1.0	510.6	-4710.3	-0.2369	-1.0000	0.00015	-0.02053	1.176	0.002000	80000.000000	80000.000000	0.0000	0.0000	0.0000	0.0000
8.8180	6.64	4706.13	519.0	-1.0	512.4	-4709.9	-0.1428	-1.0000	0.00015	-0.02053	1.176	0.002000	80000.000000	80000.000000	0.0000	0.0000	0.0000	0.0000
8.8200	4.88	4705.79	519.0	-1.0	514.1	-4709.6	-0.2228	-1.0000	0.00015	-0.02053	1.176	0.002000	80000.000000	80000.000000	0.0000	0.0000	0.0000	0.0000
8.8220	3.12	4705.45	519.0	-1.0	515.9	-4709.2	-0.1287	-1.0000	0.00015	-0.02053	1.176	0.002000	80000.000000	80000.000000	0.0000	0.0000	0.0000	0.0000
8.8240	1.36	4705.10	519.0	-1.0	517.6	-4708.9	-0.2087	-1.0000	0.00015	-0.02053	1.176	0.002000	80000.000000	80000.000000	0.0000	0.0000	0.0000	0.0000
8.8260	-0.40	4704.76	519.0	-1.0	519.4	-4708.5	-0.1147	-1.0000	0.00015	-0.02053	1.176	0.002000	80000.000000	80000.000000	0.0000	0.0000	0.0000	0.0000
8.8280	-2.15	4704.41	519.0	-1.0	521.2	-4708.2	-0.1947	-1.0000	0.00015	-0.02053	1.176	0.002000	80000.000000	80000.000000	0.0000	0.0000	0.0000	0.0000
8.8300	-3.91	4704.07	519.0	-1.0	522.9	-4707.8	-0.1006	-1.0000	0.00015	-0.02053	1.176	0.002000	80000.000000	80000.000000	0.0000	0.0000	0.0000	0.0000
8.8320	260.18	4703.72	785.0	-1.0	524.7	-4707.5	-1.0000	-1.0000	0.00040	-0.03121	1.788	0.002000	80000.000000	80000.000000	0.0000	0.0000	0.0000	0.0000
8.8340	258.42	4703.38	785.0	-1.0	526.4	-4707.1	-0.8841	-1.0000	0.00040	-0.03121	1.788	0.002000	80000.000000	80000.000000	0.0000	0.0000	0.0000	0.0000
8.8360	256.66	4703.03	785.0	-1.0	528.2	-4706.8	-1.0000	-1.0000	0.00040	-0.03121	1.788	0.002000	80000.000000	80000.000000	0.0000	0.0000	0.0000	0.0000
8.8380	254.90	4702.68	785.0	-1.0	529.9	-4706.4	-0.8701	-1.0000	0.00040	-0.03121	1.788	0.002000	80000.000000	80000.000000	0.0000	0.0000	0.0000	0.0000
8.8400	253.15	4702.33	785.0	-1.0	531.7	-4706.1	-1.0000	-1.0000	0.00040	-0.03121	1.788	0.002000	80000.000000	80000.000000	0.0000	0.0000	0.0000	0.0000
8.8420	251.39	4701.98	785.0	-1.0	533.5	-4705.7	-0.8560	-1.0000	0.00040	-0.03121	1.788	0.002000	80000.000000	80000.000000	0.0000	0.0000	0.0000	0.0000
8.8440	249.63	4701.63	785.0	-1.0	535.2	-4705.3	-1.0000	-1.0000	0.00040	-0.03121	1.788	0.002000	80000.000000	80000.000000	0.0000	0.0000	0.0000	0.0000
8.8460	247.88	4701.28	785.0	-1.0	537.0	-4705.0	-0.8420	-1.0000	0.00040	-0.03121	1.788	0.002000	80000.000000	80000.000000	0.0000	0.0000	0.0000	0.0000
8.8480	246.12	4700.93	785.0	-1.0	538.7	-4704.6	-1.0000	-1.0000	0.00040	-0.03121	1.788	0.002000	80000.000000	80000.000000	0.0000	0.0000	0.0000	0.0000
8.8500	244.36	4700.58	785.0	-1.0	540.5	-4704.3	-0.8279	-1.0000	0.00040	-0.03121	1.788	0.002000	80000.000000	80000.000000	0.0000	0.0000	0.0000	0.0000
8.8520	242.61	4700.23	785.0	-1.0	542.3	-4703.9	-1.0000	-1.0000	0.00040	-0.03121	1.788	0.002000	80000.000000	80000.000000	0.0000	0.0000	0.0000	0.0000
8.8540	240.85	4699.87	785.0	-1.0	544.0	-4703.6	-0.8139	-1.0000	0.00040	-0.03121	1.788	0.002000	80000.000000	80000.000000	0.0000	0.0000	0.0000	0.0000
8.8560	239.10	4699.52	785.0	-1.0	545.8	-4703.2	-1.0000	-1.0000	0.00040	-0.03121	1.788	0.002000	80000.000000	80000.000000	0.0000	0.0000	0.0000	0.0000
8.8580	237.34	4699.16	785.0	-1.0	547.5	-4702.8	-0.7999	-1.0000	0.00040	-0.03121	1.788	0.002000	80000.000000	80000.000000	0.0000	0.0000	0.0000	0.0000
8.8600	235.59	4698.81	785.0	-1.0	549.3	-4702.5	-1.0000	-1.0000	0.00040	-0.03121	1.788	0.002000	80000.000000	80000.000000	0.0000	0.0000	0.0000	0.0000
8.8620	233.83	4698.45	785.0	-1.0	551.0	-4702.1	-0.7858	-1.0000	0.00040	-0.03121	1.788	0.002000	80000.000000	80000.000000	0.0000	0.0000	0.0000	0.0000
8.8640	232.08	4698.09	785.0	-1.0	552.8	-4701.8	-1.0000	-1.0000	0.00040	-0.03121	1.788	0.002000	80000.000000	80000.000000	0.0000	0.0000	0.0000	0.0000
8.8660	230.32	4697.74	785.0	-1.0	554.5	-4701.4	-0.7718	-1.0000	0.00040	-0.03121	1.788	0.002000	80000.000000	80000.000000	0.0000	0.0000	0.0000	0.0000
8.8680	228.57	4697.38	785.0	-1.0	556.3	-4701.0	-1.0000	-1.0000	0.00040	-0.03121	1.788	0.002000	80000.000000	80000.000000	0.0000	0.0000	0.0000	0.0000
8.8700	226.81	4697.02	785.0	-1.0	558.1	-4700.7	-0.7578	-1.0000	0.00040	-0.03121	1.788	0.002000	80000.000000	80000.000000	0.0000	0.0000	0.0000	0.0000
8.8720	225.06	4696.66	785.0	-1.0	559.8	-4700.3	-1.0000	-1.0000	0.00040	-0.03121	1.788	0.002000	80000.000000	80000.000000	0.0000	0.0000	0.0000	0.0000
8.8740	223.30	4696.30	785.0	-1.0	561.6	-4699.9	-0.7437	-1.0000	0.00040	-0.03121	1.788	0.002000	80000.000000	80000.000000	0.0000	0.0000	0.0000	0.0000
8.8760	221.55	4695.94	785.0	-1.0	563.3	-4699.6	-1.0000	-1.0000	0.00040	-0.03121	1.788	0.002000	80000.000000	80000.000000	0.0000	0.0000	0.0000	0.0000
8.8780	219.79	4695.57	785.0	-1.0	565.1	-4699.2	-0.7297	-1.0000	0.00040	-0.03121	1.788	0.002000	80000.000000	80000.000000	0.0000	0.0000	0.0000	0.0000
8.8800	218.04	4695.21	785.0	-1.0	566.8	-4698.8	-1.0000	-1.0000	0.00040	-0.03121	1.788	0.002000	80000.000000	80000.000000	0.0000	0.0000	0.0000	0.0000
8.8820	216.29	4694.85	785.0	-1.0	568.6	-4698.5	-0.7157	-1.0000	0.00040	-0.03121	1.788	0.002000	80000.000000	80000.000000	0.0000	0.0000	0.0000	0.0000
8.8840	214.53	4694.48	785.0	-1.0	570.3	-4698.1	-1.0000	-1.0000	0.00040	-0.03121	1.788	0.002000	80000.000000	80000.000000	0.0000	0.0000	0.0000	0.0000
8.8860	212.78	4694.12	785.0	-1.0	572.1	-4697.7	-0.7017	-1.0000	0.00040	-0.03121	1.788	0.002000	80000.000000	80000.000000	0.0000	0.0000	0.0000	0.0000
8.8880	211.03	4693.75	785.0	-1.0	573.9	-4697.3	-1.0000	-1.0000	0.00040	-0.03121	1.788	0.002000	80000.000000	80000.000000	0.0000	0.0000	0.0000	0.0000
8.8900	209.27	4693.39	785.0	-1.0	575.6	-4697.0	-0.6877	-1.0000	0.00040	-0.03121	1.788	0.002000	80000.000000	80000.000000	0.0000	0.0000	0.0000	0.0000
8.8920	207.52	4693.02	785.0	-1.0	577.4	-4696.6	-1.0000	-1.0000	0.00040	-0.03121	1.788	0.002000	80000.000000	80000.000000	0.0000	0.0000	0.0000	0.0000
8.8940	205.77	4692.65	785.0	-1.0	579.1	-4696.2	-0.6736	-1.0000	0.00040	-0.03121	1.788	0.002000	80000.000000	80000.000000	0.0000	0.0000	0.0000	0.0000
8.8960	204.01	4692.28	785.0	-1.0	580.9	-4695.9	-1.0000	-1.0000	0.00040	-0.03121	1.788	0.002000	80000.000000	80000.000000	0.0000	0.0000	0.0000	0.0000
8.8980	202.26	4691.91	785.0	-1.0	582.6	-4695.5	-0.6596	-1.0000	0.00040	-0.03121	1.788	0.002000	80000.000000	80000.000000	0.0000	0.0000	0.0000	0.0000
8.9000	200.51	4691.54	785.0	-1.0	584.4	-4695.1	-1.0000	-1.0000	0.00040	-0.03121	1.788	0.002000	80000.000000	80000.000000	0.0000	0.0000	0.0000	0.0000
8.9020	198.76	4691.17	785.0	-1.0	586.1	-4694.7	-0.6456	-1.0000	0.00040	-0.03121	1.788	0.002000	80000.000000	80000.000000	0.0000	0.0000	0.0000	0.0000
8.9040	197.00	4690.80	785.0	-1.0	587.9	-4694.3	-1.0000	-1.0000	0.00040	-0.03121	1.788	0.002000	80000.000000	80000.000000	0.0000	0.0000	0.0000	0.0000
8.9060	195.25	4690.43	785.0	-1.0	589.6	-4694.0	-0.6316	-1.0000	0.00040	-0.03121	1.788	0.002000	80000.000000	80000.000000	0.0000	0.0000	0.0000	0.0000
8.9080	193.50	4690.05	785.0	-1.0	591.4	-4693.6	-1.0000	-1.0000	0.00040	-0.03121	1.788	0.002000	80000.000000	80000.000000	0.0000	0.0000	0.0000	0.0000
8.9100	191.75	4689.68	785.0	-1.0	593.1	-4693.2	-0.6176	-1.0000	0.00040	-0.03121	1.788	0.002000	80000.000000	80000.000000	0.0000	0.0000	0.0000	0.0000
8.9120	190.00	4689.31	785.0	-1.0	594.9	-4692.8	-1.0000	-1.0000	0.00040	-0.03121	1.788	0.002000	80000.000000	80000.000000	0.0000	0.0000	0.0000	0.0000
8.9140	188.24	4688.93	785.0	-1.0	596.7	-4692.5	-0.6036	-1.0000	0.00040	-0.03121	1.788	0.002000	80000.000000	80000.000000	0.0000	0.0000	0.0000	0.0000
8.9160	186.49	4688.56	785.0	-1.0	598.4	-4692.1	-1.0000	-1.0000	0.00040	-0.03121	1.788	0.002000	80000.000000	80000.000000	0.0000	0.0000	0.0000	0.0000
8.9180	184.74	4688.18	785.0	-1.0	600.2	-4691.7	-0.5896	-1.0000	0.00040	-0.03121	1.788	0.002000	80000.000000	80000.000000	0.0000	0.0000	0.0000	0.0000
8.9200	182.99	4687.80	785.0	-1.0	601.9	-4691.3	-1.0000	-1.0000	0.00040	-0.03121	1.788	0.002000	80000.000000	80000.000000	0.0000	0.0000	0.0000	0.0000
8.9220	181.24	4687.42	785.0	-1.0	603.7	-4690.9	-0.5756	-1.0000	0.00040	-0.03121	1.788	0.002000	80000.000000	80000.000000	0.0000	0.0000	0.0000	0.0000
8.9240	179.49	4687.04	785.0	-1.0	605.4	-4690.5	-1.0000	-1.0000	0.00040	-0.03121	1.788	0.002000	80000.000000	80000.000000	0.0000	0.0000	0.0000	0.0000
8.9260	177.74	4686.67	785.0	-1.0	607.2	-4690.2	-0.5616	-1.0000	0.00040	-0.03121	1.788	0.002000	80000.000000	80000.000000	0.0000	0.0000	0.0000	0.0000
8.9280	175.99	4686.28	785.0	-1.0	608.9	-4689.8	-1.0000	-1.0000	0.00040	-0.03121	1.788	0.002000	80000.000000	80000.000000	0.0000	0.0000	0.0000	0.0000
8.9300	174.24	4685.90	785.0	-1.0	610.7	-4689.4	-0.5476	-1.0000	0.00040	-0.03121	1.788	0.002000	80000.000000	80000.000000	0.0000	0.0000	0.0000	0.0000
8.9320	172.49	4685.52	785.0	-1.0	612.4	-4689.0	-1.0000	-1.0000	0.00040	-0.03121	1.788	0.002000	80000.000000	80000.000000	0.0000	0.0000	0.0000	0.0000
8.9340	170.74	4685.14	785.0	-1.0	614.2	-4688.6	-0.5336	-1.0000	0.00040	-0.03121	1.788	0.002000	80000.000000	80000.000000	0.0000	0.0000	0.0000	0.0000
8.9360	168.99	4684.76	785.0	-1.0	615.9	-4688.2	-1.0000	-1.0000	0.00040	-0.03121	1.788	0.002000	80000.000000	80000.000000	0.0000	0.0000	0.0000	0.0000
8.9380	167.24	4684.37	785.0	-1.0	617.7	-4687.8	-0.5196	-1.0000	0.00040	-0.03121	1.788	0.002000	80000.000000	80000.000000	0.0000	0.0000	0.0000	0.0000
8.9400	165.49	4683.99	785.0	-1.0	619.4	-4687.4	-1.0000	-1.0000	0.00040	-0.03121	1.788	0.002000	80000.000000	80000.000000	0.0000	0.0000	0.0000	0.0000
8.9420	163.74	4683.60	785.0	-1.0	621.2	-4687.1	-0.5056	-1.0000	0.00040	-0.03121	1.788	0.002000	80000.000000	80000.000000	0.0000	0.0000	0.0000	0.0000
8.9440	161.99	4683.22	785.0	-1.0	622.9	-4686.7	-1.0000	-1.0000	0.00040	-0.03121	1.788	0.002000	80000.000000	80000.000000	0.0000	0.0000	0.0000	0.0000
8.9460	160.24	4682.83	785.0	-1.0	624.7	-4686.3	-0.4916	-1.0000	0.00040	-0.03121	1.788	0.002000	80000.000000	80000.000000	0.0000	0.0000	0.0000	0.0000
8.9480	158.50	4682.44	785.0	-1.0	626.4	-4685.9	-1.0000	-1.0000	0.00040	-0.03121	1.788	0.002000	80000.000000	80000.000000	0.0000	0.0000	0.0000	0.0000
8.9500	156.75	4682.06	785.0	-1.0	628.2	-4685.5	-0.4777	-1.0000	0.00040	-0.03121	1.788	0.002000	80000.000000	80000.000000	0.0000	0.0000	0.0000	0.0000
8.9520	155.00	4681.67	785.0	-1.0	629.9	-4685.1	-1.0000	-1.0000	0.00040	-0.03121	1.788	0.002000	80000.000000	80000.000000	0.0000	0.0000	0.0000	0.0000
8.9540	153.25	4681.28	785.0	-1.0	631.7	-4684.7	-0.4637	-1.0000	0.00040	-0.03121	1.788	0.002000	80000.000000	80000.000000	0.0000	0.0000	0.0000	0.0000
8.9560	151.50	4680.89	785.0	-1.0	633.4	-4684.3	-1.0000	-1.0000	0.00040	-0.03121	1.788	0.002000	80000.000000	80000.000000	0.0000	0.0000	0.0000	0.0000
8.9580	149.75	4680.50	785.0	-1.0	635.2	-4683.9	-0.4497	-1.0000	0.00040	-0.03121	1.788	0.002000	80000.000000	80000.000000	0.0000	0.0000	0.0000	0.0000
8.9600	148.01	4680.11	785.0	-1.0	636.9	-4683.5	-1.0000	-1.0000	0.00040	-0.03121	1.788	0.002000	80000.000000	80000.000000	0.0000	0.0000	0.0000	0.0000
8.9620	146.26	4679.71	785.0	-1.0	638.7	-4683.1	-0.4357	-1.0000	0.00040	-0.03121	1.788	0.002000	80000.000000	80000.000000	0.0000	0.0000	0.0000	0.0000
8.9640	144.51	4679.32	785.0	-1.0	640.4	-4682.7	-1.0000	-1.0000	0.00040	-0.03121	1.788	0.002000	80000.000000	80000.000000	0.0000	0.0000	0.0000	0.0000
8.9660	142.76	4678.93	785.0	-1.0	642.2	-4682.3	-0.4218	-1.0000	0.00040	-0.03121	1.788	0.002000	80000.000000	80000.000000	0.0000	0.0000	0.0000	0.0000
8.9680	141.02	4678.53	785.0	-1.0	643.9	-4681.9	-1.0000	-1.0000	0.00040	-0.03121	1.788	0.002000	80000.000000	80000.000000	0.0000	0.0000	0.0000	0.0000
8.9700	139.27	4678.14	785.0	-1.0	645.7	-4681.5	-0.4078	-1.0000	0.00040	-0.03121	1.788	0.002000	80000.000000	80000.000000	0.0000	0.0000	0.0000	0.0000
8.9720	137.52	4677.74	785.0	-1.0	647.4	-4681.1	-1.0000	-1.0000	0.00040	-0.03121	1.788	0.002000	80000.000000	80000.000000	0.0000	0.0000	0.0000	0.0000
8.9740	135.78	4677.34	785.0	-1.0	649.2	-4680.7	-0.3938	-1.0000	0.00040	-0.03121	1.788	0.002000	80000.000000	80000.000000	0.0000	0.0000	0.0000	0.0000
8.9760	134.03	4676.95	785.0	-1.0	650.9	-4680.3	-1.0000	-1.0000	0.00040	-0.03121	1.788	0.002000	80000.000000	80000.000000	0.0000	0.0000	0.0000	0.0000
8.9780	132.28	4676.55	785.0	-1.0	652.6	-4679.9	-0.3799	-1.0000	0.00040	-0.03121	1.788	0.002000	80000.000000	80000.000000	0.0000	0.0000	0.0000	0.0000
8.9800	130.54	4676.15	785.0	-1.0	654.4	-4679.5	-0.9915	-1.0000	0.00040	-0.03121	1.788	0.002000	80000.000000	80000.000000	0.0000	0.0000	0.0000	0.0000
8.9820	128.79	4675.75	785.0	-1.0	656.1	-4679.1	-0.3659	-1.0000	0.00040	-0.03121	1.788	0.002000	80000.000000	80000.000000	0.0000	0.0000	0.0000	0.0000
8.9840	127.05	4675.35	785.0	-1.0	657.9	-4678.7	-0.9776	-1.0000	0.00040	-0.03121	1.788	0.002000	80000.000000	80000.000000	0.0000	0.0000	0.0000	0.0000
8.9860	125.30	4674.95	785.0	-1.0	659.6	-4678.3	-0.3519	-1.0000	0.00040	-0.03121	1.788	0.002000	80000.000000	80000.000000	0.0000	0.0000	0.0000	0.0000
8.9880	123.55	4674.55	785.0	-1.0	661.4	-4677.9	-0.9636	-1.0000	0.00040	-0.03121	1.788	0.002000	80000.000000	80000.000000	0.0000	0.0000	0.0000	0.0000
8.9900	121.81	4674.15	785.0	-1.0	663.1	-4677.5	-0.3380	-1.0000	0.00040	-0.03121	1.788	0.002000	80000.000000	80000.000000	0.0000	0.0000	0.0000	0.0000
8.9920	120.06	4673.74	785.0	-1.0	664.9	-4677.1	-0.9497	-1.0000	0.00040	-0.03121	1.788	0.002000	80000.000000	80000.000000	0.0000	0.0000	0.0000	0.0000
8.9940	118.32	4673.34	785.0	-1.0	666.6	-4676.7	-0.3240	-1.0000	0.00040	-0.03121	1.788	0.002000	80000.000000	80000.000000	0.0000	0.0000	0.0000	0.0000
8.9960	116.57	4672.93	785.0	-1.0	668.4	-4676.3	-0.9357	-1.0000	0.00040	-0.03121	1.788	0.002000	80000.000000	80000.000000	0.0000	0.0000	0.0000	0.0000
8.9980	114.83	4672.53	785.0	-1.0	670.1	-4675.8	-0.3101	-1.0000	0.00040	-0.03121	1.788	0.002000	80000.000000	80000.000000	0.0000	0.0000	0.0000	0.0000
9.0000	113.08	4672.12	785.0	-1.0	671.9	-4675.4	-0.9218	-1.0000	0.00040	-0.03121	1.788	0.002000	80000.000000	80000.000000	0.0000	0.0000	0.0000	0.0000
9.0020	111.34	4671.72	785.0	-1.0	673.6	-4675.0	-0.2961	-1.0000	0.00040	-0.03121	1.788	0.002000	80000.000000	80000.000000	0.0000	0.0000	0.0000	0.0000
9.0040	109.60	4671.31	785.0	-1.0	675.3	-4674.6	-0.9078	-1.0000	0.00040	-0.03121	1.788	0.002000	80000.000000	80000.000000	0.0000	0.0000	0.0000	0.0000
9.0060	107.85	4670.90	785.0	-1.0	677.1	-4674.2	-0.2822	-1.0000	0.00040	-0.03121	1.788	0.002000	80000.000000	80000.000000	0.0000	0.0000	0.0000	0.0000
9.0080	106.11	4670.49	785.0	-1.0	678.8	-4673.8	-0.8939	-1.0000	0.00040	-0.03121	1.788	0.002000	80000.000000	80000.000000	0.0000	0.0000	0.0000	0.0000
9.0100	104.36	4670.08	785.0	-1.0	680.6	-4673.4	-0.2682	-1.0000	0.00040	-0.03121	1.788	0.002000	80000.000000	80000.000000	0.0000	0.0000	0.0000	0.0000
9.0120	102.62	4669.67	785.0	-1.0	682.3	-4673.0	-0.8799	-1.0000	0.00040	-0.03121	1.788	0.002000	80000.000000	80000.000000	0.0000	0.0000	0.0000	0.0000
9.0140	100.88	4669.26	785.0	-1.0	684.1	-4672.5	-0.2543	-1.0000	0.00040	-0.03121	1.788	0.002000	80000.000000	80000.000000	0.0000	0.0000	0.0000	0.0000
9.0160	99.13	4668.85	785.0	-1.0	685.8	-4672.1	-0.8660	-1.0000	0.00040	-0.03121	1.788	0.002000	80000.000000	80000.000000	0.0000	0.0000	0.0000	0.0000
9.0180	97.39	4668.44	785.0	-1.0	687.6	-4671.7	-0.2403	-1.0000	0.00040	-0.03121	1.788	0.002000	80000.000000	80000.000000	0.0000	0.0000	0.0000	0.0000
9.0200	95.65	4668.03	785.0	-1.0	689.3	-4671.3	-0.8520	-1.0000	0.00040	-0.03121	1.788	0.002000	80000.000000	80000.000000	0.0000	0.0000	0.0000	0.0000
9.0220	93.91	4667.61	785.0	-1.0	691.0	-4670.9	-0.2264	-1.0000	0.00040	-0.03121	1.788	0.002000	80000.000000	80000.000000	0.0000	0.0000	0.0000	0.0000
9.0240	92.16	4667.20	785.0	-1.0	692.8	-4670.4	-0.8381	-1.0000	0.00040	-0.03121	1.788	0.002000	80000.000000	80000.000000	0.0000	0.0000	0.0000	0.0000
9.0260	90.42	4666.78	785.0	-1.0	694.5	-4670.0	-0.2125	-1.0000	0.00040	-0.03121	1.788	0.002000	80000.000000	80000.000000	0.0000	0.0000	0.0000	0.0000
9.0280	88.68	4666.37	785.0	-1.0	696.3	-4669.6	-0.8242	-1.0000	0.00040	-0.03121	1.788	0.002000	80000.000000	80000.000000	0.0000	0.0000	0.0000	0.0000
9.0300	86.94	4665.95	785.0	-1.0	698.0	-4669.2	-0.1985	-1.0000	0.00040	-0.03121	1.788	0.002000	80000.000000	80000.000000	0.0000	0.0000	0.0000	0.0000
9.0320	85.20	4665.53	785.0	-1.0	699.8	-4668.8	-0.8102	-1.0000	0.00040	-0.03121	1.788	0.002000	80000.000000	80000.000000	0.0000	0.0000	0.0000	0.0000
9.0340	83.45	4665.11	785.0	-1.0	701.5	-4668.3	-0.1846	-1.0000	0.00040	-0.03121	1.788	0.002000	80000.000000	80000.000000	0.0000	0.0000	0.0000	0.0000
9.0360	81.71	4664.70	785.0	-1.0	703.2	-4667.9	-0.7963	-1.0000	0.00040	-0.03121	1.788	0.002000	80000.000000	80000.000000	0.0000	0.0000	0.0000	0.0000
9.0380	79.97	4664.28	785.0	-1.0	705.0	-4667.5	-0.1707	-1.0000	0.00040	-0.03121	1.788	0.002000	80000.000000	80000.000000	0.0000	0.0000	0.0000	0.0000
9.0400	78.23	4663.86	785.0	-1.0	706.7	-4667.1	-0.7824	-1.0000	0.00040	-0.03121	1.788	0.002000	80000.000000	80000.000000	0.0000	0.0000	0.0000	0.0000
9.0420	76.49	4663.44	785.0	-1.0	708.5	-4666.6	-0.1568	-1.0000	0.00040	-0.03121	1.788	0.002000	80000.000000	80000.000000	0.0000	0.0000	0.0000	0.0000
9.0440	74.75	4663.01	785.0	-1.0	710.2	-4666.2	-0.7685	-1.0000	0.00040	-0.03121	1.788	0.002000	80000.000000	80000.000000	0.0000	0.0000	0.0000	0.0000
9.0460	73.01	4662.59	785.0	-1.0	712.0	-4665.8	-0.1428	-1.0000	0.00040	-0.03121	1.788	0.002000	80000.000000	80000.000000	0.0000	0.0000	0.0000	0.0000
9.0480	71.27	4662.17	785.0	-1.0	713.7	-4665.4	-0.7545	-1.0000	0.00040	-0.03121	1.788	0.002000	80000.000000	80000.000000	0.0000	0.0000	0.0000	0.0000
9.0500	69.53	4661.75	785.0	-1.0	715.4	-4664.9	-0.1289	-1.0000	0.00040	-0.03121	1.788	0.002000	80000.000000	80000.000000	0.0000	0.0000	0.0000	0.0000
9.0520	67.79	4661.32	785.0	-1.0	717.2	-4664.5	-0.7406	-1.0000	0.00040	-0.03121	1.788	0.002000	80000.000000	80000.000000	0.0000	0.0000	0.0000	0.0000
9.0540	66.05	4660.90	785.0	-1.0	718.9	-4664.1	-0.1150	-1.0000	0.00040	-0.03121	1.788	0.002000	80000.000000	80000.000000	0.0000	0.0000	0.0000	0.0000
9.0560	64.31	4660.47	785.0	-1.0	720.7	-4663.6	-0.7267	-1.0000	0.00040	-0.03121	1.788	0.002000	80000.000000	80000.000000	0.0000	0.0000	0.0000	0.0000
9.0580	62.57	4660.04	785.0	-1.0	722.4	-4663.2	-0.1011	-1.0000	0.00040	-0.03121	1.788	0.002000	80000.000000	80000.000000	0.0000	0.0000	0.0000	0.0000
9.0600	60.83	4659.62	785.0	-1.0	724.1	-4662.8	-0.7128	-1.0000	0.00040	-0.03121	1.788	0.002000	80000.000000	80000.000000	0.0000	0.0000	0.0000	0.0000
9.0620	59.09	4659.19	785.0	-1.0	725.9	-4662.4	-0.0872	-1.0000	0.00040	-0.03121	1.788	0.002000	80000.000000	80000.000000	0.0000	0.0000	0.0000	0.0000
9.0640	57.35	4658.76	785.0	-1.0	727.6	-4661.9	-0.6989	-1.0000	0.00040	-0.03121	1.788	0.002000	80000.000000	80000.000000	0.0000	0.0000	0.0000	0.0000
9.0660	55.61	4658.33	785.0	-1.0	729.4	-4661.5	-0.0733	-1.0000	0.00040	-0.03121	1.788	0.002000	80000.000000	80000.000000	0.0000	0.0000	0.0000	0.0000
9.0680	53.87	4657.90	785.0	-1.0	731.1	-4661.0	-0.6850	-1.0000	0.00040	-0.03121	1.788	0.002000	80000.000000	80000.000000	0.0000	0.0000	0.0000	0.0000
9.0700	52.14	4657.47	785.0	-1.0	732.8	-4660.6	-0.0594	-1.0000	0.00040	-0.03121	1.788	0.002000	80000.000000	80000.000000	0.0000	0.0000	0.0000	0.0000
9.0720	50.40	4657.04	785.0	-1.0	734.6	-4660.2	-0.6711	-1.0000	0.00040	-0.03121	1.788	0.002000	80000.000000	80000.000000	0.0000	0.0000	0.0000	0.0000
9.0740	48.66	4656.61	785.0	-1.0	736.3	-4659.7	-0.0454	-1.0000	0.00040	-0.03121	1.788	0.002000	80000.000000	80000.000000	0.0000	0.0000	0.0000	0.0000
9.0760	46.92	4656.17	785.0	-1.0	738.1	-4659.3	-0.6572	-1.0000	0.00040	-0.03121	1.788	0.002000	80000.000000	80000.000000	0.0000	0.0000	0.0000	0.0000
9.0780	45.18	4655.74	785.0	-1.0	739.8	-4658.9	-0.0315	-1.0000	0.00040	-0.03121	1.788	0.002000	80000.000000	80000.000000	0.0000	0.0000	0.0000	0.0000
9.0800	43.45	4655.31	785.0	-1.0	741.5	-4658.4	-0.6433	-1.0000	0.00040	-0.03121	1.788	0.002000	80000.000000	80000.000000	0.0000	0.0000	0.0000	0.0000
9.0820	41.71	4654.87	785.0	-1.0	743.3	-4658.0	-0.0177	-1.0000	0.00040	-0.03121	1.788	0.002000	80000.000000	80000.000000	0.0000	0.0000	0.0000	0.0000
9.0840	39.97	4654.43	785.0	-1.0	745.0	-4657.5	-0.6294	-1.0000	0.00040	-0.03121	1.788	0.002000	80000.000000	80000.000000	0.0000	0.0000	0.0000	0.0000
9.0860	38.23	4654.00	785.0	-1.0	746.7	-4657.1	-0.0038	-1.0000	0.00040	-0.03121	1.788	0.002000	80000.000000	80000.000000	0.0000	0.0000	0.0000	0.0000
9.0880	36.50	4653.56	785.0	-1.0	748.5	-4656.7	-0.6155	-1.0000	0.00040	-0.03121	1.788	0.002000	80000.000000	80000.000000	0.0000	0.0000	0.0000	0.0000
9.0900	34.76	4653.12	785.0	-1.0	750.2	-4656.2	0.0101	-1.0000	0.00040	-0.03121	1.788	0.002000	80000.000000	80000.000000	0.0000	0.0000	0.0000	0.0000
9.0920	33.02	4652.68	785.0	-1.0	752.0	-4655.8	-0.6016	-1.0000	0.00040	-0.03121	1.788	0.002000	80000.000000	80000.000000	0.0000	0.0000	0.0000	0.0000
9.0940	31.29	4652.25	785.0	-1.0	753.7	-4655.3	0.0240	-1.0000	0.00040	-0.03121	1.788	0.002000	80000.000000	80000.000000	0.0000	0.0000	0.0000	0.0000
9.0960	29.55	4651.81	785.0	-1.0	755.4	-4654.9	-0.5877	-1.0000	0.00040	-0.03121	1.788	0.002000	80000.000000	80000.000000	0.0000	0.0000	0.0000	0.0000
9.0980	27.82	4651.36	785.0	-1.0	757.2	-4654.4	0.0379	-1.0000	0.00040	-0.03121	1.788	0.002000	80000.000000	80000.000000	0.0000	0.0000	0.0000	0.0000
9.1000	26.08	4650.92	785.0	-1.0	758.9	-4654.0	-0.5738	-1.0000	0.00040	-0.03121	1.788	0.002000	80000.000000	80000.000000	0.0000	0.0000	0.0000	0.0000
9.1020	24.34	4650.48	785.0	-1.0	760.6	-4653.6	0.0518	-1.0000	0.00040	-0.03121	1.788	0.002000	80000.000000	80000.000000	0.0000	0.0000	0.0000	0.0000
9.1040	22.61	4650.04	785.0	-1.0	762.4	-4653.1	-0.5599	-1.0000	0.00040	-0.03121	1.788	0.002000	80000.000000	80000.000000	0.0000	0.0000	0.0000	0.0000
9.1060	20.87	4649.60	785.0	-1.0	764.1	-4652.7	0.0657	-1.0000	0.00040	-0.03121	1.788	0.002000	80000.000000	80000.000000	0.0000	0.0000	0.0000	0.0000
9.1080	19.14	4649.15	785.0	-1.0	765.9	-4652.2	-0.5461	-1.0000	0.00040	-0.03121	1.788	0.002000	80000.000000	80000.000000	0.0000	0.0000	0.0000	0.0000
9.1100	17.40	4648.71	785.0	-1.0	767.6	-4651.8	0.0796	-1.0000	0.00040	-0.03121	1.788	0.002000	80000.000000	80000.000000	0.0000	0.0000	0.0000	0.0000
9.1120	15.67	4648.26	785.0	-1.0	769.3	-4651.3	-0.5322	-1.0000	0.00040	-0.03121	1.788	0.002000	80000.000000	80000.000000	0.0000	0.0000	0.0000	0.0000
9.1140	13.93	4647.81	785.0	-1.0	771.1	-4650.9	0.0934	-1.0000	0.00040	-0.03121	1.788	0.002000	80000.000000	80000.000000	0.0000	0.0000	0.0000	0.0000
9.1160	12.20	4647.37	785.0	-1.0	772.8	-4650.4	-0.5183	-1.0000	0.00040	-0.03121	1.788	0.002000	80000.000000	80000.000000	0.0000	0.0000	0.0000	0.0000
9.1180	10.47	4646.92	785.0	-1.0	774.5	-4650.0	0.1073	-1.0000	0.00040	-0.03121	1.788	0.002000	80000.000000	80000.000000	0.0000	0.0000	0.0000	0.0000
9.1200	8.73	4646.47	785.0	-1.0	776.3	-4649.5	-0.5044	-1.0000	0.00040	-0.03121	1.788	0.002000	80000.000000	80000.000000	0.0000	0.0000	0.0000	0.0000
9.1220	7.00	4646.02	785.0	-1.0	778.0	-4649.1	0.1212	-1.0000	0.00040	-0.03121	1.788	0.002000	80000.000000	80000.000000	0.0000	0.0000	0.0000	0.0000
9.1240	5.27	4645.57	785.0	-1.0	779.7	-4648.6	-0.4906	-1.0000	0.00040	-0.03121	1.788	0.002000	80000.000000	80000.000000	0.0000	0.0000	0.0000	0.0000
9.1260	3.53	4645.12	785.0	-1.0	781.5	-4648.1	0.1350	-1.0000	0.00040	-0.03121	1.788	0.002000	80000.000000	80000.000000	0.0000	0.0000	0.0000	0.0000
9.1280	1.80	4644.67	785.0	-1.0	783.2	-4647.7	-0.4767	-1.0000	0.00040	-0.03121	1.788	0.002000	80000.000000	80000.000000	0.0000	0.0000	0.0000	0.0000
9.1300	0.07	4644.22	785.0	-1.0	784.9	-4647.2	0.1489	-1.0000	0.00040	-0.03121	1.788	0.002000	80000.000000	80000.000000	0.0000	0.0000	0.0000	0.0000
9.1320	-1.67	4643.77	785.0	-1.0	786.7	-4646.8	-0.4628	-1.0000	0.00040	-0.03121	1.788	0.002000	80000.000000	80000.000000	0.0000	0.0000	0.0000	0.0000
9.1340	-3.40	4643.31	785.0	-1.0	788.4	-4646.3	0.1628	-1.0000	0.00040	-0.03121	1.788	0.002000	80000.000000	80000.000000	0.0000	0.0000	0.0000	0.0000
9.1360	-5.13	4642.86	785.0	-1.0	790.1	-4645.9	-0.4490	-1.0000	0.00040	-0.03121	1.788	0.002000	80000.000000	80000.000000	0.0000	0.0000	0.0000	0.0000
9.1380	-6.86	4642.40	785.0	-1.0	791.9	-4645.4	0.1766	-1.0000	0.00040	-0.03121	1.788	0.002000	80000.000000	80000.000000	0.0000	0.0000	0.0000	0.0000
9.1400	-8.60	4641.95	785.0	-1.0	793.6	-4644.9	-0.4351	-1.0000	0.00040	-0.03121	1.788	0.002000	80000.000000	80000.000000	0.0000	0.0000	0.0000	0.0000
9.1420	-10.33	4641.49	785.0	-1.0	795.3	-4644.5	0.1905	-1.0000	0.00040	-0.03121	1.788	0.002000	80000.000000	80000.000000	0.0000	0.0000	0.0000	0.0000
9.1440	-12.06	4641.03	785.0	-1.0	797.1	-4644.0	-0.4213	-1.0000	0.00040	-0.03121	1.788	0.002000	80000.000000	80000.000000	0.0000	0.0000	0.0000	0.0000
9.1460	-13.79	4640.58	785.0	-1.0	798.8	-4643.6	0.2043	-1.0000	0.00040	-0.03121	1.788	0.002000	80000.000000	80000.000000	0.0000	0.0000	0.0000	0.0000
9.1480	-15.52	4640.12	785.0	-1.0	800.5	-4643.1	-0.4074	-1.0000	0.00040	-0.03121	1.788	0.002000	80000.000000	80000.000000	0.0000	0.0000	0.0000	0.0000
9.1500	-17.25	4639.66	785.0	-1.0	802.3	-4642.6	0.2182	-1.0000	0.00040	-0.03121	1.788	0.002000	80000.000000	80000.000000	0.0000	0.0000	0.0000	0.0000
9.1520	-18.98	4639.20	785.0	-1.0	804.0	-4642.2	-0.3936	-1.0000	0.00040	-0.03121	1.788	0.002000	80000.000000	80000.000000	0.0000	0.0000	0.0000	0.0000
9.1540	-20.72	4638.74	785.0	-1.0	805.7	-4641.7	0.2320	-1.0000	0.00040	-0.03121	1.788	0.002000	80000.000000	80000.000000	0.0000	0.0000	0.0000	0.0000
9.1560	-22.45	4638.28	785.0	-1.0	807.5	-4641.2	-0.3797	-1.0000	0.00040	-0.03121	1.788	0.002000	80000.000000	80000.000000	0.0000	0.0000	0.0000	0.0000
9.1580	-24.18	4637.82	785.0	-1.0	809.2	-4640.8	0.2459	-1.0000	0.00040	-0.03121	1.788	0.002000	80000.000000	80000.000000	0.0000	0.0000	0.0000	0.0000
9.1600	-25.91	4637.35	785.0	-1.0	810.9	-4640.3	-0.3659	-1.0000	0.00040	-0.03121	1.788	0.002000	80000.000000	80000.000000	0.0000	0.0000	0.0000	0.0000
9.1620	-27.64	4636.89	785.0	-1.0	812.6	-4639.8	0.2597	-1.0000	0.00040	-0.03121	1.788	0.002000	80000.000000	80000.000000	0.0000	0.0000	0.0000	0.0000
9.1640	-29.37	4636.43	785.0	-1.0	814.4	-4639.4	-0.3520	-1.0000	0.00040	-0.03121	1.788	0.002000	80000.000000	80000.000000	0.0000	0.0000	0.0000	0.0000
9.1660	-31.10	4635.96	785.0	-1.0	816.1	-4638.9	0.2736	-1.0000	0.00040	-0.03121	1.788	0.002000	80000.000000	80000.000000	0.0000	0.0000	0.0000	0.0000
9.1680	-32.82	4635.50	785.0	-1.0	817.8	-4638.4	-0.3382	-1.0000	0.00040	-0.03121	1.788	0.002000	80000.000000	80000.000000	0.0000	0.0000	0.0000	0.0000
9.1700	-34.55	4635.03	785.0	-1.0	819.6	-4638.0	0.2874	-1.0000	0.00040	-0.03121	1.788	0.002000	80000.000000	80000.000000	0.0000	0.0000	0.0000	0.0000
9.1720	-36.28	4634.56	785.0	-1.0	821.3	-4637.5	-0.3244	-1.0000	0.00040	-0.03121	1.788	0.002000	80000.000000	80000.000000	0.0000	0.0000	0.0000	0.0000
9.1740	-38.01	4634.10	785.0	-1.0	823.0	-4637.0	0.3012	-1.0000	0.00040	-0.03121	1.788	0.002000	80000.000000	80000.000000	0.0000	0.0000	0.0000	0.0000
9.1760	-39.74	4633.63	785.0	-1.0	824.8	-4636.5	-0.3105	-1.0000	0.00040	-0.03121	1.788	0.002000	80000.000000	80000.000000	0.0000	0.0000	0.0000	0.0000
9.1780	-41.47	4633.16	785.0	-1.0	826.5	-4636.1	0.3151	-1.0000	0.00040	-0.03121	1.788	0.002000	80000.000000	80000.000000	0.0000	0.0000	0.0000	0.0000
9.1800	-43.20	4632.69	785.0	-1.0	828.2	-4635.6	-0.2967	-1.0000	0.00040	-0.03121	1.788	0.002000	80000.000000	80000.000000	0.0000	0.0000	0.0000	0.0000
9.1820	-44.92	4632.22	785.0	-1.0	829.9	-4635.1	0.3289	-1.0000	0.00040	-0.03121	1.788	0.002000	80000.000000	80000.000000	0.0000	0.0000	0.0000	0.0000
9.1840	-46.65	4631.75	785.0	-1.0	831.7	-4634.7	-0.2829	-1.0000	0.00040	-0.03121	1.788	0.002000	80000.000000	80000.000000	0.0000	0.0000	0.0000	0.0000
9.1860	-48.38	4631.28	785.0	-1.0	833.4	-4634.2	0.3427	-1.0000	0.00040	-0.03121	1.788	0.002000	80000.000000	80000.000000	0.0000	0.0000	0.0000	0.0000
9.1880	-50.11	4630.80	785.0	-1.0	835.1	-4633.7	-0.2691	-1.0000	0.00040	-0.03121	1.788	0.002000	80000.000000	80000.000000	0.0000	0.0000	0.0000	0.0000
9.1900	-51.84	4630.33	785.0	-1.0	836.9	-4633.2	0.3565	-1.0000	0.00040	-0.03121	1.788	0.002000	80000.000000	80000.000000	0.0000	0.0000	0.0000	0.0000
9.1920	-53.56	4629.86	785.0	-1.0	838.6	-4632.7	-0.2552	-1.0000	0.00040	-0.03121	1.788	0.002000	80000.000000	80000.000000	0.0000	0.0000	0.0000	0.0000
9.1940	-55.29	4629.38	785.0	-1.0	840.3	-4632.3	0.3703	-1.0000	0.00040	-0.03121	1.788	0.002000	80000.000000	80000.000000	0.0000	0.0000	0.0000	0.0000
9.1960	-57.02	4628.91	785.0	-1.0	842.0	-4631.8	-0.2414	-1.0000	0.00040	-0.03121	1.788	0.002000	80000.000000	80000.000000	0.0000	0.0000	0.0000	0.0000
9.1980	-58.74	4628.43	785.0	-1.0	843.8	-4631.3	0.3842	-1.0000	0.00040	-0.03121	1.788	0.002000	80000.000000	80000.000000	0.0000	0.0000	0.0000	0.0000
9.2000	-60.47	4627.96	785.0	-1.0	845.5	-4630.8	-0.2276	-1.0000	0.00040	-0.03121	1.788	0.002000	80000.000000	80000.000000	0.0000	0.0000	0.0000	0.0000
9.2020	-62.19	4627.48	785.0	-1.0	847.2	-4630.3	0.3980	-1.0000	0.00040	-0.03121	1.788	0.002000	80000.000000	80000.000000	0.0000	0.0000	0.0000	0.0000
9.2040	-62.92	4627.00	786.0	-1.0	848.9	-4629.9	-0.2188	-1.0000	0.00040	-0.03125	1.790	0.002000	80000.000000	80000.000000	0.0000	0.0000	0.0000	0.0000
9.2060	-64.65	4626.52	786.0	-1.0	850.7	-4629.4	0.4088	-1.0000	0.00040	-0.03125	1.790	0.002000	80000.000000	80000.000000	0.0000	0.0000	0.0000	0.0000
9.2080	-66.37	4626.04	786.0	-1.0	852.4	-4628.9	-0.2050	-1.0000	0.00040	-0.03125	1.790	0.002000	80000.000000	80000.000000	0.0000	0.0000	0.0000	0.0000
9.2100	-68.10	4625.56	786.0	-1.0	854.1	-4628.4	0.4226	-1.0000	0.00040	-0.03125	1.790	0.002000	80000.000000	80000.000000	0.0000	0.0000	0.0000	0.0000
9.2120	-69.82	4625.08	786.0	-1.0	855.9	-4627.9	-0.1912	-1.0000	0.00040	-0.03125	1.790	0.002000	80000.000000	80000.000000	0.0000	0.0000	0.0000	0.0000
9.2140	-71.55	4624.60	786.0	-1.0	857.6	-4627.4	0.4364	-1.0000	0.00040	-0.03125	1.790	0.002000	80000.000000	80000.000000	0.0000	0.0000	0.0000	0.0000
9.2160	-73.27	4624.12	786.0	-1.0	859.3	-4627.0	-0.1774	-1.0000	0.00040	-0.03125	1.790	0.002000	80000.000000	80000.000000	0.0000	0.0000	0.0000	0.0000
9.2180	-74.00	4623.63	787.0	-1.0	861.0	-4626.5	0.4452	-1.0000	0.00040	-0.03129	1.793	0.002000	80000.000000	80000.000000	0.0000	0.0000	0.0000	0.0000
9.2200	-75.72	4623.15	787.0	-1.0	862.8	-4626.0	-0.1666	-1.0000	0.00040	-0.03129	1.793	0.002000	80000.000000	80000.000000	0.0000	0.0000	0.0000	0.0000
9.2220	-77.44	4622.67	787.0	-1.0	864.5	-4625.5	0.4590	-1.0000	0.00040	-0.03129	1.793	0.002000	80000.000000	80000.000000	0.0000	0.0000	0.0000	0.0000
9.2240	-79.17	4622.18	787.0	-1.0	866.2	-4625.0	-0.1528	-1.0000	0.00040	-0.03129	1.793	0.002000	80000.000000	80000.000000	0.0000	0.0000	0.0000	0.0000
9.2260	-80.89	4621.70	787.0	-1.0	867.9	-4624.5	0.4728	-1.0000	0.00040	-0.03129	1.793	0.002000	80000.000000	80000.000000	0.0000	0.0000	0.0000	0.0000
9.2280	-36.63	4621.21	833.0	-1.0	869.6	-4624.0	-0.3689	-1.0000	0.00045	-0.03314	1.899	0.002000	80000.000000	80000.000000	0.0000	0.0000	0.0000	0.0000
9.2300	-38.36	4620.72	833.0	-1.0	871.4	-4623.5	0.3486	-1.0000	0.00045	-0.03314	1.899	0.002000	80000.000000	80000.000000	0.0000	0.0000	0.0000	0.0000
9.2320	-40.08	4620.23	833.0	-1.0	873.1	-4623.0	-0.3551	-1.0000	0.00045	-0.03314	1.899	0.002000	80000.000000	80000.000000	0.0000	0.0000	0.0000	0.0000
9.2340	-41.80	4619.75	833.0	-1.0	874.8	-4622.6	0.3624	-1.0000	0.00045	-0.03314	1.899	0.002000	80000.000000	80000.000000	0.0000	0.0000	0.0000	0.0000
9.2360	-43.53	4619.26	833.0	-1.0	876.5	-4622.1	-0.3413	-1.0000	0.00045	-0.03314	1.899	0.002000	80000.000000	80000.000000	0.0000	0.0000	0.0000	0.0000
9.2380	-45.25	4618.77	833.0	-1.0	878.3	-4621.6	0.3762	-1.0000	0.00045	-0.03314	1.899	0.002000	80000.000000	80000.000000	0.0000	0.0000	0.0000	0.0000
9.2400	-46.97	4618.28	833.0	-1.0	880.0	-4621.1	-0.3276	-1.0000	0.00045	-0.03314	1.899	0.002000	80000.000000	80000.000000	0.0000	0.0000	0.0000	0.0000
9.2420	-47.69	4617.78	834.0	-1.0	881.7	-4620.6	0.3850	-1.0000	0.00045	-0.03318	1.901	0.002000	80000.000000	80000.000000	0.0000	0.0000	0.0000	0.0000
9.2440	-49.41	4617.29	834.0	-1.0	883.4	-4620.1	-0.3168	-1.0000	0.00045	-0.03318	1.901	0.002000	80000.000000	80000.000000	0.0000	0.0000	0.0000	0.0000
9.2460	-51.14	4616.80	834.0	-1.0	885.2	-4619.6	0.3987	-1.0000	0.00045	-0.03318	1.901	0.002000	80000.000000	80000.000000	0.0000	0.0000	0.0000	0.0000
9.2480	-51.86	4616.31	835.0	-1.0	886.9	-4619.1	-0.3080	-1.0000	0.00045	-0.03322	1.904	0.002000	80000.000000	80000.000000	0.0000	0.0000	0.0000	0.0000
9.2500	-53.58	4615.81	835.0	-1.0	888.6	-4618.6	0.4095	-1.0000	0.00045	-0.03322	1.904	0.002000	80000.000000	80000.000000	0.0000	0.0000	0.0000	0.0000
9.2520	-55.30	4615.32	835.0	-1.0	890.3	-4618.1	-0.2942	-1.0000	0.00045	-0.03322	1.904	0.002000	80000.000000	80000.000000	0.0000	0.0000	0.0000	0.0000
9.2540	-57.02	4614.82	835.0	-1.0	892.0	-4617.6	0.4233	-1.0000	0.00045	-0.03322	1.904	0.002000	80000.000000	80000.000000	0.0000	0.0000	0.0000	0.0000
9.2560	-8.76	4614.33	885.0	-1.0	893.8	-4617.1	-0.5304	-1.0000	0.00052	-0.03525	2.020	0.002000	80000.000000	80000.000000	0.0000	0.0000	0.0000	0.0000
9.2580	-10.48	4613.83	885.0	-1.0	895.5	-4616.6	0.2871	-1.0000	0.00052	-0.03525	2.020	0.002000	80000.000000	80000.000000	0.0000	0.0000	0.0000	0.0000
9.2600	-12.20	4613.33	885.0	-1.0	897.2	-4616.1	-0.5166	-1.0000	0.00052	-0.03525	2.020	0.002000	80000.000000	80000.000000	0.0000	0.0000	0.0000	0.0000
9.2620	-13.92	4612.83	885.0	-1.0	898.9	-4615.6	0.3009	-1.0000	0.00052	-0.03525	2.020	0.002000	80000.000000	80000.000000	0.0000	0.0000	0.0000	0.0000
9.2640	-15.64	4612.33	885.0	-1.0	900.6	-4615.1	-0.5029	-1.0000	0.00052	-0.03525	2.020	0.002000	80000.000000	80000.000000	0.0000	0.0000	0.0000	0.0000
9.2660	-17.36	4611.83	885.0	-1.0	902.4	-4614.6	0.3146	-1.0000	0.00052	-0.03525	2.020	0.002000	80000.000000	80000.000000	0.0000	0.0000	0.0000	0.0000
9.2680	-18.08	4611.33	886.0	-1.0	904.1	-4614.1	-0.4941	-1.0000	0.00052	-0.03529	2.022	0.002000	80000.000000	80000.000000	0.0000	0.0000	0.0000	0.0000
9.2700	-19.80	4610.83	886.0	-1.0	905.8	-4613.6	0.3254	-1.0000	0.00052	-0.03529	2.022	0.002000	80000.000000	80000.000000	0.0000	0.0000	0.0000	0.0000
9.2720	-21.52	4610.33	886.0	-1.0	907.5	-4613.1	-0.4803	-1.0000	0.00052	-0.03529	2.022	0.002000	80000.000000	80000.000000	0.0000	0.0000	0.0000	0.0000
9.2740	-22.24	4609.83	887.0	-1.0	909.2	-4612.6	0.3341	-1.0000	0.00052	-0.03533	2.024	0.002000	80000.000000	80000.000000	0.0000	0.0000	0.0000	0.0000
9.2760	-23.96	4609.32	887.0	-1.0	911.0	-4612.1	-0.4696	-1.0000	0.00052	-0.03533	2.024	0.002000	80000.000000	80000.000000	0.0000	0.0000	0.0000	0.0000
9.2780	-25.67	4608.82	887.0	-1.0	912.7	-4611.5	0.3479	-1.0000	0.00052	-0.03533	2.024	0.002000	80000.000000	80000.000000	0.0000	0.0000	0.0000	0.0000
9.2800	-27.39	4608.32	887.0	-1.0	914.4	-4611.0	-0.4559	-1.0000	0.00052	-0.03533	2.024	0.002000	80000.000000	80000.000000	0.0000	0.0000	0.0000	0.0000
9.2820	44.86	4607.81	961.0	-1.0	916.1	-4610.5	-0.0082	-1.0000	0.00062	-0.03833	2.196	0.002000	80000.000000	80000.000000	0.0000	0.0000	0.0000	0.0000
9.2840	43.15	4607.30	961.0	-1.0	917.8	-4610.0	-0.6640	-1.0000	0.00062	-0.03833	2.196	0.002000	80000.000000	80000.000000	0.0000	0.0000	0.0000	0.0000
9.2860	41.43	4606.80	961.0	-1.0	919.6	-4609.5	0.0055	-1.0000	0.00062	-0.03833	2.196	0.002000	80000.000000	80000.000000	0.0000	0.0000	0.0000	0.0000
9.2880	39.71	4606.29	961.0	-1.0	921.3	-4609.0	-0.6503	-1.0000	0.00062	-0.03833	2.196	0.002000	80000.000000	80000.000000	0.0000	0.0000	0.0000	0.0000
9.2900	37.99	4605.78	961.0	-1.0	923.0	-4608.5	0.0192	-1.0000	0.00062	-0.03833	2.196	0.002000	80000.000000	80000.000000	0.0000	0.0000	0.0000	0.0000
9.2920	37.28	4605.27	962.0	-1.0	924.7	-4608.0	-0.6416	-1.0000	0.00062	-0.03837	2.199	0.002000	80000.000000	80000.000000	0.0000	0.0000	0.0000	0.0000
9.2940	35.56	4604.76	962.0	-1.0	926.4	-4607.5	0.0300	-1.0000	0.00062	-0.03837	2.199	0.002000	80000.000000	80000.000000	0.0000	0.0000	0.0000	0.0000
9.2960	33.84	4604.25	962.0	-1.0	928.1	-4606.9	-0.6278	-1.0000	0.00062	-0.03837	2.199	0.002000	80000.000000	80000.000000	0.0000	0.0000	0.0000	0.0000
9.2980	32.13	4603.74	962.0	-1.0	929.9	-4606.4	0.0437	-1.0000	0.00062	-0.03837	2.199	0.002000	80000.000000	80000.000000	0.0000	0.0000	0.0000	0.0000
9.3000	30.41	4603.23	962.0	-1.0	931.6	-4605.9	-0.6141	-1.0000	0.00062	-0.03837	2.199	0.002000	80000.000000	80000.000000	0.0000	0.0000	0.0000	0.0000
9.3020	29.70	4602.72	963.0	-1.0	933.3	-4605.4	0.0524	-1.0000	0.00062	-0.03841	2.201	0.002000	80000.000000	80000.000000	0.0000	0.0000	0.0000	0.0000
9.3040	27.98	4602.21	963.0	-1.0	935.0	-4604.9	-0.6034	-1.0000	0.00062	-0.03841	2.201	0.002000	80000.000000	80000.000000	0.0000	0.0000	0.0000	0.0000
9.3060	26.26	4601.69	963.0	-1.0	936.7	-4604.4	0.0661	-1.0000	0.00062	-0.03841	2.201	0.002000	80000.000000	80000.000000	0.0000	0.0000	0.0000	0.0000
9.3080	62.54	4601.18	1001.0	-1.0	938.4	-4603.8	-0.7796	-1.0000	0.00067	-0.03995	2.289	0.002000	80000.000000	80000.000000	0.0000	0.0000	0.0000	0.0000
9.3100	60.82	4600.66	1001.0	-1.0	940.2	-4603.3	-0.0341	-1.0000	0.00067	-0.03995	2.289	0.002000	80000.000000	80000.000000	0.0000	0.0000	0.0000	0.0000
9.3120	59.11	4600.15	1001.0	-1.0	941.9	-4602.8	-0.7659	-1.0000	0.00067	-0.03995	2.289	0.002000	80000.000000	80000.000000	0.0000	0.0000	0.0000	0.0000
9.3140	57.39	4599.63	1001.0	-1.0	943.6	-4602.3	-0.0204	-1.0000	0.00067	-0.03995	2.289	0.002000	80000.000000	80000.000000	0.0000	0.0000	0.0000	0.0000
9.3160	55.68	4599.11	1001.0	-1.0	945.3	-4601.8	-0.7522	-1.0000	0.00067	-0.03995	2.289	0.002000	80000.000000	80000.000000	0.0000	0.0000	0.0000	0.0000
9.3180	53.96	4598.60	1001.0	-1.0	947.0	-4601.2	-0.0067	-1.0000	0.00067	-0.03995	2.289	0.002000	80000.000000	80000.000000	0.0000	0.0000	0.0000	0.0000
9.3200	52.25	4598.08	1001.0	-1.0	948.7	-4600.7	-0.7385	-1.0000	0.00067	-0.03995	2.289	0.002000	80000.000000	80000.000000	0.0000	0.0000	0.0000	0.0000
9.3220	51.54	4597.56	1002.0	-1.0	950.4	-4600.2	0.0020	-1.0000	0.00068	-0.03999	2.292	0.002000	80000.000000	80000.000000	0.0000	0.0000	0.0000	0.0000
9.3240	49.82	4597.04	1002.0	-1.0	952.2	-4599.7	-0.7277	-1.0000	0.00068	-0.03999	2.292	0.002000	80000.000000	80000.000000	0.0000	0.0000	0.0000	0.0000
9.3260	48.11	4596.52	1002.0	-1.0	953.9	-4599.2	0.0157	-1.0000	0.00068	-0.03999	2.292	0.002000	80000.000000	80000.000000	0.0000	0.0000	0.0000	0.0000
9.3280	46.40	4596.00	1002.0	-1.0	955.6	-4598.6	-0.7140	-1.0000	0.00068	-0.03999	2.292	0.002000	80000.000000	80000.000000	0.0000	0.0000	0.0000	0.0000
9.3300	44.68	4595.47	1002.0	-1.0	957.3	-4598.1	0.0294	-1.0000	0.00068	-0.03999	2.292	0.002000	80000.000000	80000.000000	0.0000	0.0000	0.0000	0.0000
9.3320	43.97	4594.95	1003.0	-1.0	959.0	-4597.6	-0.7053	-1.0000	0.00068	-0.04003	2.294	0.002000	80000.000000	80000.000000	0.0000	0.0000	0.0000	0.0000
9.3340	42.26	4594.43	1003.0	-1.0	960.7	-4597.1	0.0401	-1.0000	0.00068	-0.04003	2.294	0.002000	80000.000000	80000.000000	0.0000	0.0000	0.0000	0.0000
9.3360	40.55	4593.90	1003.0	-1.0	962.4	-4596.5	-0.6916	-1.0000	0.00068	-0.04003	2.294	0.002000	80000.000000	80000.000000	0.0000	0.0000	0.0000	0.0000
9.3380	38.84	4593.38	1003.0	-1.0	964.2	-4596.0	0.0538	-1.0000	0.00068	-0.04003	2.294	0.002000	80000.000000	80000.000000	0.0000	0.0000	0.0000	0.0000
9.3400	37.12	4592.85	1003.0	-1.0	965.9	-4595.5	-0.6780	-1.0000	0.00068	-0.04003	2.294	0.002000	80000.000000	80000.000000	0.0000	0.0000	0.0000	0.0000
9.3420	35.41	4592.33	1003.0	-1.0	967.6	-4594.9	0.0675	-1.0000	0.00068	-0.04003	2.294	0.002000	80000.000000	80000.000000	0.0000	0.0000	0.0000	0.0000
9.3440	111.67	4591.80	1081.0	-1.0	969.3	-4594.4	-1.0000	-1.0000	0.00080	-0.04321	2.476	0.002000	80000.000000	80000.000000	0.0000	0.0000	0.0000	0.0000
9.3460	109.96	4591.27	1081.0	-1.0	971.0	-4593.9	-0.1527	-1.0000	0.00080	-0.04321	2.476	0.002000	80000.000000	80000.000000	0.0000	0.0000	0.0000	0.0000
9.3480	108.25	4590.74	1081.0	-1.0	972.7	-4593.3	-1.0000	-1.0000	0.00080	-0.04321	2.476	0.002000	80000.000000	80000.000000	0.0000	0.0000	0.0000	0.0000
9.3500	106.54	4590.21	1081.0	-1.0	974.4	-4592.8	-0.1390	-1.0000	0.00080	-0.04321	2.476	0.002000	80000.000000	80000.000000	0.0000	0.0000	0.0000	0.0000
9.3520	104.83	4589.69	1081.0	-1.0	976.1	-4592.3	-1.0000	-1.0000	0.00080	-0.04321	2.476	0.002000	80000.000000	80000.000000	0.0000	0.0000	0.0000	0.0000
9.3540	103.12	4589.15	1081.0	-1.0	977.8	-4591.7	-0.1254	-1.0000	0.00080	-0.04321	2.476	0.002000	80000.000000	80000.000000	0.0000	0.0000	0.0000	0.0000
9.3560	101.41	4588.62	1081.0	-1.0	979.6	-4591.2	-1.0000	-1.0000	0.00080	-0.04321	2.476	0.002000	80000.000000	80000.000000	0.0000	0.0000	0.0000	0.0000
9.3580	99.70	4588.09	1081.0	-1.0	981.3	-4590.7	-0.1117	-1.0000	0.00080	-0.04321	2.476	0.002000	80000.000000	80000.000000	0.0000	0.0000	0.0000	0.0000
9.3600	97.99	4587.56	1081.0	-1.0	983.0	-4590.1	-0.9994	-1.0000	0.00080	-0.04321	2.476	0.002000	80000.000000	80000.000000	0.0000	0.0000	0.0000	0.0000
9.3620	96.28	4587.03	1081.0	-1.0	984.7	-4589.6	-0.0980	-1.0000	0.00080	-0.04321	2.476	0.002000	80000.000000	80000.000000	0.0000	0.0000	0.0000	0.0000
9.3640	94.58	4586.49	1081.0	-1.0	986.4	-4589.1	-0.9858	-1.0000	0.00080	-0.04321	2.476	0.002000	80000.000000	80000.000000	0.0000	0.0000	0.0000	0.0000
9.3660	93.87	4585.96	1082.0	-1.0	988.1	-4588.5	-0.0893	-1.0000	0.00080	-0.04325	2.478	0.002000	80000.000000	80000.000000	0.0000	0.0000	0.0000	0.0000
9.3680	92.16	4585.42	1082.0	-1.0	989.8	-4588.0	-0.9751	-1.0000	0.00080	-0.04325	2.478	0.002000	80000.000000	80000.000000	0.0000	0.0000	0.0000	0.0000
9.3700	90.45	4584.89	1082.0	-1.0	991.5	-4587.5	-0.0757	-1.0000	0.00080	-0.04325	2.478	0.002000	80000.000000	80000.000000	0.0000	0.0000	0.0000	0.0000
9.3720	88.74	4584.35	1082.0	-1.0	993.2	-4586.9	-0.9614	-1.0000	0.00080	-0.04325	2.478	0.002000	80000.000000	80000.000000	0.0000	0.0000	0.0000	0.0000
9.3740	87.03	4583.81	1082.0	-1.0	994.9	-4586.4	-0.0620	-1.0000	0.00080	-0.04325	2.478	0.002000	80000.000000	80000.000000	0.0000	0.0000	0.0000	0.0000
9.3760	85.33	4583.27	1082.0	-1.0	996.6	-4585.8	-0.9478	-1.0000	0.00080	-0.04325	2.478	0.002000	80000.000000	80000.000000	0.0000	0.0000	0.0000	0.0000
9.3780	83.62	4582.74	1082.0	-1.0	998.4	-4585.3	-0.0484	-1.0000	0.00080	-0.04325	2.478	0.002000	80000.000000	80000.000000	0.0000	0.0000	0.0000	0.0000
9.3800	82.91	4582.20	1083.0	-1.0	1000.1	-4584.7	-0.9391	-1.0000	0.00080	-0.04329	2.481	0.002000	80000.000000	80000.000000	0.0000	0.0000	0.0000	0.0000
9.3820	81.20	4581.66	1083.0	-1.0	1001.8	-4584.2	-0.0377	-1.0000	0.00080	-0.04329	2.481	0.002000	80000.000000	80000.000000	0.0000	0.0000	0.0000	0.0000
9.3840	79.50	4581.12	1083.0	-1.0	1003.5	-4583.7	-0.9255	-1.0000	0.00080	-0.04329	2.481	0.002000	80000.000000	80000.000000	0.0000	0.0000	0.0000	0.0000
9.3860	77.79	4580.57	1083.0	-1.0	1005.2	-4583.1	-0.0241	-1.0000	0.00080	-0.04329	2.481	0.002000	80000.000000	80000.000000	0.0000	0.0000	0.0000	0.0000
9.3880	76.09	4580.03	1083.0	-1.0	1006.9	-4582.6	-0.9118	-1.0000	0.00080	-0.04329	2.481	0.002000	80000.000000	80000.000000	0.0000	0.0000	0.0000	0.0000
9.3900	74.38	4579.49	1083.0	-1.0	1008.6	-4582.0	-0.0104	-1.0000	0.00080	-0.04329	2.481	0.002000	80000.000000	80000.000000	0.0000	0.0000	0.0000	0.0000
9.3920	72.67	4578.95	1083.0	-1.0	1010.3	-4581.5	-0.8982	-1.0000	0.00080	-0.04329	2.481	0.002000	80000.000000	80000.000000	0.0000	0.0000	0.0000	0.0000
9.3940	70.97	4578.40	1083.0	-1.0	1012.0	-4580.9	0.0032	-1.0000	0.00080	-0.04329	2.481	0.002000	80000.000000	80000.000000	0.0000	0.0000	0.0000	0.0000
9.3960	69.26	4577.86	1083.0	-1.0	1013.7	-4580.4	-0.8845	-1.0000	0.00080	-0.04329	2.481	0.002000	80000.000000	80000.000000	0.0000	0.0000	0.0000	0.0000
9.3980	67.56	4577.31	1083.0	-1.0	1015.4	-4579.8	0.0169	-1.0000	0.00080	-0.04329	2.481	0.002000	80000.000000	80000.000000	0.0000	0.0000	0.0000	0.0000
9.4000	255.79	4576.76	1273.0	-1.0	1017.1	-4579.3	-1.0000	-1.0000	0.00113	-0.05107	2.927	0.002000	80000.000000	80000.000000	0.0000	0.0000	0.0000	0.0000
9.4020	254.09	4576.22	1273.0	-1.0	1018.8	-4578.7	-0.5393	-1.0000	0.00113	-0.05107	2.927	0.002000	80000.000000	80000.000000	0.0000	0.0000	0.0000	0.0000
9.4040	252.38	4575.67	1273.0	-1.0	1020.5	-4578.2	-1.0000	-1.0000	0.00113	-0.05107	2.927	0.002000	80000.000000	80000.000000	0.0000	0.0000	0.0000	0.0000
9.4060	250.68	4575.12	1273.0	-1.0	1022.2	-4577.6	-0.5257	-1.0000	0.00113	-0.05107	2.927	0.002000	80000.000000	80000.000000	0.0000	0.0000	0.0000	0.0000
9.4080	248.97	4574.57	1273.0	-1.0	1023.9	-4577.1	-1.0000	-1.0000	0.00113	-0.05107	2.927	0.002000	80000.000000	80000.000000	0.0000	0.0000	0.0000	0.0000
9.4100	247.27	4574.02	1273.0	-1.0	1025.6	-4576.5	-0.5121	-1.0000	0.00113	-0.05107	2.927	0.002000	80000.000000	80000.000000	0.0000	0.0000	0.0000	0.0000
9.4120	245.57	4573.47	1273.0	-1.0	1027.4	-4576.0	-1.0000	-1.0000	0.00113	-0.05107	2.927	0.002000	80000.000000	80000.000000	0.0000	0.0000	0.0000	0.0000
9.4140	243.86	4572.92	1273.0	-1.0	1029.1	-4575.4	-0.4985	-1.0000	0.00113	-0.05107	2.927	0.002000	80000.000000	80000.000000	0.0000	0.0000	0.0000	0.0000
9.4160	242.16	4572.37	1273.0	-1.0	1030.8	-4574.9	-1.0000	-1.0000	0.00113	-0.05107	2.927	0.002000	80000.000000	80000.000000	0.0000	0.0000	0.0000	0.0000
9.4180	240.46	4571.82	1273.0	-1.0	1032.5	-4574.3	-0.4849	-1.0000	0.00113	-0.05107	2.927	0.002000	80000.000000	80000.000000	0.0000	0.0000	0.0000	0.0000
9.4200	238.75	4571.26	1273.0	-1.0	1034.2	-4573.7	-1.0000	-1.0000	0.00113	-0.05107	2.927	0.002000	80000.000000	80000.000000	0.0000	0.0000	0.0000	0.0000
9.4220	237.05	4570.71	1273.0	-1.0	1035.9	-4573.2	-0.4712	-1.0000	0.00113	-0.05107	2.927	0.002000	80000.000000	80000.000000	0.0000	0.0000	0.0000	0.0000
9.4240	235.35	4570.15	1273.0	-1.0	1037.6	-4572.6	-1.0000	-1.0000	0.00113	-0.05107	2.927	0.002000	80000.000000	80000.000000	0.0000	0.0000	0.0000	0.0000
9.4260	233.65	4569.60	1273.0	-1.0	1039.3	-4572.1	-0.4576	-1.0000	0.00113	-0.05107	2.927	0.002000	80000.000000	80000.000000	0.0000	0.0000	0.0000	0.0000
9.4280	231.95	4569.04	1273.0	-1.0	1041.0	-4571.5	-1.0000	-1.0000	0.00113	-0.05107	2.927	0.002000	80000.000000	80000.000000	0.0000	0.0000	0.0000	0.0000
9.4300	230.25	4568.49	1273.0	-1.0	1042.7	-4571.0	-0.4440	-1.0000	0.00113	-0.05107	2.927	0.002000	80000.000000	80000.000000	0.0000	0.0000	0.0000	0.0000
9.4320	228.54	4567.93	1273.0	-1.0	1044.4	-4570.4	-1.0000	-1.0000	0.00113	-0.05107	2.927	0.002000	80000.000000	80000.000000	0.0000	0.0000	0.0000	0.0000
9.4340	226.84	4567.37	1273.0	-1.0	1046.1	-4569.8	-0.4304	-1.0000	0.00113	-0.05107	2.927	0.002000	80000.000000	80000.000000	0.0000	0.0000	0.0000	0.0000
9.4360	225.14	4566.81	1273.0	-1.0	1047.8	-4569.3	-1.0000	-1.0000	0.00113	-0.05107	2.927	0.002000	80000.000000	80000.000000	0.0000	0.0000	0.0000	0.0000
9.4380	223.44	4566.25	1273.0	-1.0	1049.5	-4568.7	-0.4168	-1.0000	0.00113	-0.05107	2.927	0.002000	80000.000000	80000.000000	0.0000	0.0000	0.0000	0.0000
9.4400	221.74	4565.69	1273.0	-1.0	1051.2	-4568.1	-1.0000	-1.0000	0.00113	-0.05107	2.927	0.002000	80000.000000	80000.000000	0.0000	0.0000	0.0000	0.0000
9.4420	220.04	4565.13	1273.0	-1.0	1052.9	-4567.6	-0.4033	-1.0000	0.00113	-0.05107	2.927	0.002000	80000.000000	80000.000000	0.0000	0.0000	0.0000	0.0000
9.4440	218.34	4564.57	1273.0	-1.0	1054.6	-4567.0	-1.0000	-1.0000	0.00113	-0.05107	2.927	0.002000	80000.000000	80000.000000	0.0000	0.0000	0.0000	0.0000
9.4460	216.64	4564.01	1273.0	-1.0	1056.3	-4566.5	-0.3897	-1.0000	0.00113	-0.05107	2.927	0.002000	80000.000000	80000.000000	0.0000	0.0000	0.0000	0.0000
9.4480	214.94	4563.45	1273.0	-1.0	1058.0	-4565.9	-1.0000	-1.0000	0.00113	-0.05107	2.927	0.002000	80000.000000	80000.000000	0.0000	0.0000	0.0000	0.0000
9.4500	213.25	4562.88	1273.0	-1.0	1059.7	-4565.3	-0.3761	-1.0000	0.00113	-0.05107	2.927	0.002000	80000.000000	80000.000000	0.0000	0.0000	0.0000	0.0000
9.4520	211.55	4562.32	1273.0	-1.0	1061.4	-4564.8	-1.0000	-1.0000	0.00113	-0.05107	2.927	0.002000	80000.000000	80000.000000	0.0000	0.0000	0.0000	0.0000
9.4540	209.85	4561.75	1273.0	-1.0	1063.1	-4564.2	-0.3625	-1.0000	0.00113	-0.05107	2.927	0.002000	80000.000000	80000.000000	0.0000	0.0000	0.0000	0.0000
9.4560	208.15	4561.19	1273.0	-1.0	1064.8	-4563.6	-1.0000	-1.0000	0.00113	-0.05107	2.927	0.002000	80000.000000	80000.000000	0.0000	0.0000	0.0000	0.0000
9.4580	206.45	4560.62	1273.0	-1.0	1066.5	-4563.0	-0.3489	-1.0000	0.00113	-0.05107	2.927	0.002000	80000.000000	80000.000000	0.0000	0.0000	0.0000	0.0000
9.4600	204.75	4560.05	1273.0	-1.0	1068.2	-4562.5	-1.0000	-1.0000	0.00113	-0.05107	2.927	0.002000	80000.000000	80000.000000	0.0000	0.0000	0.0000	0.0000
9.4620	203.06	4559.49	1273.0	-1.0	1069.9	-4561.9	-0.3353	-1.0000	0.00113	-0.05107	2.927	0.002000	80000.000000	80000.000000	0.0000	0.0000	0.0000	0.0000
9.4640	201.36	4558.92	1273.0	-1.0	1071.6	-4561.3	-1.0000	-1.0000	0.00113	-0.05107	2.927	0.002000	80000.000000	80000.000000	0.0000	0.0000	0.0000	0.0000
9.4660	199.66	4558.35	1273.0	-1.0	1073.3	-4560.8	-0.3218	-1.0000	0.00113	-0.05107	2.927	0.002000	80000.000000	80000.000000	0.0000	0.0000	0.0000	0.0000
9.4680	197.96	4557.78	1273.0	-1.0	1075.0	-4560.2	-1.0000	-1.0000	0.00113	-0.05107	2.927	0.002000	80000.000000	80000.000000	0.0000	0.0000	0.0000	0.0000
9.4700	196.27	4557.21	1273.0	-1.0	1076.7	-4559.6	-0.3082	-1.0000	0.00113	-0.05107	2.927	0.002000	80000.000000	80000.000000	0.0000	0.0000	0.0000	0.0000
9.4720	194.57	4556.64	1273.0	-1.0	1078.4	-4559.0	-1.0000	-1.0000	0.00113	-0.05107	2.927	0.002000	80000.000000	80000.000000	0.0000	0.0000	0.0000	0.0000
9.4740	192.88	4556.07	1273.0	-1.0	1080.1	-4558.5	-0.2946	-1.0000	0.00113	-0.05107	2.927	0.002000	80000.000000	80000.000000	0.0000	0.0000	0.0000	0.0000
9.4760	191.18	4555.49	1273.0	-1.0	1081.8	-4557.9	-1.0000	-1.0000	0.00113	-0.05107	2.927	0.002000	80000.000000	80000.000000	0.0000	0.0000	0.0000	0.0000
9.4780	189.48	4554.92	1273.0	-1.0	1083.5	-4557.3	-0.2811	-1.0000	0.00113	-0.05107	2.927	0.002000	80000.000000	80000.000000	0.0000	0.0000	0.0000	0.0000
9.4800	187.79	4554.35	1273.0	-1.0	1085.2	-4556.7	-1.0000	-1.0000	0.00113	-0.05107	2.927	0.002000	80000.000000	80000.000000	0.0000	0.0000	0.0000	0.0000
9.4820	186.09	4553.77	1273.0	-1.0	1086.9	-4556.2	-0.2675	-1.0000	0.00113	-0.05107	2.927	0.002000	80000.000000	80000.000000	0.0000	0.0000	0.0000	0.0000
9.4840	184.40	4553.20	1273.0	-1.0	1088.5	-4555.6	-1.0000	-1.0000	0.00113	-0.05107	2.927	0.002000	80000.000000	80000.000000	0.0000	0.0000	0.0000	0.0000
9.4860	182.70	4552.62	1273.0	-1.0	1090.2	-4555.0	-0.2540	-1.0000	0.00113	-0.05107	2.927	0.002000	80000.000000	80000.000000	0.0000	0.0000	0.0000	0.0000
9.4880	181.01	4552.04	1273.0	-1.0	1091.9	-4554.4	-1.0000	-1.0000	0.00113	-0.05107	2.927	0.002000	80000.000000	80000.000000	0.0000	0.0000	0.0000	0.0000
9.4900	179.31	4551.47	1273.0	-1.0	1093.6	-4553.8	-0.2404	-1.0000	0.00113	-0.05107	2.927	0.002000	80000.000000	80000.000000	0.0000	0.0000	0.0000	0.0000
9.4920	177.62	4550.89	1273.0	-1.0	1095.3	-4553.3	-1.0000	-1.0000	0.00113	-0.05107	2.927	0.002000	80000.000000	80000.000000	0.0000	0.0000	0.0000	0.0000
9.4940	175.93	4550.31	1273.0	-1.0	1097.0	-4552.7	-0.2269	-1.0000	0.00113	-0.05107	2.927	0.002000	80000.000000	80000.000000	0.0000	0.0000	0.0000	0.0000
9.4960	174.23	4549.73	1273.0	-1.0	1098.7	-4552.1	-1.0000	-1.0000	0.00113	-0.05107	2.927	0.002000	80000.000000	80000.000000	0.0000	0.0000	0.0000	0.0000
9.4980	172.54	4549.15	1273.0	-1.0	1100.4	-4551.5	-0.2134	-1.0000	0.00113	-0.05107	2.927	0.002000	80000.000000	80000.000000	0.0000	0.0000	0.0000	0.0000
9.5000	170.85	4548.57	1273.0	-1.0	1102.1	-4550.9	-1.0000	-1.0000	0.00113	-0.05107	2.927	0.002000	80000.000000	80000.000000	0.0000	0.0000	0.0000	0.0000
9.5020	169.15	4547.99	1273.0	-1.0	1103.8	-4550.3	-0.1998	-1.0000	0.00113	-0.05107	2.927	0.002000	80000.000000	80000.000000	0.0000	0.0000	0.0000	0.0000
9.5040	167.46	4547.41	1273.0	-1.0	1105.5	-4549.8	-1.0000	-1.0000	0.00113	-0.05107	2.927	0.002000	80000.000000	80000.000000	0.0000	0.0000	0.0000	0.0000
9.5060	165.77	4546.82	1273.0	-1.0	1107.2	-4549.2	-0.1863	-1.0000	0.00113	-0.05107	2.927	0.002000	80000.000000	80000.000000	0.0000	0.0000	0.0000	0.0000
9.5080	164.08	4546.24	1273.0	-1.0	1108.9	-4548.6	-1.0000	-1.0000	0.00113	-0.05107	2.927	0.002000	80000.000000	80000.000000	0.0000	0.0000	0.0000	0.0000
9.5100	162.38	4545.66	1273.0	-1.0	1110.6	-4548.0	-0.1728	-1.0000	0.00113	-0.05107	2.927	0.002000	80000.000000	80000.000000	0.0000	0.0000	0.0000	0.0000
9.5120	160.69	4545.07	1273.0	-1.0	1112.3	-4547.4	-1.0000	-1.0000	0.00113	-0.05107	2.927	0.002000	80000.000000	80000.000000	0.0000	0.0000	0.0000	0.0000
9.5140	159.00	4544.49	1273.0	-1.0	1114.0	-4546.8	-0.1592	-1.0000	0.00113	-0.05107	2.927	0.002000	80000.000000	80000.000000	0.0000	0.0000	0.0000	0.0000
9.5160	157.31	4543.90	1273.0	-1.0	1115.6	-4546.2	-1.0000	-1.0000	0.00113	-0.05107	2.927	0.002000	80000.000000	80000.000000	0.0000	0.0000	0.0000	0.0000
9.5180	155.62	4543.31	1273.0	-1.0	1117.3	-4545.6	-0.1457	-1.0000	0.00113	-0.05107	2.927	0.002000	80000.000000	80000.000000	0.0000	0.0000	0.0000	0.0000
9.5200	153.93	4542.72	1273.0	-1.0	1119.0	-4545.1	-1.0000	-1.0000	0.00113	-0.05107	2.927	0.002000	80000.000000	80000.000000	0.0000	0.0000	0.0000	0.0000
9.5220	152.24	4542.14	1273.0	-1.0	1120.7	-4544.5	-0.1322	-1.0000	0.00113	-0.05107	2.927	0.002000	80000.000000	80000.000000	0.0000	0.0000	0.0000	0.0000
9.5240	150.55	4541.55	1273.0	-1.0	1122.4	-4543.9	-1.0000	-1.0000	0.00113	-0.05107	2.927	0.002000	80000.000000	80000.000000	0.0000	0.0000	0.0000	0.0000
9.5260	148.86	4540.96	1273.0	-1.0	1124.1	-4543.3	-0.1187	-1.0000	0.00113	-0.05107	2.927	0.002000	80000.000000	80000.000000	0.0000	0.0000	0.0000	0.0000
9.5280	147.17	4540.37	1273.0	-1.0	1125.8	-4542.7	-1.0000	-1.0000	0.00113	-0.05107	2.927	0.002000	80000.000000	80000.000000	0.0000	0.0000	0.0000	0.0000
9.5300	145.48	4539.78	1273.0	-1.0	1127.5	-4542.1	-0.1052	-1.0000	0.00113	-0.05107	2.927	0.002000	80000.000000	80000.000000	0.0000	0.0000	0.0000	0.0000
9.5320	143.79	4539.18	1273.0	-1.0	1129.2	-4541.5	-1.0000	-1.0000	0.00113	-0.05107	2.927	0.002000	80000.000000	80000.000000	0.0000	0.0000	0.0000	0.0000
9.5340	142.10	4538.59	1273.0	-1.0	1130.9	-4540.9	-0.0917	-1.0000	0.00113	-0.05107	2.927	0.002000	80000.000000	80000.000000	0.0000	0.0000	0.0000	0.0000
9.5360	140.41	4538.00	1273.0	-1.0	1132.5	-4540.3	-1.0000	-1.0000	0.00113	-0.05107	2.927	0.002000	80000.000000	80000.000000	0.0000	0.0000	0.0000	0.0000
9.5380	138.72	4537.41	1273.0	-1.0	1134.2	-4539.7	-0.0782	-1.0000	0.00113	-0.05107	2.927	0.002000	80000.000000	80000.000000	0.0000	0.0000	0.0000	0.0000
9.5400	137.04	4536.81	1273.0	-1.0	1135.9	-4539.1	-1.0000	-1.0000	0.00113	-0.05107	2.927	0.002000	80000.000000	80000.000000	0.0000	0.0000	0.0000	0.0000
9.5420	135.35	4536.22	1273.0	-1.0	1137.6	-4538.5	-0.0647	-1.0000	0.00113	-0.05107	2.927	0.002000	80000.000000	80000.000000	0.0000	0.0000	0.0000	0.0000
9.5440	133.66	4535.62	1273.0	-1.0	1139.3	-4537.9	-1.0000	-1.0000	0.00113	-0.05107	2.927	0.002000	80000.000000	80000.000000	0.0000	0.0000	0.0000	0.0000
9.5460	131.97	4535.02	1273.0	-1.0	1141.0	-4537.3	-0.0512	-1.0000	0.00113	-0.05107	2.927	0.002000	80000.000000	80000.000000	0.0000	0.0000	0.0000	0.0000
9.5480	130.29	4534.43	1273.0	-1.0	1142.7	-4536.7	-1.0000	-1.0000	0.00113	-0.05107	2.927	0.002000	80000.000000	80000.000000	0.0000	0.0000	0.0000	0.0000
9.5500	128.60	4533.83	1273.0	-1.0	1144.4	-4536.1	-0.0377	-1.0000	0.00113	-0.05107	2.927	0.002000	80000.000000	80000.000000	0.0000	0.0000	0.0000	0.0000
9.5520	126.91	4533.23	1273.0	-1.0	1146.1	-4535.5	-1.0000	-1.0000	0.00113	-0.05107	2.927	0.002000	80000.000000	80000.000000	0.0000	0.0000	0.0000	0.0000
9.5540	125.22	4532.63	1273.0	-1.0	1147.7	-4534.9	-0.0242	-1.0000	0.00113	-0.05107	2.927	0.002000	80000.000000	80000.000000	0.0000	0.0000	0.0000	0.0000
9.5560	123.54	4532.03	1273.0	-1.0	1149.4	-4534.3	-1.0000	-1.0000	0.00113	-0.05107	2.927	0.002000	80000.000000	80000.000000	0.0000	0.0000	0.0000	0.0000
9.5580	121.85	4531.43	1273.0	-1.0	1151.1	-4533.7	-0.0107	-1.0000	0.00113	-0.05107	2.927	0.002000	80000.000000	80000.000000	0.0000	0.0000	0.0000	0.0000
9.5600	120.17	4530.83	1273.0	-1.0	1152.8	-4533.1	-1.0000	-1.0000	0.00113	-0.05107	2.927	0.002000	80000.000000	80000.000000	0.0000	0.0000	0.0000	0.0000
9.5620	118.48	4530.23	1273.0	-1.0	1154.5	-4532.5	0.0028	-1.0000	0.00113	-0.05107	2.927	0.002000	80000.000000	80000.000000	0.0000	0.0000	0.0000	0.0000
9.5640	116.80	4529.62	1273.0	-1.0	1156.2	-4531.9	-1.0000	-1.0000	0.00113	-0.05107	2.927	0.002000	80000.000000	80000.000000	0.0000	0.0000	0.0000	0.0000
9.5660	115.11	4529.02	1273.0	-1.0	1157.9	-4531.3	0.0163	-1.0000	0.00113	-0.05107	2.927	0.002000	80000.000000	80000.000000	0.0000	0.0000	0.0000	0.0000
9.5680	113.43	4528.42	1273.0	-1.0	1159.5	-4530.7	-1.0000	-1.0000	0.00113	-0.05107	2.927	0.002000	80000.000000	80000.000000	0.0000	0.0000	0.0000	0.0000
9.5700	111.74	4527.81	1273.0	-1.0	1161.2	-4530.1	0.0297	-1.0000	0.00113	-0.05107	2.927	0.002000	80000.000000	80000.000000	0.0000	0.0000	0.0000	0.0000
9.5720	110.06	4527.21	1273.0	-1.0	1162.9	-4529.5	-1.0000	-1.0000	0.00113	-0.05107	2.927	0.002000	80000.000000	80000.000000	0.0000	0.0000	0.0000	0.0000
9.5740	108.37	4526.60	1273.0	-1.0	1164.6	-4528.9	0.0432	-1.0000	0.00113	-0.05107	2.927	0.002000	80000.000000	80000.000000	0.0000	0.0000	0.0000	0.0000
9.5760	106.69	4525.99	1273.0	-1.0	1166.3	-4528.3	-1.0000	-1.0000	0.00113	-0.05107	2.927	0.002000	80000.000000	80000.000000	0.0000	0.0000	0.0000	0.0000
9.5780	105.01	4525.39	1273.0	-1.0	1168.0	-4527.6	0.0567	-1.0000	0.00113	-0.05107	2.927	0.002000	80000.000000	80000.000000	0.0000	0.0000	0.0000	0.0000
9.5800	103.32	4524.78	1273.0	-1.0	1169.6	-4527.0	-1.0000	-1.0000	0.00113	-0.05107	2.927	0.002000	80000.000000	80000.000000	0.0000	0.0000	0.0000	0.0000
9.5820	101.64	4524.17	1273.0	-1.0	1171.3	-4526.4	0.0701	-1.0000	0.00113	-0.05107	2.927	0.002000	80000.000000	80000.000000	0.0000	0.0000	0.0000	0.0000
9.5840	99.96	4523.56	1273.0	-1.0	1173.0	-4525.8	-1.0000	-1.0000	0.00113	-0.05107	2.927	0.002000	80000.000000	80000.000000	0.0000	0.0000	0.0000	0.0000
9.5860	98.27	4522.95	1273.0	-1.0	1174.7	-4525.2	0.0836	-1.0000	0.00113	-0.05107	2.927	0.002000	80000.000000	80000.000000	0.0000	0.0000	0.0000	0.0000
9.5880	96.59	4522.34	1273.0	-1.0	1176.4	-4524.6	-1.0000	-1.0000	0.00113	-0.05107	2.927	0.002000	80000.000000	80000.000000	0.0000	0.0000	0.0000	0.0000
9.5900	94.91	4521.73	1273.0	-1.0	1178.1	-4524.0	0.0970	-1.0000	0.00113	-0.05107	2.927	0.002000	80000.000000	80000.000000	0.0000	0.0000	0.0000	0.0000
9.5920	93.23	4521.12	1273.0	-1.0	1179.7	-4523.4	-1.0000	-1.0000	0.00113	-0.05107	2.927	0.002000	80000.000000	80000.000000	0.0000	0.0000	0.0000	0.0000
9.5940	91.55	4520.50	1273.0	-1.0	1181.4	-4522.7	0.1105	-1.0000	0.00113	-0.05107	2.927	0.002000	80000.000000	80000.000000	0.0000	0.0000	0.0000	0.0000
9.5960	89.87	4519.89	1273.0	-1.0	1183.1	-4522.1	-1.0000	-1.0000	0.00113	-0.05107	2.927	0.002000	80000.000000	80000.000000	0.0000	0.0000	0.0000	0.0000
9.5980	88.18	4519.28	1273.0	-1.0	1184.8	-4521.5	0.1239	-1.0000	0.00113	-0.05107	2.927	0.002000	80000.000000	80000.000000	0.0000	0.0000	0.0000	0.0000
9.6000	86.50	4518.66	1273.0	-1.0	1186.5	-4520.9	-1.0000	-1.0000	0.00113	-0.05107	2.927	0.002000	80000.000000	80000.000000	0.0000	0.0000	0.0000	0.0000
9.6020	84.82	4518.04	1273.0	-1.0	1188.2	-4520.3	0.1374	-1.0000	0.00113	-0.05107	2.927	0.002000	80000.000000	80000.000000	0.0000	0.0000	0.0000	0.0000
9.6040	83.14	4517.43	1273.0	-1.0	1189.8	-4519.6	-1.0000	-1.0000	0.00113	-0.05107	2.927	0.002000	80000.000000	80000.000000	0.0000	0.0000	0.0000	0.0000
9.6060	81.46	4516.81	1273.0	-1.0	1191.5	-4519.0	0.1508	-1.0000	0.00113	-0.05107	2.927	0.002000	80000.000000	80000.000000	0.0000	0.0000	0.0000	0.0000
9.6080	79.78	4516.19	1273.0	-1.0	1193.2	-4518.4	-1.0000	-1.0000	0.00113	-0.05107	2.927	0.002000	80000.000000	80000.000000	0.0000	0.0000	0.0000	0.0000
9.6100	78.10	4515.58	1273.0	-1.0	1194.9	-4517.8	0.1642	-1.0000	0.00113	-0.05107	2.927	0.002000	80000.000000	80000.000000	0.0000	0.0000	0.0000	0.0000
9.6120	76.43	4514.96	1273.0	-1.0	1196.6	-4517.2	-1.0000	-1.0000	0.00113	-0.05107	2.927	0.002000	80000.000000	80000.000000	0.0000	0.0000	0.0000	0.0000
9.6140	74.75	4514.34	1273.0	-1.0	1198.2	-4516.5	0.1777	-1.0000	0.00113	-0.05107	2.927	0.002000	80000.000000	80000.000000	0.0000	0.0000	0.0000	0.0000
9.6160	73.07	4513.72	1273.0	-1.0	1199.9	-4515.9	-1.0000	-1.0000	0.00113	-0.05107	2.927	0.002000	80000.000000	80000.000000	0.0000	0.0000	0.0000	0.0000
9.6180	71.39	4513.10	1273.0	-1.0	1201.6	-4515.3	0.1911	-1.0000	0.00113	-0.05107	2.927	0.002000	80000.000000	80000.000000	0.0000	0.0000	0.0000	0.0000
9.6200	69.71	4512.47	1273.0	-1.0	1203.3	-4514.7	-1.0000	-1.0000	0.00113	-0.05107	2.927	0.002000	80000.000000	80000.000000	0.0000	0.0000	0.0000	0.0000
9.6220	68.03	4511.85	1273.0	-1.0	1204.9	-4514.0	0.2045	-1.0000	0.00113	-0.05107	2.927	0.002000	80000.000000	80000.000000	0.0000	0.0000	0.0000	0.0000
9.6240	66.36	4511.23	1273.0	-1.0	1206.6	-4513.4	-1.0000	-1.0000	0.00113	-0.05107	2.927	0.002000	80000.000000	80000.000000	0.0000	0.0000	0.0000	0.0000
9.6260	64.68	4510.61	1273.0	-1.0	1208.3	-4512.8	0.2179	-1.0000	0.00113	-0.05107	2.927	0.002000	80000.000000	80000.000000	0.0000	0.0000	0.0000	0.0000
9.6280	63.00	4509.98	1273.0	-1.0	1210.0	-4512.2	-1.0000	-1.0000	0.00113	-0.05107	2.927	0.002000	80000.000000	80000.000000	0.0000	0.0000	0.0000	0.0000
9.6300	61.32	4509.36	1273.0	-1.0	1211.7	-4511.5	0.2314	-1.0000	0.00113	-0.05107	2.927	0.002000	80000.000000	80000.000000	0.0000	0.0000	0.0000	0.0000
9.6320	59.65	4508.73	1273.0	-1.0	1213.3	-4510.9	-1.0000	-1.0000	0.00113	-0.05107	2.927	0.002000	80000.000000	80000.000000	0.0000	0.0000	0.0000	0.0000
9.6340	57.97	4508.10	1273.0	-1.0	1215.0	-4510.3	0.2448	-1.0000	0.00113	-0.05107	2.927	0.002000	80000.000000	80000.000000	0.0000	0.0000	0.0000	0.0000
9.6360	56.29	4507.48	1273.0	-1.0	1216.7	-4509.7	-1.0000	-1.0000	0.00113	-0.05107	2.927	0.002000	80000.000000	80000.000000	0.0000	0.0000	0.0000	0.0000
9.6380	54.62	4506.85	1273.0	-1.0	1218.4	-4509.0	0.2582	-1.0000	0.00113	-0.05107	2.927	0.002000	80000.000000	80000.000000	0.0000	0.0000	0.0000	0.0000
9.6400	52.94	4506.22	1273.0	-1.0	1220.0	-4508.4	-1.0000	-1.0000	0.00113	-0.05107	2.927	0.002000	80000.000000	80000.000000	0.0000	0.0000	0.0000	0.0000
9.6420	51.27	4505.59	1273.0	-1.0	1221.7	-4507.8	0.2716	-1.0000	0.00113	-0.05107	2.927	0.002000	80000.000000	80000.000000	0.0000	0.0000	0.0000	0.0000
9.6440	49.59	4504.96	1273.0	-1.0	1223.4	-4507.1	-0.9962	-1.0000	0.00113	-0.05107	2.927	0.002000	80000.000000	80000.000000	0.0000	0.0000	0.0000	0.0000
9.6460	47.92	4504.33	1273.0	-1.0	1225.1	-4506.5	0.2850	-1.0000	0.00113	-0.05107	2.927	0.002000	80000.000000	80000.000000	0.0000	0.0000	0.0000	0.0000
9.6480	46.24	4503.70	1273.0	-1.0	1226.7	-4505.9	-0.9828	-1.0000	0.00113	-0.05107	2.927	0.002000	80000.000000	80000.000000	0.0000	0.0000	0.0000	0.0000
9.6500	44.57	4503.07	1273.0	-1.0	1228.4	-4505.2	0.2984	-1.0000	0.00113	-0.05107	2.927	0.002000	80000.000000	80000.000000	0.0000	0.0000	0.0000	0.0000
9.6520	42.90	4502.44	1273.0	-1.0	1230.1	-4504.6	-0.9694	-1.0000	0.00113	-0.05107	2.927	0.002000	80000.000000	80000.000000	0.0000	0.0000	0.0000	0.0000
9.6540	41.22	4501.80	1273.0	-1.0	1231.8	-4504.0	0.3117	-1.0000	0.00113	-0.05107	2.927	0.002000	80000.000000	80000.000000	0.0000	0.0000	0.0000	0.0000
9.6560	39.55	4501.17	1273.0	-1.0	1233.4	-4503.3	-0.9560	-1.0000	0.00113	-0.05107	2.927	0.002000	80000.000000	80000.000000	0.0000	0.0000	0.0000	0.0000
9.6580	37.87	4500.53	1273.0	-1.0	1235.1	-4502.7	0.3251	-1.0000	0.00113	-0.05107	2.927	0.002000	80000.000000	80000.000000	0.0000	0.0000	0.0000	0.0000
9.6600	36.20	4499.90	1273.0	-1.0	1236.8	-4502.0	-0.9426	-1.0000	0.00113	-0.05107	2.927	0.002000	80000.000000	80000.000000	0.0000	0.0000	0.0000	0.0000
9.6620	34.53	4499.26	1273.0	-1.0	1238.5	-4501.4	0.3385	-1.0000	0.00113	-0.05107	2.927	0.002000	80000.000000	80000.000000	0.0000	0.0000	0.0000	0.0000
9.6640	32.86	4498.63	1273.0	-1.0	1240.1	-4500.8	-0.9293	-1.0000	0.00113	-0.05107	2.927	0.002000	80000.000000	80000.000000	0.0000	0.0000	0.0000	0.0000
9.6660	31.18	4497.99	1273.0	-1.0	1241.8	-4500.1	0.3519	-1.0000	0.00113	-0.05107	2.927	0.002000	80000.000000	80000.000000	0.0000	0.0000	0.0000	0.0000
9.6680	29.51	4497.35	1273.0	-1.0	1243.5	-4499.5	-0.9159	-1.0000	0.00113	-0.05107	2.927	0.002000	80000.000000	80000.000000	0.0000	0.0000	0.0000	0.0000
9.6700	27.84	4496.71	1273.0	-1.0	1245.2	-4498.8	0.3653	-1.0000	0.00113	-0.05107	2.927	0.002000	80000.000000	80000.000000	0.0000	0.0000	0.0000	0.0000
9.6720	26.17	4496.07	1273.0	-1.0	1246.8	-4498.2	-0.9025	-1.0000	0.00113	-0.05107	2.927	0.002000	80000.000000	80000.000000	0.0000	0.0000	0.0000	0.0000
9.6740	24.50	4495.43	1273.0	-1.0	1248.5	-4497.6	0.3786	-1.0000	0.00113	-0.05107	2.927	0.002000	80000.000000	80000.000000	0.0000	0.0000	0.0000	0.0000
9.6760	22.83	4494.79	1273.0	-1.0	1250.2	-4496.9	-0.8891	-1.0000	0.00113	-0.05107	2.927	0.002000	80000.000000	80000.000000	0.0000	0.0000	0.0000	0.0000
9.6780	22.16	4494.15	1274.0	-1.0	1251.8	-4496.3	0.3870	-1.0000	0.00113	-0.05111	2.929	0.002000	80000.000000	80000.000000	0.0000	0.0000	0.0000	0.0000
9.6800	20.49	4493.51	1274.0	-1.0	1253.5	-4495.6	-0.8788	-1.0000	0.00113	-0.05111	2.929	0.002000	80000.000000	80000.000000	0.0000	0.0000	0.0000	0.0000
9.6820	18.82	4492.87	1274.0	-1.0	1255.2	-4495.0	0.4004	-1.0000	0.00113	-0.05111	2.929	0.002000	80000.000000	80000.000000	0.0000	0.0000	0.0000	0.0000
9.6840	17.15	4492.22	1274.0	-1.0	1256.8	-4494.3	-0.8654	-1.0000	0.00113	-0.05111	2.929	0.002000	80000.000000	80000.000000	0.0000	0.0000	0.0000	0.0000
9.6860	15.48	4491.58	1274.0	-1.0	1258.5	-4493.7	0.4137	-1.0000	0.00113	-0.05111	2.929	0.002000	80000.000000	80000.000000	0.0000	0.0000	0.0000	0.0000
9.6880	13.81	4490.93	1274.0	-1.0	1260.2	-4493.0	-0.8521	-1.0000	0.00113	-0.05111	2.929	0.002000	80000.000000	80000.000000	0.0000	0.0000	0.0000	0.0000
9.6900	12.14	4490.29	1274.0	-1.0	1261.9	-4492.4	0.4271	-1.0000	0.00113	-0.05111	2.929	0.002000	80000.000000	80000.000000	0.0000	0.0000	0.0000	0.0000
9.6920	10.47	4489.64	1274.0	-1.0	1263.5	-4491.8	-0.8387	-1.0000	0.00113	-0.05111	2.929	0.002000	80000.000000	80000.000000	0.0000	0.0000	0.0000	0.0000
9.6940	9.80	4489.00	1275.0	-1.0	1265.2	-4491.1	0.4354	-1.0000	0.00113	-0.05115	2.931	0.002000	80000.000000	80000.000000	0.0000	0.0000	0.0000	0.0000
9.6960	8.13	4488.35	1275.0	-1.0	1266.9	-4490.5	-0.8284	-1.0000	0.00113	-0.05115	2.931	0.002000	80000.000000	80000.000000	0.0000	0.0000	0.0000	0.0000
9.6980	6.47	4487.70	1275.0	-1.0	1268.5	-4489.8	0.4488	-1.0000	0.00113	-0.05115	2.931	0.002000	80000.000000	80000.000000	0.0000	0.0000	0.0000	0.0000
9.7000	4.80	4487.05	1275.0	-1.0	1270.2	-4489.2	-0.8150	-1.0000	0.00113	-0.05115	2.931	0.002000	80000.000000	80000.000000	0.0000	0.0000	0.0000	0.0000
9.7020	3.13	4486.40	1275.0	-1.0	1271.9	-4488.5	0.4621	-1.0000	0.00113	-0.05115	2.931	0.002000	80000.000000	80000.000000	0.0000	0.0000	0.0000	0.0000
9.7040	47.45	4485.75	1321.0	-1.0	1273.5	-4487.8	-1.0000	-1.0000	0.00122	-0.05304	3.040	0.002000	80000.000000	80000.000000	0.0000	0.0000	0.0000	0.0000
9.7060	45.79	4485.10	1321.0	-1.0	1275.2	-4487.2	0.3375	-1.0000	0.00122	-0.05304	3.040	0.002000	80000.000000	80000.000000	0.0000	0.0000	0.0000	0.0000
9.7080	44.12	4484.45	1321.0	-1.0	1276.9	-4486.5	-1.0000	-1.0000	0.00122	-0.05304	3.040	0.002000	80000.000000	80000.000000	0.0000	0.0000	0.0000	0.0000
9.7100	42.45	4483.80	1321.0	-1.0	1278.5	-4485.9	0.3508	-1.0000	0.00122	-0.05304	3.040	0.002000	80000.000000	80000.000000	0.0000	0.0000	0.0000	0.0000
9.7120	40.79	4483.15	1321.0	-1.0	1280.2	-4485.2	-1.0000	-1.0000	0.00122	-0.05304	3.040	0.002000	80000.000000	80000.000000	0.0000	0.0000	0.0000	0.0000
9.7140	39.12	4482.49	1321.0	-1.0	1281.9	-4484.6	0.3641	-1.0000	0.00122	-0.05304	3.040	0.002000	80000.000000	80000.000000	0.0000	0.0000	0.0000	0.0000
9.7160	37.45	4481.84	1321.0	-1.0	1283.5	-4483.9	-0.9916	-1.0000	0.00122	-0.05304	3.040	0.002000	80000.000000	80000.000000	0.0000	0.0000	0.0000	0.0000
9.7180	36.79	4481.18	1322.0	-1.0	1285.2	-4483.3	0.3724	-1.0000	0.00122	-0.05308	3.042	0.002000	80000.000000	80000.000000	0.0000	0.0000	0.0000	0.0000
9.7200	35.12	4480.53	1322.0	-1.0	1286.9	-4482.6	-0.9813	-1.0000	0.00122	-0.05308	3.042	0.002000	80000.000000	80000.000000	0.0000	0.0000	0.0000	0.0000
9.7220	33.46	4479.87	1322.0	-1.0	1288.5	-4481.9	0.3858	-1.0000	0.00122	-0.05308	3.042	0.002000	80000.000000	80000.000000	0.0000	0.0000	0.0000	0.0000
9.7240	31.80	4479.22	1322.0	-1.0	1290.2	-4481.3	-0.9680	-1.0000	0.00122	-0.05308	3.042	0.002000	80000.000000	80000.000000	0.0000	0.0000	0.0000	0.0000
9.7260	30.13	4478.56	1322.0	-1.0	1291.9	-4480.6	0.3991	-1.0000	0.00122	-0.05308	3.042	0.002000	80000.000000	80000.000000	0.0000	0.0000	0.0000	0.0000
9.7280	29.47	4477.90	1323.0	-1.0	1293.5	-4480.0	-0.9597	-1.0000	0.00122	-0.05312	3.045	0.002000	80000.000000	80000.000000	0.0000	0.0000	0.0000	0.0000
9.7300	27.80	4477.24	1323.0	-1.0	1295.2	-4479.3	0.4094	-1.0000	0.00122	-0.05312	3.045	0.002000	80000.000000	80000.000000	0.0000	0.0000	0.0000	0.0000
9.7320	26.14	4476.58	1323.0	-1.0	1296.9	-4478.6	-0.9464	-1.0000	0.00122	-0.05312	3.045	0.002000	80000.000000	80000.000000	0.0000	0.0000	0.0000	0.0000
9.7340	90.46	4475.92	1389.0	-1.0	1298.5	-4478.0	0.0928	-1.0000	0.00136	-0.05585	3.201	0.002000	80000.000000	80000.000000	0.0000	0.0000	0.0000	0.0000
9.7360	88.80	4475.26	1389.0	-1.0	1300.2	-4477.3	-1.0000	-1.0000	0.00136	-0.05585	3.201	0.002000	80000.000000	80000.000000	0.0000	0.0000	0.0000	0.0000
9.7380	87.14	4474.60	1389.0	-1.0	1301.8	-4476.7	0.1061	-1.0000	0.00136	-0.05585	3.201	0.002000	80000.000000	80000.000000	0.0000	0.0000	0.0000	0.0000
9.7400	85.47	4473.94	1389.0	-1.0	1303.5	-4476.0	-1.0000	-1.0000	0.00136	-0.05585	3.201	0.002000	80000.000000	80000.000000	0.0000	0.0000	0.0000	0.0000
9.7420	83.81	4473.27	1389.0	-1.0	1305.2	-4475.3	0.1194	-1.0000	0.00136	-0.05585	3.201	0.002000	80000.000000	80000.000000	0.0000	0.0000	0.0000	0.0000
9.7440	82.15	4472.61	1389.0	-1.0	1306.8	-4474.7	-1.0000	-1.0000	0.00136	-0.05585	3.201	0.002000	80000.000000	80000.000000	0.0000	0.0000	0.0000	0.0000
9.7460	80.49	4471.95	1389.0	-1.0	1308.5	-4474.0	0.1326	-1.0000	0.00136	-0.05585	3.201	0.002000	80000.000000	80000.000000	0.0000	0.0000	0.0000	0.0000
9.7480	79.83	4471.28	1390.0	-1.0	1310.2	-4473.3	-1.0000	-1.0000	0.00136	-0.05589	3.203	0.002000	80000.000000	80000.000000	0.0000	0.0000	0.0000	0.0000
9.7500	78.17	4470.62	1390.0	-1.0	1311.8	-4472.7	0.1429	-1.0000	0.00136	-0.05589	3.203	0.002000	80000.000000	80000.000000	0.0000	0.0000	0.0000	0.0000
9.7520	76.51	4469.95	1390.0	-1.0	1313.5	-4472.0	-1.0000	-1.0000	0.00136	-0.05589	3.203	0.002000	80000.000000	80000.000000	0.0000	0.0000	0.0000	0.0000
9.7540	74.85	4469.28	1390.0	-1.0	1315.1	-4471.3	0.1562	-1.0000	0.00136	-0.05589	3.203	0.002000	80000.000000	80000.000000	0.0000	0.0000	0.0000	0.0000
9.7560	74.19	4468.62	1391.0	-1.0	1316.8	-4470.7	-1.0000	-1.0000	0.00136	-0.05593	3.205	0.002000	80000.000000	80000.000000	0.0000	0.0000	0.0000	0.0000
9.7580	72.53	4467.95	1391.0	-1.0	1318.5	-4470.0	0.1665	-1.0000	0.00136	-0.05593	3.205	0.002000	80000.000000	80000.000000	0.0000	0.0000	0.0000	0.0000
9.7600	70.87	4467.28	1391.0	-1.0	1320.1	-4469.3	-1.0000	-1.0000	0.00136	-0.05593	3.205	0.002000	80000.000000	80000.000000	0.0000	0.0000	0.0000	0.0000
9.7620	69.21	4466.61	1391.0	-1.0	1321.8	-4468.6	0.1798	-1.0000	0.00136	-0.05593	3.205	0.002000	80000.000000	80000.000000	0.0000	0.0000	0.0000	0.0000
9.7640	67.55	4465.94	1391.0	-1.0	1323.4	-4468.0	-1.0000	-1.0000	0.00136	-0.05593	3.205	0.002000	80000.000000	80000.000000	0.0000	0.0000	0.0000	0.0000
9.7660	126.88	4465.27	1452.0	-1.0	1325.1	-4467.3	-0.1119	-1.0000	0.00149	-0.05845	3.350	0.002000	80000.000000	80000.000000	0.0000	0.0000	0.0000	0.0000
9.7680	126.22	4464.60	1453.0	-1.0	1326.8	-4466.6	-1.0000	-1.0000	0.00149	-0.05849	3.352	0.002000	80000.000000	80000.000000	0.0000	0.0000	0.0000	0.0000
9.7700	124.56	4463.92	1453.0	-1.0	1328.4	-4465.9	-0.1016	-1.0000	0.00149	-0.05849	3.352	0.002000	80000.000000	80000.000000	0.0000	0.0000	0.0000	0.0000
9.7720	122.90	4463.25	1453.0	-1.0	1330.1	-4465.3	-1.0000	-1.0000	0.00149	-0.05849	3.352	0.002000	80000.000000	80000.000000	0.0000	0.0000	0.0000	0.0000
9.7740	121.25	4462.58	1453.0	-1.0	1331.7	-4464.6	-0.0884	-1.0000	0.00149	-0.05849	3.352	0.002000	80000.000000	80000.000000	0.0000	0.0000	0.0000	0.0000
9.7760	119.59	4461.90	1453.0	-1.0	1333.4	-4463.9	-1.0000	-1.0000	0.00149	-0.05849	3.352	0.002000	80000.000000	80000.000000	0.0000	0.0000	0.0000	0.0000
9.7780	117.93	4461.23	1453.0	-1.0	1335.0	-4463.2	-0.0751	-1.0000	0.00149	-0.05849	3.352	0.002000	80000.000000	80000.000000	0.0000	0.0000	0.0000	0.0000
9.7800	116.27	4460.55	1453.0	-1.0	1336.7	-4462.6	-1.0000	-1.0000	0.00149	-0.05849	3.352	0.002000	80000.000000	80000.000000	0.0000	0.0000	0.0000	0.0000
9.7820	114.62	4459.88	1453.0	-1.0	1338.4	-4461.9	-0.0619	-1.0000	0.00149	-0.05849	3.352	0.002000	80000.000000	80000.000000	0.0000	0.0000	0.0000	0.0000
9.7840	112.96	4459.20	1453.0	-1.0	1340.0	-4461.2	-1.0000	-1.0000	0.00149	-0.05849	3.352	0.002000	80000.000000	80000.000000	0.0000	0.0000	0.0000	0.0000
9.7860	112.31	4458.52	1454.0	-1.0	1341.7	-4460.5	-0.0537	-1.0000	0.00149	-0.05853	3.355	0.002000	80000.000000	80000.000000	0.0000	0.0000	0.0000	0.0000
9.7880	110.65	4457.84	1454.0	-1.0	1343.3	-4459.8	-1.0000	-1.0000	0.00149	-0.05853	3.355	0.002000	80000.000000	80000.000000	0.0000	0.0000	0.0000	0.0000
9.7900	109.00	4457.17	1454.0	-1.0	1345.0	-4459.2	-0.0404	-1.0000	0.00149	-0.05853	3.355	0.002000	80000.000000	80000.000000	0.0000	0.0000	0.0000	0.0000
9.7920	107.34	4456.49	1454.0	-1.0	1346.6	-4458.5	-1.0000	-1.0000	0.00149	-0.05853	3.355	0.002000	80000.000000	80000.000000	0.0000	0.0000	0.0000	0.0000
9.7940	105.69	4455.81	1454.0	-1.0	1348.3	-4457.8	-0.0272	-1.0000	0.00149	-0.05853	3.355	0.002000	80000.000000	80000.000000	0.0000	0.0000	0.0000	0.0000
9.7960	104.03	4455.13	1454.0	-1.0	1349.9	-4457.1	-1.0000	-1.0000	0.00149	-0.05853	3.355	0.002000	80000.000000	80000.000000	0.0000	0.0000	0.0000	0.0000
9.7980	103.38	4454.44	1455.0	-1.0	1351.6	-4456.4	-0.0189	-1.0000	0.00150	-0.05857	3.357	0.002000	80000.000000	80000.000000	0.0000	0.0000	0.0000	0.0000
9.8000	101.72	4453.76	1455.0	-1.0	1353.3	-4455.7	-1.0000	-1.0000	0.00150	-0.05857	3.357	0.002000	80000.000000	80000.000000	0.0000	0.0000	0.0000	0.0000
9.8020	100.07	4453.08	1455.0	-1.0	1354.9	-4455.1	-0.0057	-1.0000	0.00150	-0.05857	3.357	0.002000	80000.000000	80000.000000	0.0000	0.0000	0.0000	0.0000
9.8040	98.42	4452.40	1455.0	-1.0	1356.6	-4454.4	-1.0000	-1.0000	0.00150	-0.05857	3.357	0.002000	80000.000000	80000.000000	0.0000	0.0000	0.0000	0.0000
9.8060	96.76	4451.71	1455.0	-1.0	1358.2	-4453.7	0.0075	-1.0000	0.00150	-0.05857	3.357	0.002000	80000.000000	80000.000000	0.0000	0.0000	0.0000	0.0000
9.8080	95.11	4451.03	1455.0	-1.0	1359.9	-4453.0	-1.0000	-1.0000	0.00150	-0.05857	3.357	0.002000	80000.000000	80000.000000	0.0000	0.0000	0.0000	0.0000
9.8100	93.46	4450.34	1455.0	-1.0	1361.5	-4452.3	0.0207	-1.0000	0.00150	-0.05857	3.357	0.002000	80000.000000	80000.000000	0.0000	0.0000	0.0000	0.0000
9.8120	173.79	4449.65	1537.0	-1.0	1363.2	-4451.6	-1.0000	-1.0000	0.00168	-0.06197	3.552	0.002000	80000.000000	80000.000000	0.0000	0.0000	0.0000	0.0000
9.8140	172.14	4448.97	1537.0	-1.0	1364.8	-4450.9	-0.2120	-1.0000	0.00168	-0.06197	3.552	0.002000	80000.000000	80000.000000	0.0000	0.0000	0.0000	0.0000
9.8160	170.49	4448.28	1537.0	-1.0	1366.5	-4450.3	-1.0000	-1.0000	0.00168	-0.06197	3.552	0.002000	80000.000000	80000.000000	0.0000	0.0000	0.0000	0.0000
9.8180	168.83	4447.59	1537.0	-1.0	1368.1	-4449.6	-0.1988	-1.0000	0.00168	-0.06197	3.552	0.002000	80000.000000	80000.000000	0.0000	0.0000	0.0000	0.0000
9.8200	167.18	4446.90	1537.0	-1.0	1369.8	-4448.9	-1.0000	-1.0000	0.00168	-0.06197	3.552	0.002000	80000.000000	80000.000000	0.0000	0.0000	0.0000	0.0000
9.8220	165.53	4446.21	1537.0	-1.0	1371.4	-4448.2	-0.1856	-1.0000	0.00168	-0.06197	3.552	0.002000	80000.000000	80000.000000	0.0000	0.0000	0.0000	0.0000
9.8240	163.88	4445.52	1537.0	-1.0	1373.1	-4447.5	-1.0000	-1.0000	0.00168	-0.06197	3.552	0.002000	80000.000000	80000.000000	0.0000	0.0000	0.0000	0.0000
9.8260	162.23	4444.83	1537.0	-1.0	1374.7	-4446.8	-0.1724	-1.0000	0.00168	-0.06197	3.552	0.002000	80000.000000	80000.000000	0.0000	0.0000	0.0000	0.0000
9.8280	160.58	4444.14	1537.0	-1.0	1376.4	-4446.1	-1.0000	-1.0000	0.00168	-0.06197	3.552	0.002000	80000.000000	80000.000000	0.0000	0.0000	0.0000	0.0000
9.8300	158.93	4443.45	1537.0	-1.0	1378.0	-4445.4	-0.1592	-1.0000	0.00168	-0.06197	3.552	0.002000	80000.000000	80000.000000	0.0000	0.0000	0.0000	0.0000
9.8320	157.28	4442.76	1537.0	-1.0	1379.7	-4444.7	-1.0000	-1.0000	0.00168	-0.06197	3.552	0.002000	80000.000000	80000.000000	0.0000	0.0000	0.0000	0.0000
9.8340	155.63	4442.06	1537.0	-1.0	1381.3	-4444.0	-0.1460	-1.0000	0.00168	-0.06197	3.552	0.002000	80000.000000	80000.000000	0.0000	0.0000	0.0000	0.0000
9.8360	153.99	4441.37	1537.0	-1.0	1383.0	-4443.3	-1.0000	-1.0000	0.00168	-0.06197	3.552	0.002000	80000.000000	80000.000000	0.0000	0.0000	0.0000	0.0000
9.8380	152.34	4440.67	1537.0	-1.0	1384.6	-4442.6	-0.1329	-1.0000	0.00168	-0.06197	3.552	0.002000	80000.000000	80000.000000	0.0000	0.0000	0.0000	0.0000
9.8400	150.69	4439.98	1537.0	-1.0	1386.3	-4441.9	-1.0000	-1.0000	0.00168	-0.06197	3.552	0.002000	80000.000000	80000.000000	0.0000	0.0000	0.0000	0.0000
9.8420	149.04	4439.28	1537.0	-1.0	1387.9	-4441.2	-0.1197	-1.0000	0.00168	-0.06197	3.552	0.002000	80000.000000	80000.000000	0.0000	0.0000	0.0000	0.0000
9.8440	147.39	4438.58	1537.0	-1.0	1389.6	-4440.5	-1.0000	-1.0000	0.00168	-0.06197	3.552	0.002000	80000.000000	80000.000000	0.0000	0.0000	0.0000	0.0000
9.8460	145.75	4437.89	1537.0	-1.0	1391.2	-4439.8	-0.1065	-1.0000	0.00168	-0.06197	3.552	0.002000	80000.000000	80000.000000	0.0000	0.0000	0.0000	0.0000
9.8480	144.10	4437.19	1537.0	-1.0	1392.9	-4439.1	-1.0000	-1.0000	0.00168	-0.06197	3.552	0.002000	80000.000000	80000.000000	0.0000	0.0000	0.0000	0.0000
9.8500	143.45	4436.49	1538.0	-1.0	1394.5	-4438.4	-0.0983	-1.0000	0.00168	-0.06201	3.554	0.002000	80000.000000	80000.000000	0.0000	0.0000	0.0000	0.0000
9.8520	141.81	4435.79	1538.0	-1.0	1396.2	-4437.7	-1.0000	-1.0000	0.00168	-0.06201	3.554	0.002000	80000.000000	80000.000000	0.0000	0.0000	0.0000	0.0000
9.8540	140.16	4435.09	1538.0	-1.0	1397.8	-4437.0	-0.0852	-1.0000	0.00168	-0.06201	3.554	0.002000	80000.000000	80000.000000	0.0000	0.0000	0.0000	0.0000
9.8560	138.52	4434.39	1538.0	-1.0	1399.5	-4436.3	-1.0000	-1.0000	0.00168	-0.06201	3.554	0.002000	80000.000000	80000.000000	0.0000	0.0000	0.0000	0.0000
9.8580	136.87	4433.69	1538.0	-1.0	1401.1	-4435.6	-0.0720	-1.0000	0.00168	-0.06201	3.554	0.002000	80000.000000	80000.000000	0.0000	0.0000	0.0000	0.0000
9.8600	135.22	4432.99	1538.0	-1.0	1402.7	-4434.9	-1.0000	-1.0000	0.00168	-0.06201	3.554	0.002000	80000.000000	80000.000000	0.0000	0.0000	0.0000	0.0000
9.8620	133.58	4432.28	1538.0	-1.0	1404.4	-4434.2	-0.0589	-1.0000	0.00168	-0.06201	3.554	0.002000	80000.000000	80000.000000	0.0000	0.0000	0.0000	0.0000
9.8640	131.93	4431.58	1538.0	-1.0	1406.0	-4433.5	-1.0000	-1.0000	0.00168	-0.06201	3.554	0.002000	80000.000000	80000.000000	0.0000	0.0000	0.0000	0.0000
9.8660	130.29	4430.88	1538.0	-1.0	1407.7	-4432.8	-0.0457	-1.0000	0.00168	-0.06201	3.554	0.002000	80000.000000	80000.000000	0.0000	0.0000	0.0000	0.0000
9.8680	128.65	4430.17	1538.0	-1.0	1409.3	-4432.1	-1.0000	-1.0000	0.00168	-0.06201	3.554	0.002000	80000.000000	80000.000000	0.0000	0.0000	0.0000	0.0000
9.8700	127.00	4429.47	1538.0	-1.0	1411.0	-4431.4	-0.0326	-1.0000	0.00168	-0.06201	3.554	0.002000	80000.000000	80000.000000	0.0000	0.0000	0.0000	0.0000
9.8720	125.36	4428.76	1538.0	-1.0	1412.6	-4430.7	-1.0000	-1.0000	0.00168	-0.06201	3.554	0.002000	80000.000000	80000.000000	0.0000	0.0000	0.0000	0.0000
9.8740	123.72	4428.05	1538.0	-1.0	1414.3	-4430.0	-0.0194	-1.0000	0.00168	-0.06201	3.554	0.002000	80000.000000	80000.000000	0.0000	0.0000	0.0000	0.0000
9.8760	122.07	4427.34	1538.0	-1.0	1415.9	-4429.3	-1.0000	-1.0000	0.00168	-0.06201	3.554	0.002000	80000.000000	80000.000000	0.0000	0.0000	0.0000	0.0000
9.8780	120.43	4426.64	1538.0	-1.0	1417.5	-4428.5	-0.0063	-1.0000	0.00168	-0.06201	3.554	0.002000	80000.000000	80000.000000	0.0000	0.0000	0.0000	0.0000
9.8800	118.79	4425.93	1538.0	-1.0	1419.2	-4427.8	-1.0000	-1.0000	0.00168	-0.06201	3.554	0.002000	80000.000000	80000.000000	0.0000	0.0000	0.0000	0.0000
9.8820	117.15	4425.22	1538.0	-1.0	1420.8	-4427.1	0.0068	-1.0000	0.00168	-0.06201	3.554	0.002000	80000.000000	80000.000000	0.0000	0.0000	0.0000	0.0000
9.8840	115.50	4424.51	1538.0	-1.0	1422.5	-4426.4	-1.0000	-1.0000	0.00168	-0.06201	3.554	0.002000	80000.000000	80000.000000	0.0000	0.0000	0.0000	0.0000
9.8860	113.86	4423.80	1538.0	-1.0	1424.1	-4425.7	0.0200	-1.0000	0.00168	-0.06201	3.554	0.002000	80000.000000	80000.000000	0.0000	0.0000	0.0000	0.0000
9.8880	112.22	4423.09	1538.0	-1.0	1425.8	-4425.0	-1.0000	-1.0000	0.00168	-0.06201	3.554	0.002000	80000.000000	80000.000000	0.0000	0.0000	0.0000	0.0000
9.8900	110.58	4422.37	1538.0	-1.0	1427.4	-4424.3	0.0331	-1.0000	0.00168	-0.06201	3.554	0.002000	80000.000000	80000.000000	0.0000	0.0000	0.0000	0.0000
9.8920	108.94	4421.66	1538.0	-1.0	1429.0	-4423.6	-1.0000	-1.0000	0.00168	-0.06201	3.554	0.002000	80000.000000	80000.000000	0.0000	0.0000	0.0000	0.0000
9.8940	107.30	4420.95	1538.0	-1.0	1430.7	-4422.8	0.0462	-1.0000	0.00168	-0.06201	3.554	0.002000	80000.000000	80000.000000	0.0000	0.0000	0.0000	0.0000
9.8960	105.66	4420.23	1538.0	-1.0	1432.3	-4422.1	-1.0000	-1.0000	0.00168	-0.06201	3.554	0.002000	80000.000000	80000.000000	0.0000	0.0000	0.0000	0.0000
9.8980	104.02	4419.52	1538.0	-1.0	1434.0	-4421.4	0.0593	-1.0000	0.00168	-0.06201	3.554	0.002000	80000.000000	80000.000000	0.0000	0.0000	0.0000	0.0000
9.9000	102.38	4418.80	1538.0	-1.0	1435.6	-4420.7	-1.0000	-1.0000	0.00168	-0.06201	3.554	0.002000	80000.000000	80000.000000	0.0000	0.0000	0.0000	0.0000
9.9020	100.74	4418.09	1538.0	-1.0	1437.2	-4420.0	0.0724	-1.0000	0.00168	-0.06201	3.554	0.002000	80000.000000	80000.000000	0.0000	0.0000	0.0000	0.0000
9.9040	99.10	4417.37	1538.0	-1.0	1438.9	-4419.3	-1.0000	-1.0000	0.00168	-0.06201	3.554	0.002000	80000.000000	80000.000000	0.0000	0.0000	0.0000	0.0000
9.9060	97.47	4416.65	1538.0	-1.0	1440.5	-4418.5	0.0855	-1.0000	0.00168	-0.06201	3.554	0.002000	80000.000000	80000.000000	0.0000	0.0000	0.0000	0.0000
9.9080	95.83	4415.94	1538.0	-1.0	1442.2	-4417.8	-1.0000	-1.0000	0.00168	-0.06201	3.554	0.002000	80000.000000	80000.000000	0.0000	0.0000	0.0000	0.0000
9.9100	94.19	4415.22	1538.0	-1.0	1443.8	-4417.1	0.0986	-1.0000	0.00168	-0.06201	3.554	0.002000	80000.000000	80000.000000	0.0000	0.0000	0.0000	0.0000
9.9120	92.55	4414.50	1538.0	-1.0	1445.4	-4416.4	-1.0000	-1.0000	0.00168	-0.06201	3.554	0.002000	80000.000000	80000.000000	0.0000	0.0000	0.0000	0.0000
9.9140	90.92	4413.78	1538.0	-1.0	1447.1	-4415.7	0.1117	-1.0000	0.00168	-0.06201	3.554	0.002000	80000.000000	80000.000000	0.0000	0.0000	0.0000	0.0000
9.9160	89.28	4413.06	1538.0	-1.0	1448.7	-4414.9	-1.0000	-1.0000	0.00168	-0.06201	3.554	0.002000	80000.000000	80000.000000	0.0000	0.0000	0.0000	0.0000
9.9180	87.64	4412.34	1538.0	-1.0	1450.3	-4414.2	0.1248	-1.0000	0.00168	-0.06201	3.554	0.002000	80000.000000	80000.000000	0.0000	0.0000	0.0000	0.0000
9.9200	86.01	4411.61	1538.0	-1.0	1452.0	-4413.5	-1.0000	-1.0000	0.00168	-0.06201	3.554	0.002000	80000.000000	80000.000000	0.0000	0.0000	0.0000	0.0000
9.9220	84.37	4410.89	1538.0	-1.0	1453.6	-4412.8	0.1379	-1.0000	0.00168	-0.06201	3.554	0.002000	80000.000000	80000.000000	0.0000	0.0000	0.0000	0.0000
9.9240	82.73	4410.17	1538.0	-1.0	1455.3	-4412.0	-1.0000	-1.0000	0.00168	-0.06201	3.554	0.002000	80000.000000	80000.000000	0.0000	0.0000	0.0000	0.0000
9.9260	81.10	4409.44	1538.0	-1.0	1456.9	-4411.3	0.1510	-1.0000	0.00168	-0.06201	3.554	0.002000	80000.000000	80000.000000	0.0000	0.0000	0.0000	0.0000
9.9280	79.46	4408.72	1538.0	-1.0	1458.5	-4410.6	-1.0000	-1.0000	0.00168	-0.06201	3.554	0.002000	80000.000000	80000.000000	0.0000	0.0000	0.0000	0.0000
9.9300	77.83	4407.99	1538.0	-1.0	1460.2	-4409.9	0.1641	-1.0000	0.00168	-0.06201	3.554	0.002000	80000.000000	80000.000000	0.0000	0.0000	0.0000	0.0000
9.9320	76.19	4407.27	1538.0	-1.0	1461.8	-4409.1	-1.0000	-1.0000	0.00168	-0.06201	3.554	0.002000	80000.000000	80000.000000	0.0000	0.0000	0.0000	0.0000
9.9340	74.56	4406.54	1538.0	-1.0	1463.4	-4408.4	0.1771	-1.0000	0.00168	-0.06201	3.554	0.002000	80000.000000	80000.000000	0.0000	0.0000	0.0000	0.0000
9.9360	72.93	4405.81	1538.0	-1.0	1465.1	-4407.7	-1.0000	-1.0000	0.00168	-0.06201	3.554	0.002000	80000.000000	80000.000000	0.0000	0.0000	0.0000	0.0000
9.9380	71.29	4405.09	1538.0	-1.0	1466.7	-4406.9	0.1902	-1.0000	0.00168	-0.06201	3.554	0.002000	80000.000000	80000.000000	0.0000	0.0000	0.0000	0.0000
9.9400	69.66	4404.36	1538.0	-1.0	1468.3	-4406.2	-1.0000	-1.0000	0.00168	-0.06201	3.554	0.002000	80000.000000	80000.000000	0.0000	0.0000	0.0000	0.0000
9.9420	68.03	4403.63	1538.0	-1.0	1470.0	-4405.5	0.2033	-1.0000	0.00168	-0.06201	3.554	0.002000	80000.000000	80000.000000	0.0000	0.0000	0.0000	0.0000
9.9440	66.39	4402.90	1538.0	-1.0	1471.6	-4404.7	-1.0000	-1.0000	0.00168	-0.06201	3.554	0.002000	80000.000000	80000.000000	0.0000	0.0000	0.0000	0.0000
9.9460	64.76	4402.17	1538.0	-1.0	1473.2	-4404.0	0.2163	-1.0000	0.00168	-0.06201	3.554	0.002000	80000.000000	80000.000000	0.0000	0.0000	0.0000	0.0000
9.9480	63.13	4401.44	1538.0	-1.0	1474.9	-4403.3	-1.0000	-1.0000	0.00168	-0.06201	3.554	0.002000	80000.000000	80000.000000	0.0000	0.0000	0.0000	0.0000
9.9500	61.50	4400.71	1538.0	-1.0	1476.5	-4402.5	0.2294	-1.0000	0.00168	-0.06201	3.554	0.002000	80000.000000	80000.000000	0.0000	0.0000	0.0000	0.0000
9.9520	59.86	4399.97	1538.0	-1.0	1478.1	-4401.8	-1.0000	-1.0000	0.00168	-0.06201	3.554	0.002000	80000.000000	80000.000000	0.0000	0.0000	0.0000	0.0000
9.9540	58.23	4399.24	1538.0	-1.0	1479.8	-4401.1	0.2424	-1.0000	0.00168	-0.06201	3.554	0.002000	80000.000000	80000.000000	0.0000	0.0000	0.0000	0.0000
9.9560	56.60	4398.51	1538.0	-1.0	1481.4	-4400.3	-1.0000	-1.0000	0.00168	-0.06201	3.554	0.002000	80000.000000	80000.000000	0.0000	0.0000	0.0000	0.0000
9.9580	54.97	4397.77	1538.0	-1.0	1483.0	-4399.6	0.2555	-1.0000	0.00168	-0.06201	3.554	0.002000	80000.000000	80000.000000	0.0000	0.0000	0.0000	0.0000
9.9600	53.34	4397.04	1538.0	-1.0	1484.6	-4398.9	-1.0000	-1.0000	0.00168	-0.06201	3.554	0.002000	80000.000000	80000.000000	0.0000	0.0000	0.0000	0.0000
9.9620	51.71	4396.30	1538.0	-1.0	1486.3	-4398.1	0.2685	-1.0000	0.00168	-0.06201	3.554	0.002000	80000.000000	80000.000000	0.0000	0.0000	0.0000	0.0000
9.9640	50.08	4395.56	1538.0	-1.0	1487.9	-4397.4	-0.9974	-1.0000	0.00168	-0.06201	3.554	0.002000	80000.000000	80000.000000	0.0000	0.0000	0.0000	0.0000
9.9660	48.45	4394.83	1538.0	-1.0	1489.5	-4396.7	0.2815	-1.0000	0.00168	-0.06201	3.554	0.002000	80000.000000	80000.000000	0.0000	0.0000	0.0000	0.0000
9.9680	46.82	4394.09	1538.0	-1.0	1491.2	-4395.9	-0.9844	-1.0000	0.00168	-0.06201	3.554	0.002000	80000.000000	80000.000000	0.0000	0.0000	0.0000	0.0000
9.9700	45.19	4393.35	1538.0	-1.0	1492.8	-4395.2	0.2946	-1.0000	0.00168	-0.06201	3.554	0.002000	80000.000000	80000.000000	0.0000	0.0000	0.0000	0.0000
9.9720	43.57	4392.61	1538.0	-1.0	1494.4	-4394.4	-0.9714	-1.0000	0.00168	-0.06201	3.554	0.002000	80000.000000	80000.000000	0.0000	0.0000	0.0000	0.0000
9.9740	41.94	4391.87	1538.0	-1.0	1496.1	-4393.7	0.3076	-1.0000	0.00168	-0.06201	3.554	0.002000	80000.000000	80000.000000	0.0000	0.0000	0.0000	0.0000
9.9760	40.31	4391.13	1538.0	-1.0	1497.7	-4392.9	-0.9584	-1.0000	0.00168	-0.06201	3.554	0.002000	80000.000000	80000.000000	0.0000	0.0000	0.0000	0.0000
9.9780	38.68	4390.39	1538.0	-1.0	1499.3	-4392.2	0.3206	-1.0000	0.00168	-0.06201	3.554	0.002000	80000.000000	80000.000000	0.0000	0.0000	0.0000	0.0000
9.9800	37.05	4389.65	1538.0	-1.0	1500.9	-4391.5	-0.9453	-1.0000	0.00168	-0.06201	3.554	0.002000	80000.000000	80000.000000	0.0000	0.0000	0.0000	0.0000
9.9820	35.43	4388.91	1538.0	-1.0	1502.6	-4390.7	0.3336	-1.0000	0.00168	-0.06201	3.554	0.002000	80000.000000	80000.000000	0.0000	0.0000	0.0000	0.0000
9.9840	34.80	4388.16	1539.0	-1.0	1504.2	-4390.0	-0.9373	-1.0000	0.00168	-0.06206	3.557	0.002000	80000.000000	80000.000000	0.0000	0.0000	0.0000	0.0000
9.9860	33.17	4387.42	1539.0	-1.0	1505.8	-4389.2	0.3436	-1.0000	0.00168	-0.06206	3.557	0.002000	80000.000000	80000.000000	0.0000	0.0000	0.0000	0.0000
9.9880	31.55	4386.68	1539.0	-1.0	1507.4	-4388.5	-0.9243	-1.0000	0.00168	-0.06206	3.557	0.002000	80000.000000	80000.000000	0.0000	0.0000	0.0000	0.0000
9.9900	29.92	4385.93	1539.0	-1.0	1509.1	-4387.7	0.3566	-1.0000	0.00168	-0.06206	3.557	0.002000	80000.000000	80000.000000	0.0000	0.0000	0.0000	0.0000
9.9920	28.30	4385.19	1539.0	-1.0	1510.7	-4387.0	-0.9113	-1.0000	0.00168	-0.06206	3.557	0.002000	80000.000000	80000.000000	0.0000	0.0000	0.0000	0.0000
9.9940	26.67	4384.44	1539.0	-1.0	1512.3	-4386.2	0.3696	-1.0000	0.00168	-0.06206	3.557	0.002000	80000.000000	80000.000000	0.0000	0.0000	0.0000	0.0000
9.9960	25.05	4383.69	1539.0	-1.0	1513.9	-4385.5	-0.8983	-1.0000	0.00168	-0.06206	3.557	0.002000	80000.000000	80000.000000	0.0000	0.0000	0.0000	0.0000
9.9980	23.42	4382.94	1539.0	-1.0	1515.6	-4384.7	0.3826	-1.0000	0.00168	-0.06206	3.557	0.002000	80000.000000	80000.000000	0.0000	0.0000	0.0000	0.0000
10.0000	21.80	4382.20	1539.0	-1.0	1517.2	-4384.0	-0.8853	-1.0000	0.00168	-0.06206	3.557	0.002000	80000.000000	80000.000000	0.0000	0.0000	0.0000	0.0000
10.0020	20.18	4381.45	1539.0	-1.0	1518.8	-4383.2	0.3956	-1.0000	0.00168	-0.06206	3.557	0.002000	80000.000000	80000.000000	0.0000	0.0000	0.0000	0.0000
10.0040	68.54	4380.70	1589.0	-1.0	1520.4	-4382.5	-1.0000	-1.0000	0.00180	-0.06413	3.676	0.002000	80000.000000	80000.000000	0.0000	0.0000	0.0000	0.0000
10.0060	66.92	4379.95	1589.0	-1.0	1522.1	-4381.7	0.2586	-1.0000	0.00180	-0.06413	3.676	0.002000	80000.000000	80000.000000	0.0000	0.0000	0.0000	0.0000
10.0080	65.30	4379.20	1589.0	-1.0	1523.7	-4381.0	-1.0000	-1.0000	0.00180	-0.06413	3.676	0.002000	80000.000000	80000.000000	0.0000	0.0000	0.0000	0.0000
10.0100	63.67	4378.45	1589.0	-1.0	1525.3	-4380.2	0.2716	-1.0000	0.00180	-0.06413	3.676	0.002000	80000.000000	80000.000000	0.0000	0.0000	0.0000	0.0000
10.0120	62.05	4377.69	1589.0	-1.0	1526.9	-4379.5	-1.0000	-1.0000	0.00180	-0.06413	3.676	0.002000	80000.000000	80000.000000	0.0000	0.0000	0.0000	0.0000
10.0140	60.43	4376.94	1589.0	-1.0	1528.6	-4378.7	0.2846	-1.0000	0.00180	-0.06413	3.676	0.002000	80000.000000	80000.000000	0.0000	0.0000	0.0000	0.0000
10.0160	58.81	4376.19	1589.0	-1.0	1530.2	-4378.0	-1.0000	-1.0000	0.00180	-0.06413	3.676	0.002000	80000.000000	80000.000000	0.0000	0.0000	0.0000	0.0000
10.0180	57.19	4375.43	1589.0	-1.0	1531.8	-4377.2	0.2976	-1.0000	0.00180	-0.06413	3.676	0.002000	80000.000000	80000.000000	0.0000	0.0000	0.0000	0.0000
10.0200	55.57	4374.68	1589.0	-1.0	1533.4	-4376.5	-1.0000	-1.0000	0.00180	-0.06413	3.676	0.002000	80000.000000	80000.000000	0.0000	0.0000	0.0000	0.0000
10.0220	53.94	4373.92	1589.0	-1.0	1535.0	-4375.7	0.3105	-1.0000	0.00180	-0.06413	3.676	0.002000	80000.000000	80000.000000	0.0000	0.0000	0.0000	0.0000
10.0240	53.32	4373.17	1590.0	-1.0	1536.7	-4374.9	-1.0000	-1.0000	0.00180	-0.06417	3.678	0.002000	80000.000000	80000.000000	0.0000	0.0000	0.0000	0.0000
10.0260	51.70	4372.41	1590.0	-1.0	1538.3	-4374.2	0.3205	-1.0000	0.00180	-0.06417	3.678	0.002000	80000.000000	80000.000000	0.0000	0.0000	0.0000	0.0000
10.0280	50.08	4371.65	1590.0	-1.0	1539.9	-4373.4	-1.0000	-1.0000	0.00180	-0.06417	3.678	0.002000	80000.000000	80000.000000	0.0000	0.0000	0.0000	0.0000
10.0300	48.46	4370.90	1590.0	-1.0	1541.5	-4372.7	0.3334	-1.0000	0.00180	-0.06417	3.678	0.002000	80000.000000	80000.000000	0.0000	0.0000	0.0000	0.0000
10.0320	46.85	4370.14	1590.0	-1.0	1543.1	-4371.9	-1.0000	-1.0000	0.00180	-0.06417	3.678	0.002000	80000.000000	80000.000000	0.0000	0.0000	0.0000	0.0000
10.0340	45.23	4369.38	1590.0	-1.0	1544.8	-4371.1	0.3464	-1.0000	0.00180	-0.06417	3.678	0.002000	80000.000000	80000.000000	0.0000	0.0000	0.0000	0.0000
10.0360	43.61	4368.62	1590.0	-1.0	1546.4	-4370.4	-1.0000	-1.0000	0.00180	-0.06417	3.678	0.002000	80000.000000	80000.000000	0.0000	0.0000	0.0000	0.0000
10.0380	41.99	4367.86	1590.0	-1.0	1548.0	-4369.6	0.3593	-1.0000	0.00180	-0.06417	3.678	0.002000	80000.000000	80000.000000	0.0000	0.0000	0.0000	0.0000
10.0400	41.37	4367.10	1591.0	-1.0	1549.6	-4368.9	-1.0000	-1.0000	0.00181	-0.06422	3.681	0.002000	80000.000000	80000.000000	0.0000	0.0000	0.0000	0.0000
10.0420	39.75	4366.33	1591.0	-1.0	1551.2	-4368.1	0.3693	-1.0000	0.00181	-0.06422	3.681	0.002000	80000.000000	80000.000000	0.0000	0.0000	0.0000	0.0000
10.0440	38.14	4365.57	1591.0	-1.0	1552.9	-4367.3	-1.0000	-1.0000	0.00181	-0.06422	3.681	0.002000	80000.000000	80000.000000	0.0000	0.0000	0.0000	0.0000
10.0460	36.52	4364.81	1591.0	-1.0	1554.5	-4366.6	0.3822	-1.0000	0.00181	-0.06422	3.681	0.002000	80000.000000	80000.000000	0.0000	0.0000	0.0000	0.0000
10.0480	76.90	4364.04	1633.0	-1.0	1556.1	-4365.8	-1.0000	-1.0000	0.00191	-0.06597	3.781	0.002000	80000.000000	80000.000000	0.0000	0.0000	0.0000	0.0000
10.0500	74.28	4363.28	1632.0	-1.0	1557.7	-4365.0	0.2742	-1.0000	0.00191	-0.06592	3.779	0.002000	80000.000000	80000.000000	0.0000	0.0000	0.0000	0.0000
10.0520	73.66	4362.51	1633.0	-1.0	1559.3	-4364.3	-1.0000	-1.0000	0.00191	-0.06597	3.781	0.002000	80000.000000	80000.000000	0.0000	0.0000	0.0000	0.0000
10.0540	72.05	4361.75	1633.0	-1.0	1560.9	-4363.5	0.2841	-1.0000	0.00191	-0.06597	3.781	0.002000	80000.000000	80000.000000	0.0000	0.0000	0.0000	0.0000
10.0560	70.43	4360.98	1633.0	-1.0	1562.6	-4362.7	-1.0000	-1.0000	0.00191	-0.06597	3.781	0.002000	80000.000000	80000.000000	0.0000	0.0000	0.0000	0.0000
10.0580	68.82	4360.22	1633.0	-1.0	1564.2	-4362.0	0.2970	-1.0000	0.00191	-0.06597	3.781	0.002000	80000.000000	80000.000000	0.0000	0.0000	0.0000	0.0000
10.0600	67.20	4359.45	1633.0	-1.0	1565.8	-4361.2	-1.0000	-1.0000	0.00191	-0.06597	3.781	0.002000	80000.000000	80000.000000	0.0000	0.0000	0.0000	0.0000
10.0620	65.59	4358.68	1633.0	-1.0	1567.4	-4360.4	0.3099	-1.0000	0.00191	-0.06597	3.781	0.002000	80000.000000	80000.000000	0.0000	0.0000	0.0000	0.0000
10.0640	63.97	4357.91	1633.0	-1.0	1569.0	-4359.7	-1.0000	-1.0000	0.00191	-0.06597	3.781	0.002000	80000.000000	80000.000000	0.0000	0.0000	0.0000	0.0000
10.0660	63.36	4357.14	1634.0	-1.0	1570.6	-4358.9	0.3178	-1.0000	0.00191	-0.06601	3.784	0.002000	80000.000000	80000.000000	0.0000	0.0000	0.0000	0.0000
10.0680	61.75	4356.37	1634.0	-1.0	1572.2	-4358.1	-1.0000	-1.0000	0.00191	-0.06601	3.784	0.002000	80000.000000	80000.000000	0.0000	0.0000	0.0000	0.0000
10.0700	60.13	4355.60	1634.0	-1.0	1573.9	-4357.3	0.3307	-1.0000	0.00191	-0.06601	3.784	0.002000	80000.000000	80000.000000	0.0000	0.0000	0.0000	0.0000
10.0720	58.52	4354.83	1634.0	-1.0	1575.5	-4356.6	-1.0000	-1.0000	0.00191	-0.06601	3.784	0.002000	80000.000000	80000.000000	0.0000	0.0000	0.0000	0.0000
10.0740	56.91	4354.06	1634.0	-1.0	1577.1	-4355.8	0.3436	-1.0000	0.00191	-0.06601	3.784	0.002000	80000.000000	80000.000000	0.0000	0.0000	0.0000	0.0000
10.0760	56.30	4353.28	1635.0	-1.0	1578.7	-4355.0	-1.0000	-1.0000	0.00191	-0.06605	3.786	0.002000	80000.000000	80000.000000	0.0000	0.0000	0.0000	0.0000
10.0780	54.68	4352.51	1635.0	-1.0	1580.3	-4354.2	0.3535	-1.0000	0.00191	-0.06605	3.786	0.002000	80000.000000	80000.000000	0.0000	0.0000	0.0000	0.0000
10.0800	53.07	4351.73	1635.0	-1.0	1581.9	-4353.5	-1.0000	-1.0000	0.00191	-0.06605	3.786	0.002000	80000.000000	80000.000000	0.0000	0.0000	0.0000	0.0000
10.0820	51.46	4350.96	1635.0	-1.0	1583.5	-4352.7	0.3664	-1.0000	0.00191	-0.06605	3.786	0.002000	80000.000000	80000.000000	0.0000	0.0000	0.0000	0.0000
10.0840	49.85	4350.18	1635.0	-1.0	1585.1	-4351.9	-1.0000	-1.0000	0.00191	-0.06605	3.786	0.002000	80000.000000	80000.000000	0.0000	0.0000	0.0000	0.0000
10.0860	73.23	4349.41	1660.0	-1.0	1586.8	-4351.1	0.2543	-1.0000	0.00198	-0.06709	3.846	0.002000	80000.000000	80000.000000	0.0000	0.0000	0.0000	0.0000
10.0880	96.62	4348.63	1685.0	-1.0	1588.4	-4350.4	-1.0000	-1.0000	0.00204	-0.06814	3.906	0.002000	80000.000000	80000.000000	0.0000	0.0000	0.0000	0.0000
10.0900	95.01	4347.85	1685.0	-1.0	1590.0	-4349.6	0.1922	-1.0000	0.00204	-0.06814	3.906	0.002000	80000.000000	80000.000000	0.0000	0.0000	0.0000	0.0000
10.0920	93.40	4347.08	1685.0	-1.0	1591.6	-4348.8	-1.0000	-1.0000	0.00204	-0.06814	3.906	0.002000	80000.000000	80000.000000	0.0000	0.0000	0.0000	0.0000
10.0940	91.79	4346.30	1685.0	-1.0	1593.2	-4348.0	0.2051	-1.0000	0.00204	-0.06814	3.906	0.002000	80000.000000	80000.000000	0.0000	0.0000	0.0000	0.0000
10.0960	90.18	4345.52	1685.0	-1.0	1594.8	-4347.2	-1.0000	-1.0000	0.00204	-0.06814	3.906	0.002000	80000.000000	80000.000000	0.0000	0.0000	0.0000	0.0000
10.0980	88.57	4344.74	1685.0	-1.0	1596.4	-4346.5	0.2179	-1.0000	0.00204	-0.06814	3.906	0.002000	80000.000000	80000.000000	0.0000	0.0000	0.0000	0.0000
10.1000	86.97	4343.96	1685.0	-1.0	1598.0	-4345.7	-1.0000	-1.0000	0.00204	-0.06814	3.906	0.002000	80000.000000	80000.000000	0.0000	0.0000	0.0000	0.0000
10.1020	85.36	4343.18	1685.0	-1.0	1599.6	-4344.9	0.2308	-1.0000	0.00204	-0.06814	3.906	0.002000	80000.000000	80000.000000	0.0000	0.0000	0.0000	0.0000
10.1040	84.75	4342.39	1686.0	-1.0	1601.2	-4344.1	-1.0000	-1.0000	0.00204	-0.06818	3.908	0.002000	80000.000000	80000.000000	0.0000	0.0000	0.0000	0.0000
10.1060	83.14	4341.61	1686.0	-1.0	1602.8	-4343.3	0.2407	-1.0000	0.00204	-0.06818	3.908	0.002000	80000.000000	80000.000000	0.0000	0.0000	0.0000	0.0000
10.1080	81.54	4340.83	1686.0	-1.0	1604.5	-4342.5	-1.0000	-1.0000	0.00204	-0.06818	3.908	0.002000	80000.000000	80000.000000	0.0000	0.0000	0.0000	0.0000
10.1100	79.93	4340.04	1686.0	-1.0	1606.1	-4341.8	0.2535	-1.0000	0.00204	-0.06818	3.908	0.002000	80000.000000	80000.000000	0.0000	0.0000	0.0000	0.0000
10.1120	78.32	4339.26	1686.0	-1.0	1607.7	-4341.0	-1.0000	-1.0000	0.00204	-0.06818	3.908	0.002000	80000.000000	80000.000000	0.0000	0.0000	0.0000	0.0000
10.1140	76.72	4338.47	1686.0	-1.0	1609.3	-4340.2	0.2664	-1.0000	0.00204	-0.06818	3.908	0.002000	80000.000000	80000.000000	0.0000	0.0000	0.0000	0.0000
10.1160	76.11	4337.69	1687.0	-1.0	1610.9	-4339.4	-1.0000	-1.0000	0.00204	-0.06822	3.910	0.002000	80000.000000	80000.000000	0.0000	0.0000	0.0000	0.0000
10.1180	74.50	4336.90	1687.0	-1.0	1612.5	-4338.6	0.2762	-1.0000	0.00204	-0.06822	3.910	0.002000	80000.000000	80000.000000	0.0000	0.0000	0.0000	0.0000
10.1200	72.90	4336.11	1687.0	-1.0	1614.1	-4337.8	-1.0000	-1.0000	0.00204	-0.06822	3.910	0.002000	80000.000000	80000.000000	0.0000	0.0000	0.0000	0.0000
10.1220	71.29	4335.33	1687.0	-1.0	1615.7	-4337.0	0.2890	-1.0000	0.00204	-0.06822	3.910	0.002000	80000.000000	80000.000000	0.0000	0.0000	0.0000	0.0000
10.1240	69.69	4334.54	1687.0	-1.0	1617.3	-4336.2	-1.0000	-1.0000	0.00204	-0.06822	3.910	0.002000	80000.000000	80000.000000	0.0000	0.0000	0.0000	0.0000
10.1260	158.07	4333.75	1777.0	-1.0	1618.9	-4335.4	-0.1481	-1.0000	0.00228	-0.07199	4.127	0.002000	80000.000000	80000.000000	0.0000	0.0000	0.0000	0.0000
10.1280	156.47	4332.96	1777.0	-1.0	1620.5	-4334.7	-1.0000	-1.0000	0.00228	-0.07199	4.127	0.002000	80000.000000	80000.000000	0.0000	0.0000	0.0000	0.0000
10.1300	154.86	4332.17	1777.0	-1.0	1622.1	-4333.9	-0.1352	-1.0000	0.00228	-0.07199	4.127	0.002000	80000.000000	80000.000000	0.0000	0.0000	0.0000	0.0000
10.1320	153.26	4331.38	1777.0	-1.0	1623.7	-4333.1	-1.0000	-1.0000	0.00228	-0.07199	4.127	0.002000	80000.000000	80000.000000	0.0000	0.0000	0.0000	0.0000
10.1340	151.66	4330.59	1777.0	-1.0	1625.3	-4332.3	-0.1224	-1.0000	0.00228	-0.07199	4.127	0.002000	80000.000000	80000.000000	0.0000	0.0000	0.0000	0.0000
10.1360	150.06	4329.79	1777.0	-1.0	1626.9	-4331.5	-1.0000	-1.0000	0.00228	-0.07199	4.127	0.002000	80000.000000	80000.000000	0.0000	0.0000	0.0000	0.0000
10.1380	148.45	4329.00	1777.0	-1.0	1628.5	-4330.7	-0.1096	-1.0000	0.00228	-0.07199	4.127	0.002000	80000.000000	80000.000000	0.0000	0.0000	0.0000	0.0000
10.1400	146.85	4328.21	1777.0	-1.0	1630.1	-4329.9	-1.0000	-1.0000	0.00228	-0.07199	4.127	0.002000	80000.000000	80000.000000	0.0000	0.0000	0.0000	0.0000
10.1420	145.25	4327.41	1777.0	-1.0	1631.7	-4329.1	-0.0968	-1.0000	0.00228	-0.07199	4.127	0.002000	80000.000000	80000.000000	0.0000	0.0000	0.0000	0.0000
10.1440	143.65	4326.62	1777.0	-1.0	1633.3	-4328.3	-1.0000	-1.0000	0.00228	-0.07199	4.127	0.002000	80000.000000	80000.000000	0.0000	0.0000	0.0000	0.0000
10.1460	142.05	4325.82	1777.0	-1.0	1634.9	-4327.5	-0.0840	-1.0000	0.00228	-0.07199	4.127	0.002000	80000.000000	80000.000000	0.0000	0.0000	0.0000	0.0000
10.1480	140.45	4325.03	1777.0	-1.0	1636.5	-4326.7	-1.0000	-1.0000	0.00228	-0.07199	4.127	0.002000	80000.000000	80000.000000	0.0000	0.0000	0.0000	0.0000
10.1500	139.85	4324.23	1778.0	-1.0	1638.1	-4325.9	-0.0762	-1.0000	0.00228	-0.07203	4.129	0.002000	80000.000000	80000.000000	0.0000	0.0000	0.0000	0.0000
10.1520	138.25	4323.43	1778.0	-1.0	1639.7	-4325.1	-1.0000	-1.0000	0.00228	-0.07203	4.129	0.002000	80000.000000	80000.000000	0.0000	0.0000	0.0000	0.0000
10.1540	136.65	4322.64	1778.0	-1.0	1641.3	-4324.3	-0.0634	-1.0000	0.00228	-0.07203	4.129	0.002000	80000.000000	80000.000000	0.0000	0.0000	0.0000	0.0000
10.1560	135.05	4321.84	1778.0	-1.0	1642.9	-4323.5	-1.0000	-1.0000	0.00228	-0.07203	4.129	0.002000	80000.000000	80000.000000	0.0000	0.0000	0.0000	0.0000
10.1580	133.45	4321.04	1778.0	-1.0	1644.5	-4322.7	-0.0506	-1.0000	0.00228	-0.07203	4.129	0.002000	80000.000000	80000.000000	0.0000	0.0000	0.0000	0.0000
10.1600	131.85	4320.24	1778.0	-1.0	1646.1	-4321.9	-1.0000	-1.0000	0.00228	-0.07203	4.129	0.002000	80000.000000	80000.000000	0.0000	0.0000	0.0000	0.0000
10.1620	130.25	4319.44	1778.0	-1.0	1647.7	-4321.1	-0.0378	-1.0000	0.00228	-0.07203	4.129	0.002000	80000.000000	80000.000000	0.0000	0.0000	0.0000	0.0000
10.1640	128.66	4318.64	1778.0	-1.0	1649.3	-4320.3	-1.0000	-1.0000	0.00228	-0.07203	4.129	0.002000	80000.000000	80000.000000	0.0000	0.0000	0.0000	0.0000
10.1660	128.06	4317.83	1779.0	-1.0	1650.9	-4319.5	-0.0301	-1.0000	0.00229	-0.07207	4.131	0.002000	80000.000000	80000.000000	0.0000	0.0000	0.0000	0.0000
10.1680	126.46	4317.03	1779.0	-1.0	1652.5	-4318.7	-1.0000	-1.0000	0.00229	-0.07207	4.131	0.002000	80000.000000	80000.000000	0.0000	0.0000	0.0000	0.0000
10.1700	124.86	4316.23	1779.0	-1.0	1654.1	-4317.9	-0.0173	-1.0000	0.00229	-0.07207	4.131	0.002000	80000.000000	80000.000000	0.0000	0.0000	0.0000	0.0000
10.1720	123.27	4315.42	1779.0	-1.0	1655.7	-4317.1	-1.0000	-1.0000	0.00229	-0.07207	4.131	0.002000	80000.000000	80000.000000	0.0000	0.0000	0.0000	0.0000
10.1740	121.67	4314.62	1779.0	-1.0	1657.3	-4316.3	-0.0045	-1.0000	0.00229	-0.07207	4.131	0.002000	80000.000000	80000.000000	0.0000	0.0000	0.0000	0.0000
10.1760	120.08	4313.81	1779.0	-1.0	1658.9	-4315.5	-1.0000	-1.0000	0.00229	-0.07207	4.131	0.002000	80000.000000	80000.000000	0.0000	0.0000	0.0000	0.0000
10.1780	118.48	4313.01	1779.0	-1.0	1660.5	-4314.7	0.0082	-1.0000	0.00229	-0.07207	4.131	0.002000	80000.000000	80000.000000	0.0000	0.0000	0.0000	0.0000
10.1800	116.89	4312.20	1779.0	-1.0	1662.1	-4313.9	-1.0000	-1.0000	0.00229	-0.07207	4.131	0.002000	80000.000000	80000.000000	0.0000	0.0000	0.0000	0.0000
10.1820	115.29	4311.40	1779.0	-1.0	1663.7	-4313.0	0.0210	-1.0000	0.00229	-0.07207	4.131	0.002000	80000.000000	80000.000000	0.0000	0.0000	0.0000	0.0000
10.1840	113.70	4310.59	1779.0	-1.0	1665.3	-4312.2	-1.0000	-1.0000	0.00229	-0.07207	4.131	0.002000	80000.000000	80000.000000	0.0000	0.0000	0.0000	0.0000
10.1860	246.08	4309.78	1913.0	-1.0	1666.9	-4311.4	-0.6362	-1.0000	0.00266	-0.07770	4.455	0.002000	80000.000000	80000.000000	0.0000	0.0000	0.0000	0.0000
10.1880	244.49	4308.97	1913.0	-1.0	1668.5	-4310.6	-1.0000	-1.0000	0.00266	-0.07770	4.455	0.002000	80000.000000	80000.000000	0.0000	0.0000	0.0000	0.0000
10.1900	242.89	4308.16	1913.0	-1.0	1670.1	-4309.8	-0.6234	-1.0000	0.00266	-0.07770	4.455	0.002000	80000.000000	80000.000000	0.0000	0.0000	0.0000	0.0000
10.1920	241.30	4307.35	1913.0	-1.0	1671.7	-4309.0	-1.0000	-1.0000	0.00266	-0.07770	4.455	0.002000	80000.000000	80000.000000	0.0000	0.0000	0.0000	0.0000
10.1940	239.71	4306.54	1913.0	-1.0	1673.3	-4308.2	-0.6107	-1.0000	0.00266	-0.07770	4.455	0.002000	80000.000000	80000.000000	0.0000	0.0000	0.0000	0.0000
10.1960	238.12	4305.73	1913.0	-1.0	1674.8	-4307.4	-1.0000	-1.0000	0.00266	-0.07770	4.455	0.002000	80000.000000	80000.000000	0.0000	0.0000	0.0000	0.0000
10.1980	236.52	4304.92	1913.0	-1.0	1676.4	-4306.6	-0.5980	-1.0000	0.00266	-0.07770	4.455	0.002000	80000.000000	80000.000000	0.0000	0.0000	0.0000	0.0000
10.2000	234.93	4304.10	1913.0	-1.0	1678.0	-4305.7	-1.0000	-1.0000	0.00266	-0.07770	4.455	0.002000	80000.000000	80000.000000	0.0000	0.0000	0.0000	0.0000
10.2020	233.34	4303.29	1913.0	-1.0	1679.6	-4304.9	-0.5852	-1.0000	0.00266	-0.07770	4.455	0.002000	80000.000000	80000.000000	0.0000	0.0000	0.0000	0.0000
10.2040	231.75	4302.48	1913.0	-1.0	1681.2	-4304.1	-1.0000	-1.0000	0.00266	-0.07770	4.455	0.002000	80000.000000	80000.000000	0.0000	0.0000	0.0000	0.0000
10.2060	230.16	4301.66	1913.0	-1.0	1682.8	-4303.3	-0.5725	-1.0000	0.00266	-0.07770	4.455	0.002000	80000.000000	80000.000000	0.0000	0.0000	0.0000	0.0000
10.2080	228.57	4300.85	1913.0	-1.0	1684.4	-4302.5	-1.0000	-1.0000	0.00266	-0.07770	4.455	0.002000	80000.000000	80000.000000	0.0000	0.0000	0.0000	0.0000
10.2100	226.98	4300.03	1913.0	-1.0	1686.0	-4301.7	-0.5598	-1.0000	0.00266	-0.07770	4.455	0.002000	80000.000000	80000.000000	0.0000	0.0000	0.0000	0.0000
10.2120	225.39	4299.21	1913.0	-1.0	1687.6	-4300.8	-1.0000	-1.0000	0.00266	-0.07770	4.455	0.002000	80000.000000	80000.000000	0.0000	0.0000	0.0000	0.0000
10.2140	223.80	4298.40	1913.0	-1.0	1689.2	-4300.0	-0.5471	-1.0000	0.00266	-0.07770	4.455	0.002000	80000.000000	80000.000000	0.0000	0.0000	0.0000	0.0000
10.2160	222.21	4297.58	1913.0	-1.0	1690.8	-4299.2	-1.0000	-1.0000	0.00266	-0.07770	4.455	0.002000	80000.000000	80000.000000	0.0000	0.0000	0.0000	0.0000
10.2180	220.62	4296.76	1913.0	-1.0	1692.3	-4298.4	-0.5344	-1.0000	0.00266	-0.07770	4.455	0.002000	80000.000000	80000.000000	0.0000	0.0000	0.0000	0.0000
10.2200	219.03	4295.94	1913.0	-1.0	1693.9	-4297.6	-1.0000	-1.0000	0.00266	-0.07770	4.455	0.002000	80000.000000	80000.000000	0.0000	0.0000	0.0000	0.0000
10.2220	217.44	4295.12	1913.0	-1.0	1695.5	-4296.7	-0.5217	-1.0000	0.00266	-0.07770	4.455	0.002000	80000.000000	80000.000000	0.0000	0.0000	0.0000	0.0000
10.2240	215.86	4294.30	1913.0	-1.0	1697.1	-4295.9	-1.0000	-1.0000	0.00266	-0.07770	4.455	0.002000	80000.000000	80000.000000	0.0000	0.0000	0.0000	0.0000
10.2260	214.27	4293.48	1913.0	-1.0	1698.7	-4295.1	-0.5090	-1.0000	0.00266	-0.07770	4.455	0.002000	80000.000000	80000.000000	0.0000	0.0000	0.0000	0.0000
10.2280	212.68	4292.66	1913.0	-1.0	1700.3	-4294.3	-1.0000	-1.0000	0.00266	-0.07770	4.455	0.002000	80000.000000	80000.000000	0.0000	0.0000	0.0000	0.0000
10.2300	211.09	4291.84	1913.0	-1.0	1701.9	-4293.5	-0.4963	-1.0000	0.00266	-0.07770	4.455	0.002000	80000.000000	80000.000000	0.0000	0.0000	0.0000	0.0000
10.2320	209.51	4291.01	1913.0	-1.0	1703.5	-4292.6	-1.0000	-1.0000	0.00266	-0.07770	4.455	0.002000	80000.000000	80000.000000	0.0000	0.0000	0.0000	0.0000
10.2340	207.92	4290.19	1913.0	-1.0	1705.0	-4291.8	-0.4836	-1.0000	0.00266	-0.07770	4.455	0.002000	80000.000000	80000.000000	0.0000	0.0000	0.0000	0.0000
10.2360	206.34	4289.36	1913.0	-1.0	1706.6	-4291.0	-1.0000	-1.0000	0.00266	-0.07770	4.455	0.002000	80000.000000	80000.000000	0.0000	0.0000	0.0000	0.0000
10.2380	204.75	4288.54	1913.0	-1.0	1708.2	-4290.2	-0.4710	-1.0000	0.00266	-0.07770	4.455	0.002000	80000.000000	80000.000000	0.0000	0.0000	0.0000	0.0000
10.2400	203.17	4287.71	1913.0	-1.0	1709.8	-4289.3	-1.0000	-1.0000	0.00266	-0.07770	4.455	0.002000	80000.000000	80000.000000	0.0000	0.0000	0.0000	0.0000
10.2420	201.58	4286.89	1913.0	-1.0	1711.4	-4288.5	-0.4583	-1.0000	0.00266	-0.07770	4.455	0.002000	80000.000000	80000.000000	0.0000	0.0000	0.0000	0.0000
10.2440	200.00	4286.06	1913.0	-1.0	1713.0	-4287.7	-1.0000	-1.0000	0.00266	-0.07770	4.455	0.002000	80000.000000	80000.000000	0.0000	0.0000	0.0000	0.0000
10.2460	198.41	4285.23	1913.0	-1.0	1714.6	-4286.8	-0.4456	-1.0000	0.00266	-0.07770	4.455	0.002000	80000.000000	80000.000000	0.0000	0.0000	0.0000	0.0000
10.2480	196.83	4284.41	1913.0	-1.0	1716.1	-4286.0	-1.0000	-1.0000	0.00266	-0.07770	4.455	0.002000	80000.000000	80000.000000	0.0000	0.0000	0.0000	0.0000
10.2500	195.25	4283.58	1913.0	-1.0	1717.7	-4285.2	-0.4330	-1.0000	0.00266	-0.07770	4.455	0.002000	80000.000000	80000.000000	0.0000	0.0000	0.0000	0.0000
10.2520	193.66	4282.75	1913.0	-1.0	1719.3	-4284.4	-1.0000	-1.0000	0.00266	-0.07770	4.455	0.002000	80000.000000	80000.000000	0.0000	0.0000	0.0000	0.0000
10.2540	192.08	4281.92	1913.0	-1.0	1720.9	-4283.5	-0.4203	-1.0000	0.00266	-0.07770	4.455	0.002000	80000.000000	80000.000000	0.0000	0.0000	0.0000	0.0000
10.2560	190.50	4281.09	1913.0	-1.0	1722.5	-4282.7	-1.0000	-1.0000	0.00266	-0.07770	4.455	0.002000	80000.000000	80000.000000	0.0000	0.0000	0.0000	0.0000
10.2580	188.92	4280.26	1913.0	-1.0	1724.1	-4281.9	-0.4077	-1.0000	0.00266	-0.07770	4.455	0.002000	80000.000000	80000.000000	0.0000	0.0000	0.0000	0.0000
10.2600	187.33	4279.42	1913.0	-1.0	1725.6	-4281.0	-1.0000	-1.0000	0.00266	-0.07770	4.455	0.002000	80000.000000	80000.000000	0.0000	0.0000	0.0000	0.0000
10.2620	185.75	4278.59	1913.0	-1.0	1727.2	-4280.2	-0.3950	-1.0000	0.00266	-0.07770	4.455	0.002000	80000.000000	80000.000000	0.0000	0.0000	0.0000	0.0000
10.2640	184.17	4277.76	1913.0	-1.0	1728.8	-4279.4	-1.0000	-1.0000	0.00266	-0.07770	4.455	0.002000	80000.000000	80000.000000	0.0000	0.0000	0.0000	0.0000
10.2660	182.59	4276.92	1913.0	-1.0	1730.4	-4278.5	-0.3824	-1.0000	0.00266	-0.07770	4.455	0.002000	80000.000000	80000.000000	0.0000	0.0000	0.0000	0.0000
10.2680	181.01	4276.09	1913.0	-1.0	1732.0	-4277.7	-1.0000	-1.0000	0.00266	-0.07770	4.455	0.002000	80000.000000	80000.000000	0.0000	0.0000	0.0000	0.0000
10.2700	179.43	4275.26	1913.0	-1.0	1733.5	-4276.8	-0.3697	-1.0000	0.00266	-0.07770	4.455	0.002000	80000.000000	80000.000000	0.0000	0.0000	0.0000	0.0000
10.2720	177.85	4274.42	1913.0	-1.0	1735.1	-4276.0	-1.0000	-1.0000	0.00266	-0.07770	4.455	0.002000	80000.000000	80000.000000	0.0000	0.0000	0.0000	0.0000
10.2740	176.27	4273.58	1913.0	-1.0	1736.7	-4275.2	-0.3571	-1.0000	0.00266	-0.07770	4.455	0.002000	80000.000000	80000.000000	0.0000	0.0000	0.0000	0.0000
10.2760	174.69	4272.75	1913.0	-1.0	1738.3	-4274.3	-1.0000	-1.0000	0.00266	-0.07770	4.455	0.002000	80000.000000	80000.000000	0.0000	0.0000	0.0000	0.0000
10.2780	173.11	4271.91	1913.0	-1.0	1739.9	-4273.5	-0.3445	-1.0000	0.00266	-0.07770	4.455	0.002000	80000.000000	80000.000000	0.0000	0.0000	0.0000	0.0000
10.2800	171.54	4271.07	1913.0	-1.0	1741.4	-4272.7	-1.0000	-1.0000	0.00266	-0.07770	4.455	0.002000	80000.000000	80000.000000	0.0000	0.0000	0.0000	0.0000
10.2820	169.96	4270.23	1913.0	-1.0	1743.0	-4271.8	-0.3319	-1.0000	0.00266	-0.07770	4.455	0.002000	80000.000000	80000.000000	0.0000	0.0000	0.0000	0.0000
10.2840	168.38	4269.39	1913.0	-1.0	1744.6	-4271.0	-1.0000	-1.0000	0.00266	-0.07770	4.455	0.002000	80000.000000	80000.000000	0.0000	0.0000	0.0000	0.0000
10.2860	166.80	4268.55	1913.0	-1.0	1746.2	-4270.1	-0.3193	-1.0000	0.00266	-0.07770	4.455	0.002000	80000.000000	80000.000000	0.0000	0.0000	0.0000	0.0000
10.2880	165.23	4267.71	1913.0	-1.0	1747.8	-4269.3	-1.0000	-1.0000	0.00266	-0.07770	4.455	0.002000	80000.000000	80000.000000	0.0000	0.0000	0.0000	0.0000
10.2900	163.65	4266.87	1913.0	-1.0	1749.3	-4268.5	-0.3067	-1.0000	0.00266	-0.07770	4.455	0.002000	80000.000000	80000.000000	0.0000	0.0000	0.0000	0.0000
10.2920	162.07	4266.03	1913.0	-1.0	1750.9	-4267.6	-1.0000	-1.0000	0.00266	-0.07770	4.455	0.002000	80000.000000	80000.000000	0.0000	0.0000	0.0000	0.0000
10.2940	160.50	4265.19	1913.0	-1.0	1752.5	-4266.8	-0.2941	-1.0000	0.00266	-0.07770	4.455	0.002000	80000.000000	80000.000000	0.0000	0.0000	0.0000	0.0000
10.2960	158.92	4264.34	1913.0	-1.0	1754.1	-4265.9	-1.0000	-1.0000	0.00266	-0.07770	4.455	0.002000	80000.000000	80000.000000	0.0000	0.0000	0.0000	0.0000
10.2980	157.35	4263.50	1913.0	-1.0	1755.6	-4265.1	-0.2815	-1.0000	0.00266	-0.07770	4.455	0.002000	80000.000000	80000.000000	0.0000	0.0000	0.0000	0.0000
10.3000	155.77	4262.65	1913.0	-1.0	1757.2	-4264.2	-1.0000	-1.0000	0.00266	-0.07770	4.455	0.002000	80000.000000	80000.000000	0.0000	0.0000	0.0000	0.0000
10.3020	154.20	4261.81	1913.0	-1.0	1758.8	-4263.4	-0.2689	-1.0000	0.00266	-0.07770	4.455	0.002000	80000.000000	80000.000000	0.0000	0.0000	0.0000	0.0000
10.3040	152.63	4260.96	1913.0	-1.0	1760.4	-4262.5	-1.0000	-1.0000	0.00266	-0.07770	4.455	0.002000	80000.000000	80000.000000	0.0000	0.0000	0.0000	0.0000
10.3060	151.05	4260.12	1913.0	-1.0	1761.9	-4261.7	-0.2563	-1.0000	0.00266	-0.07770	4.455	0.002000	80000.000000	80000.000000	0.0000	0.0000	0.0000	0.0000
10.3080	149.48	4259.27	1913.0	-1.0	1763.5	-4260.8	-1.0000	-1.0000	0.00266	-0.07770	4.455	0.002000	80000.000000	80000.000000	0.0000	0.0000	0.0000	0.0000
10.3100	147.91	4258.42	1913.0	-1.0	1765.1	-4260.0	-0.2437	-1.0000	0.00266	-0.07770	4.455	0.002000	80000.000000	80000.000000	0.0000	0.0000	0.0000	0.0000
10.3120	146.33	4257.57	1913.0	-1.0	1766.6	-4259.1	-1.0000	-1.0000	0.00266	-0.07770	4.455	0.002000	80000.000000	80000.000000	0.0000	0.0000	0.0000	0.0000
10.3140	144.76	4256.73	1913.0	-1.0	1768.2	-4258.3	-0.2311	-1.0000	0.00266	-0.07770	4.455	0.002000	80000.000000	80000.000000	0.0000	0.0000	0.0000	0.0000
10.3160	143.19	4255.88	1913.0	-1.0	1769.8	-4257.4	-1.0000	-1.0000	0.00266	-0.07770	4.455	0.002000	80000.000000	80000.000000	0.0000	0.0000	0.0000	0.0000
10.3180	141.62	4255.03	1913.0	-1.0	1771.4	-4256.6	-0.2186	-1.0000	0.00266	-0.07770	4.455	0.002000	80000.000000	80000.000000	0.0000	0.0000	0.0000	0.0000
10.3200	140.05	4254.17	1913.0	-1.0	1772.9	-4255.7	-1.0000	-1.0000	0.00266	-0.07770	4.455	0.002000	80000.000000	80000.000000	0.0000	0.0000	0.0000	0.0000
10.3220	138.47	4253.32	1913.0	-1.0	1774.5	-4254.9	-0.2060	-1.0000	0.00266	-0.07770	4.455	0.002000	80000.000000	80000.000000	0.0000	0.0000	0.0000	0.0000
10.3240	136.90	4252.47	1913.0	-1.0	1776.1	-4254.0	-1.0000	-1.0000	0.00266	-0.07770	4.455	0.002000	80000.000000	80000.000000	0.0000	0.0000	0.0000	0.0000
10.3260	135.33	4251.62	1913.0	-1.0	1777.6	-4253.2	-0.1935	-1.0000	0.00266	-0.07770	4.455	0.002000	80000.000000	80000.000000	0.0000	0.0000	0.0000	0.0000
10.3280	133.76	4250.77	1913.0	-1.0	1779.2	-4252.3	-1.0000	-1.0000	0.00266	-0.07770	4.455	0.002000	80000.000000	80000.000000	0.0000	0.0000	0.0000	0.0000
10.3300	132.19	4249.91	1913.0	-1.0	1780.8	-4251.5	-0.1809	-1.0000	0.00266	-0.07770	4.455	0.002000	80000.000000	80000.000000	0.0000	0.0000	0.0000	0.0000
10.3320	130.63	4249.06	1913.0	-1.0	1782.4	-4250.6	-1.0000	-1.0000	0.00266	-0.07770	4.455	0.002000	80000.000000	80000.000000	0.0000	0.0000	0.0000	0.0000
10.3340	129.06	4248.20	1913.0	-1.0	1783.9	-4249.8	-0.1684	-1.0000	0.00266	-0.07770	4.455	0.002000	80000.000000	80000.000000	0.0000	0.0000	0.0000	0.0000
10.3360	127.49	4247.35	1913.0	-1.0	1785.5	-4248.9	-1.0000	-1.0000	0.00266	-0.07770	4.455	0.002000	80000.000000	80000.000000	0.0000	0.0000	0.0000	0.0000
10.3380	125.92	4246.49	1913.0	-1.0	1787.1	-4248.0	-0.1558	-1.0000	0.00266	-0.07770	4.455	0.002000	80000.000000	80000.000000	0.0000	0.0000	0.0000	0.0000
10.3400	124.35	4245.63	1913.0	-1.0	1788.6	-4247.2	-1.0000	-1.0000	0.00266	-0.07770	4.455	0.002000	80000.000000	80000.000000	0.0000	0.0000	0.0000	0.0000
10.3420	122.79	4244.77	1913.0	-1.0	1790.2	-4246.3	-0.1433	-1.0000	0.00266	-0.07770	4.455	0.002000	80000.000000	80000.000000	0.0000	0.0000	0.0000	0.0000
10.3440	121.22	4243.92	1913.0	-1.0	1791.8	-4245.5	-1.0000	-1.0000	0.00266	-0.07770	4.455	0.002000	80000.000000	80000.000000	0.0000	0.0000	0.0000	0.0000
10.3460	119.65	4243.06	1913.0	-1.0	1793.3	-4244.6	-0.1307	-1.0000	0.00266	-0.07770	4.455	0.002000	80000.000000	80000.000000	0.0000	0.0000	0.0000	0.0000
10.3480	118.09	4242.20	1913.0	-1.0	1794.9	-4243.7	-1.0000	-1.0000	0.00266	-0.07770	4.455	0.002000	80000.000000	80000.000000	0.0000	0.0000	0.0000	0.0000
10.3500	116.52	4241.34	1913.0	-1.0	1796.5	-4242.9	-0.1182	-1.0000	0.00266	-0.07770	4.455	0.002000	80000.000000	80000.000000	0.0000	0.0000	0.0000	0.0000
10.3520	114.95	4240.48	1913.0	-1.0	1798.0	-4242.0	-1.0000	-1.0000	0.00266	-0.07770	4.455	0.002000	80000.000000	80000.000000	0.0000	0.0000	0.0000	0.0000
10.3540	113.39	4239.62	1913.0	-1.0	1799.6	-4241.2	-0.1057	-1.0000	0.00266	-0.07770	4.455	0.002000	80000.000000	80000.000000	0.0000	0.0000	0.0000	0.0000
10.3560	111.82	4238.75	1913.0	-1.0	1801.2	-4240.3	-1.0000	-1.0000	0.00266	-0.07770	4.455	0.002000	80000.000000	80000.000000	0.0000	0.0000	0.0000	0.0000
10.3580	110.26	4237.89	1913.0	-1.0	1802.7	-4239.4	-0.0932	-1.0000	0.00266	-0.07770	4.455	0.002000	80000.000000	80000.000000	0.0000	0.0000	0.0000	0.0000
10.3600	108.70	4237.03	1913.0	-1.0	1804.3	-4238.6	-1.0000	-1.0000	0.00266	-0.07770	4.455	0.002000	80000.000000	80000.000000	0.0000	0.0000	0.0000	0.0000
10.3620	107.13	4236.16	1913.0	-1.0	1805.9	-4237.7	-0.0807	-1.0000	0.00266	-0.07770	4.455	0.002000	80000.000000	80000.000000	0.0000	0.0000	0.0000	0.0000
10.3640	105.57	4235.30	1913.0	-1.0	1807.4	-4236.8	-1.0000	-1.0000	0.00266	-0.07770	4.455	0.002000	80000.000000	80000.000000	0.0000	0.0000	0.0000	0.0000
10.3660	104.00	4234.43	1913.0	-1.0	1809.0	-4236.0	-0.0682	-1.0000	0.00266	-0.07770	4.455	0.002000	80000.000000	80000.000000	0.0000	0.0000	0.0000	0.0000
10.3680	102.44	4233.57	1913.0	-1.0	1810.5	-4235.1	-1.0000	-1.0000	0.00266	-0.07770	4.455	0.002000	80000.000000	80000.000000	0.0000	0.0000	0.0000	0.0000
10.3700	100.88	4232.70	1913.0	-1.0	1812.1	-4234.2	-0.0557	-1.0000	0.00266	-0.07770	4.455	0.002000	80000.000000	80000.000000	0.0000	0.0000	0.0000	0.0000
10.3720	99.32	4231.83	1913.0	-1.0	1813.7	-4233.4	-1.0000	-1.0000	0.00266	-0.07770	4.455	0.002000	80000.000000	80000.000000	0.0000	0.0000	0.0000	0.0000
10.3740	97.76	4230.97	1913.0	-1.0	1815.2	-4232.5	-0.0432	-1.0000	0.00266	-0.07770	4.455	0.002000	80000.000000	80000.000000	0.0000	0.0000	0.0000	0.0000
10.3760	96.19	4230.10	1913.0	-1.0	1816.8	-4231.6	-1.0000	-1.0000	0.00266	-0.07770	4.455	0.002000	80000.000000	80000.000000	0.0000	0.0000	0.0000	0.0000
10.3780	94.63	4229.23	1913.0	-1.0	1818.4	-4230.8	-0.0307	-1.0000	0.00266	-0.07770	4.455	0.002000	80000.000000	80000.000000	0.0000	0.0000	0.0000	0.0000
10.3800	93.07	4228.36	1913.0	-1.0	1819.9	-4229.9	-1.0000	-1.0000	0.00266	-0.07770	4.455	0.002000	80000.000000	80000.000000	0.0000	0.0000	0.0000	0.0000
10.3820	91.51	4227.49	1913.0	-1.0	1821.5	-4229.0	-0.0182	-1.0000	0.00266	-0.07770	4.455	0.002000	80000.000000	80000.000000	0.0000	0.0000	0.0000	0.0000
10.3840	89.95	4226.62	1913.0	-1.0	1823.0	-4228.1	-1.0000	-1.0000	0.00266	-0.07770	4.455	0.002000	80000.000000	80000.000000	0.0000	0.0000	0.0000	0.0000
10.3860	88.39	4225.75	1913.0	-1.0	1824.6	-4227.3	-0.0058	-1.0000	0.00266	-0.07770	4.455	0.002000	80000.000000	80000.000000	0.0000	0.0000	0.0000	0.0000
10.3880	86.83	4224.87	1913.0	-1.0	1826.2	-4226.4	-1.0000	-1.0000	0.00266	-0.07770	4.455	0.002000	80000.000000	80000.000000	0.0000	0.0000	0.0000	0.0000
10.3900	85.28	4224.00	1913.0	-1.0	1827.7	-4225.5	0.0067	-1.0000	0.00266	-0.07770	4.455	0.002000	80000.000000	80000.000000	0.0000	0.0000	0.0000	0.0000
10.3920	83.72	4223.13	1913.0	-1.0	1829.3	-4224.6	-1.0000	-1.0000	0.00266	-0.07770	4.455	0.002000	80000.000000	80000.000000	0.0000	0.0000	0.0000	0.0000
10.3940	82.16	4222.25	1913.0	-1.0	1830.8	-4223.8	0.0192	-1.0000	0.00266	-0.07770	4.455	0.002000	80000.000000	80000.000000	0.0000	0.0000	0.0000	0.0000
10.3960	80.60	4221.38	1913.0	-1.0	1832.4	-4222.9	-0.9931	-1.0000	0.00266	-0.07770	4.455	0.002000	80000.000000	80000.000000	0.0000	0.0000	0.0000	0.0000
10.3980	79.04	4220.51	1913.0	-1.0	1833.9	-4222.0	0.0316	-1.0000	0.00266	-0.07770	4.455	0.002000	80000.000000	80000.000000	0.0000	0.0000	0.0000	0.0000
10.4000	77.49	4219.63	1913.0	-1.0	1835.5	-4221.1	-0.9806	-1.0000	0.00266	-0.07770	4.455	0.002000	80000.000000	80000.000000	0.0000	0.0000	0.0000	0.0000
10.4020	75.93	4218.75	1913.0	-1.0	1837.1	-4220.3	0.0441	-1.0000	0.00266	-0.07770	4.455	0.002000	80000.000000	80000.000000	0.0000	0.0000	0.0000	0.0000
10.4040	74.37	4217.88	1913.0	-1.0	1838.6	-4219.4	-0.9682	-1.0000	0.00266	-0.07770	4.455	0.002000	80000.000000	80000.000000	0.0000	0.0000	0.0000	0.0000
10.4060	72.82	4217.00	1913.0	-1.0	1840.2	-4218.5	0.0565	-1.0000	0.00266	-0.07770	4.455	0.002000	80000.000000	80000.000000	0.0000	0.0000	0.0000	0.0000
10.4080	71.26	4216.12	1913.0	-1.0	1841.7	-4217.6	-0.9557	-1.0000	0.00266	-0.07770	4.455	0.002000	80000.000000	80000.000000	0.0000	0.0000	0.0000	0.0000
10.4100	69.71	4215.24	1913.0	-1.0	1843.3	-4216.7	0.0690	-1.0000	0.00266	-0.07770	4.455	0.002000	80000.000000	80000.000000	0.0000	0.0000	0.0000	0.0000
10.4120	68.15	4214.36	1913.0	-1.0	1844.8	-4215.9	-0.9433	-1.0000	0.00266	-0.07770	4.455	0.002000	80000.000000	80000.000000	0.0000	0.0000	0.0000	0.0000
10.4140	66.60	4213.48	1913.0	-1.0	1846.4	-4215.0	0.0814	-1.0000	0.00266	-0.07770	4.455	0.002000	80000.000000	80000.000000	0.0000	0.0000	0.0000	0.0000
10.4160	65.04	4212.60	1913.0	-1.0	1847.9	-4214.1	-0.9309	-1.0000	0.00266	-0.07770	4.455	0.002000	80000.000000	80000.000000	0.0000	0.0000	0.0000	0.0000
10.4180	63.49	4211.72	1913.0	-1.0	1849.5	-4213.2	0.0938	-1.0000	0.00266	-0.07770	4.455	0.002000	80000.000000	80000.000000	0.0000	0.0000	0.0000	0.0000
10.4200	61.94	4210.84	1913.0	-1.0	1851.1	-4212.3	-0.9185	-1.0000	0.00266	-0.07770	4.455	0.002000	80000.000000	80000.000000	0.0000	0.0000	0.0000	0.0000
10.4220	60.38	4209.95	1913.0	-1.0	1852.6	-4211.5	0.1062	-1.0000	0.00266	-0.07770	4.455	0.002000	80000.000000	80000.000000	0.0000	0.0000	0.0000	0.0000
10.4240	58.83	4209.07	1913.0	-1.0	1854.2	-4210.6	-0.9060	-1.0000	0.00266	-0.07770	4.455	0.002000	80000.000000	80000.000000	0.0000	0.0000	0.0000	0.0000
10.4260	57.28	4208.19	1913.0	-1.0	1855.7	-4209.7	0.1187	-1.0000	0.00266	-0.07770	4.455	0.002000	80000.000000	80000.000000	0.0000	0.0000	0.0000	0.0000
10.4280	55.73	4207.30	1913.0	-1.0	1857.3	-4208.8	-0.8936	-1.0000	0.00266	-0.07770	4.455	0.002000	80000.000000	80000.000000	0.0000	0.0000	0.0000	0.0000
10.4300	54.18	4206.42	1913.0	-1.0	1858.8	-4207.9	0.1311	-1.0000	0.00266	-0.07770	4.455	0.002000	80000.000000	80000.000000	0.0000	0.0000	0.0000	0.0000
10.4320	52.62	4205.53	1913.0	-1.0	1860.4	-4207.0	-0.8812	-1.0000	0.00266	-0.07770	4.455	0.002000	80000.000000	80000.000000	0.0000	0.0000	0.0000	0.0000
10.4340	51.07	4204.65	1913.0	-1.0	1861.9	-4206.1	0.1435	-1.0000	0.00266	-0.07770	4.455	0.002000	80000.000000	80000.000000	0.0000	0.0000	0.0000	0.0000
10.4360	49.52	4203.76	1913.0	-1.0	1863.5	-4205.3	-0.8688	-1.0000	0.00266	-0.07770	4.455	0.002000	80000.000000	80000.000000	0.0000	0.0000	0.0000	0.0000
10.4380	47.97	4202.87	1913.0	-1.0	1865.0	-4204.4	0.1559	-1.0000	0.00266	-0.07770	4.455	0.002000	80000.000000	80000.000000	0.0000	0.0000	0.0000	0.0000
10.4400	46.42	4201.98	1913.0	-1.0	1866.6	-4203.5	-0.8564	-1.0000	0.00266	-0.07770	4.455	0.002000	80000.000000	80000.000000	0.0000	0.0000	0.0000	0.0000
10.4420	44.87	4201.09	1913.0	-1.0	1868.1	-4202.6	0.1683	-1.0000	0.00266	-0.07770	4.455	0.002000	80000.000000	80000.000000	0.0000	0.0000	0.0000	0.0000
10.4440	43.33	4200.20	1913.0	-1.0	1869.7	-4201.7	-0.8440	-1.0000	0.00266	-0.07770	4.455	0.002000	80000.000000	80000.000000	0.0000	0.0000	0.0000	0.0000
10.4460	41.78	4199.31	1913.0	-1.0	1871.2	-4200.8	0.1807	-1.0000	0.00266	-0.07770	4.455	0.002000	80000.000000	80000.000000	0.0000	0.0000	0.0000	0.0000
10.4480	40.23	4198.42	1913.0	-1.0	1872.8	-4199.9	-0.8316	-1.0000	0.00266	-0.07770	4.455	0.002000	80000.000000	80000.000000	0.0000	0.0000	0.0000	0.0000
10.4500	38.68	4197.53	1913.0	-1.0	1874.3	-4199.0	0.1930	-1.0000	0.00266	-0.07770	4.455	0.002000	80000.000000	80000.000000	0.0000	0.0000	0.0000	0.0000
10.4520	37.13	4196.64	1913.0	-1.0	1875.9	-4198.1	-0.8193	-1.0000	0.00266	-0.07770	4.455	0.002000	80000.000000	80000.000000	0.0000	0.0000	0.0000	0.0000
10.4540	35.59	4195.75	1913.0	-1.0	1877.4	-4197.2	0.2054	-1.0000	0.00266	-0.07770	4.455	0.002000	80000.000000	80000.000000	0.0000	0.0000	0.0000	0.0000
10.4560	34.04	4194.85	1913.0	-1.0	1879.0	-4196.3	-0.8069	-1.0000	0.00266	-0.07770	4.455	0.002000	80000.000000	80000.000000	0.0000	0.0000	0.0000	0.0000
10.4580	32.49	4193.96	1913.0	-1.0	1880.5	-4195.4	0.2178	-1.0000	0.00266	-0.07770	4.455	0.002000	80000.000000	80000.000000	0.0000	0.0000	0.0000	0.0000
10.4600	30.95	4193.07	1913.0	-1.0	1882.0	-4194.5	-0.7945	-1.0000	0.00266	-0.07770	4.455	0.002000	80000.000000	80000.000000	0.0000	0.0000	0.0000	0.0000
10.4620	29.40	4192.17	1913.0	-1.0	1883.6	-4193.7	0.2302	-1.0000	0.00266	-0.07770	4.455	0.002000	80000.000000	80000.000000	0.0000	0.0000	0.0000	0.0000
10.4640	27.86	4191.28	1913.0	-1.0	1885.1	-4192.8	-0.7822	-1.0000	0.00266	-0.07770	4.455	0.002000	80000.000000	80000.000000	0.0000	0.0000	0.0000	0.0000
10.4660	26.31	4190.38	1913.0	-1.0	1886.7	-4191.9	0.2425	-1.0000	0.00266	-0.07770	4.455	0.002000	80000.000000	80000.000000	0.0000	0.0000	0.0000	0.0000
10.4680	24.77	4189.48	1913.0	-1.0	1888.2	-4191.0	-0.7698	-1.0000	0.00266	-0.07770	4.455	0.002000	80000.000000	80000.000000	0.0000	0.0000	0.0000	0.0000
10.4700	23.22	4188.58	1913.0	-1.0	1889.8	-4190.1	0.2549	-1.0000	0.00266	-0.07770	4.455	0.002000	80000.000000	80000.000000	0.0000	0.0000	0.0000	0.0000
10.4720	21.68	4187.69	1913.0	-1.0	1891.3	-4189.2	-0.7574	-1.0000	0.00266	-0.07770	4.455	0.002000	80000.000000	80000.000000	0.0000	0.0000	0.0000	0.0000
10.4740	20.14	4186.79	1913.0	-1.0	1892.9	-4188.3	0.2672	-1.0000	0.00266	-0.07770	4.455	0.002000	80000.000000	80000.000000	0.0000	0.0000	0.0000	0.0000
10.4760	18.59	4185.89	1913.0	-1.0	1894.4	-4187.4	-0.7451	-1.0000	0.00266	-0.07770	4.455	0.002000	80000.000000	80000.000000	0.0000	0.0000	0.0000	0.0000
10.4780	17.05	4184.99	1913.0	-1.0	1895.9	-4186.5	0.2796	-1.0000	0.00266	-0.07770	4.455	0.002000	80000.000000	80000.000000	0.0000	0.0000	0.0000	0.0000
10.4800	15.51	4184.09	1913.0	-1.0	1897.5	-4185.6	-0.7328	-1.0000	0.00266	-0.07770	4.455	0.002000	80000.000000	80000.000000	0.0000	0.0000	0.0000	0.0000
10.4820	13.96	4183.19	1913.0	-1.0	1899.0	-4184.7	0.2919	-1.0000	0.00266	-0.07770	4.455	0.002000	80000.000000	80000.000000	0.0000	0.0000	0.0000	0.0000
10.4840	12.42	4182.28	1913.0	-1.0	1900.6	-4183.8	-0.7204	-1.0000	0.00266	-0.07770	4.455	0.002000	80000.000000	80000.000000	0.0000	0.0000	0.0000	0.0000
10.4860	10.88	4181.38	1913.0	-1.0	1902.1	-4182.8	0.3042	-1.0000	0.00266	-0.07770	4.455	0.002000	80000.000000	80000.000000	0.0000	0.0000	0.0000	0.0000
10.4880	9.34	4180.48	1913.0	-1.0	1903.7	-4181.9	-0.7081	-1.0000	0.00266	-0.07770	4.455	0.002000	80000.000000	80000.000000	0.0000	0.0000	0.0000	0.0000
10.4900	7.80	4179.58	1913.0	-1.0	1905.2	-4181.0	0.3166	-1.0000	0.00266	-0.07770	4.455	0.002000	80000.000000	80000.000000	0.0000	0.0000	0.0000	0.0000
10.4920	6.26	4178.67	1913.0	-1.0	1906.7	-4180.1	-0.6958	-1.0000	0.00266	-0.07770	4.455	0.002000	80000.000000	80000.000000	0.0000	0.0000	0.0000	0.0000
10.4940	4.72	4177.77	1913.0	-1.0	1908.3	-4179.2	0.3289	-1.0000	0.00266	-0.07770	4.455	0.002000	80000.000000	80000.000000	0.0000	0.0000	0.0000	0.0000
10.4960	3.18	4176.86	1913.0	-1.0	1909.8	-4178.3	-0.6835	-1.0000	0.00266	-0.07770	4.455	0.002000	80000.000000	80000.000000	0.0000	0.0000	0.0000	0.0000
10.4980	1.64	4175.96	1913.0	-1.0	1911.4	-4177.4	0.3412	-1.0000	0.00266	-0.07770	4.455	0.002000	80000.000000	80000.000000	0.0000	0.0000	0.0000	0.0000
10.5000	0.10	4175.05	1913.0	-1.0	1912.9	-4176.5	-0.6712	-1.0000	0.00266	-0.07770	4.455	0.002000	80000.000000	80000.000000	0.0000	0.0000	0.0000	0.0000
10.5020	-1.43	4174.14	1913.0	-1.0	1914.4	-4175.6	0.3535	-1.0000	0.00266	-0.07770	4.455	0.002000	80000.000000	80000.000000	0.0000	0.0000	0.0000	0.0000
10.5040	-2.97	4173.23	1913.0	-1.0	1916.0	-4174.7	-0.6588	-1.0000	0.00266	-0.07770	4.455	0.002000	80000.000000	80000.000000	0.0000	0.0000	0.0000	0.0000
10.5060	-3.51	4172.32	1914.0	-1.0	1917.5	-4173.8	0.3608	-1.0000	0.00267	-0.07775	4.457	0.002000	80000.000000	80000.000000	0.0000	0.0000	0.0000	0.0000
10.5080	-5.05	4171.42	1914.0	-1.0	1919.0	-4172.9	-0.6496	-1.0000	0.00267	-0.07775	4.457	0.002000	80000.000000	80000.000000	0.0000	0.0000	0.0000	0.0000
10.5100	-6.58	4170.51	1914.0	-1.0	1920.6	-4172.0	0.3731	-1.0000	0.00267	-0.07775	4.457	0.002000	80000.000000	80000.000000	0.0000	0.0000	0.0000	0.0000
10.5120	-8.12	4169.59	1914.0	-1.0	1922.1	-4171.0	-0.6373	-1.0000	0.00267	-0.07775	4.457	0.002000	80000.000000	80000.000000	0.0000	0.0000	0.0000	0.0000
10.5140	-9.66	4168.68	1914.0	-1.0	1923.7	-4170.1	0.3854	-1.0000	0.00267	-0.07775	4.457	0.002000	80000.000000	80000.000000	0.0000	0.0000	0.0000	0.0000
10.5160	-11.19	4167.77	1914.0	-1.0	1925.2	-4169.2	-0.6250	-1.0000	0.00267	-0.07775	4.457	0.002000	80000.000000	80000.000000	0.0000	0.0000	0.0000	0.0000
10.5180	-12.73	4166.86	1914.0	-1.0	1926.7	-4168.3	0.3977	-1.0000	0.00267	-0.07775	4.457	0.002000	80000.000000	80000.000000	0.0000	0.0000	0.0000	0.0000
10.5200	-14.26	4165.95	1914.0	-1.0	1928.3	-4167.4	-0.6127	-1.0000	0.00267	-0.07775	4.457	0.002000	80000.000000	80000.000000	0.0000	0.0000	0.0000	0.0000
10.5220	-15.80	4165.03	1914.0	-1.0	1929.8	-4166.5	0.4099	-1.0000	0.00267	-0.07775	4.457	0.002000	80000.000000	80000.000000	0.0000	0.0000	0.0000	0.0000
10.5240	-17.33	4164.12	1914.0	-1.0	1931.3	-4165.6	-0.6004	-1.0000	0.00267	-0.07775	4.457	0.002000	80000.000000	80000.000000	0.0000	0.0000	0.0000	0.0000
10.5260	-17.86	4163.20	1915.0	-1.0	1932.9	-4164.7	0.4172	-1.0000	0.00267	-0.07779	4.460	0.002000	80000.000000	80000.000000	0.0000	0.0000	0.0000	0.0000
10.5280	-19.40	4162.29	1915.0	-1.0	1934.4	-4163.7	-0.5911	-1.0000	0.00267	-0.07779	4.460	0.002000	80000.000000	80000.000000	0.0000	0.0000	0.0000	0.0000
10.5300	-20.93	4161.37	1915.0	-1.0	1935.9	-4162.8	0.4295	-1.0000	0.00267	-0.07779	4.460	0.002000	80000.000000	80000.000000	0.0000	0.0000	0.0000	0.0000
10.5320	-22.46	4160.46	1915.0	-1.0	1937.5	-4161.9	-0.5789	-1.0000	0.00267	-0.07779	4.460	0.002000	80000.000000	80000.000000	0.0000	0.0000	0.0000	0.0000
10.5340	-23.00	4159.54	1916.0	-1.0	1939.0	-4161.0	0.4367	-1.0000	0.00267	-0.07783	4.462	0.002000	80000.000000	80000.000000	0.0000	0.0000	0.0000	0.0000
10.5360	16.47	4158.62	1957.0	-1.0	1940.5	-4160.1	-0.7746	-1.0000	0.00280	-0.07956	4.561	0.002000	80000.000000	80000.000000	0.0000	0.0000	0.0000	0.0000
10.5380	14.94	4157.70	1957.0	-1.0	1942.1	-4159.1	0.3260	-1.0000	0.00280	-0.07956	4.561	0.002000	80000.000000	80000.000000	0.0000	0.0000	0.0000	0.0000
10.5400	13.41	4156.78	1957.0	-1.0	1943.6	-4158.2	-0.7624	-1.0000	0.00280	-0.07956	4.561	0.002000	80000.000000	80000.000000	0.0000	0.0000	0.0000	0.0000
10.5420	11.88	4155.87	1957.0	-1.0	1945.1	-4157.3	0.3382	-1.0000	0.00280	-0.07956	4.561	0.002000	80000.000000	80000.000000	0.0000	0.0000	0.0000	0.0000
10.5440	10.34	4154.94	1957.0	-1.0	1946.7	-4156.4	-0.7501	-1.0000	0.00280	-0.07956	4.561	0.002000	80000.000000	80000.000000	0.0000	0.0000	0.0000	0.0000
10.5460	8.82	4154.02	1957.0	-1.0	1948.2	-4155.5	0.3505	-1.0000	0.00280	-0.07956	4.561	0.002000	80000.000000	80000.000000	0.0000	0.0000	0.0000	0.0000
10.5480	7.29	4153.10	1957.0	-1.0	1949.7	-4154.5	-0.7379	-1.0000	0.00280	-0.07956	4.561	0.002000	80000.000000	80000.000000	0.0000	0.0000	0.0000	0.0000
10.5500	5.76	4152.18	1957.0	-1.0	1951.2	-4153.6	0.3627	-1.0000	0.00280	-0.07956	4.561	0.002000	80000.000000	80000.000000	0.0000	0.0000	0.0000	0.0000
10.5520	5.23	4151.26	1958.0	-1.0	1952.8	-4152.7	-0.7306	-1.0000	0.00280	-0.07960	4.564	0.002000	80000.000000	80000.000000	0.0000	0.0000	0.0000	0.0000
10.5540	3.70	4150.33	1958.0	-1.0	1954.3	-4151.8	0.3720	-1.0000	0.00280	-0.07960	4.564	0.002000	80000.000000	80000.000000	0.0000	0.0000	0.0000	0.0000
10.5560	2.17	4149.41	1958.0	-1.0	1955.8	-4150.8	-0.7184	-1.0000	0.00280	-0.07960	4.564	0.002000	80000.000000	80000.000000	0.0000	0.0000	0.0000	0.0000
10.5580	0.64	4148.49	1958.0	-1.0	1957.4	-4149.9	0.3842	-1.0000	0.00280	-0.07960	4.564	0.002000	80000.000000	80000.000000	0.0000	0.0000	0.0000	0.0000
10.5600	-0.88	4147.56	1958.0	-1.0	1958.9	-4149.0	-0.7062	-1.0000	0.00280	-0.07960	4.564	0.002000	80000.000000	80000.000000	0.0000	0.0000	0.0000	0.0000
10.5620	-1.41	4146.64	1959.0	-1.0	1960.4	-4148.1	0.3914	-1.0000	0.00280	-0.07965	4.566	0.002000	80000.000000	80000.000000	0.0000	0.0000	0.0000	0.0000
10.5640	-2.94	4145.71	1959.0	-1.0	1961.9	-4147.1	-0.6970	-1.0000	0.00280	-0.07965	4.566	0.002000	80000.000000	80000.000000	0.0000	0.0000	0.0000	0.0000
10.5660	-4.46	4144.78	1959.0	-1.0	1963.5	-4146.2	0.4036	-1.0000	0.00280	-0.07965	4.566	0.002000	80000.000000	80000.000000	0.0000	0.0000	0.0000	0.0000
10.5680	-5.99	4143.85	1959.0	-1.0	1965.0	-4145.3	-0.6848	-1.0000	0.00280	-0.07965	4.566	0.002000	80000.000000	80000.000000	0.0000	0.0000	0.0000	0.0000
10.5700	94.47	4142.93	2061.0	-1.0	1966.5	-4144.4	-0.0941	-1.0000	0.00312	-0.08396	4.814	0.002000	80000.000000	80000.000000	0.0000	0.0000	0.0000	0.0000
10.5720	92.95	4142.00	2061.0	-1.0	1968.0	-4143.4	-0.9785	-1.0000	0.00312	-0.08396	4.814	0.002000	80000.000000	80000.000000	0.0000	0.0000	0.0000	0.0000
10.5740	91.43	4141.07	2061.0	-1.0	1969.6	-4142.5	-0.0820	-1.0000	0.00312	-0.08396	4.814	0.002000	80000.000000	80000.000000	0.0000	0.0000	0.0000	0.0000
10.5760	89.90	4140.14	2061.0	-1.0	1971.1	-4141.6	-0.9664	-1.0000	0.00312	-0.08396	4.814	0.002000	80000.000000	80000.000000	0.0000	0.0000	0.0000	0.0000
10.5780	88.38	4139.21	2061.0	-1.0	1972.6	-4140.6	-0.0698	-1.0000	0.00312	-0.08396	4.814	0.002000	80000.000000	80000.000000	0.0000	0.0000	0.0000	0.0000
10.5800	86.85	4138.28	2061.0	-1.0	1974.1	-4139.7	-0.9542	-1.0000	0.00312	-0.08396	4.814	0.002000	80000.000000	80000.000000	0.0000	0.0000	0.0000	0.0000
10.5820	85.33	4137.34	2061.0	-1.0	1975.7	-4138.8	-0.0576	-1.0000	0.00312	-0.08396	4.814	0.002000	80000.000000	80000.000000	0.0000	0.0000	0.0000	0.0000
10.5840	83.81	4136.41	2061.0	-1.0	1977.2	-4137.8	-0.9420	-1.0000	0.00312	-0.08396	4.814	0.002000	80000.000000	80000.000000	0.0000	0.0000	0.0000	0.0000
10.5860	83.29	4135.48	2062.0	-1.0	1978.7	-4136.9	-0.0504	-1.0000	0.00312	-0.08401	4.817	0.002000	80000.000000	80000.000000	0.0000	0.0000	0.0000	0.0000
10.5880	81.76	4134.55	2062.0	-1.0	1980.2	-4136.0	-0.9328	-1.0000	0.00312	-0.08401	4.817	0.002000	80000.000000	80000.000000	0.0000	0.0000	0.0000	0.0000
10.5900	80.24	4133.61	2062.0	-1.0	1981.7	-4135.0	-0.0382	-1.0000	0.00312	-0.08401	4.817	0.002000	80000.000000	80000.000000	0.0000	0.0000	0.0000	0.0000
10.5920	78.72	4132.68	2062.0	-1.0	1983.3	-4134.1	-0.9207	-1.0000	0.00312	-0.08401	4.817	0.002000	80000.000000	80000.000000	0.0000	0.0000	0.0000	0.0000
10.5940	78.20	4131.74	2063.0	-1.0	1984.8	-4133.2	-0.0311	-1.0000	0.00313	-0.08405	4.819	0.002000	80000.000000	80000.000000	0.0000	0.0000	0.0000	0.0000
10.5960	76.68	4130.81	2063.0	-1.0	1986.3	-4132.2	-0.9115	-1.0000	0.00313	-0.08405	4.819	0.002000	80000.000000	80000.000000	0.0000	0.0000	0.0000	0.0000
10.5980	75.16	4129.87	2063.0	-1.0	1987.8	-4131.3	-0.0189	-1.0000	0.00313	-0.08405	4.819	0.002000	80000.000000	80000.000000	0.0000	0.0000	0.0000	0.0000
10.6000	73.64	4128.93	2063.0	-1.0	1989.4	-4130.3	-0.8993	-1.0000	0.00313	-0.08405	4.819	0.002000	80000.000000	80000.000000	0.0000	0.0000	0.0000	0.0000
10.6020	72.12	4127.99	2063.0	-1.0	1990.9	-4129.4	-0.0068	-1.0000	0.00313	-0.08405	4.819	0.002000	80000.000000	80000.000000	0.0000	0.0000	0.0000	0.0000
10.6040	116.60	4127.06	2109.0	-1.0	1992.4	-4128.5	-1.0000	-1.0000	0.00327	-0.08600	4.931	0.002000	80000.000000	80000.000000	0.0000	0.0000	0.0000	0.0000
10.6060	115.08	4126.12	2109.0	-1.0	1993.9	-4127.5	-0.1326	-1.0000	0.00327	-0.08600	4.931	0.002000	80000.000000	80000.000000	0.0000	0.0000	0.0000	0.0000
10.6080	113.56	4125.18	2109.0	-1.0	1995.4	-4126.6	-1.0000	-1.0000	0.00327	-0.08600	4.931	0.002000	80000.000000	80000.000000	0.0000	0.0000	0.0000	0.0000
10.6100	112.04	4124.24	2109.0	-1.0	1996.9	-4125.6	-0.1205	-1.0000	0.00327	-0.08600	4.931	0.002000	80000.000000	80000.000000	0.0000	0.0000	0.0000	0.0000
10.6120	110.53	4123.30	2109.0	-1.0	1998.5	-4124.7	-1.0000	-1.0000	0.00327	-0.08600	4.931	0.002000	80000.000000	80000.000000	0.0000	0.0000	0.0000	0.0000
10.6140	109.01	4122.35	2109.0	-1.0	2000.0	-4123.8	-0.1083	-1.0000	0.00327	-0.08600	4.931	0.002000	80000.000000	80000.000000	0.0000	0.0000	0.0000	0.0000
10.6160	107.49	4121.41	2109.0	-1.0	2001.5	-4122.8	-1.0000	-1.0000	0.00327	-0.08600	4.931	0.002000	80000.000000	80000.000000	0.0000	0.0000	0.0000	0.0000
10.6180	105.98	4120.47	2109.0	-1.0	2003.0	-4121.9	-0.0962	-1.0000	0.00327	-0.08600	4.931	0.002000	80000.000000	80000.000000	0.0000	0.0000	0.0000	0.0000
10.6200	104.46	4119.53	2109.0	-1.0	2004.5	-4120.9	-1.0000	-1.0000	0.00327	-0.08600	4.931	0.002000	80000.000000	80000.000000	0.0000	0.0000	0.0000	0.0000
10.6220	102.95	4118.58	2109.0	-1.0	2006.0	-4120.0	-0.0841	-1.0000	0.00327	-0.08600	4.931	0.002000	80000.000000	80000.000000	0.0000	0.0000	0.0000	0.0000
10.6240	102.43	4117.64	2110.0	-1.0	2007.6	-4119.0	-1.0000	-1.0000	0.00328	-0.08604	4.934	0.002000	80000.000000	80000.000000	0.0000	0.0000	0.0000	0.0000
10.6260	100.92	4116.69	2110.0	-1.0	2009.1	-4118.1	-0.0750	-1.0000	0.00328	-0.08604	4.934	0.002000	80000.000000	80000.000000	0.0000	0.0000	0.0000	0.0000
10.6280	99.40	4115.75	2110.0	-1.0	2010.6	-4117.1	-1.0000	-1.0000	0.00328	-0.08604	4.934	0.002000	80000.000000	80000.000000	0.0000	0.0000	0.0000	0.0000
10.6300	97.89	4114.80	2110.0	-1.0	2012.1	-4116.2	-0.0629	-1.0000	0.00328	-0.08604	4.934	0.002000	80000.000000	80000.000000	0.0000	0.0000	0.0000	0.0000
10.6320	96.37	4113.85	2110.0	-1.0	2013.6	-4115.3	-1.0000	-1.0000	0.00328	-0.08604	4.934	0.002000	80000.000000	80000.000000	0.0000	0.0000	0.0000	0.0000
10.6340	94.86	4112.91	2110.0	-1.0	2015.1	-4114.3	-0.0508	-1.0000	0.00328	-0.08604	4.934	0.002000	80000.000000	80000.000000	0.0000	0.0000	0.0000	0.0000
10.6360	93.35	4111.96	2110.0	-1.0	2016.6	-4113.4	-1.0000	-1.0000	0.00328	-0.08604	4.934	0.002000	80000.000000	80000.000000	0.0000	0.0000	0.0000	0.0000
10.6380	91.84	4111.01	2110.0	-1.0	2018.2	-4112.4	-0.0387	-1.0000	0.00328	-0.08604	4.934	0.002000	80000.000000	80000.000000	0.0000	0.0000	0.0000	0.0000
10.6400	91.33	4110.06	2111.0	-1.0	2019.7	-4111.5	-1.0000	-1.0000	0.00328	-0.08609	4.936	0.002000	80000.000000	80000.000000	0.0000	0.0000	0.0000	0.0000
10.6420	89.81	4109.11	2111.0	-1.0	2021.2	-4110.5	-0.0296	-1.0000	0.00328	-0.08609	4.936	0.002000	80000.000000	80000.000000	0.0000	0.0000	0.0000	0.0000
10.6440	88.30	4108.16	2111.0	-1.0	2022.7	-4109.6	-1.0000	-1.0000	0.00328	-0.08609	4.936	0.002000	80000.000000	80000.000000	0.0000	0.0000	0.0000	0.0000
10.6460	86.79	4107.21	2111.0	-1.0	2024.2	-4108.6	-0.0175	-1.0000	0.00328	-0.08609	4.936	0.002000	80000.000000	80000.000000	0.0000	0.0000	0.0000	0.0000
10.6480	85.28	4106.26	2111.0	-1.0	2025.7	-4107.6	-0.9940	-1.0000	0.00328	-0.08609	4.936	0.002000	80000.000000	80000.000000	0.0000	0.0000	0.0000	0.0000
10.6500	83.77	4105.30	2111.0	-1.0	2027.2	-4106.7	-0.0054	-1.0000	0.00328	-0.08609	4.936	0.002000	80000.000000	80000.000000	0.0000	0.0000	0.0000	0.0000
10.6520	82.26	4104.35	2111.0	-1.0	2028.7	-4105.7	-0.9819	-1.0000	0.00328	-0.08609	4.936	0.002000	80000.000000	80000.000000	0.0000	0.0000	0.0000	0.0000
10.6540	190.74	4103.40	2221.0	-1.0	2030.2	-4104.8	-0.5433	-1.0000	0.00365	-0.09078	5.205	0.002000	80000.000000	80000.000000	0.0000	0.0000	0.0000	0.0000
10.6560	189.23	4102.44	2221.0	-1.0	2031.7	-4103.8	-1.0000	-1.0000	0.00365	-0.09078	5.205	0.002000	80000.000000	80000.000000	0.0000	0.0000	0.0000	0.0000
10.6580	187.73	4101.49	2221.0	-1.0	2033.3	-4102.9	-0.5312	-1.0000	0.00365	-0.09078	5.205	0.002000	80000.000000	80000.000000	0.0000	0.0000	0.0000	0.0000
10.6600	186.22	4100.53	2221.0	-1.0	2034.8	-4101.9	-1.0000	-1.0000	0.00365	-0.09078	5.205	0.002000	80000.000000	80000.000000	0.0000	0.0000	0.0000	0.0000
10.6620	184.71	4099.58	2221.0	-1.0	2036.3	-4101.0	-0.5192	-1.0000	0.00365	-0.09078	5.205	0.002000	80000.000000	80000.000000	0.0000	0.0000	0.0000	0.0000
10.6640	183.20	4098.62	2221.0	-1.0	2037.8	-4100.0	-1.0000	-1.0000	0.00365	-0.09078	5.205	0.002000	80000.000000	80000.000000	0.0000	0.0000	0.0000	0.0000
10.6660	181.70	4097.66	2221.0	-1.0	2039.3	-4099.0	-0.5071	-1.0000	0.00365	-0.09078	5.205	0.002000	80000.000000	80000.000000	0.0000	0.0000	0.0000	0.0000
10.6680	180.19	4096.71	2221.0	-1.0	2040.8	-4098.1	-1.0000	-1.0000	0.00365	-0.09078	5.205	0.002000	80000.000000	80000.000000	0.0000	0.0000	0.0000	0.0000
10.6700	178.68	4095.75	2221.0	-1.0	2042.3	-4097.1	-0.4951	-1.0000	0.00365	-0.09078	5.205	0.002000	80000.000000	80000.000000	0.0000	0.0000	0.0000	0.0000
10.6720	177.18	4094.79	2221.0	-1.0	2043.8	-4096.2	-1.0000	-1.0000	0.00365	-0.09078	5.205	0.002000	80000.000000	80000.000000	0.0000	0.0000	0.0000	0.0000
10.6740	175.67	4093.83	2221.0	-1.0	2045.3	-4095.2	-0.4831	-1.0000	0.00365	-0.09078	5.205	0.002000	80000.000000	80000.000000	0.0000	0.0000	0.0000	0.0000
10.6760	174.17	4092.87	2221.0	-1.0	2046.8	-4094.2	-1.0000	-1.0000	0.00365	-0.09078	5.205	0.002000	80000.000000	80000.000000	0.0000	0.0000	0.0000	0.0000
10.6780	172.67	4091.91	2221.0	-1.0	2048.3	-4093.3	-0.4710	-1.0000	0.00365	-0.09078	5.205	0.002000	80000.000000	80000.000000	0.0000	0.0000	0.0000	0.0000
10.6800	171.16	4090.95	2221.0	-1.0	2049.8	-4092.3	-1.0000	-1.0000	0.00365	-0.09078	5.205	0.002000	80000.000000	80000.000000	0.0000	0.0000	0.0000	0.0000
10.6820	169.66	4089.98	2221.0	-1.0	2051.3	-4091.4	-0.4590	-1.0000	0.00365	-0.09078	5.205	0.002000	80000.000000	80000.000000	0.0000	0.0000	0.0000	0.0000
10.6840	168.15	4089.02	2221.0	-1.0	2052.8	-4090.4	-1.0000	-1.0000	0.00365	-0.09078	5.205	0.002000	80000.000000	80000.000000	0.0000	0.0000	0.0000	0.0000
10.6860	166.65	4088.06	2221.0	-1.0	2054.3	-4089.4	-0.4470	-1.0000	0.00365	-0.09078	5.205	0.002000	80000.000000	80000.000000	0.0000	0.0000	0.0000	0.0000
10.6880	165.15	4087.09	2221.0	-1.0	2055.8	-4088.5	-1.0000	-1.0000	0.00365	-0.09078	5.205	0.002000	80000.000000	80000.000000	0.0000	0.0000	0.0000	0.0000
10.6900	163.65	4086.13	2221.0	-1.0	2057.3	-4087.5	-0.4350	-1.0000	0.00365	-0.09078	5.205	0.002000	80000.000000	80000.000000	0.0000	0.0000	0.0000	0.0000
10.6920	162.15	4085.17	2221.0	-1.0	2058.8	-4086.5	-1.0000	-1.0000	0.00365	-0.09078	5.205	0.002000	80000.000000	80000.000000	0.0000	0.0000	0.0000	0.0000
10.6940	160.64	4084.20	2221.0	-1.0	2060.3	-4085.6	-0.4230	-1.0000	0.00365	-0.09078	5.205	0.002000	80000.000000	80000.000000	0.0000	0.0000	0.0000	0.0000
10.6960	159.14	4083.23	2221.0	-1.0	2061.8	-4084.6	-1.0000	-1.0000	0.00365	-0.09078	5.205	0.002000	80000.000000	80000.000000	0.0000	0.0000	0.0000	0.0000
10.6980	158.64	4082.27	2222.0	-1.0	2063.3	-4083.6	-0.4160	-1.0000	0.00366	-0.09082	5.208	0.002000	80000.000000	80000.000000	0.0000	0.0000	0.0000	0.0000
10.7000	157.14	4081.30	2222.0	-1.0	2064.8	-4082.7	-1.0000	-1.0000	0.00366	-0.09082	5.208	0.002000	80000.000000	80000.000000	0.0000	0.0000	0.0000	0.0000
10.7020	155.64	4080.33	2222.0	-1.0	2066.3	-4081.7	-0.4040	-1.0000	0.00366	-0.09082	5.208	0.002000	80000.000000	80000.000000	0.0000	0.0000	0.0000	0.0000
10.7040	154.14	4079.36	2222.0	-1.0	2067.8	-4080.7	-1.0000	-1.0000	0.00366	-0.09082	5.208	0.002000	80000.000000	80000.000000	0.0000	0.0000	0.0000	0.0000
10.7060	152.65	4078.39	2222.0	-1.0	2069.3	-4079.8	-0.3920	-1.0000	0.00366	-0.09082	5.208	0.002000	80000.000000	80000.000000	0.0000	0.0000	0.0000	0.0000
10.7080	151.15	4077.42	2222.0	-1.0	2070.8	-4078.8	-1.0000	-1.0000	0.00366	-0.09082	5.208	0.002000	80000.000000	80000.000000	0.0000	0.0000	0.0000	0.0000
10.7100	149.65	4076.45	2222.0	-1.0	2072.3	-4077.8	-0.3800	-1.0000	0.00366	-0.09082	5.208	0.002000	80000.000000	80000.000000	0.0000	0.0000	0.0000	0.0000
10.7120	148.15	4075.48	2222.0	-1.0	2073.8	-4076.8	-1.0000	-1.0000	0.00366	-0.09082	5.208	0.002000	80000.000000	80000.000000	0.0000	0.0000	0.0000	0.0000
10.7140	146.65	4074.51	2222.0	-1.0	2075.3	-4075.9	-0.3681	-1.0000	0.00366	-0.09082	5.208	0.002000	80000.000000	80000.000000	0.0000	0.0000	0.0000	0.0000
10.7160	145.16	4073.54	2222.0	-1.0	2076.8	-4074.9	-1.0000	-1.0000	0.00366	-0.09082	5.208	0.002000	80000.000000	80000.000000	0.0000	0.0000	0.0000	0.0000
10.7180	143.66	4072.57	2222.0	-1.0	2078.3	-4073.9	-0.3561	-1.0000	0.00366	-0.09082	5.208	0.002000	80000.000000	80000.000000	0.0000	0.0000	0.0000	0.0000
10.7200	142.17	4071.59	2222.0	-1.0	2079.8	-4073.0	-1.0000	-1.0000	0.00366	-0.09082	5.208	0.002000	80000.000000	80000.000000	0.0000	0.0000	0.0000	0.0000
10.7220	140.67	4070.62	2222.0	-1.0	2081.3	-4072.0	-0.3441	-1.0000	0.00366	-0.09082	5.208	0.002000	80000.000000	80000.000000	0.0000	0.0000	0.0000	0.0000
10.7240	139.18	4069.65	2222.0	-1.0	2082.8	-4071.0	-1.0000	-1.0000	0.00366	-0.09082	5.208	0.002000	80000.000000	80000.000000	0.0000	0.0000	0.0000	0.0000
10.7260	137.68	4068.67	2222.0	-1.0	2084.3	-4070.0	-0.3322	-1.0000	0.00366	-0.09082	5.208	0.002000	80000.000000	80000.000000	0.0000	0.0000	0.0000	0.0000
10.7280	136.19	4067.69	2222.0	-1.0	2085.8	-4069.1	-1.0000	-1.0000	0.00366	-0.09082	5.208	0.002000	80000.000000	80000.000000	0.0000	0.0000	0.0000	0.0000
10.7300	134.69	4066.72	2222.0	-1.0	2087.3	-4068.1	-0.3202	-1.0000	0.00366	-0.09082	5.208	0.002000	80000.000000	80000.000000	0.0000	0.0000	0.0000	0.0000
10.7320	133.20	4065.74	2222.0	-1.0	2088.8	-4067.1	-1.0000	-1.0000	0.00366	-0.09082	5.208	0.002000	80000.000000	80000.000000	0.0000	0.0000	0.0000	0.0000
10.7340	131.71	4064.76	2222.0	-1.0	2090.3	-4066.1	-0.3083	-1.0000	0.00366	-0.09082	5.208	0.002000	80000.000000	80000.000000	0.0000	0.0000	0.0000	0.0000
10.7360	130.21	4063.79	2222.0	-1.0	2091.8	-4065.1	-1.0000	-1.0000	0.00366	-0.09082	5.208	0.002000	80000.000000	80000.000000	0.0000	0.0000	0.0000	0.0000
10.7380	128.72	4062.81	2222.0	-1.0	2093.3	-4064.2	-0.2963	-1.0000	0.00366	-0.09082	5.208	0.002000	80000.000000	80000.000000	0.0000	0.0000	0.0000	0.0000
10.7400	127.23	4061.83	2222.0	-1.0	2094.8	-4063.2	-1.0000	-1.0000	0.00366	-0.09082	5.208	0.002000	80000.000000	80000.000000	0.0000	0.0000	0.0000	0.0000
10.7420	125.74	4060.85	2222.0	-1.0	2096.3	-4062.2	-0.2844	-1.0000	0.00366	-0.09082	5.208	0.002000	80000.000000	80000.000000	0.0000	0.0000	0.0000	0.0000
10.7440	124.25	4059.87	2222.0	-1.0	2097.7	-4061.2	-1.0000	-1.0000	0.00366	-0.09082	5.208	0.002000	80000.000000	80000.000000	0.0000	0.0000	0.0000	0.0000
10.7460	121.75	4058.89	2221.0	-1.0	2099.2	-4060.2	-0.2675	-1.0000	0.00365	-0.09078	5.205	0.002000	80000.000000	80000.000000	0.0000	0.0000	0.0000	0.0000
10.7480	120.26	4057.90	2221.0	-1.0	2100.7	-4059.3	-1.0000	-1.0000	0.00365	-0.09078	5.205	0.002000	80000.000000	80000.000000	0.0000	0.0000	0.0000	0.0000
10.7500	118.77	4056.92	2221.0	-1.0	2102.2	-4058.3	-0.2556	-1.0000	0.00365	-0.09078	5.205	0.002000	80000.000000	80000.000000	0.0000	0.0000	0.0000	0.0000
10.7520	117.28	4055.94	2221.0	-1.0	2103.7	-4057.3	-1.0000	-1.0000	0.00365	-0.09078	5.205	0.002000	80000.000000	80000.000000	0.0000	0.0000	0.0000	0.0000
10.7540	115.80	4054.96	2221.0	-1.0	2105.2	-4056.3	-0.2437	-1.0000	0.00365	-0.09078	5.205	0.002000	80000.000000	80000.000000	0.0000	0.0000	0.0000	0.0000
10.7560	114.31	4053.97	2221.0	-1.0	2106.7	-4055.3	-1.0000	-1.0000	0.00365	-0.09078	5.205	0.002000	80000.000000	80000.000000	0.0000	0.0000	0.0000	0.0000
10.7580	112.82	4052.99	2221.0	-1.0	2108.2	-4054.3	-0.2318	-1.0000	0.00365	-0.09078	5.205	0.002000	80000.000000	80000.000000	0.0000	0.0000	0.0000	0.0000
10.7600	111.33	4052.00	2221.0	-1.0	2109.7	-4053.3	-0.9883	-1.0000	0.00365	-0.09078	5.205	0.002000	80000.000000	80000.000000	0.0000	0.0000	0.0000	0.0000
10.7620	109.84	4051.02	2221.0	-1.0	2111.1	-4052.4	-0.2199	-1.0000	0.00365	-0.09078	5.205	0.002000	80000.000000	80000.000000	0.0000	0.0000	0.0000	0.0000
10.7640	108.36	4050.03	2221.0	-1.0	2112.6	-4051.4	-0.9764	-1.0000	0.00365	-0.09078	5.205	0.002000	80000.000000	80000.000000	0.0000	0.0000	0.0000	0.0000
10.7660	106.87	4049.04	2221.0	-1.0	2114.1	-4050.4	-0.2080	-1.0000	0.00365	-0.09078	5.205	0.002000	80000.000000	80000.000000	0.0000	0.0000	0.0000	0.0000
10.7680	105.38	4048.06	2221.0	-1.0	2115.6	-4049.4	-0.9646	-1.0000	0.00365	-0.09078	5.205	0.002000	80000.000000	80000.000000	0.0000	0.0000	0.0000	0.0000
10.7700	103.90	4047.07	2221.0	-1.0	2117.1	-4048.4	-0.1961	-1.0000	0.00365	-0.09078	5.205	0.002000	80000.000000	80000.000000	0.0000	0.0000	0.0000	0.0000
10.7720	102.41	4046.08	2221.0	-1.0	2118.6	-4047.4	-0.9527	-1.0000	0.00365	-0.09078	5.205	0.002000	80000.000000	80000.000000	0.0000	0.0000	0.0000	0.0000
10.7740	100.93	4045.09	2221.0	-1.0	2120.1	-4046.4	-0.1842	-1.0000	0.00365	-0.09078	5.205	0.002000	80000.000000	80000.000000	0.0000	0.0000	0.0000	0.0000
10.7760	99.44	4044.10	2221.0	-1.0	2121.5	-4045.4	-0.9408	-1.0000	0.00365	-0.09078	5.205	0.002000	80000.000000	80000.000000	0.0000	0.0000	0.0000	0.0000
10.7780	97.96	4043.11	2221.0	-1.0	2123.0	-4044.4	-0.1723	-1.0000	0.00365	-0.09078	5.205	0.002000	80000.000000	80000.000000	0.0000	0.0000	0.0000	0.0000
10.7800	96.47	4042.12	2221.0	-1.0	2124.5	-4043.5	-0.9289	-1.0000	0.00365	-0.09078	5.205	0.002000	80000.000000	80000.000000	0.0000	0.0000	0.0000	0.0000
10.7820	94.99	4041.13	2221.0	-1.0	2126.0	-4042.5	-0.1605	-1.0000	0.00365	-0.09078	5.205	0.002000	80000.000000	80000.000000	0.0000	0.0000	0.0000	0.0000
10.7840	93.51	4040.13	2221.0	-1.0	2127.5	-4041.5	-0.9171	-1.0000	0.00365	-0.09078	5.205	0.002000	80000.000000	80000.000000	0.0000	0.0000	0.0000	0.0000
10.7860	92.02	4039.14	2221.0	-1.0	2129.0	-4040.5	-0.1486	-1.0000	0.00365	-0.09078	5.205	0.002000	80000.000000	80000.000000	0.0000	0.0000	0.0000	0.0000
10.7880	90.54	4038.15	2221.0	-1.0	2130.4	-4039.5	-0.9052	-1.0000	0.00365	-0.09078	5.205	0.002000	80000.000000	80000.000000	0.0000	0.0000	0.0000	0.0000
10.7900	89.06	4037.15	2221.0	-1.0	2131.9	-4038.5	-0.1368	-1.0000	0.00365	-0.09078	5.205	0.002000	80000.000000	80000.000000	0.0000	0.0000	0.0000	0.0000
10.7920	87.58	4036.16	2221.0	-1.0	2133.4	-4037.5	-0.8934	-1.0000	0.00365	-0.09078	5.205	0.002000	80000.000000	80000.000000	0.0000	0.0000	0.0000	0.0000
10.7940	86.10	4035.16	2221.0	-1.0	2134.9	-4036.5	-0.1249	-1.0000	0.00365	-0.09078	5.205	0.002000	80000.000000	80000.000000	0.0000	0.0000	0.0000	0.0000
10.7960	84.62	4034.17	2221.0	-1.0	2136.4	-4035.5	-0.8815	-1.0000	0.00365	-0.09078	5.205	0.002000	80000.000000	80000.000000	0.0000	0.0000	0.0000	0.0000
10.7980	83.14	4033.17	2221.0	-1.0	2137.9	-4034.5	-0.1131	-1.0000	0.00365	-0.09078	5.205	0.002000	80000.000000	80000.000000	0.0000	0.0000	0.0000	0.0000
10.8000	81.66	4032.18	2221.0	-1.0	2139.3	-4033.5	-0.8697	-1.0000	0.00365	-0.09078	5.205	0.002000	80000.000000	80000.000000	0.0000	0.0000	0.0000	0.0000
10.8020	80.18	4031.18	2221.0	-1.0	2140.8	-4032.5	-0.1013	-1.0000	0.00365	-0.09078	5.205	0.002000	80000.000000	80000.000000	0.0000	0.0000	0.0000	0.0000
10.8040	78.70	4030.18	2221.0	-1.0	2142.3	-4031.5	-0.8579	-1.0000	0.00365	-0.09078	5.205	0.002000	80000.000000	80000.000000	0.0000	0.0000	0.0000	0.0000
10.8060	77.22	4029.18	2221.0	-1.0	2143.8	-4030.5	-0.0894	-1.0000	0.00365	-0.09078	5.205	0.002000	80000.000000	80000.000000	0.0000	0.0000	0.0000	0.0000
10.8080	75.74	4028.18	2221.0	-1.0	2145.3	-4029.5	-0.8460	-1.0000	0.00365	-0.09078	5.205	0.002000	80000.000000	80000.000000	0.0000	0.0000	0.0000	0.0000
10.8100	74.27	4027.18	2221.0	-1.0	2146.7	-4028.5	-0.0776	-1.0000	0.00365	-0.09078	5.205	0.002000	80000.000000	80000.000000	0.0000	0.0000	0.0000	0.0000
10.8120	72.79	4026.18	2221.0	-1.0	2148.2	-4027.5	-0.8342	-1.0000	0.00365	-0.09078	5.205	0.002000	80000.000000	80000.000000	0.0000	0.0000	0.0000	0.0000
10.8140	71.31	4025.18	2221.0	-1.0	2149.7	-4026.5	-0.0658	-1.0000	0.00365	-0.09078	5.205	0.002000	80000.000000	80000.000000	0.0000	0.0000	0.0000	0.0000
10.8160	69.83	4024.18	2221.0	-1.0	2151.2	-4025.5	-0.8224	-1.0000	0.00365	-0.09078	5.205	0.002000	80000.000000	80000.000000	0.0000	0.0000	0.0000	0.0000
10.8180	68.36	4023.18	2221.0	-1.0	2152.6	-4024.5	-0.0540	-1.0000	0.00365	-0.09078	5.205	0.002000	80000.000000	80000.000000	0.0000	0.0000	0.0000	0.0000
10.8200	66.88	4022.17	2221.0	-1.0	2154.1	-4023.5	-0.8106	-1.0000	0.00365	-0.09078	5.205	0.002000	80000.000000	80000.000000	0.0000	0.0000	0.0000	0.0000
10.8220	65.41	4021.17	2221.0	-1.0	2155.6	-4022.5	-0.0422	-1.0000	0.00365	-0.09078	5.205	0.002000	80000.000000	80000.000000	0.0000	0.0000	0.0000	0.0000
10.8240	63.93	4020.17	2221.0	-1.0	2157.1	-4021.5	-0.7988	-1.0000	0.00365	-0.09078	5.205	0.002000	80000.000000	80000.000000	0.0000	0.0000	0.0000	0.0000
10.8260	62.46	4019.16	2221.0	-1.0	2158.5	-4020.5	-0.0304	-1.0000	0.00365	-0.09078	5.205	0.002000	80000.000000	80000.000000	0.0000	0.0000	0.0000	0.0000
10.8280	60.98	4018.16	2221.0	-1.0	2160.0	-4019.5	-0.7870	-1.0000	0.00365	-0.09078	5.205	0.002000	80000.000000	80000.000000	0.0000	0.0000	0.0000	0.0000
10.8300	59.51	4017.15	2221.0	-1.0	2161.5	-4018.5	-0.0186	-1.0000	0.00365	-0.09078	5.205	0.002000	80000.000000	80000.000000	0.0000	0.0000	0.0000	0.0000
10.8320	58.04	4016.14	2221.0	-1.0	2163.0	-4017.5	-0.7752	-1.0000	0.00365	-0.09078	5.205	0.002000	80000.000000	80000.000000	0.0000	0.0000	0.0000	0.0000
10.8340	56.56	4015.14	2221.0	-1.0	2164.4	-4016.5	-0.0068	-1.0000	0.00365	-0.09078	5.205	0.002000	80000.000000	80000.000000	0.0000	0.0000	0.0000	0.0000
10.8360	55.09	4014.13	2221.0	-1.0	2165.9	-4015.4	-0.7635	-1.0000	0.00365	-0.09078	5.205	0.002000	80000.000000	80000.000000	0.0000	0.0000	0.0000	0.0000
10.8380	53.62	4013.12	2221.0	-1.0	2167.4	-4014.4	0.0050	-1.0000	0.00365	-0.09078	5.205	0.002000	80000.000000	80000.000000	0.0000	0.0000	0.0000	0.0000
10.8400	52.15	4012.11	2221.0	-1.0	2168.8	-4013.4	-0.7517	-1.0000	0.00365	-0.09078	5.205	0.002000	80000.000000	80000.000000	0.0000	0.0000	0.0000	0.0000
10.8420	50.68	4011.10	2221.0	-1.0	2170.3	-4012.4	0.0167	-1.0000	0.00365	-0.09078	5.205	0.002000	80000.000000	80000.000000	0.0000	0.0000	0.0000	0.0000
10.8440	49.21	4010.09	2221.0	-1.0	2171.8	-4011.4	-0.7399	-1.0000	0.00365	-0.09078	5.205	0.002000	80000.000000	80000.000000	0.0000	0.0000	0.0000	0.0000
10.8460	47.74	4009.08	2221.0	-1.0	2173.3	-4010.4	0.0285	-1.0000	0.00365	-0.09078	5.205	0.002000	80000.000000	80000.000000	0.0000	0.0000	0.0000	0.0000
10.8480	46.27	4008.07	2221.0	-1.0	2174.7	-4009.4	-0.7282	-1.0000	0.00365	-0.09078	5.205	0.002000	80000.000000	80000.000000	0.0000	0.0000	0.0000	0.0000
10.8500	44.80	4007.06	2221.0	-1.0	2176.2	-4008.4	0.0402	-1.0000	0.00365	-0.09078	5.205	0.002000	80000.000000	80000.000000	0.0000	0.0000	0.0000	0.0000
10.8520	43.33	4006.05	2221.0	-1.0	2177.7	-4007.4	-0.7164	-1.0000	0.00365	-0.09078	5.205	0.002000	80000.000000	80000.000000	0.0000	0.0000	0.0000	0.0000
10.8540	41.86	4005.03	2221.0	-1.0	2179.1	-4006.3	0.0520	-1.0000	0.00365	-0.09078	5.205	0.002000	80000.000000	80000.000000	0.0000	0.0000	0.0000	0.0000
10.8560	40.39	4004.02	2221.0	-1.0	2180.6	-4005.3	-0.7047	-1.0000	0.00365	-0.09078	5.205	0.002000	80000.000000	80000.000000	0.0000	0.0000	0.0000	0.0000
10.8580	38.92	4003.01	2221.0	-1.0	2182.1	-4004.3	0.0637	-1.0000	0.00365	-0.09078	5.205	0.002000	80000.000000	80000.000000	0.0000	0.0000	0.0000	0.0000
10.8600	37.46	4001.99	2221.0	-1.0	2183.5	-4003.3	-0.6929	-1.0000	0.00365	-0.09078	5.205	0.002000	80000.000000	80000.000000	0.0000	0.0000	0.0000	0.0000
10.8620	35.99	4000.98	2221.0	-1.0	2185.0	-4002.3	0.0755	-1.0000	0.00365	-0.09078	5.205	0.002000	80000.000000	80000.000000	0.0000	0.0000	0.0000	0.0000
10.8640	34.52	3999.96	2221.0	-1.0	2186.5	-4001.3	-0.6812	-1.0000	0.00365	-0.09078	5.205	0.002000	80000.000000	80000.000000	0.0000	0.0000	0.0000	0.0000
10.8660	33.06	3998.95	2221.0	-1.0	2187.9	-4000.3	0.0872	-1.0000	0.00365	-0.09078	5.205	0.002000	80000.000000	80000.000000	0.0000	0.0000	0.0000	0.0000
10.8680	31.59	3997.93	2221.0	-1.0	2189.4	-3999.2	-0.6695	-1.0000	0.00365	-0.09078	5.205	0.002000	80000.000000	80000.000000	0.0000	0.0000	0.0000	0.0000
10.8700	30.13	3996.91	2221.0	-1.0	2190.9	-3998.2	0.0989	-1.0000	0.00365	-0.09078	5.205	0.002000	80000.000000	80000.000000	0.0000	0.0000	0.0000	0.0000
10.8720	28.66	3995.89	2221.0	-1.0	2192.3	-3997.2	-0.6577	-1.0000	0.00365	-0.09078	5.205	0.002000	80000.000000	80000.000000	0.0000	0.0000	0.0000	0.0000
10.8740	27.20	3994.87	2221.0	-1.0	2193.8	-3996.2	0.1106	-1.0000	0.00365	-0.09078	5.205	0.002000	80000.000000	80000.000000	0.0000	0.0000	0.0000	0.0000
10.8760	25.73	3993.86	2221.0	-1.0	2195.3	-3995.2	-0.6460	-1.0000	0.00365	-0.09078	5.205	0.002000	80000.000000	80000.000000	0.0000	0.0000	0.0000	0.0000
10.8780	24.27	3992.84	2221.0	-1.0	2196.7	-3994.1	0.1223	-1.0000	0.00365	-0.09078	5.205	0.002000	80000.000000	80000.000000	0.0000	0.0000	0.0000	0.0000
10.8800	22.81	3991.81	2221.0	-1.0	2198.2	-3993.1	-0.6343	-1.0000	0.00365	-0.09078	5.205	0.002000	80000.000000	80000.000000	0.0000	0.0000	0.0000	0.0000
10.8820	21.34	3990.79	2221.0	-1.0	2199.7	-3992.1	0.1340	-1.0000	0.00365	-0.09078	5.205	0.002000	80000.000000	80000.000000	0.0000	0.0000	0.0000	0.0000
10.8840	19.88	3989.77	2221.0	-1.0	2201.1	-3991.1	-0.6226	-1.0000	0.00365	-0.09078	5.205	0.002000	80000.000000	80000.000000	0.0000	0.0000	0.0000	0.0000
10.8860	18.42	3988.75	2221.0	-1.0	2202.6	-3990.0	0.1457	-1.0000	0.00365	-0.09078	5.205	0.002000	80000.000000	80000.000000	0.0000	0.0000	0.0000	0.0000
10.8880	16.96	3987.73	2221.0	-1.0	2204.0	-3989.0	-0.6109	-1.0000	0.00365	-0.09078	5.205	0.002000	80000.000000	80000.000000	0.0000	0.0000	0.0000	0.0000
10.8900	15.50	3986.70	2221.0	-1.0	2205.5	-3988.0	0.1574	-1.0000	0.00365	-0.09078	5.205	0.002000	80000.000000	80000.000000	0.0000	0.0000	0.0000	0.0000
10.8920	14.04	3985.68	2221.0	-1.0	2207.0	-3987.0	-0.5993	-1.0000	0.00365	-0.09078	5.205	0.002000	80000.000000	80000.000000	0.0000	0.0000	0.0000	0.0000
10.8940	12.57	3984.66	2221.0	-1.0	2208.4	-3986.0	0.1691	-1.0000	0.00365	-0.09078	5.205	0.002000	80000.000000	80000.000000	0.0000	0.0000	0.0000	0.0000
10.8960	11.12	3983.63	2221.0	-1.0	2209.9	-3984.9	-0.5876	-1.0000	0.00365	-0.09078	5.205	0.002000	80000.000000	80000.000000	0.0000	0.0000	0.0000	0.0000
10.8980	9.66	3982.61	2221.0	-1.0	2211.3	-3983.9	0.1808	-1.0000	0.00365	-0.09078	5.205	0.002000	80000.000000	80000.000000	0.0000	0.0000	0.0000	0.0000
10.9000	8.20	3981.58	2221.0	-1.0	2212.8	-3982.9	-0.5759	-1.0000	0.00365	-0.09078	5.205	0.002000	80000.000000	80000.000000	0.0000	0.0000	0.0000	0.0000
10.9020	6.74	3980.55	2221.0	-1.0	2214.3	-3981.8	0.1925	-1.0000	0.00365	-0.09078	5.205	0.002000	80000.000000	80000.000000	0.0000	0.0000	0.0000	0.0000
10.9040	5.28	3979.52	2221.0	-1.0	2215.7	-3980.8	-0.5642	-1.0000	0.00365	-0.09078	5.205	0.002000	80000.000000	80000.000000	0.0000	0.0000	0.0000	0.0000
10.9060	3.82	3978.50	2221.0	-1.0	2217.2	-3979.8	0.2041	-1.0000	0.00365	-0.09078	5.205	0.002000	80000.000000	80000.000000	0.0000	0.0000	0.0000	0.0000
10.9080	2.37	3977.47	2221.0	-1.0	2218.6	-3978.8	-0.5526	-1.0000	0.00365	-0.09078	5.205	0.002000	80000.000000	80000.000000	0.0000	0.0000	0.0000	0.0000
10.9100	0.91	3976.44	2221.0	-1.0	2220.1	-3977.7	0.2158	-1.0000	0.00365	-0.09078	5.205	0.002000	80000.000000	80000.000000	0.0000	0.0000	0.0000	0.0000
10.9120	-0.55	3975.41	2221.0	-1.0	2221.5	-3976.7	-0.5409	-1.0000	0.00365	-0.09078	5.205	0.002000	80000.000000	80000.000000	0.0000	0.0000	0.0000	0.0000
10.9140	-2.00	3974.38	2221.0	-1.0	2223.0	-3975.7	0.2274	-1.0000	0.00365	-0.09078	5.205	0.002000	80000.000000	80000.000000	0.0000	0.0000	0.0000	0.0000
10.9160	-3.46	3973.35	2221.0	-1.0	2224.5	-3974.6	-0.5293	-1.0000	0.00365	-0.09078	5.205	0.002000	80000.000000	80000.000000	0.0000	0.0000	0.0000	0.0000
10.9180	-4.92	3972.32	2221.0	-1.0	2225.9	-3973.6	0.2391	-1.0000	0.00365	-0.09078	5.205	0.002000	80000.000000	80000.000000	0.0000	0.0000	0.0000	0.0000
10.9200	-6.37	3971.29	2221.0	-1.0	2227.4	-3972.6	-0.5176	-1.0000	0.00365	-0.09078	5.205	0.002000	80000.000000	80000.000000	0.0000	0.0000	0.0000	0.0000
10.9220	-7.82	3970.25	2221.0	-1.0	2228.8	-3971.5	0.2507	-1.0000	0.00365	-0.09078	5.205	0.002000	80000.000000	80000.000000	0.0000	0.0000	0.0000	0.0000
10.9240	-9.28	3969.22	2221.0	-1.0	2230.3	-3970.5	-0.5060	-1.0000	0.00365	-0.09078	5.205	0.002000	80000.000000	80000.000000	0.0000	0.0000	0.0000	0.0000
10.9260	-10.73	3968.19	2221.0	-1.0	2231.7	-3969.5	0.2623	-1.0000	0.00365	-0.09078	5.205	0.002000	80000.000000	80000.000000	0.0000	0.0000	0.0000	0.0000
10.9280	-12.18	3967.15	2221.0	-1.0	2233.2	-3968.4	-0.4944	-1.0000	0.00365	-0.09078	5.205	0.002000	80000.000000	80000.000000	0.0000	0.0000	0.0000	0.0000
10.9300	-13.64	3966.12	2221.0	-1.0	2234.6	-3967.4	0.2740	-1.0000	0.00365	-0.09078	5.205	0.002000	80000.000000	80000.000000	0.0000	0.0000	0.0000	0.0000
10.9320	-15.09	3965.08	2221.0	-1.0	2236.1	-3966.4	-0.4828	-1.0000	0.00365	-0.09078	5.205	0.002000	80000.000000	80000.000000	0.0000	0.0000	0.0000	0.0000
10.9340	-16.54	3964.05	2221.0	-1.0	2237.5	-3965.3	0.2856	-1.0000	0.00365	-0.09078	5.205	0.002000	80000.000000	80000.000000	0.0000	0.0000	0.0000	0.0000
10.9360	-17.99	3963.01	2221.0	-1.0	2239.0	-3964.3	-0.4711	-1.0000	0.00365	-0.09078	5.205	0.002000	80000.000000	80000.000000	0.0000	0.0000	0.0000	0.0000
10.9380	-18.44	3961.97	2222.0	-1.0	2240.4	-3963.3	0.2922	-1.0000	0.00366	-0.09082	5.208	0.002000	80000.000000	80000.000000	0.0000	0.0000	0.0000	0.0000
10.9400	-19.89	3960.93	2222.0	-1.0	2241.9	-3962.2	-0.4625	-1.0000	0.00366	-0.09082	5.208	0.002000	80000.000000	80000.000000	0.0000	0.0000	0.0000	0.0000
10.9420	-21.34	3959.90	2222.0	-1.0	2243.3	-3961.2	0.3038	-1.0000	0.00366	-0.09082	5.208	0.002000	80000.000000	80000.000000	0.0000	0.0000	0.0000	0.0000
10.9440	-22.79	3958.86	2222.0	-1.0	2244.8	-3960.1	-0.4509	-1.0000	0.00366	-0.09082	5.208	0.002000	80000.000000	80000.000000	0.0000	0.0000	0.0000	0.0000
10.9460	-24.24	3957.82	2222.0	-1.0	2246.2	-3959.1	0.3154	-1.0000	0.00366	-0.09082	5.208	0.002000	80000.000000	80000.000000	0.0000	0.0000	0.0000	0.0000
10.9480	-25.69	3956.78	2222.0	-1.0	2247.7	-3958.1	-0.4393	-1.0000	0.00366	-0.09082	5.208	0.002000	80000.000000	80000.000000	0.0000	0.0000	0.0000	0.0000
10.9500	-27.14	3955.74	2222.0	-1.0	2249.1	-3957.0	0.3270	-1.0000	0.00366	-0.09082	5.208	0.002000	80000.000000	80000.000000	0.0000	0.0000	0.0000	0.0000
10.9520	-28.59	3954.70	2222.0	-1.0	2250.6	-3956.0	-0.4278	-1.0000	0.00366	-0.09082	5.208	0.002000	80000.000000	80000.000000	0.0000	0.0000	0.0000	0.0000
10.9540	-30.04	3953.65	2222.0	-1.0	2252.0	-3954.9	0.3386	-1.0000	0.00366	-0.09082	5.208	0.002000	80000.000000	80000.000000	0.0000	0.0000	0.0000	0.0000
10.9560	-31.48	3952.61	2222.0	-1.0	2253.5	-3953.9	-0.4162	-1.0000	0.00366	-0.09082	5.208	0.002000	80000.000000	80000.000000	0.0000	0.0000	0.0000	0.0000
10.9580	-32.93	3951.57	2222.0	-1.0	2254.9	-3952.8	0.3501	-1.0000	0.00366	-0.09082	5.208	0.002000	80000.000000	80000.000000	0.0000	0.0000	0.0000	0.0000
10.9600	-34.38	3950.52	2222.0	-1.0	2256.4	-3951.8	-0.4046	-1.0000	0.00366	-0.09082	5.208	0.002000	80000.000000	80000.000000	0.0000	0.0000	0.0000	0.0000
10.9620	-35.82	3949.48	2222.0	-1.0	2257.8	-3950.8	0.3617	-1.0000	0.00366	-0.09082	5.208	0.002000	80000.000000	80000.000000	0.0000	0.0000	0.0000	0.0000
10.9640	-37.27	3948.44	2222.0	-1.0	2259.3	-3949.7	-0.3930	-1.0000	0.00366	-0.09082	5.208	0.002000	80000.000000	80000.000000	0.0000	0.0000	0.0000	0.0000
10.9660	-38.71	3947.39	2222.0	-1.0	2260.7	-3948.7	0.3733	-1.0000	0.00366	-0.09082	5.208	0.002000	80000.000000	80000.000000	0.0000	0.0000	0.0000	0.0000
10.9680	-40.16	3946.34	2222.0	-1.0	2262.2	-3947.6	-0.3815	-1.0000	0.00366	-0.09082	5.208	0.002000	80000.000000	80000.000000	0.0000	0.0000	0.0000	0.0000
10.9700	-41.60	3945.30	2222.0	-1.0	2263.6	-3946.6	0.3848	-1.0000	0.00366	-0.09082	5.208	0.002000	80000.000000	80000.000000	0.0000	0.0000	0.0000	0.0000
10.9720	-42.04	3944.25	2223.0	-1.0	2265.0	-3945.5	-0.3749	-1.0000	0.00366	-0.09086	5.210	0.002000	80000.000000	80000.000000	0.0000	0.0000	0.0000	0.0000
10.9740	-43.49	3943.20	2223.0	-1.0	2266.5	-3944.5	0.3934	-1.0000	0.00366	-0.09086	5.210	0.002000	80000.000000	80000.000000	0.0000	0.0000	0.0000	0.0000
10.9760	-44.93	3942.16	2223.0	-1.0	2267.9	-3943.4	-0.3634	-1.0000	0.00366	-0.09086	5.210	0.002000	80000.000000	80000.000000	0.0000	0.0000	0.0000	0.0000
10.9780	-46.37	3941.11	2223.0	-1.0	2269.4	-3942.4	0.4049	-1.0000	0.00366	-0.09086	5.210	0.002000	80000.000000	80000.000000	0.0000	0.0000	0.0000	0.0000
10.9800	-47.81	3940.06	2223.0	-1.0	2270.8	-3941.3	-0.3518	-1.0000	0.00366	-0.09086	5.210	0.002000	80000.000000	80000.000000	0.0000	0.0000	0.0000	0.0000
10.9820	-49.26	3939.01	2223.0	-1.0	2272.3	-3940.3	0.4164	-1.0000	0.00366	-0.09086	5.210	0.002000	80000.000000	80000.000000	0.0000	0.0000	0.0000	0.0000
10.9840	7.30	3937.96	2281.0	-1.0	2273.7	-3939.2	-0.6303	-1.0000	0.00387	-0.09334	5.353	0.002000	80000.000000	80000.000000	0.0000	0.0000	0.0000	0.0000
10.9860	5.86	3936.91	2281.0	-1.0	2275.1	-3938.2	0.2540	-1.0000	0.00387	-0.09334	5.353	0.002000	80000.000000	80000.000000	0.0000	0.0000	0.0000	0.0000
10.9880	4.42	3935.86	2281.0	-1.0	2276.6	-3937.1	-0.6188	-1.0000	0.00387	-0.09334	5.353	0.002000	80000.000000	80000.000000	0.0000	0.0000	0.0000	0.0000
10.9900	2.98	3934.80	2281.0	-1.0	2278.0	-3936.1	0.2655	-1.0000	0.00387	-0.09334	5.353	0.002000	80000.000000	80000.000000	0.0000	0.0000	0.0000	0.0000
10.9920	1.54	3933.75	2281.0	-1.0	2279.5	-3935.0	-0.6073	-1.0000	0.00387	-0.09334	5.353	0.002000	80000.000000	80000.000000	0.0000	0.0000	0.0000	0.0000
10.9940	0.10	3932.70	2281.0	-1.0	2280.9	-3934.0	0.2770	-1.0000	0.00387	-0.09334	5.353	0.002000	80000.000000	80000.000000	0.0000	0.0000	0.0000	0.0000
10.9960	-1.34	3931.64	2281.0	-1.0	2282.3	-3932.9	-0.5957	-1.0000	0.00387	-0.09334	5.353	0.002000	80000.000000	80000.000000	0.0000	0.0000	0.0000	0.0000
10.9980	-2.78	3930.59	2281.0	-1.0	2283.8	-3931.9	0.2885	-1.0000	0.00387	-0.09334	5.353	0.002000	80000.000000	80000.000000	0.0000	0.0000	0.0000	0.0000
11.0000	-4.21	3929.53	2281.0	-1.0	2285.2	-3930.8	-0.5842	-1.0000	0.00387	-0.09334	5.353	0.002000	80000.000000	80000.000000	0.0000	0.0000	0.0000	0.0000
11.0020	-5.65	3928.48	2281.0	-1.0	2286.7	-3929.7	0.3000	-1.0000	0.00387	-0.09334	5.353	0.002000	80000.000000	80000.000000	0.0000	0.0000	0.0000	0.0000
11.0040	-6.09	3927.42	2282.0	-1.0	2288.1	-3928.7	-0.5777	-1.0000	0.00387	-0.09338	5.355	0.002000	80000.000000	80000.000000	0.0000	0.0000	0.0000	0.0000
11.0060	-7.52	3926.37	2282.0	-1.0	2289.5	-3927.6	0.3085	-1.0000	0.00387	-0.09338	5.355	0.002000	80000.000000	80000.000000	0.0000	0.0000	0.0000	0.0000
11.0080	-8.96	3925.31	2282.0	-1.0	2291.0	-3926.6	-0.5663	-1.0000	0.00387	-0.09338	5.355	0.002000	80000.000000	80000.000000	0.0000	0.0000	0.0000	0.0000
11.0100	-10.40	3924.25	2282.0	-1.0	2292.4	-3925.5	0.3200	-1.0000	0.00387	-0.09338	5.355	0.002000	80000.000000	80000.000000	0.0000	0.0000	0.0000	0.0000
11.0120	-11.83	3923.19	2282.0	-1.0	2293.8	-3924.5	-0.5548	-1.0000	0.00387	-0.09338	5.355	0.002000	80000.000000	80000.000000	0.0000	0.0000	0.0000	0.0000
11.0140	-13.27	3922.13	2282.0	-1.0	2295.3	-3923.4	0.3315	-1.0000	0.00387	-0.09338	5.355	0.002000	80000.000000	80000.000000	0.0000	0.0000	0.0000	0.0000
11.0160	-13.70	3921.07	2283.0	-1.0	2296.7	-3922.3	-0.5483	-1.0000	0.00387	-0.09343	5.358	0.002000	80000.000000	80000.000000	0.0000	0.0000	0.0000	0.0000
11.0180	-15.13	3920.01	2283.0	-1.0	2298.1	-3921.3	0.3399	-1.0000	0.00387	-0.09343	5.358	0.002000	80000.000000	80000.000000	0.0000	0.0000	0.0000	0.0000
11.0200	-16.57	3918.95	2283.0	-1.0	2299.6	-3920.2	-0.5368	-1.0000	0.00387	-0.09343	5.358	0.002000	80000.000000	80000.000000	0.0000	0.0000	0.0000	0.0000
11.0220	-18.00	3917.89	2283.0	-1.0	2301.0	-3919.1	0.3514	-1.0000	0.00387	-0.09343	5.358	0.002000	80000.000000	80000.000000	0.0000	0.0000	0.0000	0.0000
11.0240	-19.43	3916.83	2283.0	-1.0	2302.4	-3918.1	-0.5254	-1.0000	0.00387	-0.09343	5.358	0.002000	80000.000000	80000.000000	0.0000	0.0000	0.0000	0.0000
11.0260	57.13	3915.77	2361.0	-1.0	2303.9	-3917.0	-0.0271	-1.0000	0.00416	-0.09677	5.550	0.002000	80000.000000	80000.000000	0.0000	0.0000	0.0000	0.0000
11.0280	59.70	3914.71	2365.0	-1.0	2305.3	-3916.0	-0.7679	-1.0000	0.00417	-0.09695	5.560	0.002000	80000.000000	80000.000000	0.0000	0.0000	0.0000	0.0000
11.0300	58.27	3913.64	2365.0	-1.0	2306.7	-3914.9	-0.0277	-1.0000	0.00417	-0.09695	5.560	0.002000	80000.000000	80000.000000	0.0000	0.0000	0.0000	0.0000
11.0320	56.84	3912.58	2365.0	-1.0	2308.2	-3913.8	-0.7565	-1.0000	0.00417	-0.09695	5.560	0.002000	80000.000000	80000.000000	0.0000	0.0000	0.0000	0.0000
11.0340	55.41	3911.51	2365.0	-1.0	2309.6	-3912.8	-0.0162	-1.0000	0.00417	-0.09695	5.560	0.002000	80000.000000	80000.000000	0.0000	0.0000	0.0000	0.0000
11.0360	53.98	3910.45	2365.0	-1.0	2311.0	-3911.7	-0.7450	-1.0000	0.00417	-0.09695	5.560	0.002000	80000.000000	80000.000000	0.0000	0.0000	0.0000	0.0000
11.0380	52.55	3909.38	2365.0	-1.0	2312.4	-3910.6	-0.0048	-1.0000	0.00417	-0.09695	5.560	0.002000	80000.000000	80000.000000	0.0000	0.0000	0.0000	0.0000
11.0400	51.12	3908.32	2365.0	-1.0	2313.9	-3909.6	-0.7336	-1.0000	0.00417	-0.09695	5.560	0.002000	80000.000000	80000.000000	0.0000	0.0000	0.0000	0.0000
11.0420	49.69	3907.25	2365.0	-1.0	2315.3	-3908.5	0.0066	-1.0000	0.00417	-0.09695	5.560	0.002000	80000.000000	80000.000000	0.0000	0.0000	0.0000	0.0000
11.0440	48.26	3906.18	2365.0	-1.0	2316.7	-3907.4	-0.7222	-1.0000	0.00417	-0.09695	5.560	0.002000	80000.000000	80000.000000	0.0000	0.0000	0.0000	0.0000
11.0460	47.83	3905.11	2366.0	-1.0	2318.2	-3906.4	0.0131	-1.0000	0.00418	-0.09699	5.562	0.002000	80000.000000	80000.000000	0.0000	0.0000	0.0000	0.0000
11.0480	46.41	3904.04	2366.0	-1.0	2319.6	-3905.3	-0.7138	-1.0000	0.00418	-0.09699	5.562	0.002000	80000.000000	80000.000000	0.0000	0.0000	0.0000	0.0000
11.0500	44.98	3902.98	2366.0	-1.0	2321.0	-3904.2	0.0245	-1.0000	0.00418	-0.09699	5.562	0.002000	80000.000000	80000.000000	0.0000	0.0000	0.0000	0.0000
11.0520	43.55	3901.91	2366.0	-1.0	2322.4	-3903.2	-0.7023	-1.0000	0.00418	-0.09699	5.562	0.002000	80000.000000	80000.000000	0.0000	0.0000	0.0000	0.0000
11.0540	42.13	3900.84	2366.0	-1.0	2323.9	-3902.1	0.0359	-1.0000	0.00418	-0.09699	5.562	0.002000	80000.000000	80000.000000	0.0000	0.0000	0.0000	0.0000
11.0560	40.70	3899.77	2366.0	-1.0	2325.3	-3901.0	-0.6909	-1.0000	0.00418	-0.09699	5.562	0.002000	80000.000000	80000.000000	0.0000	0.0000	0.0000	0.0000
11.0580	39.28	3898.69	2366.0	-1.0	2326.7	-3899.9	0.0473	-1.0000	0.00418	-0.09699	5.562	0.002000	80000.000000	80000.000000	0.0000	0.0000	0.0000	0.0000
11.0600	38.85	3897.62	2367.0	-1.0	2328.1	-3898.9	-0.6845	-1.0000	0.00418	-0.09703	5.565	0.002000	80000.000000	80000.000000	0.0000	0.0000	0.0000	0.0000
11.0620	37.43	3896.55	2367.0	-1.0	2329.6	-3897.8	0.0557	-1.0000	0.00418	-0.09703	5.565	0.002000	80000.000000	80000.000000	0.0000	0.0000	0.0000	0.0000
11.0640	36.01	3895.48	2367.0	-1.0	2331.0	-3896.7	-0.6732	-1.0000	0.00418	-0.09703	5.565	0.002000	80000.000000	80000.000000	0.0000	0.0000	0.0000	0.0000
11.0660	34.58	3894.40	2367.0	-1.0	2332.4	-3895.6	0.0671	-1.0000	0.00418	-0.09703	5.565	0.002000	80000.000000	80000.000000	0.0000	0.0000	0.0000	0.0000
11.0680	33.16	3893.33	2367.0	-1.0	2333.8	-3894.6	-0.6618	-1.0000	0.00418	-0.09703	5.565	0.002000	80000.000000	80000.000000	0.0000	0.0000	0.0000	0.0000
11.0700	31.74	3892.25	2367.0	-1.0	2335.3	-3893.5	0.0784	-1.0000	0.00418	-0.09703	5.565	0.002000	80000.000000	80000.000000	0.0000	0.0000	0.0000	0.0000
11.0720	30.32	3891.18	2367.0	-1.0	2336.7	-3892.4	-0.6504	-1.0000	0.00418	-0.09703	5.565	0.002000	80000.000000	80000.000000	0.0000	0.0000	0.0000	0.0000
11.0740	29.89	3890.10	2368.0	-1.0	2338.1	-3891.3	0.0848	-1.0000	0.00419	-0.09708	5.567	0.002000	80000.000000	80000.000000	0.0000	0.0000	0.0000	0.0000
11.0760	125.47	3889.03	2465.0	-1.0	2339.5	-3890.3	-1.0000	-1.0000	0.00456	-0.10125	5.807	0.002000	80000.000000	80000.000000	0.0000	0.0000	0.0000	0.0000
11.0780	124.05	3887.95	2465.0	-1.0	2340.9	-3889.2	-0.1948	-1.0000	0.00456	-0.10125	5.807	0.002000	80000.000000	80000.000000	0.0000	0.0000	0.0000	0.0000
11.0800	122.63	3886.87	2465.0	-1.0	2342.4	-3888.1	-1.0000	-1.0000	0.00456	-0.10125	5.807	0.002000	80000.000000	80000.000000	0.0000	0.0000	0.0000	0.0000
11.0820	121.21	3885.79	2465.0	-1.0	2343.8	-3887.0	-0.1835	-1.0000	0.00456	-0.10125	5.807	0.002000	80000.000000	80000.000000	0.0000	0.0000	0.0000	0.0000
11.0840	119.79	3884.71	2465.0	-1.0	2345.2	-3886.0	-1.0000	-1.0000	0.00456	-0.10125	5.807	0.002000	80000.000000	80000.000000	0.0000	0.0000	0.0000	0.0000
11.0860	118.37	3883.63	2465.0	-1.0	2346.6	-3884.9	-0.1721	-1.0000	0.00456	-0.10125	5.807	0.002000	80000.000000	80000.000000	0.0000	0.0000	0.0000	0.0000
11.0880	116.95	3882.55	2465.0	-1.0	2348.0	-3883.8	-1.0000	-1.0000	0.00456	-0.10125	5.807	0.002000	80000.000000	80000.000000	0.0000	0.0000	0.0000	0.0000
11.0900	115.53	3881.47	2465.0	-1.0	2349.5	-3882.7	-0.1608	-1.0000	0.00456	-0.10125	5.807	0.002000	80000.000000	80000.000000	0.0000	0.0000	0.0000	0.0000
11.0920	114.12	3880.39	2465.0	-1.0	2350.9	-3881.6	-1.0000	-1.0000	0.00456	-0.10125	5.807	0.002000	80000.000000	80000.000000	0.0000	0.0000	0.0000	0.0000
11.0940	112.70	3879.31	2465.0	-1.0	2352.3	-3880.5	-0.1494	-1.0000	0.00456	-0.10125	5.807	0.002000	80000.000000	80000.000000	0.0000	0.0000	0.0000	0.0000
11.0960	111.28	3878.23	2465.0	-1.0	2353.7	-3879.5	-1.0000	-1.0000	0.00456	-0.10125	5.807	0.002000	80000.000000	80000.000000	0.0000	0.0000	0.0000	0.0000
11.0980	109.87	3877.15	2465.0	-1.0	2355.1	-3878.4	-0.1381	-1.0000	0.00456	-0.10125	5.807	0.002000	80000.000000	80000.000000	0.0000	0.0000	0.0000	0.0000
11.1000	108.45	3876.06	2465.0	-1.0	2356.5	-3877.3	-1.0000	-1.0000	0.00456	-0.10125	5.807	0.002000	80000.000000	80000.000000	0.0000	0.0000	0.0000	0.0000
11.1020	107.03	3874.98	2465.0	-1.0	2358.0	-3876.2	-0.1268	-1.0000	0.00456	-0.10125	5.807	0.002000	80000.000000	80000.000000	0.0000	0.0000	0.0000	0.0000
11.1040	105.62	3873.90	2465.0	-1.0	2359.4	-3875.1	-1.0000	-1.0000	0.00456	-0.10125	5.807	0.002000	80000.000000	80000.000000	0.0000	0.0000	0.0000	0.0000
11.1060	104.21	3872.81	2465.0	-1.0	2360.8	-3874.0	-0.1155	-1.0000	0.00456	-0.10125	5.807	0.002000	80000.000000	80000.000000	0.0000	0.0000	0.0000	0.0000
11.1080	102.79	3871.73	2465.0	-1.0	2362.2	-3873.0	-1.0000	-1.0000	0.00456	-0.10125	5.807	0.002000	80000.000000	80000.000000	0.0000	0.0000	0.0000	0.0000
11.1100	101.38	3870.64	2465.0	-1.0	2363.6	-3871.9	-0.1042	-1.0000	0.00456	-0.10125	5.807	0.002000	80000.000000	80000.000000	0.0000	0.0000	0.0000	0.0000
11.1120	99.97	3869.55	2465.0	-1.0	2365.0	-3870.8	-1.0000	-1.0000	0.00456	-0.10125	5.807	0.002000	80000.000000	80000.000000	0.0000	0.0000	0.0000	0.0000
11.1140	98.55	3868.47	2465.0	-1.0	2366.4	-3869.7	-0.0929	-1.0000	0.00456	-0.10125	5.807	0.002000	80000.000000	80000.000000	0.0000	0.0000	0.0000	0.0000
11.1160	97.14	3867.38	2465.0	-1.0	2367.9	-3868.6	-1.0000	-1.0000	0.00456	-0.10125	5.807	0.002000	80000.000000	80000.000000	0.0000	0.0000	0.0000	0.0000
11.1180	95.73	3866.29	2465.0	-1.0	2369.3	-3867.5	-0.0816	-1.0000	0.00456	-0.10125	5.807	0.002000	80000.000000	80000.000000	0.0000	0.0000	0.0000	0.0000
11.1200	94.32	3865.20	2465.0	-1.0	2370.7	-3866.4	-1.0000	-1.0000	0.00456	-0.10125	5.807	0.002000	80000.000000	80000.000000	0.0000	0.0000	0.0000	0.0000
11.1220	92.91	3864.11	2465.0	-1.0	2372.1	-3865.3	-0.0703	-1.0000	0.00456	-0.10125	5.807	0.002000	80000.000000	80000.000000	0.0000	0.0000	0.0000	0.0000
11.1240	92.50	3863.02	2466.0	-1.0	2373.5	-3864.2	-0.9962	-1.0000	0.00456	-0.10130	5.810	0.002000	80000.000000	80000.000000	0.0000	0.0000	0.0000	0.0000
11.1260	91.09	3861.93	2466.0	-1.0	2374.9	-3863.2	-0.0620	-1.0000	0.00456	-0.10130	5.810	0.002000	80000.000000	80000.000000	0.0000	0.0000	0.0000	0.0000
11.1280	89.68	3860.84	2466.0	-1.0	2376.3	-3862.1	-0.9849	-1.0000	0.00456	-0.10130	5.810	0.002000	80000.000000	80000.000000	0.0000	0.0000	0.0000	0.0000
11.1300	88.27	3859.75	2466.0	-1.0	2377.7	-3861.0	-0.0508	-1.0000	0.00456	-0.10130	5.810	0.002000	80000.000000	80000.000000	0.0000	0.0000	0.0000	0.0000
11.1320	86.86	3858.66	2466.0	-1.0	2379.1	-3859.9	-0.9736	-1.0000	0.00456	-0.10130	5.810	0.002000	80000.000000	80000.000000	0.0000	0.0000	0.0000	0.0000
11.1340	85.45	3857.56	2466.0	-1.0	2380.5	-3858.8	-0.0395	-1.0000	0.00456	-0.10130	5.810	0.002000	80000.000000	80000.000000	0.0000	0.0000	0.0000	0.0000
11.1360	84.04	3856.47	2466.0	-1.0	2382.0	-3857.7	-0.9624	-1.0000	0.00456	-0.10130	5.810	0.002000	80000.000000	80000.000000	0.0000	0.0000	0.0000	0.0000
11.1380	82.64	3855.38	2466.0	-1.0	2383.4	-3856.6	-0.0282	-1.0000	0.00456	-0.10130	5.810	0.002000	80000.000000	80000.000000	0.0000	0.0000	0.0000	0.0000
11.1400	81.23	3854.28	2466.0	-1.0	2384.8	-3855.5	-0.9511	-1.0000	0.00456	-0.10130	5.810	0.002000	80000.000000	80000.000000	0.0000	0.0000	0.0000	0.0000
11.1420	79.82	3853.19	2466.0	-1.0	2386.2	-3854.4	-0.0170	-1.0000	0.00456	-0.10130	5.810	0.002000	80000.000000	80000.000000	0.0000	0.0000	0.0000	0.0000
11.1440	78.42	3852.09	2466.0	-1.0	2387.6	-3853.3	-0.9399	-1.0000	0.00456	-0.10130	5.810	0.002000	80000.000000	80000.000000	0.0000	0.0000	0.0000	0.0000
11.1460	77.01	3851.00	2466.0	-1.0	2389.0	-3852.2	-0.0057	-1.0000	0.00456	-0.10130	5.810	0.002000	80000.000000	80000.000000	0.0000	0.0000	0.0000	0.0000
11.1480	75.61	3849.90	2466.0	-1.0	2390.4	-3851.1	-0.9286	-1.0000	0.00456	-0.10130	5.810	0.002000	80000.000000	80000.000000	0.0000	0.0000	0.0000	0.0000
11.1500	74.20	3848.80	2466.0	-1.0	2391.8	-3850.0	0.0055	-1.0000	0.00456	-0.10130	5.810	0.002000	80000.000000	80000.000000	0.0000	0.0000	0.0000	0.0000
11.1520	72.80	3847.70	2466.0	-1.0	2393.2	-3848.9	-0.9174	-1.0000	0.00456	-0.10130	5.810	0.002000	80000.000000	80000.000000	0.0000	0.0000	0.0000	0.0000
11.1540	71.39	3846.61	2466.0	-1.0	2394.6	-3847.8	0.0167	-1.0000	0.00456	-0.10130	5.810	0.002000	80000.000000	80000.000000	0.0000	0.0000	0.0000	0.0000
11.1560	69.99	3845.51	2466.0	-1.0	2396.0	-3846.7	-0.9062	-1.0000	0.00456	-0.10130	5.810	0.002000	80000.000000	80000.000000	0.0000	0.0000	0.0000	0.0000
11.1580	68.59	3844.41	2466.0	-1.0	2397.4	-3845.6	0.0279	-1.0000	0.00456	-0.10130	5.810	0.002000	80000.000000	80000.000000	0.0000	0.0000	0.0000	0.0000
11.1600	67.19	3843.31	2466.0	-1.0	2398.8	-3844.5	-0.8950	-1.0000	0.00456	-0.10130	5.810	0.002000	80000.000000	80000.000000	0.0000	0.0000	0.0000	0.0000
11.1620	65.78	3842.21	2466.0	-1.0	2400.2	-3843.4	0.0391	-1.0000	0.00456	-0.10130	5.810	0.002000	80000.000000	80000.000000	0.0000	0.0000	0.0000	0.0000
11.1640	64.38	3841.11	2466.0	-1.0	2401.6	-3842.3	-0.8838	-1.0000	0.00456	-0.10130	5.810	0.002000	80000.000000	80000.000000	0.0000	0.0000	0.0000	0.0000
11.1660	62.98	3840.00	2466.0	-1.0	2403.0	-3841.2	0.0504	-1.0000	0.00456	-0.10130	5.810	0.002000	80000.000000	80000.000000	0.0000	0.0000	0.0000	0.0000
11.1680	61.58	3838.90	2466.0	-1.0	2404.4	-3840.1	-0.8726	-1.0000	0.00456	-0.10130	5.810	0.002000	80000.000000	80000.000000	0.0000	0.0000	0.0000	0.0000
11.1700	59.18	3837.80	2465.0	-1.0	2405.8	-3839.0	0.0666	-1.0000	0.00456	-0.10125	5.807	0.002000	80000.000000	80000.000000	0.0000	0.0000	0.0000	0.0000
11.1720	57.78	3836.70	2465.0	-1.0	2407.2	-3837.9	-0.8584	-1.0000	0.00456	-0.10125	5.807	0.002000	80000.000000	80000.000000	0.0000	0.0000	0.0000	0.0000
11.1740	56.38	3835.59	2465.0	-1.0	2408.6	-3836.8	0.0777	-1.0000	0.00456	-0.10125	5.807	0.002000	80000.000000	80000.000000	0.0000	0.0000	0.0000	0.0000
11.1760	54.98	3834.49	2465.0	-1.0	2410.0	-3835.7	-0.8472	-1.0000	0.00456	-0.10125	5.807	0.002000	80000.000000	80000.000000	0.0000	0.0000	0.0000	0.0000
11.1780	53.59	3833.38	2465.0	-1.0	2411.4	-3834.6	0.0889	-1.0000	0.00456	-0.10125	5.807	0.002000	80000.000000	80000.000000	0.0000	0.0000	0.0000	0.0000
11.1800	52.19	3832.28	2465.0	-1.0	2412.8	-3833.5	-0.8360	-1.0000	0.00456	-0.10125	5.807	0.002000	80000.000000	80000.000000	0.0000	0.0000	0.0000	0.0000
11.1820	50.79	3831.17	2465.0	-1.0	2414.2	-3832.4	0.1001	-1.0000	0.00456	-0.10125	5.807	0.002000	80000.000000	80000.000000	0.0000	0.0000	0.0000	0.0000
11.1840	49.39	3830.06	2465.0	-1.0	2415.6	-3831.3	-0.8248	-1.0000	0.00456	-0.10125	5.807	0.002000	80000.000000	80000.000000	0.0000	0.0000	0.0000	0.0000
11.1860	48.00	3828.96	2465.0	-1.0	2417.0	-3830.2	0.1113	-1.0000	0.00456	-0.10125	5.807	0.002000	80000.000000	80000.000000	0.0000	0.0000	0.0000	0.0000
11.1880	46.60	3827.85	2465.0	-1.0	2418.4	-3829.1	-0.8137	-1.0000	0.00456	-0.10125	5.807	0.002000	80000.000000	80000.000000	0.0000	0.0000	0.0000	0.0000
11.1900	45.21	3826.74	2465.0	-1.0	2419.8	-3828.0	0.1224	-1.0000	0.00456	-0.10125	5.807	0.002000	80000.000000	80000.000000	0.0000	0.0000	0.0000	0.0000
11.1920	43.81	3825.63	2465.0	-1.0	2421.2	-3826.8	-0.8025	-1.0000	0.00456	-0.10125	5.807	0.002000	80000.000000	80000.000000	0.0000	0.0000	0.0000	0.0000
11.1940	42.42	3824.52	2465.0	-1.0	2422.6	-3825.7	0.1336	-1.0000	0.00456	-0.10125	5.807	0.002000	80000.000000	80000.000000	0.0000	0.0000	0.0000	0.0000
11.1960	41.02	3823.41	2465.0	-1.0	2424.0	-3824.6	-0.7913	-1.0000	0.00456	-0.10125	5.807	0.002000	80000.000000	80000.000000	0.0000	0.0000	0.0000	0.0000
11.1980	39.63	3822.30	2465.0	-1.0	2425.4	-3823.5	0.1447	-1.0000	0.00456	-0.10125	5.807	0.002000	80000.000000	80000.000000	0.0000	0.0000	0.0000	0.0000
11.2000	38.24	3821.19	2465.0	-1.0	2426.8	-3822.4	-0.7802	-1.0000	0.00456	-0.10125	5.807	0.002000	80000.000000	80000.000000	0.0000	0.0000	0.0000	0.0000
11.2020	36.84	3820.08	2465.0	-1.0	2428.2	-3821.3	0.1559	-1.0000	0.00456	-0.10125	5.807	0.002000	80000.000000	80000.000000	0.0000	0.0000	0.0000	0.0000
11.2040	35.45	3818.97	2465.0	-1.0	2429.5	-3820.2	-0.7691	-1.0000	0.00456	-0.10125	5.807	0.002000	80000.000000	80000.000000	0.0000	0.0000	0.0000	0.0000
11.2060	34.06	3817.86	2465.0	-1.0	2430.9	-3819.1	0.1670	-1.0000	0.00456	-0.10125	5.807	0.002000	80000.000000	80000.000000	0.0000	0.0000	0.0000	0.0000
11.2080	32.67	3816.74	2465.0	-1.0	2432.3	-3817.9	-0.7579	-1.0000	0.00456	-0.10125	5.807	0.002000	80000.000000	80000.000000	0.0000	0.0000	0.0000	0.0000
11.2100	31.28	3815.63	2465.0	-1.0	2433.7	-3816.8	0.1782	-1.0000	0.00456	-0.10125	5.807	0.002000	80000.000000	80000.000000	0.0000	0.0000	0.0000	0.0000
11.2120	29.89	3814.51	2465.0	-1.0	2435.1	-3815.7	-0.7468	-1.0000	0.00456	-0.10125	5.807	0.002000	80000.000000	80000.000000	0.0000	0.0000	0.0000	0.0000
11.2140	28.50	3813.40	2465.0	-1.0	2436.5	-3814.6	0.1893	-1.0000	0.00456	-0.10125	5.807	0.002000	80000.000000	80000.000000	0.0000	0.0000	0.0000	0.0000
11.2160	27.11	3812.28	2465.0	-1.0	2437.9	-3813.5	-0.7357	-1.0000	0.00456	-0.10125	5.807	0.002000	80000.000000	80000.000000	0.0000	0.0000	0.0000	0.0000
11.2180	25.72	3811.17	2465.0	-1.0	2439.3	-3812.4	0.2004	-1.0000	0.00456	-0.10125	5.807	0.002000	80000.000000	80000.000000	0.0000	0.0000	0.0000	0.0000
11.2200	24.33	3810.05	2465.0	-1.0	2440.7	-3811.3	-0.7246	-1.0000	0.00456	-0.10125	5.807	0.002000	80000.000000	80000.000000	0.0000	0.0000	0.0000	0.0000
11.2220	22.94	3808.93	2465.0	-1.0	2442.1	-3810.1	0.2115	-1.0000	0.00456	-0.10125	5.807	0.002000	80000.000000	80000.000000	0.0000	0.0000	0.0000	0.0000
11.2240	21.55	3807.82	2465.0	-1.0	2443.4	-3809.0	-0.7135	-1.0000	0.00456	-0.10125	5.807	0.002000	80000.000000	80000.000000	0.0000	0.0000	0.0000	0.0000
11.2260	20.17	3806.70	2465.0	-1.0	2444.8	-3807.9	0.2226	-1.0000	0.00456	-0.10125	5.807	0.002000	80000.000000	80000.000000	0.0000	0.0000	0.0000	0.0000
11.2280	18.78	3805.58	2465.0	-1.0	2446.2	-3806.8	-0.7024	-1.0000	0.00456	-0.10125	5.807	0.002000	80000.000000	80000.000000	0.0000	0.0000	0.0000	0.0000
11.2300	17.39	3804.46	2465.0	-1.0	2447.6	-3805.7	0.2337	-1.0000	0.00456	-0.10125	5.807	0.002000	80000.000000	80000.000000	0.0000	0.0000	0.0000	0.0000
11.2320	16.01	3803.34	2465.0	-1.0	2449.0	-3804.5	-0.6913	-1.0000	0.00456	-0.10125	5.807	0.002000	80000.000000	80000.000000	0.0000	0.0000	0.0000	0.0000
11.2340	14.62	3802.22	2465.0	-1.0	2450.4	-3803.4	0.2448	-1.0000	0.00456	-0.10125	5.807	0.002000	80000.000000	80000.000000	0.0000	0.0000	0.0000	0.0000
11.2360	13.24	3801.10	2465.0	-1.0	2451.8	-3802.3	-0.6802	-1.0000	0.00456	-0.10125	5.807	0.002000	80000.000000	80000.000000	0.0000	0.0000	0.0000	0.0000
11.2380	11.85	3799.98	2465.0	-1.0	2453.1	-3801.2	0.2558	-1.0000	0.00456	-0.10125	5.807	0.002000	80000.000000	80000.000000	0.0000	0.0000	0.0000	0.0000
11.2400	10.47	3798.86	2465.0	-1.0	2454.5	-3800.1	-0.6691	-1.0000	0.00456	-0.10125	5.807	0.002000	80000.000000	80000.000000	0.0000	0.0000	0.0000	0.0000
11.2420	9.08	3797.73	2465.0	-1.0	2455.9	-3798.9	0.2669	-1.0000	0.00456	-0.10125	5.807	0.002000	80000.000000	80000.000000	0.0000	0.0000	0.0000	0.0000
11.2440	7.70	3796.61	2465.0	-1.0	2457.3	-3797.8	-0.6581	-1.0000	0.00456	-0.10125	5.807	0.002000	80000.000000	80000.000000	0.0000	0.0000	0.0000	0.0000
11.2460	6.32	3795.49	2465.0	-1.0	2458.7	-3796.7	0.2780	-1.0000	0.00456	-0.10125	5.807	0.002000	80000.000000	80000.000000	0.0000	0.0000	0.0000	0.0000
11.2480	4.94	3794.36	2465.0	-1.0	2460.1	-3795.6	-0.6470	-1.0000	0.00456	-0.10125	5.807	0.002000	80000.000000	80000.000000	0.0000	0.0000	0.0000	0.0000
11.2500	3.55	3793.24	2465.0	-1.0	2461.4	-3794.4	0.2890	-1.0000	0.00456	-0.10125	5.807	0.002000	80000.000000	80000.000000	0.0000	0.0000	0.0000	0.0000
11.2520	2.17	3792.11	2465.0	-1.0	2462.8	-3793.3	-0.6360	-1.0000	0.00456	-0.10125	5.807	0.002000	80000.000000	80000.000000	0.0000	0.0000	0.0000	0.0000
11.2540	0.79	3790.99	2465.0	-1.0	2464.2	-3792.2	0.3001	-1.0000	0.00456	-0.10125	5.807	0.002000	80000.000000	80000.000000	0.0000	0.0000	0.0000	0.0000
11.2560	-0.59	3789.86	2465.0	-1.0	2465.6	-3791.1	-0.6249	-1.0000	0.00456	-0.10125	5.807	0.002000	80000.000000	80000.000000	0.0000	0.0000	0.0000	0.0000
11.2580	-0.97	3788.73	2466.0	-1.0	2467.0	-3789.9	0.3061	-1.0000	0.00456	-0.10130	5.810	0.002000	80000.000000	80000.000000	0.0000	0.0000	0.0000	0.0000
11.2600	-2.35	3787.61	2466.0	-1.0	2468.3	-3788.8	-0.6169	-1.0000	0.00456	-0.10130	5.810	0.002000	80000.000000	80000.000000	0.0000	0.0000	0.0000	0.0000
11.2620	-3.73	3786.48	2466.0	-1.0	2469.7	-3787.7	0.3172	-1.0000	0.00456	-0.10130	5.810	0.002000	80000.000000	80000.000000	0.0000	0.0000	0.0000	0.0000
11.2640	-5.10	3785.35	2466.0	-1.0	2471.1	-3786.5	-0.6058	-1.0000	0.00456	-0.10130	5.810	0.002000	80000.000000	80000.000000	0.0000	0.0000	0.0000	0.0000
11.2660	-6.48	3784.22	2466.0	-1.0	2472.5	-3785.4	0.3282	-1.0000	0.00456	-0.10130	5.810	0.002000	80000.000000	80000.000000	0.0000	0.0000	0.0000	0.0000
11.2680	-7.86	3783.09	2466.0	-1.0	2473.9	-3784.3	-0.5948	-1.0000	0.00456	-0.10130	5.810	0.002000	80000.000000	80000.000000	0.0000	0.0000	0.0000	0.0000
11.2700	-9.24	3781.96	2466.0	-1.0	2475.2	-3783.2	0.3392	-1.0000	0.00456	-0.10130	5.810	0.002000	80000.000000	80000.000000	0.0000	0.0000	0.0000	0.0000
11.2720	-10.61	3780.83	2466.0	-1.0	2476.6	-3782.0	-0.5838	-1.0000	0.00456	-0.10130	5.810	0.002000	80000.000000	80000.000000	0.0000	0.0000	0.0000	0.0000
11.2740	-11.99	3779.70	2466.0	-1.0	2478.0	-3780.9	0.3502	-1.0000	0.00456	-0.10130	5.810	0.002000	80000.000000	80000.000000	0.0000	0.0000	0.0000	0.0000
11.2760	-13.37	3778.57	2466.0	-1.0	2479.4	-3779.8	-0.5728	-1.0000	0.00456	-0.10130	5.810	0.002000	80000.000000	80000.000000	0.0000	0.0000	0.0000	0.0000
11.2780	-14.74	3777.43	2466.0	-1.0	2480.7	-3778.6	0.3612	-1.0000	0.00456	-0.10130	5.810	0.002000	80000.000000	80000.000000	0.0000	0.0000	0.0000	0.0000
11.2800	-16.12	3776.30	2466.0	-1.0	2482.1	-3777.5	-0.5618	-1.0000	0.00456	-0.10130	5.810	0.002000	80000.000000	80000.000000	0.0000	0.0000	0.0000	0.0000
11.2820	-17.49	3775.17	2466.0	-1.0	2483.5	-3776.4	0.3722	-1.0000	0.00456	-0.10130	5.810	0.002000	80000.000000	80000.000000	0.0000	0.0000	0.0000	0.0000
11.2840	-17.86	3774.03	2467.0	-1.0	2484.9	-3775.2	-0.5558	-1.0000	0.00457	-0.10134	5.812	0.002000	80000.000000	80000.000000	0.0000	0.0000	0.0000	0.0000
11.2860	-19.24	3772.90	2467.0	-1.0	2486.2	-3774.1	0.3802	-1.0000	0.00457	-0.10134	5.812	0.002000	80000.000000	80000.000000	0.0000	0.0000	0.0000	0.0000
11.2880	-20.61	3771.76	2467.0	-1.0	2487.6	-3773.0	-0.5448	-1.0000	0.00457	-0.10134	5.812	0.002000	80000.000000	80000.000000	0.0000	0.0000	0.0000	0.0000
11.2900	-21.98	3770.63	2467.0	-1.0	2489.0	-3771.8	0.3912	-1.0000	0.00457	-0.10134	5.812	0.002000	80000.000000	80000.000000	0.0000	0.0000	0.0000	0.0000
11.2920	-23.36	3769.49	2467.0	-1.0	2490.4	-3770.7	-0.5338	-1.0000	0.00457	-0.10134	5.812	0.002000	80000.000000	80000.000000	0.0000	0.0000	0.0000	0.0000
11.2940	-24.73	3768.35	2467.0	-1.0	2491.7	-3769.5	0.4022	-1.0000	0.00457	-0.10134	5.812	0.002000	80000.000000	80000.000000	0.0000	0.0000	0.0000	0.0000
11.2960	43.90	3767.22	2537.0	-1.0	2493.1	-3768.4	-0.8729	-1.0000	0.00485	-0.10437	5.986	0.002000	80000.000000	80000.000000	0.0000	0.0000	0.0000	0.0000
11.2980	42.53	3766.08	2537.0	-1.0	2494.5	-3767.3	0.2031	-1.0000	0.00485	-0.10437	5.986	0.002000	80000.000000	80000.000000	0.0000	0.0000	0.0000	0.0000
11.3000	41.16	3764.94	2537.0	-1.0	2495.8	-3766.1	-0.8619	-1.0000	0.00485	-0.10437	5.986	0.002000	80000.000000	80000.000000	0.0000	0.0000	0.0000	0.0000
11.3020	39.79	3763.80	2537.0	-1.0	2497.2	-3765.0	0.2141	-1.0000	0.00485	-0.10437	5.986	0.002000	80000.000000	80000.000000	0.0000	0.0000	0.0000	0.0000
11.3040	38.42	3762.66	2537.0	-1.0	2498.6	-3763.8	-0.8509	-1.0000	0.00485	-0.10437	5.986	0.002000	80000.000000	80000.000000	0.0000	0.0000	0.0000	0.0000
11.3060	37.05	3761.52	2537.0	-1.0	2499.9	-3762.7	0.2250	-1.0000	0.00485	-0.10437	5.986	0.002000	80000.000000	80000.000000	0.0000	0.0000	0.0000	0.0000
